Timestamp,Rank,Player name,Guess rate,Usefulness,erigs,0/8s,7/8s,avg/8,# 3/8s or below,OP guess rate,ED guess rate,IN guess rate,Lives taken,Lives saved,Total hit,Total songs,WIN,LOSE,TIE,Onlist,Offlist,Rig %,Rigs,Solo rigs,Missed solos,Rigs hit,Rigs missed,Lives lost on rigs,Offlist erigs,avg/8 of your rigs,Player ID,Offlist hit
2026-02-11 16:20:06,11.0,atsui,26.923,6.205,2.0,5,0.0,4.679,7,11.111,22.5,36.957,2.0,3.0,28.0,104.0,3.0,2.0,0.0,85.714,17.778,13.462,14.0,4.0,0.0,12.0,2.0,0.0,0.0,3.929,1.0,16.0
2026-03-18 11:45:10,75.01,atsui,35.354,89.523,1.0,6,0.0,3.743,14,11.111,32.5,48.78,4.0,7.0,35.0,99.0,4.0,1.0,0.0,84.211,23.75,19.192,19.0,3.0,0.0,16.0,3.0,2.0,0.0,3.421,1.0,19.0
2026-03-23 16:19:31,84.21,atsui,25.806,60.106,2.0,6,2.0,4.583,7,23.077,18.182,35.294,3.0,4.0,24.0,93.0,2.0,3.0,0.0,84.615,16.25,13.978,13.0,3.0,1.0,11.0,2.0,0.0,0.0,3.308,1.0,13.0
2026-03-25 15:54:41,81.87,atsui,37.984,82.678,2.0,15,0.0,4.51,16,16.667,28.261,54.237,7.0,6.0,49.0,129.0,4.0,2.0,0.0,80,30.275,15.504,20.0,3.0,2.0,16.0,4.0,0.0,1.0,3.45,1.0,33.0
2026-05-09 13:52:15,86.18,atsui,36.364,118.295,8.0,15,0.0,3.045,29,26.667,34.091,40.323,14.0,9.0,44.0,121.0,3.0,3.0,0.0,72.414,25,23.967,29.0,6.0,5.0,21.0,8.0,1.0,1.0,2.172,1.0,23.0
2026-06-25 22:16:44,88.4,atsui,36.735,82.297,0.0,6,0.0,4.278,12,20,34.884,48.571,3.0,8.0,36.0,98.0,1.0,3.0,0.0,88.889,25,18.367,18.0,3.0,0.0,16.0,2.0,1.0,0.0,4.278,1.0,20.0
2026-06-30 10:29:18,90.182,atsui,24.49,41.455,0.0,6,0.0,4.833,6,22.222,13.889,34.091,2.0,1.0,24.0,98.0,1.0,4.0,0.0,53.846,20,13.265,13.0,2.0,2.0,7.0,6.0,2.0,0.0,2.769,1.0,17.0
2026-07-15 10:55:21,86.03,atsui,26.957,55.868,3.0,5,0.0,4.645,11,11.765,22.917,36,5.0,2.0,31.0,115.0,3.0,3.0,0.0,53.333,23,13.043,15.0,3.0,1.0,8.0,7.0,2.0,2.0,2.6,1.0,23.0
2026-02-14 22:38:25,19.0,watashiii,71.429,21.374,4.0,7,0.0,4.16,38,75,77.083,65.625,12.0,17.0,100.0,140.0,5.0,0.0,0.0,79.268,60.345,58.571,82.0,10.0,3.0,65.0,17.0,0.0,0.0,3.756,4.0,35.0
2026-02-16 06:17:45,147.22,watashiii,72.632,248.628,7.0,6,0.0,3.435,41,86.364,69.231,67.647,13.0,20.0,69.0,95.0,4.0,1.0,0.0,80,60,63.158,60.0,11.0,3.0,48.0,12.0,3.0,1.0,3.183,4.0,21.0
2026-03-08 06:29:21,147.96,watashiii,72.222,227.517,9.0,4,0.0,3.648,50,83.333,72.222,66.667,16.0,27.0,91.0,126.0,2.0,3.0,0.0,83.607,61.538,48.413,61.0,13.0,2.0,51.0,10.0,6.0,0.0,2.787,4.0,40.0
2026-03-26 04:42:48,147.75,watashiii,68.613,269.827,14.0,6,0.0,3.17,59,70,77.083,62.319,28.0,24.0,94.0,137.0,3.0,3.0,0.0,79.167,56.923,52.555,72.0,10.0,4.0,57.0,15.0,6.0,6.0,2.861,4.0,37.0
2026-04-02 06:51:29,155.17,watashiii,73.723,285.399,15.0,2,0.0,2.96,71,76,79.032,66,26.0,30.0,101.0,137.0,4.0,2.0,0.0,85,57.895,58.394,80.0,16.0,1.0,68.0,12.0,3.0,2.0,2.712,4.0,33.0
2026-04-08 02:58:33,160.43,watashiii,69.369,243.197,7.0,9,0.0,3.468,46,90,67.347,61.905,16.0,25.0,77.0,111.0,3.0,2.0,0.0,89.583,53.968,43.243,48.0,6.0,1.0,43.0,5.0,3.0,1.0,2.979,4.0,34.0
2026-07-08 05:48:36,142.988,watashiii,74.79,227.924,10.0,1,0.0,3.629,47,60.87,77.273,78.846,18.0,25.0,89.0,119.0,2.0,3.0,0.0,81.356,68.333,49.58,59.0,6.0,0.0,48.0,11.0,3.0,4.0,3.424,4.0,41.0
2026-07-18 06:38:20,142.169,watashiii,64.948,204.182,6.0,4,0.0,3.603,33,73.684,71.875,56.522,11.0,16.0,63.0,97.0,4.0,1.0,0.0,80,51.923,46.392,45.0,10.0,2.0,36.0,9.0,3.0,0.0,3.067,4.0,27.0
2026-07-29 04:35:02,141.716,watashiii,61.6,188.077,8.0,4,0.0,3.468,41,69.231,64.583,54.902,13.0,22.0,77.0,125.0,3.0,2.0,0.0,71.667,52.308,48,60.0,11.0,0.0,43.0,17.0,7.0,0.0,2.917,4.0,34.0
2026-02-20 09:56:14,101.54,Hejsan,42.857,123.133,4.0,10,0.0,3.756,20,47.059,47.17,34.286,9.0,11.0,45.0,105.0,3.0,2.0,0.0,75,23.077,38.095,40.0,10.0,4.0,30.0,10.0,2.0,0.0,3.05,8.0,15.0
2026-02-25 16:07:29,107.16,Hejsan,45.098,108.765,1.0,4,0.0,4.174,23,41.667,50,42.105,8.0,4.0,46.0,102.0,4.0,1.0,0.0,75,28.788,35.294,36.0,4.0,1.0,27.0,9.0,2.0,0.0,3.694,8.0,19.0
2026-03-09 22:30:42,105.16,Hejsan,43.182,102.375,1.0,10,1.0,4.404,21,72.727,33.333,40.323,7.0,10.0,57.0,132.0,1.0,3.0,1.0,61.224,32.53,37.121,49.0,8.0,5.0,30.0,19.0,3.0,0.0,3.388,8.0,27.0
2026-05-24 06:20:49,131.149,yahallonyanpasu,47.788,193.108,8.0,4,1.0,2.87,39,60,42.553,46.341,15.0,20.0,54.0,113.0,5.0,1.0,0.0,71.429,40,24.779,28.0,9.0,0.0,20.0,8.0,0.0,2.0,2.786,16.0,34.0
2026-05-27 08:15:50,115.941,yahallonyanpasu,46.575,176.0,12.0,8,4.0,3.191,43,42.308,63.077,29.091,17.0,20.0,68.0,146.0,4.0,2.0,0.0,69.231,38.318,26.712,39.0,10.0,1.0,27.0,12.0,3.0,3.0,2.718,16.0,41.0
2026-05-28 07:37:15,116.121,yahallonyanpasu,46.622,150.436,9.0,13,1.0,3.449,37,68.75,62.712,17.544,13.0,9.0,69.0,148.0,2.0,3.0,0.0,85,32.407,27.027,40.0,9.0,2.0,34.0,6.0,1.0,1.0,2.825,16.0,35.0
2026-05-31 04:15:32,116.043,yahallonyanpasu,38.793,172.683,15.0,9,0.0,2.311,36,33.333,44.186,36.207,21.0,13.0,45.0,116.0,3.0,3.0,0.0,76.667,25.581,25.862,30.0,14.0,2.0,23.0,7.0,1.0,1.0,1.867,16.0,22.0
2026-06-01 02:10:55,116.225,yahallonyanpasu,39.823,123.588,7.0,10,5.0,3.644,22,62.5,47.368,28.814,9.0,8.0,45.0,113.0,2.0,3.0,0.0,77.419,25.61,27.434,31.0,10.0,1.0,24.0,7.0,2.0,1.0,3.194,16.0,21.0
2026-06-02 09:33:46,115.355,yahallonyanpasu,46.25,155.841,10.0,13,1.0,3.365,45,58.974,49.153,35.484,20.0,21.0,74.0,160.0,4.0,2.0,0.0,82.609,31.579,28.75,46.0,21.0,3.0,38.0,8.0,3.0,2.0,2.761,16.0,36.0
2026-06-03 06:18:49,114.66,yahallonyanpasu,43.925,171.194,9.0,3,3.0,2.894,32,63.158,40.909,38.636,15.0,14.0,47.0,107.0,3.0,3.0,0.0,63.636,35.135,30.841,33.0,14.0,2.0,21.0,12.0,2.0,0.0,2.364,16.0,26.0
2026-06-04 02:37:05,114.286,yahallonyanpasu,46.923,176.586,10.0,8,1.0,2.984,40,66.667,45.902,39.583,15.0,21.0,61.0,130.0,6.0,0.0,0.0,62.5,43.396,18.462,24.0,12.0,5.0,15.0,9.0,2.0,2.0,1.458,16.0,46.0
2026-06-04 21:32:59,115.364,yahallonyanpasu,45.631,156.744,6.0,4,0.0,3.191,29,52.941,48.387,33.333,12.0,14.0,47.0,103.0,2.0,3.0,0.0,80.769,33.766,25.243,26.0,9.0,2.0,21.0,5.0,2.0,0.0,2.692,16.0,26.0
2026-06-06 08:23:49,115.927,yahallonyanpasu,48.315,227.385,17.0,7,2.0,2.372,34,53.333,58.333,36.842,20.0,9.0,43.0,89.0,4.0,1.0,0.0,82.143,32.787,31.461,28.0,18.0,1.0,23.0,5.0,0.0,3.0,2.0,16.0,20.0
2026-06-01 02:10:55,120.0,GyroInmobile,48.718,108.722,2.0,8,0.0,4.316,19,61.29,52.381,36.364,9.0,7.0,57.0,117.0,1.0,3.0,1.0,80.556,34.568,30.769,36.0,3.0,1.0,29.0,7.0,2.0,0.0,3.75,18.0,28.0
2026-06-14 04:18:55,102.55,GyroInmobile,46.465,116.778,5.0,6,0.0,4.174,16,25,56.818,41.86,9.0,9.0,46.0,99.0,3.0,2.0,0.0,82.143,32.394,28.283,28.0,5.0,0.0,23.0,5.0,0.0,1.0,3.679,18.0,23.0
2026-07-25 21:09:29,146.427,Jlin2,81.905,268.001,11.0,4,0.0,3.233,51,73.684,85,82.609,19.0,34.0,86.0,105.0,2.0,4.0,0.0,97.5,72.308,38.095,40.0,4.0,0.0,39.0,1.0,1.0,3.0,3.325,19.0,47.0
2026-07-28 08:00:35,146.747,Jlin2,77.311,213.097,2.0,2,0.0,3.728,45,60,86,74.074,15.0,25.0,92.0,119.0,3.0,2.0,0.0,94.286,70.238,29.412,35.0,7.0,1.0,33.0,2.0,1.0,0.0,3.571,19.0,59.0
2026-07-29 04:35:02,147.189,Jlin2,80.328,211.129,2.0,2,0.0,3.745,46,79.167,90,70.833,10.0,33.0,98.0,122.0,1.0,3.0,1.0,94.34,69.565,43.443,53.0,3.0,1.0,50.0,3.0,0.0,0.0,3.755,19.0,48.0
2026-07-30 04:09:15,146.551,Jlin2,87.402,279.22,15.0,4,0.0,3.162,73,88.889,85.714,88.235,22.0,34.0,111.0,127.0,2.0,3.0,0.0,96.491,80,44.882,57.0,11.0,1.0,55.0,2.0,0.0,3.0,2.982,19.0,56.0
2026-07-31 04:36:03,147.755,Jlin2,82.418,261.941,9.0,3,0.0,3.333,45,86.667,94.118,71.429,15.0,22.0,75.0,91.0,3.0,2.0,0.0,85.185,81.25,29.67,27.0,7.0,3.0,23.0,4.0,0.0,4.0,2.926,19.0,52.0
2026-08-04 04:58:34,148.419,Jlin2,84.314,272.706,5.0,1,0.0,3.186,59,73.333,95.455,76.744,15.0,37.0,86.0,102.0,1.0,4.0,0.0,96.875,78.571,31.373,32.0,4.0,1.0,31.0,1.0,0.0,2.0,3.344,19.0,55.0
2026-08-05 06:44:34,148.805,Jlin2,75.758,215.158,10.0,6,0.0,3.81,49,91.667,84.615,60.714,17.0,30.0,100.0,132.0,3.0,3.0,0.0,95.238,66.667,31.818,42.0,5.0,0.0,40.0,2.0,2.0,2.0,3.333,19.0,60.0
2026-08-06 07:55:09,148.029,Jlin2,84.615,246.007,6.0,2,0.0,3.58,42,71.429,91.304,81.818,9.0,29.0,88.0,104.0,2.0,3.0,0.0,96.429,80.263,26.923,28.0,4.0,0.0,27.0,1.0,0.0,2.0,3.071,19.0,61.0
2026-08-08 22:03:21,148.256,Jlin2,75.0,245.681,7.0,3,0.0,3.267,47,73.684,79.592,68.75,12.0,31.0,75.0,100.0,1.0,4.0,0.0,100,62.121,34,34.0,5.0,0.0,34.0,0.0,0.0,1.0,3.294,19.0,41.0
2026-08-11 05:09:55,147.373,Jlin2,82.692,279.877,10.0,4,0.0,3.209,53,80.952,86.667,78.947,13.0,35.0,86.0,104.0,0.0,5.0,0.0,100,72.727,36.538,38.0,10.0,0.0,38.0,0.0,0.0,4.0,2.895,19.0,48.0
2026-05-06 08:57:39,133.069,kar72,71.212,187.015,3.0,1,0.0,4.074,41,73.913,74.51,67.241,15.0,21.0,94.0,132.0,5.0,0.0,1.0,93.878,57.831,37.121,49.0,7.0,0.0,46.0,3.0,1.0,1.0,4.204,20.0,48.0
2026-05-08 04:37:09,136.566,kar72,64.865,207.926,7.0,3,0.0,3.583,40,75,66.667,59.574,16.0,16.0,72.0,111.0,4.0,1.0,0.0,81.579,56.164,34.234,38.0,5.0,0.0,31.0,7.0,1.0,3.0,3.737,20.0,41.0
2026-05-11 21:29:10,140.21,kar72,61.314,172.89,4.0,10,0.0,3.964,40,60,64.407,58.491,8.0,28.0,84.0,137.0,1.0,3.0,1.0,84.314,47.674,37.226,51.0,8.0,3.0,43.0,8.0,2.0,1.0,3.784,20.0,41.0
2026-05-16 21:48:55,139.396,kar72,63.866,196.739,10.0,7,0.0,3.711,42,46.667,76.596,57.895,12.0,18.0,76.0,119.0,1.0,4.0,0.0,80.851,52.778,39.496,47.0,6.0,2.0,38.0,9.0,1.0,4.0,3.426,20.0,38.0
2026-06-01 21:08:47,127.403,kar72,66.667,221.485,5.0,11,0.0,3.22,52,58.824,72.549,63.636,12.0,29.0,82.0,123.0,2.0,4.0,0.0,84.211,58.824,30.894,38.0,3.0,3.0,32.0,6.0,1.0,2.0,2.921,20.0,50.0
2026-06-02 17:45:59,129.027,kar72,64.925,150.851,3.0,6,0.0,4.069,32,63.636,77.778,55.357,8.0,19.0,87.0,134.0,2.0,2.0,1.0,85,56.383,29.851,40.0,7.0,1.0,34.0,6.0,2.0,2.0,3.975,20.0,53.0
2026-06-14 04:18:55,128.394,kar72,62.838,142.0,4.0,7,0.0,4.14,36,67.742,67.308,56.923,7.0,19.0,93.0,148.0,2.0,3.0,0.0,79.661,51.685,39.865,59.0,3.0,3.0,47.0,12.0,2.0,1.0,3.729,20.0,46.0
2026-07-08 01:31:50,127.028,kar72,64.486,157.639,6.0,4,0.0,3.986,30,50,70.455,67.568,12.0,11.0,69.0,107.0,4.0,1.0,0.0,84.848,55.405,30.841,33.0,4.0,1.0,28.0,5.0,0.0,2.0,3.485,20.0,41.0
2026-08-08 22:03:21,126.44,kar72,61.468,151.698,2.0,4,0.0,3.955,29,56.522,65.854,60,9.0,13.0,67.0,109.0,4.0,1.0,0.0,78.571,55.556,25.688,28.0,5.0,0.0,22.0,6.0,2.0,1.0,3.571,20.0,45.0
2026-08-13 08:14:24,126.256,kar72,65.254,167.538,1.0,5,0.0,3.792,34,80.952,66.667,55.814,16.0,4.0,77.0,118.0,1.0,4.0,0.0,86.111,56.098,30.508,36.0,2.0,2.0,31.0,5.0,0.0,0.0,3.278,20.0,46.0
2026-05-19 06:26:33,148.331,PoolNoodle,61.616,217.739,6.0,4,0.0,3.361,37,61.111,55.814,68.421,8.0,20.0,61.0,99.0,2.0,3.0,0.0,100,53.086,18.182,18.0,7.0,0.0,18.0,0.0,0.0,1.0,2.444,21.0,43.0
2026-05-20 04:04:06,146.541,PoolNoodle,65.323,194.138,3.0,7,0.0,3.728,41,68.966,59.184,69.565,10.0,19.0,81.0,124.0,2.0,4.0,0.0,96.429,56.25,22.581,28.0,8.0,0.0,27.0,1.0,1.0,2.0,3.179,21.0,54.0
2026-05-20 06:27:44,145.716,PoolNoodle,67.516,181.603,4.0,6,0.0,4.264,40,69.444,68.421,65.625,14.0,20.0,106.0,157.0,3.0,2.0,1.0,94.737,63.768,12.102,19.0,6.0,0.0,18.0,1.0,0.0,1.0,3.105,21.0,88.0
2026-06-09 06:10:04,134.276,PoolNoodle,67.391,183.894,7.0,6,0.0,3.806,42,73.333,57.692,73.214,16.0,25.0,93.0,138.0,1.0,4.0,0.0,86.364,63.793,15.942,22.0,7.0,0.0,19.0,3.0,0.0,4.0,3.091,21.0,74.0
2026-06-11 07:29:51,132.825,PoolNoodle,82.432,195.227,3.0,3,0.0,4.221,43,85.714,78.182,84.615,18.0,19.0,122.0,148.0,1.0,2.0,2.0,93.333,79.661,20.27,30.0,7.0,0.0,28.0,2.0,1.0,1.0,3.7,21.0,94.0
2026-06-21 13:21:05,132.392,PoolNoodle,79.562,241.936,6.0,3,0.0,3.367,60,90,74.074,80.952,14.0,34.0,109.0,137.0,1.0,4.0,1.0,96.667,74.766,21.898,30.0,14.0,0.0,29.0,1.0,0.0,3.0,3.033,21.0,80.0
2026-06-25 15:13:14,133.143,PoolNoodle,72.5,172.345,2.0,3,0.0,4.011,36,66.667,73.81,73.684,8.0,17.0,87.0,120.0,2.0,3.0,0.0,100,68.269,13.333,16.0,3.0,0.0,16.0,0.0,0.0,0.0,3.062,21.0,71.0
2026-07-12 09:18:12,132.509,PoolNoodle,70.492,228.435,8.0,2,0.0,3.198,55,52.381,73.77,75,14.0,36.0,86.0,122.0,0.0,6.0,0.0,100,63.636,18.852,23.0,9.0,0.0,23.0,0.0,0.0,3.0,3.043,21.0,63.0
2026-07-31 04:36:03,132.225,PoolNoodle,75.0,276.954,11.0,3,0.0,2.928,50,66.667,77.5,74.419,15.0,29.0,69.0,92.0,2.0,3.0,0.0,100,63.492,31.522,29.0,13.0,0.0,29.0,0.0,0.0,3.0,2.414,21.0,40.0
2026-08-01 10:34:49,133.795,PoolNoodle,64.964,167.29,6.0,2,0.0,3.966,33,67.857,65,63.265,12.0,17.0,89.0,137.0,3.0,2.0,1.0,89.474,61.017,13.869,19.0,8.0,0.0,17.0,2.0,2.0,2.0,3.105,21.0,72.0
2026-07-16 06:58:43,140.839,Deafness,70.635,200.193,5.0,5,1.0,3.742,45,90.909,72.917,60.714,12.0,29.0,89.0,126.0,1.0,4.0,1.0,75.309,62.222,64.286,81.0,6.0,3.0,61.0,20.0,7.0,1.0,3.395,27.0,28.0
2026-07-16 14:20:53,139.638,Deafness,67.105,186.134,7.0,14,1.0,3.775,46,74.074,71.667,60,12.0,34.0,102.0,152.0,0.0,6.0,0.0,75.758,50.943,65.132,99.0,13.0,9.0,75.0,24.0,6.0,0.0,3.182,27.0,27.0
2026-07-18 06:38:20,138.374,Deafness,72.656,189.001,6.0,4,0.0,4.086,38,75,71.739,72.414,13.0,19.0,93.0,128.0,2.0,3.0,0.0,86.667,52.83,58.594,75.0,7.0,2.0,65.0,10.0,1.0,1.0,3.947,27.0,28.0
2026-07-19 10:39:25,138.124,Deafness,73.6,211.366,7.0,4,0.0,3.815,41,78.571,78.261,66.667,15.0,22.0,92.0,125.0,2.0,3.0,0.0,88.462,48.936,62.4,78.0,7.0,0.0,69.0,9.0,3.0,0.0,3.744,27.0,23.0
2026-07-25 14:05:52,136.691,Deafness,74.809,207.505,6.0,5,1.0,3.714,46,89.474,79.661,64.151,14.0,29.0,98.0,131.0,3.0,3.0,0.0,84.27,54.762,67.939,89.0,7.0,3.0,75.0,14.0,5.0,0.0,3.438,27.0,23.0
2026-07-26 08:56:27,137.217,Deafness,76.866,228.014,7.0,2,0.0,3.592,56,81.818,77.966,73.585,19.0,24.0,103.0,134.0,3.0,3.0,0.0,90.361,54.902,61.94,83.0,6.0,1.0,75.0,8.0,1.0,2.0,3.482,27.0,28.0
2026-08-04 07:16:29,136.752,Deafness,81.538,224.35,6.0,5,0.0,3.755,54,87.5,90.385,70.37,15.0,28.0,106.0,130.0,3.0,2.0,0.0,85.227,73.81,67.692,88.0,5.0,3.0,75.0,13.0,4.0,0.0,3.568,27.0,31.0
2026-08-06 07:55:09,136.693,Deafness,75.893,228.566,4.0,4,0.0,3.494,45,85.714,64.286,81.633,12.0,22.0,85.0,112.0,2.0,3.0,0.0,89.873,42.424,70.536,79.0,4.0,1.0,71.0,8.0,4.0,0.0,3.253,27.0,14.0
2026-08-07 08:19:11,136.065,Deafness,77.536,275.482,16.0,4,0.0,3.131,69,81.25,72.414,81.25,31.0,32.0,107.0,138.0,3.0,3.0,0.0,92.857,53.704,60.87,84.0,16.0,3.0,78.0,6.0,2.0,2.0,2.952,27.0,29.0
2026-08-13 08:14:24,136.105,Deafness,79.661,216.888,4.0,5,0.0,3.681,44,85.714,87.037,67.442,18.0,16.0,94.0,118.0,1.0,4.0,0.0,94.444,56.522,61.017,72.0,11.0,1.0,68.0,4.0,2.0,0.0,3.528,27.0,26.0
2026-02-26 13:33:42,146.5,FORTNAYT,79.839,258.788,8.0,6,0.0,3.535,58,88.889,84.314,72.727,24.0,24.0,99.0,124.0,4.0,2.0,0.0,96.154,68.056,41.935,52.0,14.0,1.0,50.0,2.0,1.0,1.0,3.231,28.0,49.0
2026-03-01 11:42:23,172.15,FORTNAYT,74.803,244.831,8.0,5,0.0,3.516,52,85,85.965,58,15.0,31.0,95.0,127.0,4.0,2.0,0.0,100,64.444,29.134,37.0,8.0,0.0,37.0,0.0,0.0,3.0,3.514,28.0,58.0
2026-06-27 17:40:26,120.03,revel,49.593,141.888,7.0,6,0.0,3.967,25,69.231,43.75,50,9.0,12.0,61.0,123.0,2.0,3.0,0.0,90.244,29.268,33.333,41.0,6.0,2.0,37.0,4.0,0.0,1.0,3.439,30.0,24.0
2026-07-18 06:38:20,116.2,revel,52.239,124.253,0.0,7,0.0,4.0,31,60.714,53.571,46,3.0,14.0,70.0,134.0,3.0,2.0,0.0,88.095,35.87,31.343,42.0,9.0,1.0,37.0,5.0,2.0,0.0,3.69,30.0,33.0
2026-07-28 08:00:35,114.78,revel,48.739,122.072,2.0,2,1.0,4.034,24,53.333,48,48.148,12.0,5.0,58.0,119.0,3.0,2.0,0.0,93.548,32.955,26.05,31.0,4.0,1.0,29.0,2.0,0.0,1.0,3.71,30.0,29.0
2026-06-27 17:40:26,121.087,SakurabaRola,59.459,153.122,5.0,5,1.0,4.045,26,73.077,58.14,52.381,7.0,12.0,66.0,111.0,3.0,2.0,0.0,85.417,39.683,43.243,48.0,7.0,2.0,41.0,7.0,1.0,1.0,3.729,31.0,25.0
2026-07-08 05:48:36,121.032,SakurabaRola,54.955,175.43,8.0,6,1.0,3.492,32,65,53.659,52,8.0,25.0,61.0,111.0,2.0,3.0,0.0,79.245,32.759,47.748,53.0,15.0,3.0,42.0,11.0,6.0,0.0,2.585,31.0,19.0
2026-07-10 04:23:07,120.686,SakurabaRola,64.423,196.578,8.0,6,0.0,3.612,41,60,71.053,60.784,14.0,14.0,67.0,104.0,3.0,2.0,0.0,82.692,46.154,50,52.0,11.0,2.0,43.0,9.0,4.0,1.0,3.058,31.0,24.0
2026-07-11 05:05:05,121.828,SakurabaRola,57.025,140.176,5.0,3,0.0,4.116,26,46.154,56.522,59.677,11.0,11.0,69.0,121.0,2.0,3.0,0.0,80,40.845,41.322,50.0,9.0,2.0,40.0,10.0,2.0,0.0,3.44,31.0,29.0
2026-07-15 18:09:02,119.162,SakurabaRola,64.348,190.702,6.0,3,0.0,3.622,40,57.692,65.854,66.667,15.0,15.0,74.0,115.0,4.0,1.0,0.0,86.957,49.275,40,46.0,9.0,2.0,40.0,6.0,1.0,1.0,3.087,31.0,34.0
2026-07-18 06:38:20,120.982,SakurabaRola,65.041,187.358,4.0,2,1.0,3.65,40,80,56.897,70,13.0,19.0,80.0,123.0,3.0,2.0,0.0,83.582,42.857,54.472,67.0,9.0,0.0,56.0,11.0,2.0,0.0,3.209,31.0,24.0
2026-07-20 05:49:04,121.108,SakurabaRola,55.224,130.109,3.0,9,0.0,4.068,32,63.158,54.902,53.125,7.0,16.0,74.0,134.0,3.0,2.0,0.0,70.69,43.421,43.284,58.0,12.0,6.0,41.0,17.0,1.0,0.0,3.017,31.0,33.0
2026-07-28 08:00:35,120.095,SakurabaRola,57.447,163.407,7.0,10,0.0,3.815,36,63.636,66.667,48.529,9.0,23.0,81.0,141.0,2.0,1.0,2.0,85.455,39.535,39.007,55.0,13.0,3.0,47.0,8.0,2.0,1.0,3.218,31.0,34.0
2026-08-02 15:57:30,121.011,SakurabaRola,59.434,198.248,8.0,8,0.0,3.27,42,62.963,50,65.116,15.0,21.0,63.0,106.0,2.0,3.0,0.0,78.723,44.068,44.34,47.0,11.0,3.0,37.0,10.0,3.0,0.0,2.596,31.0,26.0
2026-08-06 07:55:09,122.211,SakurabaRola,59.664,168.226,5.0,5,0.0,3.718,36,46.667,61.702,61.404,9.0,23.0,71.0,119.0,3.0,2.0,0.0,80.769,43.284,43.697,52.0,5.0,1.0,42.0,10.0,3.0,2.0,3.173,31.0,29.0
2026-02-20 19:01:17,134.086,Tsui,62.81,199.663,5.0,6,0.0,3.263,51,70,62.264,60.417,16.0,24.0,76.0,121.0,4.0,2.0,0.0,86.364,57.576,18.182,22.0,5.0,0.0,19.0,3.0,1.0,2.0,2.727,33.0,57.0
2026-02-25 16:07:29,137.465,Tsui,62.097,152.579,4.0,8,0.0,4.247,32,71.429,60.784,57.778,7.0,19.0,77.0,124.0,2.0,3.0,0.0,89.286,54.167,22.581,28.0,9.0,1.0,25.0,3.0,2.0,1.0,3.536,33.0,52.0
2026-03-05 13:45:30,135.637,Tsui,48.98,130.407,5.0,8,0.0,4.236,26,50,50.82,46.667,7.0,17.0,72.0,147.0,3.0,3.0,0.0,91.304,41.129,15.646,23.0,12.0,1.0,21.0,2.0,1.0,1.0,3.522,33.0,51.0
2026-03-06 22:11:37,133.928,Tsui,56.934,155.792,2.0,10,0.0,3.821,35,60.714,67.241,43.137,9.0,24.0,78.0,137.0,2.0,3.0,0.0,91.667,49.558,17.518,24.0,2.0,0.0,22.0,2.0,1.0,1.0,3.542,33.0,56.0
2026-03-12 19:24:00,134.746,Tsui,62.595,182.03,3.0,14,0.0,3.744,40,77.778,69.811,47.059,15.0,21.0,82.0,131.0,4.0,0.0,1.0,85.294,54.639,25.954,34.0,3.0,4.0,29.0,5.0,0.0,3.0,3.412,33.0,53.0
2026-03-19 22:15:19,133.892,Tsui,63.158,182.382,4.0,13,0.0,3.865,45,81.481,71.429,51.316,19.0,20.0,96.0,152.0,4.0,2.0,0.0,78.125,59.167,21.053,32.0,8.0,1.0,25.0,7.0,0.0,1.0,2.875,33.0,71.0
2026-03-25 15:54:41,135.764,Tsui,61.905,172.685,4.0,10,0.0,3.877,34,84.211,51.429,60.784,11.0,16.0,65.0,105.0,4.0,2.0,0.0,67.857,59.74,26.667,28.0,5.0,4.0,19.0,9.0,0.0,2.0,3.036,33.0,46.0
2026-04-03 21:23:14,134.989,Tsui,62.81,174.936,4.0,7,1.0,3.987,39,82.759,64.286,50,16.0,16.0,76.0,121.0,5.0,0.0,0.0,89.286,54.839,23.14,28.0,5.0,0.0,25.0,3.0,1.0,0.0,3.607,33.0,51.0
2026-04-08 02:58:33,138.788,Tsui,58.716,195.822,6.0,5,0.0,3.562,35,66.667,58.182,56.41,13.0,17.0,64.0,109.0,1.0,4.0,0.0,95,50.562,18.349,20.0,4.0,0.0,19.0,1.0,0.0,3.0,3.2,33.0,45.0
2026-05-26 08:41:45,122.562,Tsui,58.594,204.762,9.0,6,0.0,3.147,52,64.286,66.102,49.091,19.0,24.0,75.0,128.0,3.0,3.0,0.0,85.714,48.387,27.344,35.0,10.0,0.0,30.0,5.0,2.0,0.0,2.8,33.0,45.0
2026-02-24 09:17:05,150.0,YuriMeguri,71.538,213.119,5.0,7,0.0,3.645,47,77.778,70.492,69.048,20.0,24.0,93.0,130.0,5.0,1.0,0.0,87.805,64.045,31.538,41.0,5.0,2.0,36.0,5.0,3.0,2.0,3.122,34.0,57.0
2026-05-10 07:02:27,162.43,YuriMeguri,70.175,214.061,5.0,4,0.0,3.65,39,80,76.19,61.538,7.0,30.0,80.0,114.0,2.0,3.0,0.0,90,59.459,35.088,40.0,8.0,1.0,36.0,4.0,2.0,1.0,3.225,34.0,44.0
2026-05-20 04:04:06,148.51,YuriMeguri,75.51,207.819,0.0,9,0.0,3.91,52,93.548,81.967,58.182,10.0,43.0,111.0,147.0,2.0,4.0,0.0,93.443,62.791,41.497,61.0,3.0,1.0,57.0,4.0,0.0,0.0,3.934,34.0,54.0
2026-05-20 06:27:44,146.87,YuriMeguri,68.263,180.124,3.0,8,0.0,4.211,44,78.788,74.138,59.211,10.0,24.0,114.0,167.0,5.0,0.0,1.0,84.127,58.654,37.725,63.0,11.0,5.0,53.0,10.0,3.0,2.0,3.825,34.0,61.0
2026-06-01 21:08:47,132.81,YuriMeguri,69.748,222.642,7.0,9,0.0,3.422,47,93.333,65.957,66.667,12.0,33.0,83.0,119.0,3.0,3.0,0.0,88.372,59.211,36.134,43.0,9.0,2.0,38.0,5.0,1.0,3.0,2.977,34.0,45.0
2026-08-08 22:03:21,133.69,YuriMeguri,72.093,168.078,1.0,9,0.0,4.0,37,75,74.576,67.391,10.0,20.0,93.0,129.0,5.0,0.0,0.0,84.906,63.158,41.085,53.0,4.0,4.0,45.0,8.0,0.0,0.0,3.925,34.0,48.0
2026-03-08 06:29:21,110.0,anonimus_opinion,48.092,97.486,2.0,4,0.0,4.444,17,48,54.545,41.176,3.0,7.0,63.0,131.0,3.0,2.0,0.0,73.333,34.884,34.351,45.0,5.0,1.0,33.0,12.0,3.0,0.0,3.889,36.0,30.0
2026-05-25 05:03:06,100.1,anonimus_opinion,52.756,149.526,5.0,4,2.0,3.746,36,50,61.538,45.283,13.0,17.0,67.0,127.0,4.0,2.0,0.0,78.947,41.573,29.921,38.0,5.0,1.0,30.0,8.0,0.0,2.0,3.105,36.0,37.0
2026-06-29 05:21:58,107.47,anonimus_opinion,49.398,126.627,5.0,6,1.0,3.793,38,33.333,58.904,46.667,8.0,21.0,82.0,166.0,2.0,4.0,0.0,78.261,38.333,27.711,46.0,9.0,2.0,36.0,10.0,2.0,1.0,3.152,36.0,46.0
2026-07-06 04:37:30,108.52,anonimus_opinion,51.799,119.439,2.0,8,1.0,3.931,28,75,52.459,40.741,12.0,8.0,72.0,139.0,4.0,2.0,0.0,77.273,40,31.655,44.0,8.0,2.0,34.0,10.0,2.0,0.0,3.455,36.0,38.0
2026-07-08 01:31:50,109.18,anonimus_opinion,55.085,138.86,3.0,4,0.0,3.8,32,53.846,57.692,52.5,6.0,15.0,65.0,118.0,0.0,5.0,0.0,73.333,43.836,38.136,45.0,5.0,1.0,33.0,12.0,6.0,1.0,3.133,36.0,32.0
2026-07-10 04:23:07,110.63,anonimus_opinion,48.077,123.481,6.0,4,0.0,3.84,21,46.667,60,36.364,7.0,8.0,50.0,104.0,3.0,2.0,0.0,67.5,35.938,38.462,40.0,7.0,3.0,27.0,13.0,6.0,3.0,2.975,36.0,23.0
2026-05-25 05:03:06,105.1,claydoll1091,43.22,120.688,4.0,5,0.0,3.882,24,47.619,46,38.298,9.0,11.0,51.0,118.0,4.0,2.0,0.0,80.769,32.609,22.034,26.0,6.0,1.0,21.0,5.0,1.0,0.0,3.154,37.0,30.0
2026-05-28 07:37:15,104.882,claydoll1091,33.028,84.013,3.0,6,0.0,4.0,13,10.526,36.364,39.13,5.0,4.0,36.0,109.0,2.0,3.0,0.0,80,25.532,13.761,15.0,3.0,2.0,12.0,3.0,0.0,2.0,3.0,37.0,24.0
2026-06-21 01:53:40,103.576,claydoll1091,42.169,143.783,7.0,2,0.0,3.371,20,35.294,48.276,40.541,11.0,6.0,35.0,83.0,4.0,1.0,0.0,100,25,22.892,19.0,9.0,0.0,19.0,0.0,0.0,2.0,2.789,37.0,16.0
2026-06-23 16:03:42,105.415,claydoll1091,45.455,133.181,6.0,5,1.0,3.709,27,35,47.727,47.368,7.0,18.0,55.0,121.0,2.0,4.0,0.0,88.462,33.684,21.488,26.0,11.0,0.0,23.0,3.0,0.0,0.0,2.538,37.0,32.0
2026-06-28 17:24:05,106.741,claydoll1091,43.878,105.469,1.0,4,0.0,4.14,17,41.176,54.762,33.333,6.0,6.0,43.0,98.0,1.0,4.0,0.0,73.913,34.667,23.469,23.0,7.0,1.0,17.0,6.0,1.0,0.0,3.13,37.0,26.0
2026-07-13 14:30:10,106.692,claydoll1091,43.243,123.719,5.0,4,0.0,3.833,25,52.632,44,38.095,12.0,5.0,48.0,111.0,3.0,2.0,0.0,100,32.258,16.216,18.0,7.0,0.0,18.0,0.0,0.0,1.0,3.111,37.0,30.0
2026-07-19 10:39:25,104.431,claydoll1091,35.385,101.043,3.0,10,0.0,4.065,20,38.095,40.909,30.769,5.0,15.0,46.0,130.0,3.0,2.0,0.0,60,28,23.077,30.0,9.0,6.0,18.0,12.0,2.0,0.0,2.167,37.0,28.0
2026-07-30 14:13:06,102.799,claydoll1091,43.919,131.556,8.0,5,0.0,3.723,34,35.484,55.556,38.095,14.0,9.0,65.0,148.0,4.0,2.0,0.0,75.758,34.783,22.297,33.0,17.0,2.0,25.0,8.0,2.0,1.0,2.485,37.0,40.0
2026-08-02 04:39:11,103.035,claydoll1091,50.467,143.771,5.0,7,0.0,3.63,28,26.087,64.286,50,9.0,15.0,54.0,107.0,5.0,1.0,0.0,83.333,40.964,22.43,24.0,8.0,2.0,20.0,4.0,2.0,0.0,2.458,37.0,34.0
2026-08-02 15:57:30,104.565,claydoll1091,39.216,93.442,3.0,9,0.0,4.1,18,57.895,62.857,14.583,8.0,5.0,40.0,102.0,2.0,3.0,0.0,66.667,32.099,20.588,21.0,11.0,5.0,14.0,7.0,1.0,0.0,2.095,37.0,26.0
2026-04-12 13:08:11,114.37,Diukes,51.639,153.418,5.0,6,1.0,3.857,30,40,55.556,53.846,7.0,18.0,63.0,122.0,1.0,4.0,0.0,75,36.486,39.344,48.0,9.0,2.0,36.0,12.0,5.0,1.0,3.417,38.0,27.0
2026-05-09 14:19:41,115.09,Diukes,53.191,140.875,4.0,4,2.0,4.307,26,65.217,65.217,30.612,9.0,13.0,75.0,141.0,2.0,4.0,0.0,72.414,39.759,41.135,58.0,8.0,0.0,42.0,16.0,4.0,0.0,3.966,38.0,33.0
2026-05-16 21:48:55,116.15,Diukes,37.634,131.751,5.0,6,0.0,3.286,21,46.667,45.946,26.829,9.0,9.0,35.0,93.0,4.0,1.0,0.0,53.846,25.926,41.935,39.0,5.0,5.0,21.0,18.0,6.0,1.0,2.41,38.0,14.0
2026-06-07 17:50:16,107.93,Diukes,44.248,116.563,3.0,3,0.0,3.62,24,57.692,56.863,16.667,7.0,8.0,50.0,113.0,3.0,3.0,0.0,60.417,32.308,42.478,48.0,2.0,2.0,29.0,19.0,5.0,0.0,3.104,38.0,21.0
2026-06-14 18:25:31,107.86,Diukes,52.083,150.126,10.0,12,1.0,3.693,35,69.231,72.881,23.729,16.0,15.0,75.0,144.0,3.0,2.0,1.0,66.667,39.744,45.833,66.0,6.0,5.0,44.0,22.0,6.0,2.0,3.227,38.0,31.0
2026-08-02 04:39:11,85.0,redmoon,9.804,18.18,0.0,8,0.0,4.3,3,22.222,15.385,0,0.0,2.0,10.0,102.0,0.0,6.0,0.0,13.636,8.75,21.569,22.0,2.0,3.0,3.0,19.0,4.0,0.0,2.5,39.0,7.0
2026-02-02 02:57:10,11.561,FUCK_AMQ,29.245,10.193,6.0,5,0.0,3.323,17,23.529,25.532,35.714,8.0,7.0,31.0,106.0,3.0,3.0,0.0,62.5,14.865,30.189,32.0,7.0,2.0,20.0,12.0,2.0,0.0,2.594,40.0,11.0
2026-02-05 00:49:15,11.925,FUCK_AMQ,29.091,9.925,3.0,1,1.0,4.125,14,25,33.333,26.829,6.0,8.0,32.0,110.0,3.0,2.0,0.0,61.905,8.824,38.182,42.0,5.0,0.0,26.0,16.0,5.0,0.0,3.476,40.0,6.0
2026-05-11 04:54:02,100.28,FUCK_AMQ,31.034,101.871,5.0,7,0.0,3.389,20,36,33.333,26.087,10.0,6.0,36.0,116.0,3.0,3.0,0.0,65.714,16.049,30.172,35.0,4.0,1.0,23.0,12.0,1.0,0.0,3.314,40.0,13.0
2026-05-11 21:29:10,101.14,FUCK_AMQ,29.688,87.012,4.0,8,3.0,4.053,17,43.478,27.119,26.087,7.0,11.0,38.0,128.0,2.0,2.0,1.0,65.909,10.714,34.375,44.0,6.0,2.0,29.0,15.0,4.0,0.0,3.023,40.0,9.0
2026-05-19 04:14:53,100.36,FUCK_AMQ,29.688,82.827,2.0,9,1.0,3.658,19,39.13,28.571,25.714,6.0,11.0,38.0,128.0,6.0,0.0,0.0,68.293,11.494,32.031,41.0,5.0,1.0,28.0,13.0,0.0,0.0,3.195,40.0,10.0
2026-02-14 22:38:25,14.05,Noru,60.656,17.118,4.0,3,0.0,4.311,24,55,59.459,63.077,8.0,13.0,74.0,122.0,3.0,2.0,0.0,88.889,38.235,44.262,54.0,8.0,1.0,48.0,6.0,2.0,0.0,4.074,45.0,26.0
2026-05-11 21:29:10,122.83,Noru,53.913,148.233,3.0,8,1.0,3.823,28,68,56.25,42.857,7.0,14.0,62.0,115.0,2.0,3.0,0.0,65.714,48.75,30.435,35.0,5.0,3.0,23.0,12.0,3.0,2.0,2.943,45.0,39.0
2026-05-23 22:05:11,114.87,Noru,46.729,114.044,2.0,4,1.0,4.2,22,59.091,41.86,45.238,9.0,5.0,50.0,107.0,3.0,2.0,0.0,79.487,27.941,36.449,39.0,3.0,1.0,31.0,8.0,3.0,0.0,3.564,45.0,19.0
2026-08-09 21:16:39,110.75,Anoru_,50.0,134.985,4.0,5,0.0,3.588,27,73.333,46.512,45.455,8.0,17.0,51.0,102.0,1.0,4.0,0.0,78.947,32.812,37.255,38.0,7.0,1.0,30.0,8.0,3.0,0.0,3.132,45.0,21.0
2026-08-14 14:06:42,111.957,Anoru,54.783,159.667,8.0,1,0.0,3.46,34,76.19,55.814,45.098,12.0,17.0,63.0,115.0,4.0,1.0,0.0,73.585,38.71,46.087,53.0,9.0,0.0,39.0,14.0,8.0,0.0,2.962,45.0,24.0
2026-02-05 00:49:15,12.409,Orfey,29.915,11.707,3.0,4,0.0,3.486,18,33.333,30,28.571,3.0,11.0,35.0,117.0,3.0,2.0,0.0,66.667,15.476,28.205,33.0,6.0,1.0,22.0,11.0,3.0,0.0,3.303,46.0,13.0
2026-04-13 11:07:02,101.3,Orfey,30.097,100.184,3.0,9,0.0,3.129,21,52.941,27.907,23.256,4.0,14.0,31.0,103.0,1.0,5.0,0.0,66.667,10.448,34.951,36.0,7.0,5.0,24.0,12.0,3.0,0.0,2.5,46.0,7.0
2026-04-19 22:19:05,99.97,Orfey,39.552,117.261,5.0,8,2.0,3.736,26,78.947,34,32.308,12.0,4.0,53.0,134.0,3.0,3.0,0.0,66.667,21.25,40.299,54.0,12.0,4.0,36.0,18.0,3.0,0.0,2.944,46.0,17.0
2026-05-03 09:28:04,101.276,Orfey,38.255,115.088,1.0,8,0.0,3.807,26,62.5,30.645,36.508,8.0,10.0,57.0,149.0,4.0,2.0,0.0,78.571,22.43,28.188,42.0,5.0,1.0,33.0,9.0,6.0,0.0,3.0,46.0,24.0
2026-05-12 21:56:32,103.41,Orfey,35.556,97.926,4.0,13,1.0,3.958,22,48.148,38.182,26.415,7.0,11.0,48.0,135.0,2.0,3.0,0.0,65.789,23.711,28.148,38.0,7.0,5.0,25.0,13.0,1.0,0.0,3.0,46.0,23.0
2026-05-20 10:47:35,102.288,Orfey,39.773,143.379,5.0,8,0.0,3.2,22,66.667,29.73,38.889,13.0,7.0,35.0,88.0,3.0,3.0,0.0,81.481,21.311,30.682,27.0,9.0,2.0,22.0,5.0,1.0,0.0,2.296,46.0,13.0
2026-06-02 14:27:18,99.406,Orfey,31.579,111.705,4.0,9,1.0,2.833,25,34.615,36.585,25.532,10.0,8.0,36.0,114.0,4.0,2.0,0.0,75.862,16.471,25.439,29.0,8.0,2.0,22.0,7.0,4.0,0.0,2.276,46.0,14.0
2026-06-18 23:17:52,100.523,Orfey,36.441,108.263,5.0,5,0.0,3.651,23,45.455,35.556,33.333,7.0,10.0,43.0,118.0,3.0,3.0,0.0,67.568,22.222,31.356,37.0,8.0,1.0,25.0,12.0,5.0,1.0,2.919,46.0,18.0
2026-06-30 10:29:18,99.191,Orfey,41.406,116.789,5.0,4,1.0,3.906,22,36,54.054,36.364,7.0,16.0,53.0,128.0,3.0,2.0,0.0,58.333,31.25,37.5,48.0,9.0,3.0,28.0,20.0,4.0,2.0,3.354,46.0,25.0
2026-07-16 12:40:55,101.143,Orfey,41.071,128.754,5.0,11,0.0,3.522,24,47.826,42.222,36.364,12.0,12.0,46.0,112.0,4.0,2.0,0.0,57.143,31.429,37.5,42.0,12.0,8.0,24.0,18.0,3.0,0.0,2.381,46.0,22.0
2026-05-11 21:29:10,128.237,Renzou,54.717,144.023,3.0,8,0.0,4.069,23,55.556,59.459,50,9.0,18.0,58.0,106.0,3.0,2.0,0.0,84.375,41.892,30.189,32.0,5.0,2.0,27.0,5.0,1.0,0.0,3.219,47.0,31.0
2026-05-13 04:52:40,128.359,Renzou,60.784,189.848,10.0,6,0.0,3.645,32,70,61.702,54.286,13.0,9.0,62.0,102.0,3.0,2.0,0.0,91.429,44.776,34.314,35.0,11.0,0.0,32.0,3.0,1.0,1.0,2.943,47.0,30.0
2026-05-19 06:26:33,130.198,Renzou,44.211,141.707,1.0,7,1.0,3.476,22,36.364,45.161,47.619,8.0,6.0,42.0,95.0,3.0,2.0,0.0,83.333,26.154,31.579,30.0,1.0,0.0,25.0,5.0,1.0,0.0,3.1,47.0,17.0
2026-05-23 04:28:58,128.752,Renzou,47.518,145.405,8.0,11,0.0,3.94,27,37.931,51.562,47.917,10.0,12.0,67.0,141.0,2.0,4.0,0.0,85.714,27.174,34.752,49.0,10.0,2.0,42.0,7.0,2.0,0.0,3.408,47.0,25.0
2026-05-25 05:03:06,113.596,Renzou,50.331,140.739,7.0,7,0.0,3.921,35,44.828,56.923,45.614,13.0,17.0,76.0,151.0,4.0,2.0,0.0,91.304,32.381,30.464,46.0,9.0,0.0,42.0,4.0,2.0,0.0,3.109,47.0,34.0
2026-06-01 02:10:55,114.277,Renzou,56.028,122.498,6.0,6,0.0,4.38,22,67.647,54.237,50,9.0,9.0,79.0,141.0,3.0,2.0,0.0,83.673,41.304,34.752,49.0,9.0,3.0,41.0,8.0,2.0,1.0,3.755,47.0,38.0
2026-06-21 13:21:05,114.759,Renzou,58.654,191.61,4.0,8,0.0,3.18,38,63.158,58.333,57.143,13.0,17.0,61.0,104.0,5.0,1.0,0.0,86.842,42.424,36.538,38.0,10.0,2.0,33.0,5.0,2.0,0.0,2.658,47.0,28.0
2026-07-29 04:35:02,117.371,Renzou,58.503,134.806,5.0,3,1.0,4.233,31,52.381,66.667,53.623,8.0,18.0,86.0,147.0,2.0,1.0,2.0,90.164,36.047,41.497,61.0,8.0,0.0,55.0,6.0,1.0,0.0,4.033,47.0,31.0
2026-08-04 04:58:34,117.503,Renzou,54.206,158.891,8.0,6,0.0,3.707,31,50,46.341,62,14.0,7.0,58.0,107.0,3.0,2.0,0.0,92.857,29.231,39.252,42.0,8.0,1.0,39.0,3.0,0.0,1.0,3.667,47.0,19.0
2026-08-08 22:03:21,117.6,Renzou,61.157,158.459,2.0,6,0.0,3.946,33,60,66.038,55.814,9.0,18.0,74.0,121.0,2.0,3.0,0.0,95.349,42.308,35.537,43.0,4.0,0.0,41.0,2.0,0.0,0.0,3.442,47.0,33.0
2026-02-01 16:58:28,13.0,accelerator11,38.017,11.9,3.0,8,3.0,4.304,22,81.818,32.727,22.727,10.0,6.0,46.0,121.0,4.0,1.0,0.0,48.214,29.231,46.281,56.0,8.0,4.0,27.0,29.0,9.0,0.0,3.179,49.0,19.0
2026-03-14 08:17:21,124.94,Sniparook,64.286,184.4,5.0,4,0.0,3.716,33,62.5,64.407,64.706,14.0,18.0,81.0,126.0,3.0,2.0,0.0,79.104,47.458,53.175,67.0,16.0,4.0,53.0,14.0,7.0,0.0,2.97,50.0,28.0
2026-04-23 08:45:49,128.78,Sniparook,61.111,209.284,15.0,12,0.0,3.432,49,62.5,66.667,53.704,18.0,26.0,88.0,144.0,3.0,1.0,1.0,85,44.048,41.667,60.0,13.0,3.0,51.0,9.0,2.0,3.0,2.783,50.0,37.0
2026-02-01 16:58:28,15.619,Chata,46.809,12.828,2.0,5,1.0,4.394,24,45.455,49.18,44.828,5.0,17.0,66.0,141.0,2.0,3.0,0.0,96.97,31.481,23.404,33.0,5.0,0.0,32.0,1.0,0.0,1.0,4.121,51.0,34.0
2026-02-09 16:02:04,14.985,Chata,57.009,20.916,8.0,9,0.0,3.705,27,60,60,51.351,12.0,11.0,61.0,107.0,2.0,2.0,1.0,87.097,44.737,28.972,31.0,2.0,1.0,27.0,4.0,2.0,2.0,3.516,51.0,34.0
2026-02-14 22:38:25,15.037,Chata,55.797,15.293,3.0,8,1.0,4.377,29,67.647,53.191,50.877,5.0,15.0,77.0,138.0,1.0,4.0,0.0,87.805,42.268,29.71,41.0,5.0,0.0,36.0,5.0,2.0,1.0,3.854,51.0,41.0
2026-02-18 11:22:37,125.622,Chata,55.385,178.636,9.0,3,1.0,3.639,36,27.778,49.057,69.492,18.0,17.0,72.0,130.0,3.0,3.0,0.0,87.5,41.111,30.769,40.0,9.0,1.0,35.0,5.0,0.0,4.0,3.475,51.0,37.0
2026-03-12 19:24:00,125.653,Chata,54.545,164.43,6.0,2,0.0,3.883,30,58.333,57.5,50,11.0,13.0,60.0,110.0,1.0,4.0,0.0,93.75,38.462,29.091,32.0,10.0,0.0,30.0,2.0,1.0,1.0,3.562,51.0,30.0
2026-02-14 22:38:25,16.234,Thaleko,68.376,20.914,4.0,4,0.0,4.125,28,71.429,70.732,64.583,8.0,10.0,80.0,117.0,4.0,1.0,0.0,86.111,60.494,30.769,36.0,8.0,0.0,31.0,5.0,2.0,0.0,3.444,52.0,49.0
2026-03-04 22:12:35,144.922,Thaleko,71.528,220.257,12.0,11,0.0,3.767,50,75.862,72.727,68.333,18.0,26.0,103.0,144.0,5.0,1.0,0.0,93.023,62.376,29.861,43.0,10.0,1.0,40.0,3.0,0.0,2.0,3.419,52.0,63.0
2026-03-09 22:30:42,152.568,Thaleko,62.121,150.48,1.0,10,0.0,4.22,33,68.182,64.583,58.065,6.0,20.0,82.0,132.0,1.0,3.0,1.0,88.571,52.577,26.515,35.0,3.0,2.0,31.0,4.0,2.0,0.0,3.6,52.0,51.0
2026-04-06 11:17:49,145.463,Thaleko,67.857,180.294,6.0,9,0.0,4.0,39,74.074,60.784,70.968,21.0,17.0,95.0,140.0,5.0,1.0,0.0,93.333,55.789,32.143,45.0,8.0,2.0,42.0,3.0,0.0,4.0,4.0,52.0,53.0
2026-04-08 02:58:33,150.573,Thaleko,64.748,169.281,4.0,10,0.0,4.078,36,83.333,63.158,60.938,8.0,21.0,90.0,139.0,2.0,1.0,2.0,82.692,54.023,37.41,52.0,5.0,3.0,43.0,9.0,1.0,1.0,3.673,52.0,47.0
2026-04-23 21:30:44,150.402,Thaleko,67.29,189.063,3.0,2,0.0,3.708,40,61.538,68.889,69.444,10.0,25.0,72.0,107.0,2.0,3.0,0.0,96.296,57.5,25.234,27.0,5.0,0.0,26.0,1.0,1.0,1.0,3.519,52.0,46.0
2026-05-03 09:28:04,148.355,Thaleko,57.812,186.293,3.0,5,0.0,3.595,38,53.846,61.538,54.054,9.0,21.0,74.0,128.0,2.0,4.0,0.0,90.909,46.316,25.781,33.0,3.0,1.0,30.0,3.0,0.0,2.0,3.364,52.0,44.0
2026-06-07 10:45:11,128.685,Thaleko,66.447,214.569,13.0,4,0.0,3.554,56,70.968,61.538,69.643,25.0,24.0,101.0,152.0,0.0,5.0,1.0,98.182,48.454,36.184,55.0,13.0,0.0,54.0,1.0,0.0,2.0,3.091,52.0,47.0
2026-06-27 17:40:26,127.446,Thaleko,63.83,145.973,6.0,6,1.0,4.522,30,75,57.143,65.574,9.0,19.0,90.0,141.0,1.0,4.0,0.0,86.275,51.111,36.17,51.0,6.0,2.0,44.0,7.0,1.0,2.0,4.314,52.0,46.0
2026-07-19 10:39:25,125.863,Thaleko,61.24,143.693,7.0,4,0.0,4.38,25,59.375,63.415,60.714,8.0,14.0,79.0,129.0,1.0,4.0,0.0,95.455,43.529,34.109,44.0,6.0,0.0,42.0,2.0,0.0,1.0,4.25,52.0,37.0
2026-06-07 10:45:11,113.611,Lika,46.154,148.37,11.0,7,0.0,3.606,35,48.276,37.931,53.571,17.0,10.0,66.0,143.0,5.0,1.0,0.0,95.833,36.134,16.783,24.0,11.0,1.0,23.0,1.0,0.0,1.0,2.458,58.0,43.0
2026-06-09 10:37:02,114.554,Lika,40.288,132.066,6.0,6,0.0,3.429,32,40.741,29.787,47.692,11.0,15.0,56.0,139.0,5.0,1.0,0.0,93.103,26.364,20.863,29.0,12.0,1.0,27.0,2.0,0.0,1.0,3.0,58.0,29.0
2026-06-16 11:06:33,114.912,Lika,43.885,160.234,11.0,5,1.0,3.23,38,24.138,41.176,55.932,16.0,12.0,61.0,139.0,3.0,3.0,0.0,100,25,25.18,35.0,15.0,0.0,35.0,0.0,0.0,0.0,2.571,58.0,26.0
2026-06-17 20:49:31,116.821,Lika,49.091,207.301,20.0,5,0.0,2.981,36,35.294,45.652,57.447,22.0,10.0,54.0,110.0,4.0,2.0,0.0,93.939,29.87,30,33.0,19.0,1.0,31.0,2.0,0.0,2.0,1.97,58.0,23.0
2026-06-18 20:38:35,118.047,Lika,54.455,186.223,8.0,2,0.0,3.291,35,50,48.837,61.905,21.0,10.0,55.0,101.0,3.0,3.0,0.0,92.308,41.333,25.743,26.0,7.0,1.0,24.0,2.0,1.0,1.0,2.192,58.0,31.0
2026-06-23 20:14:41,118.134,Lika,46.465,162.666,11.0,5,0.0,3.196,29,36.364,42.424,54.545,15.0,10.0,46.0,99.0,3.0,3.0,0.0,82.609,35.526,23.232,23.0,12.0,2.0,19.0,4.0,1.0,1.0,2.087,58.0,27.0
2026-07-01 11:19:15,118.634,Lika,43.86,113.534,3.0,4,0.0,3.84,22,50,45.652,39.13,7.0,7.0,50.0,114.0,2.0,4.0,0.0,91.304,31.868,20.175,23.0,6.0,0.0,21.0,2.0,2.0,0.0,3.174,58.0,29.0
2026-07-05 13:56:38,116.366,Lika,49.573,170.663,13.0,10,0.0,3.259,34,52,48.077,50,16.0,14.0,58.0,117.0,2.0,4.0,0.0,96.97,30.952,28.205,33.0,16.0,0.0,32.0,1.0,0.0,0.0,2.667,58.0,26.0
2026-07-12 09:18:12,115.768,Lika,37.391,132.514,9.0,6,0.0,3.209,28,25,47.273,30,11.0,11.0,43.0,115.0,4.0,2.0,0.0,91.667,23.077,20.87,24.0,12.0,1.0,22.0,2.0,0.0,1.0,2.25,58.0,21.0
2026-07-15 10:55:21,115.533,Lika,46.067,157.604,8.0,7,0.0,3.22,22,39.13,48.485,48.485,15.0,5.0,41.0,89.0,4.0,2.0,0.0,90.909,31.343,24.719,22.0,8.0,1.0,20.0,2.0,1.0,1.0,2.273,58.0,21.0
2026-07-20 05:49:04,114.696,neoburnz,63.964,157.864,5.0,6,0.0,3.972,30,72,58.333,65.789,8.0,21.0,71.0,111.0,1.0,4.0,0.0,97.297,47.297,33.333,37.0,7.0,0.0,36.0,1.0,1.0,0.0,3.811,59.0,35.0
2026-07-21 06:03:08,115.175,neoburnz,60.55,166.315,3.0,3,0.0,3.712,36,62.5,53.846,65.217,11.0,16.0,66.0,109.0,3.0,1.0,1.0,81.081,50,33.945,37.0,4.0,1.0,30.0,7.0,2.0,0.0,3.432,59.0,36.0
2026-07-24 04:59:24,117.414,neoburnz,60.748,160.154,4.0,8,0.0,3.738,31,57.143,58,65.116,9.0,16.0,65.0,107.0,2.0,3.0,0.0,87.5,49.333,29.907,32.0,7.0,1.0,28.0,4.0,3.0,0.0,2.906,59.0,37.0
2026-07-25 14:05:52,118.577,neoburnz,63.636,146.544,4.0,9,0.0,4.033,35,64.516,60.784,65.574,12.0,8.0,91.0,143.0,3.0,3.0,0.0,97.561,50,28.671,41.0,3.0,1.0,40.0,1.0,0.0,2.0,3.854,59.0,51.0
2026-07-26 08:56:27,119.866,neoburnz,56.944,157.003,4.0,5,0.0,3.72,38,50,52.381,66.667,12.0,21.0,82.0,144.0,2.0,4.0,0.0,95.918,36.842,34.028,49.0,8.0,1.0,47.0,2.0,0.0,0.0,3.429,59.0,35.0
2026-07-28 08:00:35,119.235,neoburnz,58.12,126.846,2.0,3,0.0,4.441,23,60,54.348,60.87,2.0,15.0,68.0,117.0,2.0,3.0,0.0,92,48.913,21.368,25.0,2.0,0.0,23.0,2.0,1.0,1.0,4.6,59.0,45.0
2026-07-29 04:35:02,117.364,neoburnz,65.517,170.51,5.0,4,0.0,3.853,43,56.522,64.103,72.727,9.0,25.0,95.0,145.0,2.0,3.0,0.0,92.727,48.889,37.931,55.0,6.0,1.0,51.0,4.0,0.0,3.0,4.145,59.0,44.0
2026-07-30 14:13:06,118.017,neoburnz,62.712,174.781,10.0,0,0.0,3.851,28,57.895,61.702,65.385,17.0,11.0,74.0,118.0,4.0,2.0,0.0,100,36.232,41.525,49.0,6.0,0.0,49.0,0.0,0.0,2.0,3.755,59.0,25.0
2026-08-02 15:57:30,119.173,neoburnz,68.182,156.947,4.0,5,0.0,4.16,26,57.143,67.391,72,9.0,12.0,75.0,110.0,2.0,2.0,1.0,88.636,54.545,40,44.0,6.0,1.0,39.0,5.0,2.0,2.0,4.25,59.0,36.0
2026-08-04 04:58:34,121.475,neoburnz,63.359,155.521,2.0,6,0.0,3.807,39,33.333,75,63.793,9.0,20.0,83.0,131.0,2.0,2.0,1.0,88.889,50,34.351,45.0,3.0,2.0,40.0,5.0,1.0,0.0,3.467,59.0,43.0
2026-08-01 06:30:22,107.87,bamboo,50.862,166.828,10.0,6,0.0,3.119,38,54.545,48.148,52.5,16.0,15.0,59.0,116.0,3.0,3.0,0.0,96.774,34.118,26.724,31.0,8.0,1.0,30.0,1.0,0.0,2.0,2.581,66.0,29.0
2026-08-01 10:34:49,108.193,bamboo,49.08,105.684,3.0,4,1.0,4.388,22,57.895,39.706,54.386,6.0,13.0,80.0,163.0,1.0,3.0,2.0,100,36.154,20.245,33.0,6.0,0.0,33.0,0.0,0.0,0.0,4.364,66.0,47.0
2026-08-02 04:39:11,107.627,bamboo,37.755,112.288,5.0,6,0.0,3.541,22,23.529,43.902,37.5,10.0,7.0,37.0,98.0,4.0,2.0,0.0,93.333,27.711,15.306,15.0,3.0,1.0,14.0,1.0,0.0,1.0,2.6,66.0,23.0
2026-08-04 04:58:34,108.776,bamboo,43.689,121.903,5.0,4,0.0,3.644,23,42.105,42.857,45.238,7.0,8.0,45.0,103.0,1.0,4.0,0.0,100,30.12,19.417,20.0,5.0,0.0,20.0,0.0,0.0,1.0,3.65,66.0,25.0
2026-08-04 07:16:29,109.178,bamboo,49.505,148.157,4.0,6,0.0,3.58,28,47.368,45.652,55.556,10.0,10.0,50.0,101.0,2.0,3.0,0.0,100,36.25,20.792,21.0,7.0,0.0,21.0,0.0,0.0,0.0,3.381,66.0,29.0
2026-08-05 16:03:30,109.499,bamboo,53.901,156.741,9.0,20,0.0,3.382,42,68.421,47.458,55.556,14.0,30.0,76.0,141.0,2.0,4.0,0.0,92.308,39.216,27.66,39.0,10.0,1.0,36.0,3.0,0.0,1.0,2.667,66.0,40.0
2026-08-07 08:19:11,110.433,bamboo,47.552,133.508,5.0,7,2.0,3.721,38,55.882,41.935,48.936,5.0,28.0,68.0,143.0,2.0,4.0,0.0,100,32.432,22.378,32.0,9.0,0.0,32.0,0.0,0.0,0.0,3.375,66.0,36.0
2026-08-09 08:47:47,109.759,bamboo,48.951,123.03,6.0,8,0.0,3.986,31,51.852,50.877,45.763,9.0,15.0,70.0,143.0,1.0,4.0,1.0,97.222,32.71,25.175,36.0,10.0,0.0,35.0,1.0,0.0,0.0,3.556,66.0,35.0
2026-08-13 08:14:24,109.733,bamboo,46.552,118.484,7.0,5,0.0,4.111,19,42.857,34.211,56.14,11.0,9.0,54.0,116.0,2.0,3.0,0.0,96.296,31.461,23.276,27.0,11.0,0.0,26.0,1.0,1.0,0.0,3.556,66.0,28.0
2026-08-14 14:06:42,109.192,bamboo,48.214,158.486,10.0,4,0.0,3.13,33,37.5,46.667,52.941,15.0,13.0,54.0,112.0,2.0,3.0,0.0,100,32.558,23.214,26.0,6.0,0.0,26.0,0.0,0.0,1.0,2.577,66.0,28.0
2026-07-29 04:35:02,92.511,DKing20,44.118,77.744,2.0,4,2.0,4.65,16,72.414,35,37.313,3.0,5.0,60.0,136.0,1.0,4.0,0.0,94.444,26,26.471,36.0,6.0,0.0,34.0,2.0,0.0,1.0,4.194,67.0,26.0
2026-07-30 04:09:15,92.653,DKing20,46.218,100.677,3.0,4,0.0,4.055,22,59.259,42,42.857,8.0,3.0,55.0,119.0,5.0,0.0,0.0,97.143,25,29.412,35.0,6.0,0.0,34.0,1.0,0.0,0.0,3.857,67.0,21.0
2026-07-31 04:36:03,93.768,DKing20,39.362,103.271,1.0,5,0.0,3.811,18,50,38.636,37.5,5.0,7.0,37.0,94.0,2.0,3.0,0.0,94.737,25.333,20.213,19.0,4.0,1.0,18.0,1.0,0.0,0.0,2.789,67.0,19.0
2026-08-01 06:30:22,95.206,DKing20,45.631,114.74,1.0,2,0.0,3.489,26,54.545,41.86,44.737,7.0,10.0,47.0,103.0,2.0,4.0,0.0,96.296,27.632,26.214,27.0,6.0,0.0,26.0,1.0,0.0,0.0,3.333,67.0,21.0
2026-08-02 04:39:11,96.032,DKing20,34.579,92.852,3.0,5,0.0,3.703,21,38.889,41.667,24.39,8.0,5.0,37.0,107.0,3.0,3.0,0.0,95.238,19.767,19.626,21.0,6.0,0.0,20.0,1.0,0.0,0.0,3.476,67.0,17.0
2026-08-02 15:57:30,95.797,DKing20,42.157,96.541,0.0,9,0.0,4.093,18,47.368,48.571,35.417,7.0,9.0,43.0,102.0,2.0,3.0,0.0,93.333,20.833,29.412,30.0,8.0,1.0,28.0,2.0,1.0,0.0,3.8,67.0,15.0
2026-08-04 04:58:34,96.469,DKing20,42.718,104.946,1.0,4,0.0,3.795,21,42.105,35.714,50,6.0,6.0,44.0,103.0,1.0,4.0,0.0,96.154,24.675,25.243,26.0,4.0,0.0,25.0,1.0,0.0,0.0,3.115,67.0,19.0
2026-08-06 07:55:09,97.716,DKing20,38.525,78.482,2.0,1,0.0,4.468,12,41.667,34.694,40.816,2.0,7.0,47.0,122.0,1.0,4.0,0.0,96.97,16.854,27.049,33.0,1.0,0.0,32.0,1.0,1.0,1.0,4.394,67.0,15.0
2026-08-09 21:16:39,97.416,DKing20,36.937,70.123,1.0,2,0.0,4.415,12,19.048,40.476,41.667,3.0,3.0,41.0,111.0,2.0,3.0,0.0,100,15.663,25.225,28.0,2.0,0.0,28.0,0.0,0.0,0.0,4.357,67.0,13.0
2026-08-14 14:06:42,97.04,DKing20,37.647,103.61,4.0,3,0.0,3.594,16,38.889,36.667,37.838,6.0,5.0,32.0,85.0,2.0,3.0,0.0,94.118,23.529,20,17.0,6.0,1.0,16.0,1.0,0.0,0.0,2.882,67.0,16.0
2026-07-16 12:40:55,90.21,Jube,43.284,112.047,4.0,9,0.0,3.948,26,52,43.333,38.776,9.0,11.0,58.0,134.0,2.0,4.0,0.0,76.087,26.136,34.328,46.0,7.0,3.0,35.0,11.0,0.0,0.0,2.913,69.0,23.0
2026-02-01 16:58:28,14.654,MahiruShiina,50.847,20.365,7.0,8,0.0,3.533,32,44,52.381,52.941,11.0,16.0,60.0,118.0,2.0,3.0,0.0,83.333,23.438,45.763,54.0,12.0,1.0,45.0,9.0,6.0,0.0,2.907,70.0,15.0
2026-02-02 21:01:02,14.5,MahiruShiina,50.495,19.128,8.0,5,0.0,3.725,26,53.333,43.59,55.319,11.0,15.0,51.0,101.0,2.0,3.0,0.0,84.444,23.214,44.554,45.0,10.0,0.0,38.0,7.0,4.0,0.0,3.333,70.0,13.0
2026-02-03 16:19:41,14.364,MahiruShiina,48.649,15.967,2.0,4,0.0,3.926,24,40,40,60.87,9.0,6.0,54.0,111.0,5.0,0.0,0.0,82.692,18.644,46.847,52.0,8.0,3.0,43.0,9.0,1.0,0.0,3.462,70.0,11.0
2026-02-07 15:00:36,14.647,MahiruShiina,55.385,12.526,1.0,10,0.0,4.819,18,50,55.319,58.182,5.0,8.0,72.0,130.0,3.0,2.0,0.0,82.812,28.788,49.231,64.0,4.0,4.0,53.0,11.0,1.0,0.0,4.141,70.0,19.0
2026-03-08 16:21:25,121.498,MahiruShiina,57.5,154.825,2.0,3,0.0,4.022,22,44.444,56.25,61.538,9.0,7.0,46.0,80.0,2.0,2.0,0.0,83.784,34.884,46.25,37.0,4.0,0.0,31.0,6.0,1.0,0.0,3.649,70.0,15.0
2026-06-29 18:14:41,112.195,MahiruShiina,48.889,143.867,4.0,8,0.0,3.273,28,62.5,50,42.105,6.0,17.0,44.0,90.0,2.0,3.0,0.0,80.556,27.778,40,36.0,4.0,1.0,29.0,7.0,2.0,0.0,2.889,70.0,15.0
2026-08-08 22:03:21,112.829,MahiruShiina,54.93,130.941,1.0,6,0.0,3.949,34,51.515,55.932,56,9.0,13.0,78.0,142.0,2.0,2.0,1.0,83.333,30.263,46.479,66.0,6.0,1.0,55.0,11.0,2.0,1.0,3.712,70.0,23.0
2026-06-06 08:23:49,109.434,ruuka,45.045,113.999,4.0,10,1.0,3.9,23,66.667,41.818,44.681,5.0,10.0,50.0,111.0,1.0,4.0,0.0,58.333,29.412,54.054,60.0,8.0,7.0,35.0,25.0,8.0,3.0,3.05,72.0,15.0
2026-06-14 04:18:55,108.837,ruuka,55.556,102.647,2.0,4,1.0,4.543,18,66.667,57.447,49.091,6.0,7.0,70.0,126.0,1.0,4.0,0.0,71.429,45.455,38.889,49.0,5.0,3.0,35.0,14.0,2.0,1.0,3.939,72.0,35.0
2026-06-18 20:38:35,107.302,ruuka,51.773,136.8,6.0,2,1.0,3.904,34,50,50.847,53.125,12.0,14.0,73.0,141.0,1.0,4.0,1.0,73.016,34.615,44.681,63.0,6.0,1.0,46.0,17.0,6.0,2.0,3.571,72.0,27.0
2026-06-27 17:40:26,107.172,ruuka,48.649,98.204,0.0,5,1.0,4.444,15,69.231,44.186,40.476,4.0,4.0,54.0,111.0,3.0,2.0,0.0,61.29,32.653,55.856,62.0,6.0,4.0,38.0,24.0,6.0,0.0,3.742,72.0,16.0
2026-06-28 17:24:05,107.044,ruuka,45.217,121.274,2.0,1,0.0,4.077,26,63.158,44.681,38.776,7.0,12.0,52.0,115.0,3.0,2.0,0.0,63.83,32.353,40.87,47.0,2.0,0.0,30.0,17.0,5.0,1.0,3.894,72.0,22.0
2026-07-05 07:05:09,105.48,ruuka,50.694,129.177,6.0,5,0.0,3.877,29,70.588,37.037,51.786,10.0,14.0,73.0,144.0,2.0,3.0,1.0,69.697,34.615,45.833,66.0,3.0,3.0,46.0,20.0,3.0,0.0,3.409,72.0,27.0
2026-07-16 12:40:55,105.967,ruuka,45.775,127.542,1.0,9,1.0,3.538,35,60,43.75,39.583,12.0,17.0,65.0,142.0,5.0,1.0,0.0,66.667,34.066,35.915,51.0,6.0,1.0,34.0,17.0,6.0,0.0,2.922,72.0,31.0
2026-07-18 06:38:20,106.911,ruuka,41.346,76.32,0.0,3,0.0,4.605,13,45,40.909,40,3.0,6.0,43.0,104.0,2.0,3.0,0.0,61.364,26.667,42.308,44.0,3.0,2.0,27.0,17.0,4.0,0.0,3.682,72.0,16.0
2026-07-19 23:57:29,106.189,ruuka,37.5,94.155,3.0,7,1.0,3.722,15,50,36.842,29.412,5.0,7.0,36.0,96.0,1.0,4.0,0.0,64.706,22.581,35.417,34.0,2.0,2.0,22.0,12.0,7.0,0.0,2.882,72.0,14.0
2026-07-25 04:25:03,103.486,ruuka,45.833,115.388,5.0,5,0.0,3.909,25,76.19,31.707,44.828,7.0,11.0,55.0,120.0,4.0,1.0,0.0,57.143,35.938,46.667,56.0,13.0,1.0,32.0,24.0,3.0,1.0,3.286,72.0,23.0
2026-05-31 08:51:02,108.71,comfv,46.825,113.333,2.0,10,0.0,4.203,24,87.5,50,25,10.0,10.0,59.0,126.0,4.0,1.0,0.0,78.378,33.708,29.365,37.0,11.0,3.0,29.0,8.0,3.0,0.0,3.378,76.0,30.0
2026-05-31 11:31:54,107.39,comfv,44.554,130.93,3.0,8,0.0,3.556,23,85.714,33.333,34.286,8.0,15.0,45.0,101.0,3.0,2.0,0.0,82.609,33.333,22.772,23.0,8.0,2.0,19.0,4.0,0.0,0.0,2.783,76.0,26.0
2026-05-31 19:17:09,110.039,comfv,54.286,160.715,3.0,6,0.0,3.439,33,77.778,53.846,38.462,9.0,16.0,57.0,105.0,4.0,1.0,0.0,87.097,40.541,29.524,31.0,7.0,1.0,27.0,4.0,1.0,0.0,2.806,76.0,30.0
2026-06-01 08:52:06,112.823,comfv,47.297,113.201,5.0,12,1.0,4.171,25,86.957,42.029,37.5,9.0,15.0,70.0,148.0,3.0,3.0,0.0,80.488,34.579,27.703,41.0,9.0,4.0,33.0,8.0,1.0,1.0,3.488,76.0,37.0
2026-06-01 11:04:53,111.567,comfv,43.86,112.412,3.0,11,0.0,3.84,22,71.429,36.364,39.474,8.0,6.0,50.0,114.0,2.0,3.0,0.0,86.364,33.696,19.298,22.0,8.0,2.0,19.0,3.0,0.0,0.0,3.091,76.0,31.0
2026-06-01 21:08:47,110.424,comfv,31.387,81.052,3.0,13,0.0,4.0,16,83.333,30.435,19.178,5.0,9.0,43.0,137.0,3.0,3.0,0.0,75,23.932,14.599,20.0,6.0,2.0,15.0,5.0,1.0,0.0,2.9,76.0,28.0
2026-06-02 09:33:46,108.231,comfv,49.624,124.955,7.0,11,1.0,4.152,24,82.759,52.83,27.451,10.0,13.0,66.0,133.0,2.0,4.0,0.0,84.848,38,24.812,33.0,8.0,1.0,28.0,5.0,1.0,2.0,3.212,76.0,38.0
2026-06-03 10:01:03,107.568,comfv,42.969,118.579,3.0,5,2.0,3.673,27,88.462,40,19.048,7.0,14.0,55.0,128.0,4.0,2.0,0.0,77.778,33.663,21.094,27.0,4.0,1.0,21.0,6.0,4.0,0.0,2.704,76.0,34.0
2026-06-11 18:14:47,107.178,comfv,45.912,140.184,7.0,6,2.0,3.507,42,85.185,37.313,38.462,16.0,20.0,73.0,159.0,5.0,1.0,0.0,82.759,37.692,18.239,29.0,6.0,0.0,24.0,5.0,0.0,3.0,3.207,76.0,49.0
2026-06-12 14:16:44,107.597,comfv,50.35,187.529,15.0,7,1.0,2.806,53,89.655,46.552,33.929,20.0,27.0,72.0,143.0,3.0,3.0,0.0,88.889,37.383,25.175,36.0,9.0,1.0,32.0,4.0,1.0,3.0,2.194,76.0,40.0
2026-06-13 17:57:39,119.216,neptune,48.76,123.843,3.0,9,0.0,3.847,28,44.444,46.809,53.191,6.0,17.0,59.0,121.0,1.0,5.0,0.0,95.349,23.077,35.537,43.0,6.0,0.0,41.0,2.0,0.0,0.0,3.674,77.0,18.0
2026-06-22 23:04:19,117.395,neptune,62.5,164.705,5.0,2,0.0,3.757,35,42.105,64.444,68.75,10.0,14.0,70.0,112.0,2.0,3.0,0.0,92.683,45.07,36.607,41.0,3.0,1.0,38.0,3.0,0.0,1.0,3.683,77.0,32.0
2026-06-25 15:13:14,118.674,neptune,60.331,139.889,3.0,4,0.0,4.11,25,58.333,59.259,62.791,9.0,9.0,73.0,121.0,2.0,3.0,0.0,95.556,39.474,37.19,45.0,6.0,0.0,43.0,2.0,0.0,0.0,3.889,77.0,30.0
2026-07-07 04:02:22,117.726,neptune,57.0,163.77,5.0,5,0.0,3.421,31,44.444,55.882,62.5,11.0,12.0,57.0,100.0,4.0,1.0,0.0,93.939,38.806,33,33.0,7.0,1.0,31.0,2.0,1.0,0.0,3.0,77.0,26.0
2026-07-08 01:31:50,118.034,neptune,59.406,156.867,5.0,4,0.0,3.8,29,57.895,44.444,78.378,12.0,11.0,60.0,101.0,3.0,2.0,0.0,90.476,37.288,41.584,42.0,7.0,2.0,38.0,4.0,0.0,0.0,3.143,77.0,22.0
2026-07-11 05:05:05,118.368,neptune,55.056,140.993,4.0,3,0.0,4.041,22,61.538,47.059,59.524,7.0,11.0,49.0,89.0,4.0,1.0,0.0,96.774,32.759,34.831,31.0,5.0,0.0,30.0,1.0,1.0,1.0,3.806,77.0,19.0
2026-07-24 04:59:24,118.267,neptune,56.25,164.771,6.0,5,0.0,3.519,25,64.286,41.304,72.222,14.0,12.0,54.0,96.0,4.0,1.0,0.0,97.674,22.642,44.792,43.0,7.0,0.0,42.0,1.0,0.0,0.0,3.186,77.0,12.0
2026-07-29 04:35:02,118.811,neptune,61.538,98.174,1.0,10,0.0,4.802,21,58.333,63.014,61.017,2.0,11.0,96.0,156.0,1.0,2.0,2.0,92,47.17,32.051,50.0,3.0,1.0,46.0,4.0,1.0,1.0,4.38,77.0,50.0
2026-08-08 01:30:10,117.412,neptune,50.0,125.831,4.0,9,0.0,3.982,25,36.842,48.214,58.974,7.0,12.0,57.0,114.0,3.0,2.0,0.0,90,28.378,35.088,40.0,4.0,1.0,36.0,4.0,1.0,1.0,3.675,77.0,21.0
2026-08-08 22:03:21,117.523,neptune,52.414,143.66,4.0,8,0.0,3.776,36,50,50,55.556,11.0,13.0,76.0,145.0,3.0,2.0,0.0,94.444,27.473,37.241,54.0,8.0,1.0,51.0,3.0,0.0,0.0,3.426,77.0,25.0
2026-04-09 04:35:41,118.78,doomchicken,43.284,85.928,0.0,8,1.0,4.603,16,36.842,40,48.333,2.0,12.0,58.0,134.0,3.0,2.0,0.0,92,14.286,37.313,50.0,8.0,1.0,46.0,4.0,0.0,0.0,4.48,78.0,12.0
2026-04-12 07:11:29,115.89,doomchicken,57.823,144.556,4.0,2,0.0,4.035,40,52,61.429,55.769,8.0,16.0,85.0,147.0,2.0,3.0,1.0,88.462,41.053,35.374,52.0,3.0,0.0,46.0,6.0,2.0,2.0,4.288,78.0,39.0
2026-04-15 04:27:56,115.913,doomchicken,51.852,136.728,2.0,3,0.0,3.911,28,50,56.818,47.917,9.0,7.0,56.0,108.0,3.0,2.0,0.0,84.615,33.333,36.111,39.0,6.0,1.0,33.0,6.0,1.0,1.0,3.846,78.0,23.0
2026-04-25 07:02:20,117.26,doomchicken,57.895,164.463,9.0,15,0.0,3.788,28,72.222,55.102,55.319,13.0,12.0,66.0,114.0,2.0,3.0,0.0,90.196,31.746,44.737,51.0,8.0,3.0,46.0,5.0,1.0,1.0,3.549,78.0,20.0
2026-05-07 04:30:13,118.46,doomchicken,50.735,129.367,1.0,7,0.0,4.0,33,48.148,52.459,50,5.0,21.0,69.0,136.0,4.0,2.0,0.0,74.194,31.081,45.588,62.0,13.0,2.0,46.0,16.0,1.0,1.0,3.629,78.0,23.0
2026-05-13 04:52:40,117.541,doomchicken,59.2,177.722,5.0,4,0.0,3.568,38,55,60.345,59.574,14.0,17.0,74.0,125.0,4.0,1.0,0.0,90.244,44.048,32.8,41.0,5.0,0.0,37.0,4.0,2.0,2.0,3.61,78.0,37.0
2026-05-14 05:01:09,121.934,doomchicken,53.797,156.498,4.0,5,0.0,3.671,39,58.824,54.412,50,11.0,12.0,85.0,158.0,3.0,3.0,0.0,89.231,29.032,41.139,65.0,11.0,2.0,58.0,7.0,3.0,0.0,3.477,78.0,27.0
2026-06-22 15:19:23,113.546,doomchicken,50.442,141.121,5.0,3,0.0,3.789,27,36.842,51.22,54.717,11.0,12.0,57.0,113.0,2.0,3.0,0.0,86.047,28.571,38.053,43.0,6.0,0.0,37.0,6.0,2.0,1.0,3.256,78.0,20.0
2026-06-25 15:13:14,113.247,doomchicken,56.061,117.324,2.0,5,1.0,4.392,22,55.556,58.333,53.704,7.0,11.0,74.0,132.0,2.0,2.0,1.0,91.071,30.263,42.424,56.0,7.0,1.0,51.0,5.0,2.0,1.0,4.143,78.0,23.0
2026-07-18 06:38:20,113.446,doomchicken,50.0,104.797,0.0,7,0.0,4.254,21,60.714,44.643,50,1.0,11.0,67.0,134.0,3.0,2.0,0.0,93.182,28.889,32.836,44.0,3.0,1.0,41.0,3.0,1.0,0.0,4.227,78.0,26.0
2026-03-20 08:43:51,122.365,JuliAless64,53.623,157.941,6.0,4,1.0,3.649,31,47.059,56.452,52.542,8.0,23.0,74.0,138.0,1.0,5.0,0.0,81.667,32.051,43.478,60.0,12.0,1.0,49.0,11.0,4.0,0.0,3.333,79.0,25.0
2026-04-15 04:27:56,119.423,JuliAless64,45.882,142.447,4.0,3,0.0,3.59,23,37.5,45.455,50,8.0,11.0,39.0,85.0,3.0,2.0,0.0,70,32.727,35.294,30.0,6.0,0.0,21.0,9.0,3.0,0.0,3.133,79.0,18.0
2026-05-23 04:28:58,120.17,JuliAless64,48.667,137.268,3.0,13,0.0,3.945,30,29.167,53.846,50.82,10.0,19.0,73.0,150.0,3.0,3.0,0.0,74.194,30.682,41.333,62.0,9.0,3.0,46.0,16.0,2.0,0.0,3.452,79.0,27.0
2026-05-23 22:05:11,113.812,JuliAless64,48.78,118.79,3.0,9,0.0,4.117,21,71.429,47.917,36.17,5.0,13.0,60.0,123.0,1.0,4.0,0.0,77.358,27.143,43.089,53.0,8.0,2.0,41.0,12.0,2.0,0.0,3.811,79.0,19.0
2026-07-08 01:31:50,112.339,JuliAless64,45.361,107.83,3.0,4,0.0,4.091,18,55,50,31.034,7.0,8.0,44.0,97.0,2.0,3.0,0.0,78.788,28.125,34.021,33.0,2.0,1.0,26.0,7.0,3.0,0.0,3.545,79.0,18.0
2026-07-17 08:11:45,110.932,JuliAless64,49.55,151.663,7.0,10,1.0,3.436,31,28.571,52.083,53.061,17.0,8.0,55.0,111.0,5.0,1.0,0.0,77.083,28.571,43.243,48.0,4.0,5.0,37.0,11.0,2.0,2.0,3.125,79.0,18.0
2026-07-17 08:12:41,110.932,JuliAless64,49.55,151.663,7.0,10,1.0,3.436,31,28.571,52.083,53.061,17.0,8.0,55.0,111.0,5.0,1.0,0.0,77.083,28.571,43.243,48.0,4.0,5.0,37.0,11.0,2.0,2.0,3.125,79.0,18.0
2026-07-18 06:38:20,114.394,JuliAless64,50.806,125.788,2.0,4,0.0,4.048,26,40.909,50.98,54.902,2.0,15.0,63.0,124.0,0.0,5.0,0.0,92.308,31.765,31.452,39.0,7.0,1.0,36.0,3.0,0.0,1.0,3.846,79.0,27.0
2026-07-21 06:03:08,112.185,JuliAless64,52.899,126.695,6.0,8,0.0,4.096,24,61.111,59.259,45.455,11.0,10.0,73.0,138.0,2.0,3.0,0.0,78.125,31.081,46.377,64.0,13.0,5.0,50.0,14.0,2.0,1.0,3.703,79.0,23.0
2026-08-08 22:03:21,110.563,JuliAless64,50.0,114.608,4.0,7,0.0,4.397,21,52.632,47.826,50.98,4.0,13.0,58.0,116.0,1.0,4.0,0.0,83.673,25.373,42.241,49.0,7.0,2.0,41.0,8.0,3.0,0.0,3.837,79.0,17.0
2026-04-01 08:03:35,116.426,moosepi,64.407,193.741,7.0,1,0.0,3.855,37,69.231,58.621,70.213,20.0,18.0,76.0,118.0,4.0,2.0,0.0,89.583,47.143,40.678,48.0,6.0,0.0,43.0,5.0,1.0,3.0,3.729,80.0,33.0
2026-04-02 06:51:29,122.59,moosepi,58.197,165.759,3.0,1,0.0,3.634,37,69.565,47.059,64.583,11.0,14.0,71.0,122.0,2.0,4.0,0.0,80,43.056,40.984,50.0,5.0,0.0,40.0,10.0,2.0,0.0,3.6,80.0,31.0
2026-04-04 06:54:20,121.889,moosepi,47.115,101.495,1.0,7,0.0,4.367,14,52.632,44,48.571,3.0,7.0,49.0,104.0,3.0,2.0,0.0,80.556,29.412,34.615,36.0,2.0,3.0,29.0,7.0,1.0,0.0,3.694,80.0,20.0
2026-04-15 04:27:56,121.091,moosepi,46.61,120.146,1.0,7,0.0,3.891,21,52.381,46.154,44.444,10.0,10.0,55.0,118.0,1.0,4.0,0.0,70.588,28.358,43.22,51.0,4.0,2.0,36.0,15.0,3.0,0.0,3.333,80.0,19.0
2026-05-06 08:57:39,120.701,moosepi,46.528,110.191,1.0,7,0.0,4.284,28,36.667,57.143,43.077,4.0,14.0,67.0,144.0,0.0,5.0,1.0,79.545,32,30.556,44.0,7.0,2.0,35.0,9.0,3.0,0.0,3.886,80.0,32.0
2026-05-20 06:27:44,115.314,moosepi,42.5,83.165,0.0,10,1.0,4.75,16,51.852,40.741,40.506,2.0,13.0,68.0,160.0,0.0,6.0,0.0,64.407,29.703,36.875,59.0,6.0,6.0,38.0,21.0,6.0,0.0,3.627,80.0,30.0
2026-06-01 08:52:06,105.555,moosepi,51.592,103.153,2.0,12,0.0,4.383,24,60,43.077,56.716,7.0,7.0,81.0,157.0,3.0,3.0,0.0,75,37.113,38.217,60.0,6.0,3.0,45.0,15.0,2.0,0.0,4.1,80.0,36.0
2026-06-11 07:29:51,105.251,moosepi,53.03,107.277,1.0,5,0.0,4.543,22,60,53.571,49.02,2.0,12.0,70.0,132.0,1.0,3.0,1.0,78.571,34.211,42.424,56.0,8.0,1.0,44.0,12.0,3.0,0.0,4.179,80.0,26.0
2026-07-08 05:48:36,104.872,moosepi,53.226,113.188,2.0,5,1.0,4.333,22,66.667,55.769,43.75,6.0,14.0,66.0,124.0,3.0,1.0,1.0,80,37.975,36.29,45.0,7.0,2.0,36.0,9.0,2.0,1.0,4.022,80.0,30.0
2026-08-13 08:14:24,105.061,moosepi,48.78,100.842,1.0,8,0.0,4.3,21,48,48.98,48.98,5.0,9.0,60.0,123.0,3.0,2.0,0.0,78.947,35.294,30.894,38.0,5.0,3.0,30.0,8.0,1.0,0.0,4.053,80.0,30.0
2026-07-17 08:12:41,103.965,Pile,48.718,143.047,7.0,9,0.0,3.596,28,81.25,48,39.216,18.0,9.0,57.0,117.0,4.0,1.0,1.0,75.51,29.412,41.88,49.0,9.0,4.0,37.0,12.0,0.0,1.0,2.898,81.0,20.0
2026-07-19 23:57:29,107.741,Pile,56.818,155.05,7.0,10,1.0,3.573,39,85.294,55.932,33.333,14.0,22.0,75.0,132.0,3.0,2.0,0.0,77.049,39.437,46.212,61.0,16.0,7.0,47.0,14.0,3.0,0.0,2.902,81.0,28.0
2026-07-21 06:03:08,109.575,Pile,58.475,128.159,2.0,5,0.0,4.261,26,76,52.941,54.762,6.0,9.0,69.0,118.0,3.0,2.0,0.0,80.702,37.705,48.305,57.0,6.0,1.0,46.0,11.0,3.0,0.0,3.632,81.0,23.0
2026-07-26 08:56:27,109.556,Pile,45.312,114.32,4.0,4,0.0,4.052,26,66.667,43.333,36.364,10.0,10.0,58.0,128.0,5.0,1.0,0.0,68.627,29.87,39.844,51.0,8.0,4.0,35.0,16.0,4.0,1.0,3.137,81.0,23.0
2026-07-28 08:00:35,109.756,Pile,44.681,100.596,3.0,10,0.0,4.286,22,72.727,50.98,30.882,5.0,7.0,63.0,141.0,2.0,1.0,2.0,73.333,23.457,42.553,60.0,13.0,4.0,44.0,16.0,0.0,0.0,3.45,81.0,19.0
2026-07-29 21:01:21,108.56,Pile,47.414,135.836,5.0,11,0.0,3.582,27,70.588,52.632,30.952,14.0,12.0,55.0,116.0,4.0,2.0,0.0,73.469,28.358,42.241,49.0,7.0,5.0,36.0,13.0,3.0,0.0,2.837,81.0,19.0
2026-08-05 16:03:30,109.136,Pile,48.246,142.226,6.0,17,0.0,3.382,32,75,50,37.037,14.0,21.0,55.0,114.0,2.0,4.0,0.0,65.306,35.385,42.982,49.0,11.0,8.0,32.0,17.0,3.0,1.0,2.469,81.0,23.0
2026-08-08 01:30:10,110.146,Pile,46.591,135.673,8.0,9,0.0,3.902,17,72.727,48.571,25.806,13.0,3.0,41.0,88.0,3.0,2.0,0.0,72.5,25,45.455,40.0,6.0,4.0,29.0,11.0,4.0,2.0,3.225,81.0,12.0
2026-08-09 08:47:47,110.354,Pile,53.175,107.344,2.0,7,1.0,4.403,23,62.963,50,51.064,8.0,6.0,67.0,126.0,3.0,3.0,0.0,80.702,30.435,45.238,57.0,6.0,3.0,46.0,11.0,4.0,1.0,3.754,81.0,21.0
2026-08-11 05:09:55,111.078,Pile,44.444,124.506,2.0,4,0.0,3.528,18,85,25.714,38.462,2.0,13.0,36.0,81.0,2.0,3.0,0.0,57.143,34.783,43.21,35.0,10.0,2.0,20.0,15.0,7.0,0.0,2.514,81.0,16.0
2026-05-01 06:24:58,132.786,ShiinaMahiru,54.444,152.302,2.0,4,0.0,3.755,27,57.143,56.757,51.282,5.0,14.0,49.0,90.0,2.0,3.0,0.0,77.273,47.059,24.444,22.0,6.0,2.0,17.0,5.0,1.0,1.0,3.591,82.0,32.0
2026-05-07 14:01:35,130.18,ShiinaMahiru,62.712,181.212,3.0,9,0.0,3.486,40,68.421,62.745,60.417,10.0,28.0,74.0,118.0,2.0,4.0,0.0,81.25,55.814,27.119,32.0,4.0,1.0,26.0,6.0,1.0,0.0,3.0,82.0,48.0
2026-05-14 05:01:09,130.083,ShiinaMahiru,58.993,157.67,7.0,3,0.0,4.012,33,65,56.452,59.649,9.0,12.0,82.0,139.0,2.0,4.0,0.0,94.118,47.619,24.46,34.0,6.0,0.0,32.0,2.0,2.0,2.0,3.588,82.0,50.0
2026-05-28 18:11:43,119.741,ShiinaMahiru,56.209,118.411,2.0,9,1.0,4.372,28,56.522,52.113,61.017,4.0,18.0,86.0,153.0,1.0,5.0,0.0,97.059,44.538,22.222,34.0,3.0,0.0,33.0,1.0,1.0,0.0,4.588,82.0,53.0
2026-06-02 17:45:59,118.071,ShiinaMahiru,61.468,136.641,3.0,5,0.0,4.179,24,75,63.636,53.333,8.0,9.0,67.0,109.0,2.0,3.0,0.0,91.176,48,31.193,34.0,8.0,0.0,31.0,3.0,1.0,1.0,4.118,82.0,36.0
2026-06-25 22:16:44,118.279,ShiinaMahiru,58.197,191.092,13.0,4,0.0,3.366,36,44.444,56.604,69.048,18.0,15.0,71.0,122.0,3.0,3.0,0.0,100,44.565,24.59,30.0,9.0,0.0,30.0,0.0,0.0,3.0,2.967,82.0,41.0
2026-06-29 18:14:41,119.338,ShiinaMahiru,65.789,197.225,7.0,7,0.0,3.213,44,68.421,63.83,66.667,13.0,27.0,75.0,114.0,2.0,3.0,0.0,100,51.852,28.947,33.0,5.0,0.0,33.0,0.0,0.0,3.0,2.97,82.0,42.0
2026-07-06 14:03:19,121.511,ShiinaMahiru,61.364,166.062,4.0,6,0.0,3.654,43,80,53.191,60,10.0,28.0,81.0,132.0,3.0,2.0,0.0,90.625,52,24.242,32.0,9.0,2.0,29.0,3.0,0.0,0.0,2.844,82.0,52.0
2026-08-02 15:57:30,121.524,ShiinaMahiru,54.783,146.543,5.0,4,0.0,3.73,30,66.667,60.976,42.553,6.0,18.0,63.0,115.0,1.0,4.0,0.0,88.235,40.741,29.565,34.0,4.0,0.0,30.0,4.0,3.0,0.0,3.176,82.0,33.0
2026-08-08 15:58:25,120.067,ShiinaMahiru,63.333,178.489,8.0,6,0.0,3.632,41,60,66,62,15.0,15.0,76.0,120.0,3.0,3.0,0.0,94.286,50.588,29.167,35.0,12.0,1.0,33.0,2.0,1.0,1.0,2.943,82.0,43.0
2026-02-14 22:38:25,16.187,Milar,47.368,18.103,3.0,6,0.0,3.63,30,80,44.681,36.17,8.0,19.0,54.0,114.0,2.0,3.0,0.0,88.889,34.483,23.684,27.0,6.0,1.0,24.0,3.0,1.0,0.0,3.074,83.0,30.0
2026-03-23 22:37:22,133.113,Milar,55.085,202.401,6.0,9,0.0,3.154,44,66.667,52.632,51.351,15.0,20.0,65.0,118.0,3.0,3.0,0.0,92.5,35.897,33.898,40.0,9.0,1.0,37.0,3.0,1.0,0.0,2.575,83.0,28.0
2026-04-29 17:55:58,134.669,Milar,50.847,159.747,5.0,9,0.0,3.367,36,86.667,52.083,40,10.0,23.0,60.0,118.0,1.0,5.0,0.0,85.714,36.145,29.661,35.0,8.0,3.0,30.0,5.0,0.0,0.0,2.943,83.0,30.0
2026-05-06 16:15:20,130.497,Milar,54.386,137.459,4.0,9,1.0,4.624,33,74.194,54.167,45.588,12.0,15.0,93.0,171.0,5.0,1.0,0.0,78.182,43.103,32.164,55.0,18.0,7.0,43.0,12.0,1.0,0.0,3.127,83.0,50.0
2026-06-07 17:50:16,121.522,Milar,55.752,162.056,7.0,3,0.0,3.444,32,73.077,50.98,50,13.0,12.0,63.0,113.0,3.0,3.0,0.0,85.714,45.882,24.779,28.0,8.0,0.0,24.0,4.0,2.0,2.0,2.5,83.0,39.0
2026-07-09 18:07:50,120.567,Milar,41.333,118.881,3.0,22,0.0,3.532,34,60,29.63,42.424,11.0,20.0,62.0,150.0,4.0,2.0,0.0,65.714,33.913,23.333,35.0,7.0,4.0,23.0,12.0,3.0,0.0,2.2,83.0,39.0
2026-07-11 14:18:20,118.685,Milar,56.338,161.334,12.0,9,1.0,3.788,39,76.667,51.02,50.794,18.0,14.0,80.0,142.0,4.0,1.0,1.0,93.548,45.946,21.831,31.0,14.0,2.0,29.0,2.0,0.0,2.0,2.71,83.0,51.0
2026-07-12 13:52:16,119.105,Milar,47.727,155.521,5.0,7,0.0,3.095,30,66.667,48.78,42.105,10.0,16.0,42.0,88.0,2.0,4.0,0.0,60,42.857,28.409,25.0,6.0,4.0,15.0,10.0,4.0,3.0,2.32,83.0,27.0
2026-07-15 18:09:02,116.958,Milar,55.833,156.909,6.0,8,0.0,3.866,34,85.714,52.273,51.613,12.0,15.0,67.0,120.0,3.0,2.0,0.0,78.788,47.126,27.5,33.0,7.0,3.0,26.0,7.0,2.0,3.0,2.939,83.0,41.0
2026-07-18 11:44:30,116.782,Milar,62.069,176.117,5.0,6,0.0,3.611,39,76,60,56.863,15.0,13.0,72.0,116.0,6.0,0.0,0.0,81.081,53.165,31.897,37.0,10.0,2.0,30.0,7.0,2.0,1.0,2.649,83.0,42.0
2026-06-30 10:29:18,100.391,Alkios,46.429,97.805,0.0,6,0.0,4.308,17,76.923,33.333,40.426,5.0,10.0,52.0,112.0,3.0,2.0,0.0,87.5,35.227,21.429,24.0,6.0,2.0,21.0,3.0,0.0,0.0,4.083,84.0,31.0
2026-07-02 10:54:04,100.712,Alkios,45.625,93.487,3.0,3,1.0,4.507,19,73.913,43.86,38.75,6.0,10.0,73.0,160.0,4.0,2.0,0.0,77.778,36.29,22.5,36.0,3.0,1.0,28.0,8.0,2.0,1.0,4.25,84.0,45.0
2026-07-04 14:16:30,100.811,Alkios,42.453,91.015,2.0,5,0.0,4.289,14,62.5,50,28,5.0,9.0,45.0,106.0,2.0,3.0,0.0,66.667,37.5,16.981,18.0,4.0,2.0,12.0,6.0,2.0,1.0,3.722,84.0,33.0
2026-07-27 09:02:15,99.278,Alkios,42.949,106.938,2.0,9,0.0,3.896,28,72.093,37.255,27.419,12.0,11.0,67.0,156.0,5.0,1.0,0.0,83.871,32.8,19.872,31.0,3.0,0.0,26.0,5.0,1.0,0.0,3.613,84.0,41.0
2026-07-28 08:00:35,101.648,Alkios,43.59,84.626,2.0,3,0.0,4.725,15,64,43.478,32.609,3.0,7.0,51.0,117.0,2.0,3.0,0.0,77.273,35.789,18.803,22.0,4.0,1.0,17.0,5.0,1.0,0.0,4.091,84.0,34.0
2026-07-30 14:13:06,101.169,Alkios,44.915,91.165,2.0,0,1.0,4.358,11,57.895,48.936,36.538,7.0,5.0,53.0,118.0,4.0,2.0,0.0,84.615,33.696,22.034,26.0,7.0,0.0,22.0,4.0,0.0,0.0,4.077,84.0,31.0
2026-08-01 10:34:49,100.726,Alkios,46.405,80.401,2.0,3,0.0,4.915,16,65.517,46.97,36.207,5.0,7.0,71.0,153.0,1.0,4.0,1.0,85.294,35.294,22.222,34.0,3.0,0.0,29.0,5.0,1.0,0.0,4.618,84.0,42.0
2026-08-08 22:03:21,99.271,Alkios,41.322,94.632,3.0,11,0.0,4.16,18,53.846,38.983,36.111,7.0,6.0,50.0,121.0,3.0,2.0,0.0,80.769,30.526,21.488,26.0,4.0,2.0,21.0,5.0,1.0,1.0,3.769,84.0,29.0
2026-08-09 08:47:47,99.683,Alkios,57.143,122.829,3.0,7,0.0,4.319,28,77.778,53.846,48.936,10.0,10.0,72.0,126.0,3.0,3.0,0.0,86.667,47.917,23.81,30.0,3.0,0.0,26.0,4.0,1.0,1.0,3.8,84.0,46.0
2026-08-13 08:14:24,100.346,Alkios,43.089,81.13,0.0,8,0.0,4.509,15,72,40.816,30.612,5.0,7.0,53.0,123.0,3.0,2.0,0.0,86.364,33.663,17.886,22.0,3.0,1.0,19.0,3.0,0.0,0.0,4.136,84.0,34.0
2026-04-04 06:54:20,105.0,Animerod,38.889,94.843,2.0,8,1.0,4.224,19,57.143,36.066,34.091,6.0,7.0,49.0,126.0,1.0,3.0,1.0,78.788,24.731,26.19,33.0,8.0,2.0,26.0,7.0,1.0,0.0,3.455,85.0,23.0
2026-05-22 07:14:53,98.66,Animerod,26.496,74.857,3.0,11,0.0,3.871,10,42.857,36.364,11.538,5.0,3.0,31.0,117.0,5.0,1.0,0.0,62.963,15.556,23.077,27.0,4.0,4.0,17.0,10.0,3.0,1.0,2.741,85.0,14.0
2026-07-17 08:12:41,89.209,Aryssiel,22.222,47.156,2.0,8,0.0,4.318,7,33.333,15.217,27.273,2.0,4.0,22.0,99.0,1.0,5.0,0.0,80,11.905,15.152,15.0,1.0,0.0,12.0,3.0,2.0,0.0,3.333,86.0,10.0
2026-07-25 04:25:03,87.171,Aryssiel,30.833,59.359,1.0,5,0.0,4.432,12,47.619,14.634,36.207,4.0,5.0,37.0,120.0,4.0,1.0,0.0,80.769,17.021,21.667,26.0,6.0,1.0,21.0,5.0,2.0,0.0,3.769,86.0,16.0
2026-07-27 09:02:15,87.33,Aryssiel,30.128,80.612,4.0,14,1.0,3.787,22,25,28.986,34.545,8.0,11.0,47.0,156.0,3.0,3.0,0.0,82.5,12.069,25.641,40.0,11.0,3.0,33.0,7.0,2.0,0.0,3.25,86.0,14.0
2026-07-28 08:00:35,87.887,Aryssiel,34.188,55.228,0.0,3,0.0,5.1,9,36,30.435,36.957,1.0,5.0,40.0,117.0,2.0,3.0,0.0,92.308,17.582,22.222,26.0,5.0,0.0,24.0,2.0,1.0,0.0,4.346,86.0,16.0
2026-07-31 04:36:03,86.036,Aryssiel,34.146,90.593,4.0,1,0.0,3.893,11,61.538,26.471,31.429,5.0,5.0,28.0,82.0,3.0,2.0,0.0,87.5,12.069,29.268,24.0,3.0,0.0,21.0,3.0,1.0,1.0,3.375,86.0,7.0
2026-08-01 06:30:22,85.887,Aryssiel,44.0,123.181,5.0,5,0.0,3.455,23,68.75,29.545,50,11.0,8.0,44.0,100.0,6.0,0.0,0.0,93.75,20.588,32,32.0,7.0,0.0,30.0,2.0,1.0,0.0,2.969,86.0,14.0
2026-08-02 04:39:11,88.311,Aryssiel,32.71,95.281,4.0,5,1.0,3.571,20,27.778,33.333,34.146,8.0,7.0,35.0,107.0,3.0,3.0,0.0,86.207,12.821,27.103,29.0,8.0,1.0,25.0,4.0,1.0,1.0,3.138,86.0,10.0
2026-08-03 07:17:26,87.984,Aryssiel,33.846,82.082,2.0,12,0.0,3.886,20,31.579,31.579,37.037,11.0,3.0,44.0,130.0,2.0,4.0,0.0,90,8.889,30.769,40.0,4.0,0.0,36.0,4.0,0.0,0.0,3.8,86.0,8.0
2026-08-06 07:55:09,88.997,Aryssiel,28.467,84.246,4.0,11,2.0,3.667,18,20.69,31.373,29.825,6.0,7.0,39.0,137.0,3.0,1.0,1.0,84.375,11.429,23.358,32.0,8.0,2.0,27.0,5.0,1.0,0.0,2.906,86.0,12.0
2026-08-11 16:15:35,88.499,Aryssiel,33.621,82.345,4.0,10,0.0,3.974,17,33.333,28.571,41.026,9.0,1.0,39.0,116.0,3.0,3.0,0.0,96.552,12.644,25,29.0,2.0,0.0,28.0,1.0,0.0,1.0,3.897,86.0,11.0
2026-04-11 11:04:54,122.996,Beokros,42.963,107.915,3.0,8,0.0,4.052,24,46.875,50,35.593,9.0,5.0,58.0,135.0,3.0,1.0,1.0,83.721,23.913,31.852,43.0,8.0,3.0,36.0,7.0,0.0,0.0,3.442,87.0,22.0
2026-04-12 13:08:11,123.193,Beokros,46.018,116.044,3.0,2,0.0,4.308,20,50,43.636,47.222,4.0,13.0,52.0,113.0,1.0,4.0,0.0,92.857,30.588,24.779,28.0,4.0,1.0,26.0,2.0,0.0,2.0,3.393,87.0,26.0
2026-05-06 16:15:20,119.299,Beokros,47.929,113.947,3.0,9,3.0,4.753,26,43.75,53.226,45.333,7.0,15.0,81.0,169.0,3.0,2.0,1.0,86.364,34.4,26.036,44.0,7.0,2.0,38.0,6.0,0.0,0.0,4.045,87.0,43.0
2026-05-20 10:47:35,116.858,Beokros,50.0,179.746,9.0,8,0.0,3.227,26,60,48.649,47.222,17.0,6.0,44.0,88.0,3.0,3.0,0.0,81.25,32.143,36.364,32.0,9.0,2.0,26.0,6.0,0.0,1.0,2.656,87.0,18.0
2026-05-25 14:16:02,106.543,Beokros,44.355,99.28,4.0,5,0.0,4.236,23,36,40.426,51.923,6.0,9.0,55.0,124.0,1.0,4.0,0.0,97.561,18.072,33.065,41.0,6.0,1.0,40.0,1.0,0.0,0.0,3.951,87.0,15.0
2026-06-04 21:32:59,106.533,Beokros,43.103,116.173,5.0,8,1.0,3.76,27,43.478,42.553,43.478,10.0,7.0,50.0,116.0,4.0,1.0,0.0,96.774,23.529,26.724,31.0,6.0,1.0,30.0,1.0,0.0,0.0,3.323,87.0,20.0
2026-06-11 18:14:47,106.747,Beokros,44.361,134.311,4.0,6,0.0,3.407,37,60.87,37.931,44.231,9.0,22.0,59.0,133.0,3.0,3.0,0.0,92.857,21.978,31.579,42.0,8.0,0.0,39.0,3.0,1.0,0.0,3.333,87.0,20.0
2026-06-14 18:25:31,105.844,Beokros,47.5,146.827,8.0,5,0.0,3.561,31,56,40.909,49.02,15.0,10.0,57.0,120.0,4.0,2.0,0.0,90,26.25,33.333,40.0,9.0,1.0,36.0,4.0,2.0,1.0,2.975,87.0,21.0
2026-06-25 22:16:44,105.949,Beokros,48.361,124.86,5.0,3,0.0,4.102,26,52.632,40.816,53.704,9.0,11.0,59.0,122.0,4.0,2.0,0.0,89.474,29.762,31.148,38.0,5.0,0.0,34.0,4.0,1.0,0.0,3.789,87.0,25.0
2026-07-02 10:54:04,105.343,Beokros,49.359,115.591,5.0,4,1.0,4.208,27,45.455,39.062,62.712,8.0,13.0,77.0,156.0,1.0,3.0,2.0,84.906,31.068,33.974,53.0,11.0,2.0,45.0,8.0,2.0,0.0,3.34,87.0,32.0
2026-07-11 21:22:45,111.731,Emdiel,53.211,133.158,6.0,2,0.0,4.052,22,65.217,58,38.889,8.0,8.0,58.0,109.0,3.0,2.0,0.0,83.333,29.508,44.037,48.0,6.0,1.0,40.0,8.0,1.0,1.0,3.521,88.0,18.0
2026-07-13 14:30:10,111.246,Emdiel,52.427,172.335,9.0,6,0.0,3.463,28,68,50,44.737,12.0,8.0,54.0,103.0,3.0,2.0,0.0,82.927,32.258,39.806,41.0,7.0,2.0,34.0,7.0,3.0,1.0,2.878,88.0,20.0
2026-07-13 20:45:39,113.475,Emdiel,44.144,113.248,2.0,4,0.0,3.735,23,42.105,51.111,38.298,6.0,20.0,49.0,111.0,1.0,5.0,0.0,82.5,22.535,36.036,40.0,5.0,1.0,33.0,7.0,1.0,1.0,3.6,88.0,16.0
2026-07-15 18:09:02,112.489,Emdiel,47.328,123.976,4.0,5,1.0,3.839,32,36.364,43.103,56.863,7.0,18.0,62.0,131.0,2.0,3.0,0.0,77.551,29.268,37.405,49.0,10.0,2.0,38.0,11.0,8.0,0.0,2.98,88.0,24.0
2026-07-19 10:39:25,112.221,Emdiel,50.0,121.873,0.0,6,1.0,4.121,25,68.182,50,41.304,7.0,12.0,58.0,116.0,1.0,4.0,0.0,70.968,25.926,53.448,62.0,6.0,4.0,44.0,18.0,6.0,0.0,3.532,88.0,14.0
2026-07-29 21:01:21,110.081,Emdiel,46.957,122.565,3.0,16,0.0,3.648,24,57.692,48.077,37.838,12.0,8.0,54.0,115.0,3.0,3.0,0.0,82.5,28,34.783,40.0,8.0,5.0,33.0,7.0,1.0,1.0,3.075,88.0,21.0
2026-07-31 21:46:36,109.565,Emdiel,52.344,146.184,7.0,15,0.0,3.537,37,42.857,54.386,55.814,13.0,14.0,67.0,128.0,5.0,1.0,0.0,81.356,27.536,46.094,59.0,9.0,5.0,48.0,11.0,3.0,1.0,3.051,88.0,19.0
2026-08-07 08:19:11,110.491,Emdiel,50.365,133.312,7.0,9,0.0,3.87,31,55.172,54.717,43.636,12.0,11.0,69.0,137.0,5.0,1.0,0.0,80.597,21.429,48.905,67.0,5.0,1.0,54.0,13.0,6.0,0.0,3.522,88.0,15.0
2026-08-08 22:03:21,110.803,Emdiel,49.565,132.516,6.0,5,0.0,3.982,25,52,44.898,53.659,8.0,11.0,57.0,115.0,2.0,3.0,0.0,84,23.077,43.478,50.0,7.0,1.0,42.0,8.0,2.0,0.0,3.62,88.0,15.0
2026-08-14 21:08:41,110.667,Emdiel,50.35,142.754,8.0,15,0.0,3.514,38,52.174,46.552,53.226,14.0,14.0,72.0,143.0,2.0,4.0,0.0,90.909,25,38.462,55.0,4.0,4.0,50.0,5.0,0.0,2.0,3.273,88.0,22.0
2026-02-02 21:01:02,9.881,Keizan,26.415,9.664,4.0,6,2.0,3.786,13,30,26.19,25,5.0,5.0,28.0,106.0,1.0,4.0,0.0,66.667,12.658,25.472,27.0,10.0,1.0,18.0,9.0,2.0,0.0,3.407,90.0,10.0
2026-02-10 21:42:30,11.878,Keizan,32.632,12.821,2.0,3,0.0,3.387,17,60,25,30,6.0,8.0,31.0,95.0,3.0,3.0,0.0,81.481,13.235,28.421,27.0,5.0,0.0,22.0,5.0,1.0,0.0,3.333,90.0,9.0
2026-03-09 22:30:42,98.04,Keizan,32.5,105.425,4.0,4,1.0,3.59,22,33.333,36.17,29.091,6.0,6.0,39.0,120.0,2.0,3.0,0.0,80,12.941,29.167,35.0,4.0,1.0,28.0,7.0,2.0,0.0,3.229,90.0,11.0
2026-03-30 20:57:12,99.1,Keizan,34.177,118.466,4.0,6,0.0,3.111,18,27.273,31.579,40,11.0,6.0,27.0,79.0,4.0,2.0,0.0,90,15.254,25.316,20.0,5.0,0.0,18.0,2.0,0.0,0.0,2.55,90.0,9.0
2026-04-08 02:58:33,101.71,Keizan,27.027,60.448,1.0,9,2.0,4.567,9,45,28.571,16.667,4.0,3.0,30.0,111.0,3.0,2.0,0.0,75.862,9.756,26.126,29.0,6.0,2.0,22.0,7.0,0.0,0.0,3.759,90.0,8.0
2026-04-18 21:00:59,100.251,Keizan,34.959,117.964,10.0,9,0.0,3.349,25,50,41.176,20.833,14.0,6.0,43.0,123.0,3.0,3.0,0.0,82.5,12.048,32.52,40.0,10.0,1.0,33.0,7.0,1.0,0.0,3.025,90.0,10.0
2026-04-19 22:19:05,102.934,Keizan,27.419,74.74,2.0,12,0.0,4.029,16,38.095,26.667,24.138,4.0,13.0,34.0,124.0,5.0,1.0,0.0,65.625,14.13,25.806,32.0,4.0,3.0,21.0,11.0,3.0,0.0,2.781,90.0,13.0
2026-05-11 21:29:10,103.745,Keizan,35.766,92.442,5.0,10,2.0,4.367,17,40,33.898,35.849,9.0,3.0,49.0,137.0,1.0,3.0,1.0,78.378,20,27.007,37.0,7.0,1.0,29.0,8.0,3.0,1.0,3.541,90.0,20.0
2026-08-01 10:34:49,92.91,Keizan,32.117,88.062,4.0,2,3.0,3.955,18,67.857,28.333,16.327,9.0,6.0,44.0,137.0,3.0,2.0,1.0,78.947,14.141,27.737,38.0,12.0,1.0,30.0,8.0,2.0,0.0,3.395,90.0,14.0
2026-02-01 16:58:28,10.835,Baikinman,42.276,9.108,1.0,5,1.0,4.865,12,90,32.653,33.333,8.0,2.0,52.0,123.0,5.0,0.0,0.0,66.038,24.286,43.089,53.0,1.0,1.0,35.0,18.0,2.0,0.0,4.321,91.0,17.0
2026-02-07 15:00:36,11.628,Baikinman,50.769,13.174,4.0,10,1.0,4.712,19,85.714,44.681,38.182,5.0,13.0,66.0,130.0,3.0,2.0,0.0,63.077,38.462,50,65.0,3.0,3.0,41.0,24.0,4.0,1.0,4.092,91.0,25.0
2026-02-14 22:38:25,12.089,Baikinman,44.203,11.385,1.0,11,1.0,4.443,17,76.19,40.323,36.364,4.0,6.0,61.0,138.0,1.0,4.0,0.0,58.73,32,45.652,63.0,6.0,6.0,37.0,26.0,3.0,0.0,3.73,91.0,24.0
2026-03-04 22:12:35,100.7,Baikinman,46.825,130.441,4.0,7,0.0,3.983,28,82.609,30.909,47.917,7.0,12.0,59.0,126.0,2.0,4.0,0.0,66,34.211,39.683,50.0,11.0,5.0,33.0,17.0,4.0,0.0,3.2,91.0,26.0
2026-04-08 02:58:33,101.34,Baikinman,44.348,106.201,1.0,10,0.0,4.255,20,69.565,33.333,42.553,7.0,8.0,51.0,115.0,2.0,3.0,0.0,62.963,27.869,46.957,54.0,7.0,7.0,34.0,20.0,6.0,0.0,3.222,91.0,17.0
2026-04-12 13:08:11,99.589,Baikinman,43.269,137.62,5.0,4,0.0,3.822,21,87.5,33.962,37.143,7.0,10.0,45.0,104.0,4.0,1.0,0.0,55.319,33.333,45.192,47.0,5.0,2.0,26.0,21.0,7.0,1.0,2.979,91.0,19.0
2026-04-23 21:30:44,103.21,Baikinman,46.296,101.801,4.0,3,0.0,4.36,14,77.273,34.286,41.176,7.0,5.0,50.0,108.0,4.0,1.0,0.0,70.175,19.608,52.778,57.0,6.0,1.0,40.0,17.0,1.0,1.0,3.807,91.0,10.0
2026-06-01 21:08:47,100.368,Baikinman,37.956,83.934,2.0,13,1.0,4.192,15,72.222,21.739,39.726,4.0,11.0,52.0,137.0,3.0,3.0,0.0,65.385,21.176,37.956,52.0,7.0,1.0,34.0,18.0,4.0,0.0,3.596,91.0,18.0
2026-08-08 22:03:21,99.313,Baikinman,42.537,69.371,0.0,5,1.0,4.754,13,83.333,32.203,40.351,3.0,6.0,57.0,134.0,3.0,1.0,1.0,60.606,25,49.254,66.0,4.0,1.0,40.0,26.0,4.0,0.0,4.167,91.0,17.0
2026-07-25 04:25:03,105.0,Pratasz,29.524,71.244,3.0,6,1.0,4.097,13,33.333,21.951,34.884,3.0,10.0,31.0,105.0,1.0,4.0,0.0,80.952,16.667,20,21.0,4.0,1.0,17.0,4.0,1.0,0.0,3.667,95.0,14.0
2026-06-07 10:45:11,98.965,chaabdu92,43.651,102.091,4.0,2,0.0,4.291,20,59.091,42,38.889,4.0,13.0,55.0,126.0,3.0,3.0,0.0,88.889,25.556,28.571,36.0,1.0,0.0,32.0,4.0,1.0,1.0,3.944,97.0,23.0
2026-06-16 11:06:33,98.603,chaabdu92,33.628,101.933,0.0,7,0.0,3.474,23,47.368,35.897,27.273,9.0,9.0,38.0,113.0,6.0,0.0,0.0,89.286,15.294,24.779,28.0,7.0,1.0,25.0,3.0,0.0,0.0,3.071,97.0,13.0
2026-06-18 20:38:35,99.852,chaabdu92,46.154,111.959,2.0,3,0.0,4.0,24,60,40,44.231,13.0,7.0,54.0,117.0,5.0,1.0,0.0,88.095,22.667,35.897,42.0,8.0,1.0,37.0,5.0,1.0,0.0,3.762,97.0,17.0
2026-07-10 08:43:19,101.965,chaabdu92,35.156,96.152,3.0,4,0.0,3.733,22,45.714,30,32.558,6.0,12.0,45.0,128.0,5.0,1.0,0.0,89.286,20,21.875,28.0,5.0,0.0,25.0,3.0,1.0,1.0,3.286,97.0,20.0
2026-07-13 14:30:10,102.756,chaabdu92,33.0,125.399,5.0,6,0.0,2.909,20,28.571,41.667,23.684,11.0,9.0,33.0,100.0,2.0,3.0,0.0,83.333,17.105,24,24.0,7.0,0.0,20.0,4.0,1.0,1.0,2.75,97.0,13.0
2026-07-15 18:09:02,102.424,chaabdu92,40.833,85.717,4.0,8,0.0,4.551,15,50,47.727,33.871,9.0,4.0,49.0,120.0,3.0,2.0,0.0,91.429,20,29.167,35.0,5.0,0.0,32.0,3.0,1.0,0.0,4.143,97.0,17.0
2026-07-19 10:39:25,101.531,chaabdu92,33.621,74.004,1.0,6,1.0,4.462,13,27.273,47.917,21.739,6.0,4.0,39.0,116.0,1.0,4.0,0.0,81.081,11.392,31.897,37.0,1.0,2.0,30.0,7.0,3.0,0.0,4.081,97.0,9.0
2026-07-31 21:46:36,99.642,chaabdu92,39.796,101.364,2.0,6,0.0,3.692,20,39.13,44.681,32.143,7.0,7.0,39.0,98.0,2.0,4.0,0.0,87.879,15.385,33.673,33.0,5.0,1.0,29.0,4.0,2.0,0.0,3.333,97.0,10.0
2026-08-05 16:03:30,100.642,chaabdu92,39.583,116.926,4.0,7,1.0,3.184,22,41.176,37.143,40.909,7.0,8.0,38.0,96.0,3.0,3.0,0.0,90.909,24.324,22.917,22.0,5.0,1.0,20.0,2.0,1.0,0.0,2.409,97.0,18.0
2026-08-07 08:19:11,100.503,chaabdu92,39.855,98.282,5.0,4,0.0,4.036,21,48.276,29.091,46.296,7.0,10.0,55.0,138.0,2.0,4.0,0.0,88.372,17.895,31.159,43.0,10.0,1.0,38.0,5.0,2.0,1.0,3.907,97.0,17.0
2026-02-03 10:22:26,12.7,Comete,41.6,11.967,3.0,10,1.0,4.231,16,55.556,43.478,32.692,8.0,5.0,52.0,125.0,5.0,1.0,0.0,77.778,21.25,36,45.0,7.0,2.0,35.0,10.0,1.0,0.0,3.844,98.0,17.0
2026-02-11 11:07:13,12.191,Comete,50.0,14.823,4.0,17,0.0,3.988,35,75.676,42.424,42.373,7.0,18.0,81.0,162.0,5.0,1.0,0.0,70,38.235,37.037,60.0,17.0,7.0,42.0,18.0,1.0,1.0,3.25,98.0,39.0
2026-04-27 07:50:41,108.75,Comete,37.5,134.901,7.0,8,0.0,3.121,19,57.143,35.714,31.25,11.0,7.0,33.0,88.0,3.0,2.0,0.0,65.625,21.429,36.364,32.0,6.0,3.0,21.0,11.0,2.0,1.0,2.688,98.0,12.0
2026-05-11 21:29:10,111.72,Comete,53.03,141.892,6.0,9,0.0,4.086,26,78.571,58.491,33.333,14.0,5.0,70.0,132.0,5.0,0.0,0.0,72.917,41.667,36.364,48.0,8.0,2.0,35.0,13.0,4.0,0.0,3.25,98.0,35.0
2026-02-05 20:43:15,13.083,753,55.224,16.747,4.0,10,0.0,4.041,32,61.538,50.909,56.604,12.0,11.0,74.0,134.0,1.0,5.0,0.0,75.641,26.786,58.209,78.0,2.0,4.0,59.0,19.0,7.0,1.0,3.436,100.0,15.0
2026-02-06 12:39:45,12.647,753,48.551,13.623,2.0,6,1.0,4.358,23,60.714,43.86,47.17,7.0,14.0,67.0,138.0,3.0,3.0,0.0,61.765,35.714,49.275,68.0,6.0,4.0,42.0,26.0,6.0,0.0,3.25,100.0,25.0
2026-02-07 21:56:38,12.714,753,59.406,20.008,3.0,7,0.0,3.65,32,62.5,56.41,60.87,8.0,24.0,60.0,101.0,1.0,4.0,0.0,72.414,41.86,57.426,58.0,9.0,5.0,42.0,16.0,6.0,0.0,3.0,100.0,18.0
2026-02-11 16:20:06,12.667,753,47.059,13.805,1.0,13,0.0,4.0,29,46.154,49.091,45.455,7.0,12.0,64.0,136.0,4.0,1.0,0.0,58.333,34.375,52.941,72.0,7.0,7.0,42.0,30.0,11.0,0.0,2.903,100.0,22.0
2026-02-15 19:11:47,13.447,IrinaShidou,50.435,14.92,4.0,8,0.0,4.0,24,44.444,49.091,54.762,10.0,6.0,58.0,115.0,3.0,3.0,0.0,66.667,30.769,54.783,63.0,6.0,6.0,42.0,21.0,6.0,0.0,3.063,100.0,16.0
2026-03-09 22:30:42,110.261,IrinaShidou,48.387,119.697,4.0,5,1.0,4.333,20,50,52,42.857,11.0,9.0,60.0,124.0,3.0,2.0,0.0,68.966,30.303,46.774,58.0,9.0,4.0,40.0,18.0,5.0,0.0,3.5,100.0,20.0
2026-04-04 18:20:58,110.94,IrinaShidou,48.544,117.79,1.0,6,1.0,4.22,21,48,42.105,55,4.0,10.0,50.0,103.0,0.0,5.0,0.0,71.667,16.279,58.252,60.0,8.0,5.0,43.0,17.0,7.0,0.0,3.417,100.0,7.0
2026-04-23 21:30:44,107.511,IrinaShidou,45.045,117.256,3.0,9,0.0,3.86,23,41.176,40.741,52.5,8.0,7.0,50.0,111.0,3.0,2.0,0.0,56.897,32.075,52.252,58.0,5.0,3.0,33.0,25.0,6.0,1.0,3.0,100.0,17.0
2026-05-12 21:56:32,108.933,IrinaShidou,49.58,124.186,6.0,12,0.0,4.102,22,60,34.091,58.182,8.0,7.0,59.0,119.0,2.0,3.0,0.0,68.056,21.277,60.504,72.0,5.0,7.0,49.0,23.0,8.0,0.0,3.208,100.0,10.0
2026-05-15 12:39:03,109.763,IrinaShidou,56.774,148.644,4.0,10,0.0,4.011,37,60,45.763,64.789,13.0,20.0,88.0,155.0,3.0,3.0,0.0,66.019,38.462,66.452,103.0,11.0,5.0,68.0,35.0,4.0,0.0,3.447,100.0,20.0
2026-04-25 07:02:20,105.0,MoltenAshes,46.552,88.152,1.0,10,0.0,4.519,14,66.667,58.14,30.909,7.0,7.0,54.0,116.0,1.0,4.0,0.0,75,37.5,24.138,28.0,3.0,2.0,21.0,7.0,1.0,0.0,4.179,102.0,33.0
2026-05-10 07:02:27,105.24,MoltenAshes,41.593,93.659,2.0,2,0.0,4.426,12,55,44.186,34,8.0,0.0,47.0,113.0,2.0,3.0,0.0,86.667,25.301,26.549,30.0,6.0,0.0,26.0,4.0,1.0,0.0,4.433,102.0,21.0
2026-05-11 04:54:02,104.5,MoltenAshes,39.2,78.79,1.0,11,0.0,4.449,15,56.25,40,27.083,5.0,6.0,49.0,125.0,2.0,4.0,0.0,77.778,28.571,21.6,27.0,5.0,1.0,21.0,6.0,2.0,0.0,4.148,102.0,28.0
2026-05-11 21:29:10,101.27,MoltenAshes,46.622,87.689,0.0,5,0.0,4.681,16,67.742,48.438,32.075,5.0,8.0,69.0,148.0,3.0,2.0,0.0,94.286,31.858,23.649,35.0,4.0,1.0,33.0,2.0,0.0,0.0,4.714,102.0,36.0
2026-05-20 10:47:35,101.03,MoltenAshes,34.234,87.891,2.0,11,0.0,3.947,18,50,28.571,34.091,5.0,7.0,38.0,111.0,4.0,2.0,0.0,68,24.419,22.523,25.0,4.0,2.0,17.0,8.0,2.0,0.0,2.96,102.0,21.0
2026-05-24 06:20:49,99.91,MoltenAshes,39.823,110.15,3.0,4,0.0,3.733,22,36,40.426,41.463,8.0,8.0,45.0,113.0,5.0,1.0,0.0,92,25,22.124,25.0,3.0,0.0,23.0,2.0,0.0,0.0,3.52,102.0,22.0
2026-07-11 05:05:05,95.565,MoltenAshes,39.394,61.496,0.0,6,0.0,4.731,10,44.444,44.262,29.545,1.0,5.0,52.0,132.0,1.0,3.0,1.0,77.419,27.723,23.485,31.0,1.0,1.0,24.0,7.0,1.0,0.0,4.194,102.0,28.0
2026-02-01 07:45:54,12.255,mrwolf2,44.578,18.426,7.0,6,0.0,2.649,29,48,51.724,34.483,13.0,10.0,37.0,83.0,3.0,2.0,0.0,55,41.27,24.096,20.0,5.0,4.0,11.0,9.0,1.0,2.0,1.55,103.0,26.0
2026-02-09 06:21:10,14.805,mrwolf2,38.06,14.68,8.0,8,0.0,3.471,25,27.273,44.444,36.207,10.0,14.0,51.0,134.0,2.0,4.0,0.0,64.286,26.087,31.343,42.0,12.0,5.0,27.0,15.0,3.0,0.0,2.595,103.0,24.0
2026-02-16 06:17:45,122.31,mrwolf2,35.714,109.588,4.0,4,0.0,3.857,17,44,32.609,33.333,8.0,7.0,35.0,98.0,1.0,4.0,0.0,62.963,25.352,27.551,27.0,6.0,1.0,17.0,10.0,0.0,0.0,2.815,103.0,18.0
2026-03-13 10:03:13,115.41,mrwolf2,45.763,140.022,3.0,8,2.0,3.574,29,52,43.75,44.444,9.0,16.0,54.0,118.0,3.0,2.0,0.0,69.767,32,36.441,43.0,7.0,3.0,30.0,13.0,6.0,0.0,3.14,103.0,24.0
2026-04-04 06:54:20,114.58,mrwolf2,35.833,102.607,4.0,12,2.0,4.023,20,33.333,32.609,39.623,5.0,8.0,43.0,120.0,2.0,2.0,1.0,58,20,41.667,50.0,14.0,7.0,29.0,21.0,2.0,0.0,2.86,103.0,14.0
2026-04-10 05:00:20,111.02,mrwolf2,42.157,113.489,4.0,6,0.0,4.116,19,31.25,42.5,45.652,7.0,8.0,43.0,102.0,2.0,3.0,0.0,53.659,34.426,40.196,41.0,8.0,4.0,22.0,19.0,5.0,1.0,3.024,103.0,21.0
2026-05-08 04:37:09,106.619,mrwolf2,28.182,82.031,2.0,11,0.0,3.645,15,23.529,27.451,30.952,7.0,8.0,31.0,110.0,2.0,3.0,0.0,47.222,18.919,32.727,36.0,5.0,5.0,17.0,19.0,2.0,1.0,2.667,103.0,14.0
2026-05-20 04:04:06,104.197,mrwolf2,37.748,103.886,5.0,12,3.0,4.07,21,40.625,35.211,39.583,8.0,7.0,57.0,151.0,5.0,1.0,0.0,61.224,26.471,32.45,49.0,14.0,7.0,30.0,19.0,7.0,0.0,2.592,103.0,27.0
2026-07-11 05:05:05,100.493,mrwolf2,37.255,92.941,4.0,8,0.0,4.079,17,44.444,26.19,45.238,8.0,3.0,38.0,102.0,2.0,3.0,0.0,62.5,25.714,31.373,32.0,3.0,3.0,20.0,12.0,4.0,2.0,3.031,103.0,18.0
2026-02-05 00:49:15,12.149,joey,39.64,9.838,1.0,4,1.0,4.75,12,26.667,41.509,41.86,7.0,3.0,44.0,111.0,3.0,2.0,0.0,81.818,21.795,29.73,33.0,3.0,0.0,27.0,6.0,1.0,0.0,4.242,104.0,17.0
2026-02-14 22:38:25,12.07,joey,37.607,10.248,2.0,4,2.0,4.386,14,28.571,41.463,39.583,7.0,1.0,44.0,117.0,4.0,1.0,0.0,86.207,21.591,24.786,29.0,6.0,0.0,25.0,4.0,1.0,0.0,3.69,104.0,19.0
2026-02-22 10:11:43,103.419,joey,37.008,99.221,2.0,9,0.0,3.809,22,40.909,32.759,40.426,5.0,11.0,47.0,127.0,0.0,6.0,0.0,77.778,20.879,28.346,36.0,8.0,3.0,28.0,8.0,3.0,0.0,3.139,104.0,19.0
2026-03-04 22:12:35,97.817,joey,33.333,81.483,3.0,7,2.0,4.31,15,26.087,30.909,39.583,8.0,1.0,42.0,126.0,2.0,4.0,0.0,80,18.75,23.81,30.0,6.0,0.0,24.0,6.0,0.0,0.0,3.767,104.0,18.0
2026-03-09 22:30:42,98.122,joey,37.5,76.815,2.0,5,1.0,4.771,14,30,39.583,40,6.0,6.0,48.0,128.0,1.0,3.0,1.0,93.333,20.408,23.438,30.0,3.0,1.0,28.0,2.0,0.0,0.0,4.167,104.0,20.0
2026-05-08 04:37:09,98.719,joey,33.696,92.466,3.0,7,0.0,4.097,13,37.5,30,36.111,7.0,6.0,31.0,92.0,3.0,2.0,0.0,69.565,21.739,25,23.0,8.0,3.0,16.0,7.0,2.0,0.0,3.0,104.0,15.0
2026-05-11 21:29:10,98.956,joey,39.623,100.713,2.0,8,0.0,4.19,18,40.741,32.432,45.238,7.0,7.0,42.0,106.0,3.0,2.0,0.0,92.308,22.5,24.528,26.0,3.0,0.0,24.0,2.0,0.0,0.0,3.654,104.0,18.0
2026-05-12 21:56:32,96.703,joey,35.789,118.758,4.0,7,0.0,3.294,17,33.333,39.535,32.353,7.0,7.0,34.0,95.0,2.0,3.0,0.0,75,19.403,29.474,28.0,4.0,2.0,21.0,7.0,2.0,1.0,2.536,104.0,13.0
2026-07-09 18:07:50,91.277,joey,40.69,126.563,9.0,13,1.0,3.508,32,44.444,41.667,38.571,14.0,15.0,59.0,145.0,5.0,1.0,0.0,78.261,23.232,31.724,46.0,12.0,3.0,36.0,10.0,2.0,1.0,2.804,104.0,23.0
2026-02-05 00:49:15,13.063,Zeal_Kido,41.096,11.512,4.0,7,0.0,4.55,21,56.522,33.898,42.188,8.0,10.0,60.0,146.0,1.0,4.0,0.0,75.862,18.182,39.726,58.0,8.0,1.0,44.0,14.0,3.0,0.0,3.707,105.0,16.0
2026-02-09 16:02:04,12.92,Zeal_Kido,36.735,10.84,2.0,8,0.0,4.25,13,35.294,35.714,38.462,5.0,6.0,36.0,98.0,2.0,3.0,0.0,64.865,19.672,37.755,37.0,1.0,3.0,24.0,13.0,4.0,0.0,3.162,105.0,12.0
2026-03-09 22:30:42,101.81,Zeal_Kido,47.321,114.753,1.0,9,1.0,4.283,19,60,52.174,34.146,11.0,4.0,53.0,112.0,4.0,1.0,0.0,76.923,21.667,46.429,52.0,4.0,5.0,40.0,12.0,2.0,0.0,3.385,105.0,13.0
2026-05-11 21:29:10,105.72,Zeal_Kido,31.304,89.873,2.0,8,0.0,3.889,16,44,33.333,21.429,5.0,8.0,36.0,115.0,2.0,3.0,0.0,66.667,15.19,31.304,36.0,7.0,3.0,24.0,12.0,4.0,0.0,3.167,105.0,12.0
2026-05-25 05:03:06,95.3,Zeal_Kido,36.22,105.599,7.0,4,1.0,3.935,22,50,30.769,35.849,12.0,8.0,46.0,127.0,4.0,2.0,0.0,81.395,13.095,33.858,43.0,12.0,0.0,35.0,8.0,0.0,0.0,3.442,105.0,11.0
2026-07-11 21:22:45,94.746,Zeal_Kido,43.103,131.294,7.0,5,3.0,3.76,25,55.882,41.86,33.333,11.0,14.0,50.0,116.0,4.0,1.0,0.0,79.07,21.918,37.069,43.0,17.0,3.0,34.0,9.0,2.0,0.0,2.791,105.0,16.0
2026-05-12 21:56:32,120.85,cafezinho,58.824,202.353,8.0,9,0.0,3.367,34,72.222,56.604,54.839,15.0,16.0,60.0,102.0,3.0,2.0,0.0,88.889,35.088,44.118,45.0,9.0,2.0,40.0,5.0,2.0,1.0,3.022,106.0,20.0
2026-05-17 04:49:43,124.946,cafezinho,50.0,158.923,5.0,7,0.0,3.58,40,57.143,50.794,44.681,11.0,18.0,69.0,138.0,3.0,3.0,0.0,71.212,30.556,47.826,66.0,11.0,2.0,47.0,19.0,7.0,0.0,2.833,106.0,22.0
2026-05-20 04:04:06,126.455,cafezinho,45.968,154.789,7.0,7,0.0,3.649,28,34.483,53.061,45.652,15.0,5.0,57.0,124.0,2.0,4.0,0.0,80,18.841,44.355,55.0,10.0,2.0,44.0,11.0,2.0,0.0,3.273,106.0,13.0
2026-05-22 04:01:20,125.71,cafezinho,47.826,169.396,7.0,7,0.0,3.432,26,58.333,50,40.625,12.0,6.0,44.0,92.0,5.0,1.0,0.0,74.359,28.302,42.391,39.0,7.0,3.0,29.0,10.0,1.0,3.0,2.744,106.0,15.0
2026-07-08 05:48:36,114.916,cafezinho,48.387,102.433,2.0,5,1.0,4.367,18,58.333,46.154,45.833,7.0,5.0,60.0,124.0,3.0,1.0,1.0,82.353,24.658,41.129,51.0,8.0,2.0,42.0,9.0,2.0,0.0,3.941,106.0,18.0
2026-07-21 06:03:08,114.676,cafezinho,45.133,131.254,5.0,7,0.0,3.686,26,45,52.174,38.298,6.0,14.0,51.0,113.0,1.0,4.0,0.0,79.07,24.286,38.053,43.0,6.0,2.0,34.0,9.0,4.0,2.0,3.209,106.0,17.0
2026-07-24 04:59:24,113.393,cafezinho,52.672,127.684,4.0,10,0.0,4.072,31,57.692,53.333,48.889,7.0,14.0,69.0,131.0,2.0,3.0,0.0,76.364,35.526,41.985,55.0,8.0,3.0,42.0,13.0,3.0,0.0,3.273,106.0,27.0
2026-07-31 04:36:03,113.715,cafezinho,46.154,168.776,8.0,8,0.0,3.139,22,60,47.826,40,12.0,8.0,36.0,78.0,3.0,2.0,0.0,60.976,29.73,52.564,41.0,11.0,4.0,25.0,16.0,8.0,0.0,2.317,106.0,11.0
2026-08-04 04:58:34,113.521,cafezinho,50.746,119.289,3.0,12,0.0,4.074,27,52.381,54.098,46.154,9.0,17.0,68.0,134.0,3.0,2.0,0.0,78.947,29.87,42.537,57.0,9.0,5.0,45.0,12.0,2.0,1.0,3.526,106.0,23.0
2026-08-11 05:09:55,112.27,cafezinho,46.667,129.628,4.0,5,0.0,3.625,26,62.5,39.13,42.857,8.0,11.0,56.0,120.0,2.0,3.0,0.0,67.925,29.851,44.167,53.0,9.0,3.0,36.0,17.0,3.0,0.0,2.981,106.0,20.0
2026-02-04 07:29:22,13.769,Legitted,47.788,16.651,2.0,4,1.0,3.611,32,48.571,52.381,41.667,7.0,17.0,54.0,113.0,4.0,2.0,0.0,100,41.584,10.619,12.0,3.0,0.0,12.0,0.0,0.0,1.0,3.583,112.0,42.0
2026-03-09 10:23:07,113.47,Legitted,54.487,115.338,2.0,3,1.0,4.576,27,56.25,54.688,53.333,7.0,14.0,85.0,156.0,1.0,5.0,0.0,92.593,46.512,17.308,27.0,4.0,0.0,25.0,2.0,1.0,1.0,4.074,112.0,60.0
2026-05-21 14:04:49,113.29,Legitted,44.706,115.168,4.0,4,0.0,4.0,13,64.706,41.026,37.931,4.0,9.0,38.0,85.0,2.0,3.0,0.0,86.667,35.714,17.647,15.0,3.0,0.0,13.0,2.0,0.0,0.0,3.0,112.0,25.0
2026-08-08 22:03:21,106.4,Legitted,39.13,76.091,1.0,5,1.0,4.467,13,44,46.939,26.829,3.0,7.0,45.0,115.0,2.0,3.0,0.0,95.238,26.596,18.261,21.0,5.0,0.0,20.0,1.0,0.0,0.0,4.048,112.0,25.0
2026-06-07 17:50:16,106.735,Maki04,46.667,139.004,5.0,6,0.0,3.452,21,63.158,37.5,48.387,12.0,9.0,42.0,90.0,5.0,1.0,0.0,84.615,31.25,28.889,26.0,5.0,1.0,22.0,4.0,1.0,0.0,2.923,113.0,20.0
2026-06-14 18:25:31,108.973,Maki04,53.623,113.513,3.0,10,0.0,4.176,26,62.5,60.377,44.262,6.0,14.0,74.0,138.0,3.0,2.0,1.0,93.617,32.967,34.058,47.0,5.0,2.0,44.0,3.0,1.0,0.0,3.745,113.0,30.0
2026-06-21 13:21:05,108.818,Maki04,43.262,99.027,1.0,10,0.0,4.148,24,73.684,40.909,35.714,6.0,13.0,61.0,141.0,1.0,4.0,1.0,78.431,23.333,36.17,51.0,5.0,1.0,40.0,11.0,1.0,0.0,3.667,113.0,21.0
2026-07-01 11:19:15,108.889,Maki04,56.463,140.62,4.0,4,0.0,3.892,34,64.286,53.571,55.556,12.0,15.0,83.0,147.0,3.0,3.0,0.0,79.31,41.573,39.456,58.0,8.0,2.0,46.0,12.0,1.0,1.0,3.379,113.0,37.0
2026-07-02 10:54:04,109.847,Maki04,59.218,120.963,1.0,6,0.0,4.453,35,62.069,50.725,65.432,12.0,13.0,106.0,179.0,2.0,3.0,1.0,87.143,41.284,39.106,70.0,6.0,1.0,61.0,9.0,2.0,0.0,4.029,113.0,45.0
2026-07-04 07:15:20,110.219,Maki04,58.389,120.573,0.0,4,2.0,4.471,29,58.537,53.061,62.712,9.0,16.0,87.0,149.0,5.0,1.0,0.0,80.952,41.86,42.282,63.0,4.0,0.0,51.0,12.0,5.0,0.0,4.159,113.0,36.0
2026-07-06 14:03:19,111.783,Maki04,49.0,106.471,1.0,6,0.0,4.204,20,45,55.882,45.652,4.0,8.0,49.0,100.0,2.0,3.0,0.0,78.261,24.074,46,46.0,4.0,3.0,36.0,10.0,3.0,0.0,3.5,113.0,13.0
2026-07-11 21:22:45,111.089,Maki04,45.968,91.228,1.0,6,0.0,4.439,21,38.889,48.077,46.296,6.0,8.0,57.0,124.0,1.0,4.0,0.0,74,27.027,40.323,50.0,3.0,1.0,37.0,13.0,4.0,0.0,3.96,113.0,20.0
2026-07-16 14:20:53,108.07,Maki04,45.89,95.83,3.0,7,1.0,4.463,21,66.667,43.137,38.462,5.0,12.0,67.0,146.0,5.0,1.0,0.0,71.698,31.183,36.301,53.0,7.0,1.0,38.0,15.0,3.0,0.0,4.075,113.0,29.0
2026-07-19 23:57:29,107.95,Maki,41.228,100.743,1.0,13,0.0,3.723,24,76.19,40,25.581,8.0,8.0,47.0,114.0,4.0,1.0,0.0,74.419,21.127,37.719,43.0,7.0,4.0,32.0,11.0,2.0,0.0,3.256,113.0,15.0
2026-02-03 16:19:41,12.82,Mayottatoki,36.449,9.933,1.0,6,0.0,4.359,13,47.368,35.556,32.558,4.0,7.0,39.0,107.0,1.0,4.0,0.0,59.459,24.286,34.579,37.0,8.0,3.0,22.0,15.0,3.0,0.0,3.568,114.0,17.0
2026-02-05 18:36:19,12.487,Mayottatoki,41.401,9.359,1.0,7,1.0,4.708,15,30.769,43.662,43.333,2.0,6.0,65.0,157.0,1.0,5.0,0.0,67.925,27.885,33.758,53.0,4.0,3.0,36.0,17.0,5.0,0.0,3.774,114.0,29.0
2026-02-13 10:29:13,10.781,Mayottatoki,43.038,13.931,6.0,11,1.0,4.191,29,37.037,41.935,46.377,11.0,11.0,68.0,158.0,2.0,3.0,1.0,77.586,23,36.709,58.0,14.0,5.0,45.0,13.0,1.0,0.0,3.448,114.0,23.0
2026-02-25 16:07:29,95.762,Mayottatoki,48.387,107.595,3.0,8,1.0,4.467,20,39.286,54.902,46.667,5.0,7.0,60.0,124.0,2.0,3.0,0.0,77.273,32.5,35.484,44.0,6.0,1.0,34.0,10.0,5.0,1.0,3.705,114.0,26.0
2026-03-31 13:55:05,93.235,Mayottatoki,41.045,106.688,5.0,12,1.0,4.0,23,53.571,43.636,31.373,9.0,10.0,55.0,134.0,4.0,2.0,0.0,67.857,21.795,41.791,56.0,12.0,6.0,38.0,18.0,1.0,0.0,3.196,114.0,17.0
2026-05-06 16:06:47,97.106,Mayottatoki,44.928,121.29,3.0,13,0.0,3.871,28,36,47.368,46.429,5.0,20.0,62.0,138.0,2.0,4.0,0.0,75,26.744,37.681,52.0,6.0,4.0,39.0,13.0,5.0,1.0,3.173,114.0,23.0
2026-06-01 11:04:53,95.601,Mayottatoki,40.179,108.024,3.0,7,0.0,3.911,18,42.857,35.714,42.857,7.0,11.0,45.0,112.0,3.0,2.0,0.0,69.444,26.316,32.143,36.0,9.0,1.0,25.0,11.0,3.0,0.0,3.139,114.0,20.0
2026-06-03 10:01:03,94.841,Mayottatoki,45.255,103.249,2.0,7,0.0,4.258,26,80.769,34.921,39.583,9.0,8.0,62.0,137.0,3.0,3.0,0.0,81.25,25.843,35.036,48.0,5.0,1.0,39.0,9.0,1.0,0.0,3.792,114.0,23.0
2026-07-13 14:30:10,94.822,Mayottatoki,41.732,84.233,3.0,6,0.0,4.623,15,44.444,44.898,35.714,9.0,5.0,53.0,127.0,2.0,3.0,0.0,77.5,25.287,31.496,40.0,6.0,1.0,31.0,9.0,4.0,0.0,3.675,114.0,22.0
2026-03-09 22:30:42,105.0,Saiki,43.089,139.296,8.0,6,0.0,3.792,24,42.857,46.154,40,14.0,9.0,53.0,123.0,3.0,2.0,0.0,100,27.083,21.951,27.0,17.0,0.0,27.0,0.0,0.0,1.0,2.926,115.0,26.0
2026-04-08 02:58:33,121.45,Saiki,37.391,111.176,4.0,10,0.0,3.93,22,52.174,37.778,29.787,7.0,8.0,43.0,115.0,2.0,3.0,0.0,92.308,21.348,22.609,26.0,7.0,1.0,24.0,2.0,0.0,0.0,3.269,115.0,19.0
2026-06-20 23:02:30,100.15,Saiki,35.556,95.063,3.0,5,0.0,3.844,16,50,35.556,25.926,8.0,7.0,32.0,90.0,3.0,3.0,0.0,94.444,20.833,20,18.0,4.0,0.0,17.0,1.0,1.0,0.0,3.056,115.0,15.0
2026-07-03 21:07:23,98.57,Saiki,37.5,115.023,7.0,1,0.0,3.636,17,42.105,37.143,35.294,11.0,4.0,33.0,88.0,2.0,3.0,0.0,94.737,21.739,21.591,19.0,11.0,0.0,18.0,1.0,1.0,0.0,2.947,115.0,15.0
2026-06-18 20:38:35,111.048,Fumiii,55.039,132.394,3.0,1,0.0,4.113,29,39.13,63.043,55,12.0,16.0,71.0,129.0,2.0,3.0,1.0,97.959,28.75,37.984,49.0,3.0,0.0,48.0,1.0,0.0,0.0,4.122,119.0,23.0
2026-06-25 22:16:44,112.696,Fumiii,58.14,151.365,4.0,2,0.0,4.0,36,33.333,59.615,66.071,10.0,16.0,75.0,129.0,3.0,3.0,0.0,86.667,33.333,46.512,60.0,5.0,1.0,52.0,8.0,2.0,0.0,3.567,119.0,23.0
2026-07-11 21:22:45,113.355,Fumiii,48.276,129.037,5.0,5,0.0,4.0,26,50,37.209,58.974,12.0,9.0,56.0,116.0,4.0,1.0,0.0,97.619,20.27,36.207,42.0,4.0,0.0,41.0,1.0,0.0,0.0,3.714,119.0,15.0
2026-07-12 09:18:12,113.621,Fumiii,44.853,130.978,5.0,10,0.0,3.443,32,34.615,30.357,64.815,7.0,17.0,61.0,136.0,4.0,2.0,0.0,89.362,21.348,34.559,47.0,10.0,3.0,42.0,5.0,0.0,0.0,3.106,119.0,19.0
2026-07-13 20:45:39,113.819,Fumiii,52.941,152.027,5.0,5,0.0,3.611,30,38.462,51.163,58.696,15.0,9.0,54.0,102.0,4.0,2.0,0.0,95.122,24.59,40.196,41.0,2.0,1.0,39.0,2.0,0.0,1.0,3.293,119.0,15.0
2026-07-15 18:09:02,114.957,Fumiii,49.474,125.757,2.0,1,1.0,3.83,19,38.462,43.478,61.111,7.0,11.0,47.0,95.0,1.0,4.0,0.0,94.118,24.59,35.789,34.0,2.0,0.0,32.0,2.0,0.0,0.0,3.529,119.0,15.0
2026-07-17 23:08:39,113.108,Fumiii,59.854,157.869,6.0,4,0.0,3.659,38,47.059,59.574,67.857,13.0,16.0,82.0,137.0,2.0,4.0,0.0,93.333,33.766,43.796,60.0,5.0,0.0,56.0,4.0,2.0,0.0,3.467,119.0,26.0
2026-07-18 11:44:30,114.039,Fumiii,46.316,125.601,3.0,2,0.0,3.841,20,44.444,38.71,52.174,8.0,9.0,44.0,95.0,2.0,4.0,0.0,83.784,22.414,38.947,37.0,6.0,0.0,31.0,6.0,4.0,1.0,3.351,119.0,13.0
2026-07-19 23:57:29,113.75,Fumiii,46.667,105.3,1.0,6,0.0,3.929,24,36.364,54.167,46.154,3.0,11.0,56.0,120.0,1.0,4.0,0.0,89.744,25.926,32.5,39.0,6.0,2.0,35.0,4.0,2.0,1.0,3.538,119.0,21.0
2026-07-29 04:35:02,112.648,Fumiii,56.618,120.117,2.0,4,1.0,4.312,26,48.276,55,61.194,5.0,11.0,77.0,136.0,1.0,4.0,0.0,91.071,32.5,41.176,56.0,2.0,0.0,51.0,5.0,2.0,0.0,4.054,119.0,26.0
2026-02-01 05:52:37,13.714,HiHi,41.985,10.681,4.0,9,1.0,4.018,23,31.579,42.373,45.283,7.0,12.0,55.0,131.0,1.0,4.0,1.0,94.286,22.917,26.718,35.0,7.0,1.0,33.0,2.0,0.0,1.0,4.086,120.0,22.0
2026-02-26 13:33:42,107.89,HiHi,46.617,132.688,5.0,7,0.0,3.968,27,58.333,40.741,47.273,7.0,18.0,62.0,133.0,2.0,4.0,0.0,90.625,32.673,24.06,32.0,7.0,1.0,29.0,3.0,1.0,2.0,3.719,120.0,33.0
2026-03-08 16:21:25,111.87,HiHi,42.857,119.957,6.0,5,1.0,4.067,18,50,47.917,34.146,8.0,4.0,45.0,105.0,3.0,2.0,0.0,94.286,17.143,33.333,35.0,7.0,0.0,33.0,2.0,1.0,0.0,3.771,120.0,12.0
2026-03-16 08:11:49,106.85,HiHi,43.966,137.24,9.0,6,0.0,3.549,24,45.455,50,35.714,15.0,9.0,51.0,116.0,4.0,2.0,0.0,86.667,29.07,25.862,30.0,9.0,1.0,26.0,4.0,1.0,1.0,2.567,120.0,25.0
2026-03-18 11:45:10,112.08,HiHi,47.826,150.246,4.0,3,0.0,3.432,26,47.368,50,45.455,10.0,8.0,44.0,92.0,0.0,5.0,0.0,88.889,30.769,29.348,27.0,10.0,1.0,24.0,3.0,1.0,0.0,3.037,120.0,20.0
2026-04-12 13:08:11,113.99,HiHi,50.806,133.579,3.0,6,1.0,4.175,26,50,52.459,48.718,8.0,11.0,63.0,124.0,5.0,0.0,0.0,81.633,30.667,39.516,49.0,9.0,2.0,40.0,9.0,1.0,0.0,3.551,120.0,23.0
2026-05-12 09:31:16,112.826,HiHi,52.809,189.689,2.0,4,0.0,3.17,29,64.286,52.5,48.571,15.0,14.0,47.0,89.0,3.0,3.0,0.0,91.176,29.091,38.202,34.0,4.0,1.0,31.0,3.0,1.0,0.0,2.912,120.0,16.0
2026-05-19 06:26:33,116.428,HiHi,44.444,140.831,5.0,4,0.0,3.725,16,44.444,47.059,42.105,9.0,6.0,40.0,90.0,4.0,1.0,0.0,88.889,25.397,30,27.0,4.0,2.0,24.0,3.0,1.0,1.0,3.111,120.0,16.0
2026-07-13 14:30:10,102.735,Janoxx,29.703,128.55,9.0,3,0.0,2.833,22,36.842,24.324,31.111,15.0,4.0,30.0,101.0,3.0,2.0,0.0,86.364,13.924,21.782,22.0,14.0,3.0,19.0,3.0,0.0,0.0,1.818,121.0,11.0
2026-07-13 20:45:39,102.917,Janoxx,28.302,118.624,9.0,9,2.0,2.767,23,69.231,20.93,24,13.0,7.0,30.0,106.0,1.0,5.0,0.0,95,12.791,18.868,20.0,11.0,1.0,19.0,1.0,0.0,1.0,1.8,121.0,11.0
2026-07-16 12:40:55,102.764,Janoxx,30.357,86.648,7.0,11,0.0,3.971,12,47.826,28.889,22.727,11.0,0.0,34.0,112.0,4.0,2.0,0.0,100,20.408,12.5,14.0,5.0,0.0,14.0,0.0,0.0,2.0,2.714,121.0,20.0
2026-07-22 01:18:08,101.989,Janoxx,31.579,105.695,5.0,3,1.0,3.306,24,42.308,35.897,22.449,7.0,13.0,36.0,114.0,3.0,3.0,0.0,100,19.588,14.912,17.0,9.0,0.0,17.0,0.0,0.0,0.0,2.118,121.0,19.0
2026-07-25 14:05:52,102.044,Janoxx,22.034,82.33,6.0,11,2.0,3.231,16,13.636,24.561,23.077,7.0,10.0,26.0,118.0,4.0,2.0,0.0,94.118,9.901,14.407,17.0,11.0,1.0,16.0,1.0,0.0,0.0,2.294,121.0,10.0
2026-07-25 21:09:29,100.063,Janoxx,23.364,89.41,8.0,5,0.0,3.04,14,52.941,12,25,9.0,2.0,25.0,107.0,3.0,3.0,0.0,91.667,14.737,11.215,12.0,9.0,1.0,11.0,1.0,0.0,0.0,1.5,121.0,14.0
2026-07-31 21:46:36,98.988,Janoxx,35.417,129.056,10.0,6,0.0,3.059,21,57.143,34.211,24.324,11.0,8.0,34.0,96.0,3.0,3.0,0.0,95.455,17.568,22.917,22.0,13.0,1.0,21.0,1.0,0.0,0.0,2.045,121.0,13.0
2026-08-02 15:57:30,99.815,Janoxx,29.245,93.619,5.0,8,0.0,3.452,18,48.148,19.444,25.581,10.0,3.0,31.0,106.0,2.0,3.0,0.0,92.857,19.565,13.208,14.0,9.0,0.0,13.0,1.0,0.0,0.0,2.143,121.0,18.0
2026-08-06 21:12:37,98.332,Janoxx,30.952,96.403,7.0,10,0.0,3.231,23,48.148,20.37,33.333,13.0,7.0,39.0,126.0,3.0,3.0,0.0,100,19.444,14.286,18.0,12.0,0.0,18.0,0.0,0.0,1.0,1.889,121.0,21.0
2026-08-08 22:03:21,98.101,Janoxx,32.0,116.504,7.0,3,0.0,3.25,19,63.158,18.367,34.375,10.0,3.0,32.0,100.0,1.0,4.0,0.0,95,16.25,20,20.0,8.0,0.0,19.0,1.0,0.0,1.0,2.55,121.0,13.0
2026-06-04 17:59:53,98.268,Konsumenci,41.727,93.744,2.0,14,0.0,4.086,24,62.963,34.426,39.216,12.0,1.0,58.0,139.0,2.0,4.0,0.0,74.194,32.407,22.302,31.0,8.0,3.0,23.0,8.0,0.0,0.0,3.355,123.0,35.0
2026-06-09 18:09:55,98.266,Konsumenci,40.984,116.541,5.0,10,0.0,3.5,27,68.966,29.63,35.897,10.0,8.0,50.0,122.0,2.0,4.0,0.0,73.077,32.292,21.311,26.0,10.0,4.0,19.0,7.0,3.0,0.0,2.308,123.0,31.0
2026-06-11 18:14:47,98.965,Konsumenci,36.709,79.211,1.0,10,0.0,4.172,23,67.742,26.154,32.258,7.0,5.0,58.0,158.0,1.0,5.0,0.0,81.25,25.397,20.253,32.0,10.0,5.0,26.0,6.0,1.0,0.0,2.844,123.0,32.0
2026-06-13 17:57:39,97.218,Konsumenci,40.288,111.288,7.0,7,1.0,3.804,24,60,26.23,47.17,13.0,4.0,56.0,139.0,5.0,1.0,0.0,71.429,29.808,25.18,35.0,16.0,3.0,25.0,10.0,0.0,1.0,3.029,123.0,31.0
2026-06-22 23:04:19,97.69,Konsumenci,35.772,73.077,2.0,13,0.0,4.227,14,57.143,20.455,37.255,4.0,6.0,44.0,123.0,2.0,3.0,0.0,79.167,25.253,19.512,24.0,7.0,3.0,19.0,5.0,0.0,0.0,3.5,123.0,25.0
2026-06-25 23:03:08,96.993,Konsumenci,37.607,117.075,7.0,5,0.0,3.364,22,66.667,28.261,29.545,8.0,11.0,44.0,117.0,5.0,1.0,0.0,73.333,25.287,25.641,30.0,10.0,3.0,22.0,8.0,2.0,1.0,2.367,123.0,22.0
2026-07-06 14:03:19,97.972,Konsumenci,30.909,95.186,4.0,7,0.0,3.676,21,50,23.077,26.667,10.0,8.0,34.0,110.0,2.0,3.0,0.0,95.652,13.793,20.909,23.0,6.0,1.0,22.0,1.0,0.0,0.0,3.304,123.0,12.0
2026-07-13 14:30:10,97.85,Konsumenci,31.0,101.341,4.0,6,0.0,3.323,16,64.286,25,26.316,8.0,6.0,31.0,100.0,2.0,3.0,0.0,80,14.667,25,25.0,13.0,2.0,20.0,5.0,1.0,0.0,2.52,123.0,11.0
2026-07-25 21:09:29,98.42,Konsumenci,32.0,78.826,3.0,5,1.0,4.0,13,45.455,25,30.952,3.0,7.0,32.0,100.0,3.0,3.0,0.0,70.588,24.096,17,17.0,5.0,3.0,12.0,5.0,1.0,0.0,2.471,123.0,20.0
2026-07-29 21:01:21,96.429,Konsumenci,31.304,89.425,4.0,16,0.0,3.556,17,57.692,23.077,24.324,14.0,0.0,36.0,115.0,3.0,3.0,0.0,66.667,20.455,23.478,27.0,11.0,5.0,18.0,9.0,1.0,1.0,2.407,123.0,18.0
2026-02-28 06:34:01,100.0,LelPop,36.8,98.2,1.0,7,0.0,3.848,20,44.828,32.075,37.209,5.0,12.0,46.0,125.0,2.0,4.0,0.0,67.742,26.596,24.8,31.0,2.0,2.0,21.0,10.0,1.0,1.0,3.613,124.0,25.0
2026-03-25 01:23:46,96.58,LelPop,38.532,110.214,5.0,4,0.0,3.881,17,30.435,41.667,39.474,10.0,7.0,42.0,109.0,0.0,6.0,0.0,85.714,16.216,32.11,35.0,6.0,0.0,30.0,5.0,2.0,0.0,3.657,124.0,12.0
2026-04-01 05:49:13,102.69,LelPop,44.805,114.84,7.0,14,0.0,4.043,24,39.535,43.396,50,10.0,10.0,69.0,154.0,2.0,4.0,0.0,70.968,38.211,20.13,31.0,11.0,5.0,22.0,9.0,2.0,2.0,2.774,124.0,47.0
2026-04-30 04:58:40,106.64,LelPop,40.278,172.519,7.0,7,0.0,2.621,22,44.444,42.105,36,8.0,11.0,29.0,72.0,4.0,1.0,0.0,92.308,28.814,18.056,13.0,8.0,0.0,12.0,1.0,1.0,0.0,1.462,124.0,17.0
2026-05-28 07:37:15,104.401,paperyoshi10,38.849,82.973,2.0,7,0.0,4.389,17,94.444,27.586,33.333,4.0,11.0,54.0,139.0,3.0,2.0,0.0,100,22.727,20.863,29.0,3.0,0.0,29.0,0.0,0.0,0.0,4.345,125.0,25.0
2026-06-02 09:33:46,103.231,paperyoshi10,43.609,94.488,3.0,11,0.0,4.466,18,93.103,32.075,27.451,7.0,9.0,58.0,133.0,2.0,4.0,0.0,100,29.907,19.549,26.0,1.0,0.0,26.0,0.0,0.0,0.0,3.615,125.0,32.0
2026-06-04 02:37:05,102.316,paperyoshi10,44.915,131.546,9.0,4,0.0,3.698,24,94.118,40.385,32.653,14.0,10.0,53.0,118.0,2.0,4.0,0.0,97.368,20,32.203,38.0,11.0,0.0,37.0,1.0,0.0,0.0,3.447,125.0,16.0
2026-06-04 11:30:02,102.37,paperyoshi10,47.748,118.051,4.0,2,1.0,3.925,20,91.667,45.455,25.581,9.0,10.0,53.0,111.0,4.0,2.0,0.0,96.429,31.325,25.225,28.0,5.0,0.0,27.0,1.0,0.0,1.0,3.75,125.0,26.0
2026-07-04 07:15:20,103.695,paperyoshi10,46.429,108.793,5.0,4,2.0,4.385,25,100,36.207,29.63,7.0,11.0,65.0,140.0,2.0,4.0,0.0,94.118,31.132,24.286,34.0,4.0,1.0,32.0,2.0,0.0,0.0,4.0,125.0,33.0
2026-07-11 05:05:05,102.656,paperyoshi10,43.0,104.278,1.0,5,1.0,4.116,18,84.615,27.66,47.5,6.0,10.0,43.0,100.0,3.0,2.0,0.0,100,17.391,31,31.0,7.0,0.0,31.0,0.0,0.0,0.0,4.226,125.0,12.0
2026-07-12 09:18:12,102.358,paperyoshi10,41.803,111.154,2.0,2,0.0,3.667,26,90.476,34.426,27.5,8.0,10.0,51.0,122.0,0.0,6.0,0.0,96.552,24.731,23.77,29.0,10.0,0.0,28.0,1.0,0.0,0.0,3.621,125.0,23.0
2026-07-16 04:32:28,101.154,paperyoshi10,49.02,121.159,5.0,6,0.0,4.067,30,93.333,39.062,37.288,8.0,17.0,75.0,153.0,3.0,2.0,1.0,97.872,27.358,30.719,47.0,9.0,0.0,46.0,1.0,0.0,0.0,3.787,125.0,29.0
2026-07-17 08:11:45,101.897,paperyoshi10,37.374,97.672,4.0,8,0.0,3.784,17,77.778,36.957,29.545,5.0,8.0,37.0,99.0,1.0,5.0,0.0,100,16.216,25.253,25.0,2.0,0.0,25.0,0.0,0.0,0.0,3.88,125.0,12.0
2026-07-17 08:12:41,101.897,paperyoshi10,37.374,97.672,4.0,8,0.0,3.784,17,77.778,36.957,29.545,5.0,8.0,37.0,99.0,1.0,5.0,0.0,100,16.216,25.253,25.0,2.0,0.0,25.0,0.0,0.0,0.0,3.88,125.0,12.0
2026-03-27 14:41:04,123.1,apurplenose,52.518,165.28,7.0,12,0.0,3.493,41,55.882,46.341,54.688,10.0,29.0,73.0,139.0,1.0,5.0,0.0,92.308,37,28.058,39.0,5.0,1.0,36.0,3.0,1.0,2.0,3.231,128.0,37.0
2026-03-30 06:42:46,123.14,apurplenose,55.238,162.654,5.0,2,0.0,3.672,26,43.75,55.814,58.696,10.0,12.0,58.0,105.0,1.0,4.0,0.0,100,32.857,33.333,35.0,7.0,0.0,35.0,0.0,0.0,0.0,3.486,128.0,23.0
2026-04-04 06:54:20,122.252,apurplenose,57.692,155.473,4.0,7,0.0,3.967,25,52.632,64,51.429,9.0,13.0,60.0,104.0,3.0,2.0,0.0,93.939,40.845,31.731,33.0,5.0,1.0,31.0,2.0,1.0,0.0,3.697,128.0,29.0
2026-04-04 18:20:58,122.617,apurplenose,55.102,127.599,3.0,3,0.0,4.407,19,47.059,60,53.659,5.0,10.0,54.0,98.0,2.0,3.0,0.0,89.655,40.58,29.592,29.0,5.0,1.0,26.0,3.0,1.0,0.0,4.138,128.0,28.0
2026-04-09 04:35:41,119.55,apurplenose,55.372,133.076,3.0,4,0.0,4.343,25,35.714,64.286,50.98,7.0,9.0,67.0,121.0,2.0,3.0,0.0,91.892,39.286,30.579,37.0,5.0,1.0,34.0,3.0,1.0,0.0,3.811,128.0,33.0
2026-04-25 07:02:20,119.314,apurplenose,48.696,116.809,1.0,13,0.0,4.054,25,54.167,45,49.02,9.0,13.0,56.0,115.0,1.0,4.0,0.0,90.323,33.333,26.957,31.0,2.0,1.0,28.0,3.0,2.0,0.0,3.323,128.0,28.0
2026-05-02 12:26:40,118.056,apurplenose,61.29,154.453,5.0,9,0.0,4.026,28,75,60.417,59.375,9.0,9.0,76.0,124.0,3.0,3.0,0.0,90.698,45.679,34.677,43.0,4.0,2.0,39.0,4.0,1.0,1.0,3.721,128.0,37.0
2026-05-06 16:15:20,119.215,apurplenose,49.704,98.974,2.0,9,3.0,4.964,21,43.75,54.839,48,5.0,9.0,84.0,169.0,3.0,2.0,1.0,77.966,34.545,34.911,59.0,8.0,4.0,46.0,13.0,3.0,0.0,3.864,128.0,38.0
2026-06-13 09:54:54,109.637,apurplenose,52.941,136.024,5.0,4,0.0,3.937,31,52.381,53.659,52.632,15.0,13.0,63.0,119.0,5.0,1.0,0.0,92.308,33.75,32.773,39.0,9.0,0.0,36.0,3.0,0.0,0.0,3.615,128.0,27.0
2026-06-21 01:53:40,109.326,apurplenose,51.948,150.821,3.0,2,0.0,3.6,22,71.429,42.308,51.351,11.0,4.0,40.0,77.0,4.0,1.0,0.0,91.304,35.185,29.87,23.0,4.0,0.0,21.0,2.0,0.0,0.0,3.13,128.0,19.0
2026-02-14 22:38:25,12.174,peeku,54.198,14.798,2.0,5,1.0,4.324,25,77.273,50,49.057,7.0,11.0,71.0,131.0,3.0,2.0,0.0,71.111,45.349,34.351,45.0,4.0,1.0,32.0,13.0,1.0,0.0,3.6,129.0,39.0
2026-02-18 11:22:37,109.64,peeku,57.364,132.156,4.0,3,0.0,4.405,24,54.167,64.706,51.852,12.0,12.0,74.0,129.0,3.0,3.0,0.0,91.892,43.478,28.682,37.0,6.0,0.0,34.0,3.0,1.0,0.0,4.054,129.0,40.0
2026-05-03 09:28:04,114.69,peeku,44.444,144.465,6.0,10,0.0,3.767,29,63.158,48.438,32.692,10.0,9.0,60.0,135.0,4.0,2.0,0.0,84.211,28.866,28.148,38.0,10.0,1.0,32.0,6.0,0.0,1.0,3.316,129.0,28.0
2026-07-13 14:30:10,105.88,peeku,52.083,125.25,2.0,2,0.0,4.16,21,75,56.25,35,6.0,9.0,50.0,96.0,4.0,1.0,0.0,77.778,42.029,28.125,27.0,2.0,1.0,21.0,6.0,2.0,0.0,3.185,129.0,29.0
2026-07-18 06:38:20,106.36,peeku,47.154,112.397,0.0,2,0.0,4.034,22,60,44.828,46,8.0,7.0,58.0,123.0,3.0,2.0,0.0,75,37.363,26.016,32.0,3.0,0.0,24.0,8.0,1.0,0.0,4.0,129.0,34.0
2026-08-08 22:03:21,110.046,peeku,53.211,143.669,5.0,4,0.0,3.879,26,56.522,48.78,55.556,9.0,8.0,58.0,109.0,4.0,1.0,0.0,80.952,35.821,38.532,42.0,4.0,1.0,34.0,8.0,3.0,3.0,3.476,129.0,24.0
2026-06-27 17:40:26,88.459,ChrisLefko,36.17,46.158,1.0,6,1.0,5.49,7,75,39.286,18.033,3.0,3.0,51.0,141.0,1.0,4.0,0.0,69.091,15.116,39.007,55.0,1.0,0.0,38.0,17.0,3.0,0.0,4.873,133.0,13.0
2026-07-04 14:16:30,87.873,ChrisLefko,40.678,76.328,1.0,9,1.0,4.458,12,61.538,34.146,35.294,4.0,4.0,48.0,118.0,3.0,2.0,0.0,58.696,29.167,38.983,46.0,1.0,6.0,27.0,19.0,3.0,0.0,3.283,133.0,21.0
2026-07-06 18:15:34,89.439,ChrisLefko,38.462,102.14,2.0,7,0.0,3.575,18,69.231,36.842,20,7.0,16.0,40.0,104.0,2.0,4.0,0.0,65,21.875,38.462,40.0,3.0,1.0,26.0,14.0,7.0,0.0,2.925,133.0,14.0
2026-07-09 18:07:50,90.797,ChrisLefko,36.232,75.763,1.0,14,0.0,4.2,22,62.5,26.087,30,8.0,3.0,50.0,138.0,3.0,3.0,0.0,70.732,21.649,29.71,41.0,5.0,5.0,29.0,12.0,1.0,0.0,3.463,133.0,21.0
2026-07-12 07:09:01,91.203,ChrisLefko,35.714,68.825,1.0,7,0.0,4.4,15,66.667,25.581,35,3.0,6.0,35.0,98.0,1.0,5.0,0.0,74.194,17.91,31.633,31.0,4.0,1.0,23.0,8.0,2.0,0.0,3.839,133.0,12.0
2026-07-12 09:18:12,89.258,ChrisLefko,36.522,87.092,1.0,6,0.0,3.905,20,55,36.364,27.5,6.0,7.0,42.0,115.0,4.0,2.0,0.0,68.421,20.779,33.043,38.0,5.0,0.0,26.0,12.0,3.0,0.0,3.447,133.0,16.0
2026-07-13 14:30:10,90.059,ChrisLefko,37.864,88.314,0.0,6,0.0,4.077,14,64,37.5,21.053,4.0,6.0,39.0,103.0,3.0,2.0,0.0,82.857,14.706,33.981,35.0,2.0,1.0,29.0,6.0,0.0,0.0,3.829,133.0,10.0
2026-07-14 13:58:57,91.164,ChrisLefko,36.207,71.964,1.0,13,1.0,4.31,16,80,22.642,32.558,5.0,6.0,42.0,116.0,3.0,3.0,0.0,61.364,20.833,37.931,44.0,9.0,6.0,27.0,17.0,1.0,0.0,3.045,133.0,15.0
2026-07-16 12:40:55,90.709,ChrisLefko,27.679,67.288,1.0,11,0.0,4.0,14,69.565,15.556,18.182,4.0,13.0,31.0,112.0,4.0,2.0,0.0,62.963,16.471,24.107,27.0,0.0,1.0,17.0,10.0,4.0,1.0,3.259,133.0,14.0
2026-07-18 11:44:30,90.664,ChrisLefko,34.483,73.584,3.0,6,0.0,4.325,14,68,27.5,23.529,8.0,2.0,40.0,116.0,6.0,0.0,0.0,55.814,21.918,37.069,43.0,6.0,3.0,24.0,19.0,3.0,1.0,3.116,133.0,16.0
2026-06-11 07:29:51,96.706,Jakemonkey,36.585,64.687,2.0,3,1.0,4.956,9,65.217,32.692,27.083,5.0,8.0,45.0,123.0,3.0,2.0,0.0,88,23.469,20.325,25.0,5.0,0.0,22.0,3.0,0.0,0.0,4.56,134.0,23.0
2026-06-18 20:14:56,93.018,Jakemonkey,38.298,88.352,3.0,10,2.0,4.241,22,50,36.842,35,8.0,5.0,54.0,141.0,4.0,2.0,0.0,78.125,26.606,22.695,32.0,8.0,2.0,25.0,7.0,2.0,0.0,3.5,134.0,29.0
2026-06-22 15:19:23,91.555,Jakemonkey,43.284,91.498,3.0,8,0.0,4.31,17,50,39.344,45.098,5.0,5.0,58.0,134.0,2.0,3.0,0.0,81.25,31.373,23.881,32.0,6.0,1.0,26.0,6.0,0.0,0.0,3.844,134.0,32.0
2026-07-02 04:20:29,90.431,Jakemonkey,50.758,106.559,4.0,6,0.0,4.104,24,65.217,55.738,37.5,9.0,9.0,67.0,132.0,6.0,0.0,0.0,91.667,35.417,27.273,36.0,9.0,2.0,33.0,3.0,0.0,1.0,3.694,134.0,34.0
2026-07-03 21:07:23,91.932,Jakemonkey,42.982,124.396,10.0,12,1.0,3.592,21,50,50.98,29.268,13.0,8.0,49.0,114.0,4.0,1.0,0.0,83.871,27.711,27.193,31.0,11.0,3.0,26.0,5.0,0.0,1.0,2.806,134.0,23.0
2026-07-06 04:37:30,95.414,Jakemonkey,45.528,120.827,5.0,6,0.0,3.786,28,60,51.923,33.333,11.0,15.0,56.0,123.0,4.0,2.0,0.0,90.909,35.644,17.886,22.0,8.0,0.0,20.0,2.0,1.0,1.0,2.864,134.0,36.0
2026-07-07 04:02:22,97.237,Jakemonkey,51.648,123.32,3.0,3,0.0,3.872,19,60,54.762,46.154,6.0,8.0,47.0,91.0,3.0,2.0,0.0,86.364,40.58,24.176,22.0,4.0,2.0,19.0,3.0,0.0,1.0,3.091,134.0,28.0
2026-07-11 05:05:05,99.588,Jakemonkey,43.82,84.686,1.0,3,0.0,4.487,12,46.154,47.059,40.476,4.0,1.0,39.0,89.0,4.0,1.0,0.0,80.769,28.571,29.213,26.0,3.0,1.0,21.0,5.0,1.0,0.0,4.308,134.0,18.0
2026-07-16 04:32:28,100.447,Jakemonkey,38.71,75.182,1.0,3,0.0,4.383,18,43.333,42.029,32.143,6.0,1.0,60.0,155.0,0.0,6.0,0.0,82.051,24.138,25.161,39.0,7.0,0.0,32.0,7.0,1.0,0.0,3.795,134.0,28.0
2026-08-11 05:09:55,99.468,Jakemonkey,46.491,112.158,6.0,4,0.0,4.17,19,44,49.091,44.118,8.0,5.0,53.0,114.0,5.0,0.0,0.0,96.552,29.412,25.439,29.0,6.0,1.0,28.0,1.0,0.0,0.0,3.552,134.0,25.0
2026-04-08 02:58:33,86.88,Megu29,25.217,52.556,1.0,10,0.0,4.517,7,52.174,15.556,21.277,1.0,7.0,29.0,115.0,2.0,3.0,0.0,44.444,12.857,39.13,45.0,3.0,1.0,20.0,25.0,5.0,0.0,3.467,136.0,9.0
2026-04-13 11:07:02,80.06,Megu29,16.794,44.83,0.0,14,1.0,3.545,12,26.923,15.517,12.766,5.0,5.0,22.0,131.0,3.0,2.0,1.0,34.783,7.059,35.115,46.0,8.0,7.0,16.0,30.0,3.0,0.0,2.783,136.0,6.0
2026-08-14 21:08:41,77.36,Megu29,18.881,53.436,3.0,15,1.0,3.667,12,21.739,20.69,16.129,7.0,6.0,27.0,143.0,2.0,4.0,0.0,33.333,6.494,46.154,66.0,11.0,10.0,22.0,44.0,8.0,0.0,2.545,136.0,5.0
2026-07-13 14:30:10,78.72,denero,36.066,68.897,1.0,2,1.0,4.682,12,31.25,37.5,38.095,3.0,6.0,44.0,122.0,1.0,4.0,0.0,72.727,22.472,27.049,33.0,3.0,0.0,24.0,9.0,2.0,1.0,4.303,140.0,20.0
2026-07-14 13:58:57,79.8,denero,32.836,58.54,1.0,10,0.0,4.591,14,55.172,25.862,27.66,3.0,9.0,44.0,134.0,1.0,5.0,0.0,62.5,26.364,17.91,24.0,4.0,1.0,15.0,9.0,2.0,0.0,3.292,140.0,29.0
2026-07-16 12:40:55,77.16,denero,33.803,90.318,2.0,9,0.0,3.75,22,36.667,31.25,35.417,9.0,7.0,48.0,142.0,5.0,1.0,0.0,84.375,19.091,22.535,32.0,3.0,2.0,27.0,5.0,2.0,1.0,3.125,140.0,21.0
2026-07-16 18:15:42,81.152,denero,48.235,138.22,7.0,5,1.0,3.512,23,52.941,51.429,42.424,14.0,4.0,41.0,85.0,2.0,2.0,0.0,74.194,33.333,36.471,31.0,8.0,2.0,23.0,8.0,1.0,1.0,3.355,140.0,18.0
2026-07-31 21:46:36,85.16,denero,30.556,70.743,2.0,11,0.0,3.97,14,54.545,22.5,26.087,5.0,7.0,33.0,108.0,2.0,4.0,0.0,50,19.118,37.037,40.0,5.0,5.0,20.0,20.0,4.0,0.0,2.825,140.0,13.0
2026-08-02 15:57:30,84.919,denero,36.275,85.389,2.0,9,1.0,4.081,14,42.105,34.286,35.417,7.0,7.0,37.0,102.0,2.0,3.0,0.0,65.517,24.658,28.431,29.0,3.0,2.0,19.0,10.0,2.0,1.0,3.483,140.0,18.0
2026-08-08 15:58:25,85.413,denero,34.188,89.475,5.0,2,0.0,3.925,20,53.571,28.889,27.273,7.0,3.0,40.0,117.0,1.0,5.0,0.0,71.875,20,27.35,32.0,7.0,1.0,23.0,9.0,1.0,0.0,3.156,140.0,17.0
2026-08-09 21:16:39,87.301,denero,33.083,72.426,1.0,13,0.0,4.136,15,59.091,20.755,34.483,3.0,13.0,44.0,133.0,4.0,1.0,0.0,75,17.526,27.068,36.0,6.0,2.0,27.0,9.0,2.0,0.0,3.583,140.0,17.0
2026-08-11 05:09:55,87.359,denero,32.52,59.314,0.0,7,0.0,4.45,10,42.105,25.397,39.024,5.0,4.0,40.0,123.0,4.0,1.0,0.0,73.077,21.649,21.138,26.0,3.0,1.0,19.0,7.0,2.0,0.0,4.115,140.0,21.0
2026-08-13 01:24:25,88.574,denero,31.624,87.06,5.0,4,1.0,3.73,21,40.909,27.273,32.5,9.0,8.0,37.0,117.0,4.0,2.0,0.0,75,17.978,23.932,28.0,6.0,1.0,21.0,7.0,4.0,1.0,2.821,140.0,16.0
2026-05-19 09:12:20,99.158,mahzrunner,41.026,102.461,2.0,5,0.0,4.219,11,55.556,37.5,36.111,7.0,2.0,32.0,78.0,2.0,3.0,0.0,79.167,24.074,30.769,24.0,4.0,4.0,19.0,5.0,0.0,0.0,3.458,143.0,13.0
2026-05-23 22:05:11,94.922,mahzrunner,46.512,90.674,4.0,12,0.0,4.667,14,52.632,41.304,46.667,9.0,2.0,60.0,129.0,4.0,1.0,0.0,78.049,31.818,31.783,41.0,2.0,1.0,32.0,9.0,3.0,1.0,4.122,143.0,28.0
2026-06-04 21:32:59,95.007,mahzrunner,40.517,105.089,3.0,8,0.0,3.872,23,43.478,38.298,41.304,8.0,9.0,47.0,116.0,4.0,1.0,0.0,86.111,20,31.034,36.0,8.0,1.0,31.0,5.0,0.0,0.0,3.306,143.0,16.0
2026-06-25 15:13:14,96.748,mahzrunner,48.485,92.306,3.0,5,0.0,4.625,14,44.444,41.667,57.407,5.0,6.0,64.0,132.0,2.0,2.0,1.0,85.366,31.868,31.061,41.0,8.0,1.0,35.0,6.0,1.0,0.0,3.854,143.0,29.0
2026-06-28 17:24:05,96.452,mahzrunner,44.203,89.049,1.0,1,2.0,4.639,21,57.143,31.667,52,4.0,8.0,61.0,138.0,4.0,1.0,0.0,84.615,28.283,28.261,39.0,7.0,0.0,33.0,6.0,0.0,0.0,3.667,143.0,28.0
2026-06-30 10:29:18,96.742,mahzrunner,37.5,84.138,3.0,6,1.0,4.31,14,50,33.333,34.043,8.0,4.0,42.0,112.0,3.0,2.0,0.0,79.31,22.892,25.893,29.0,6.0,1.0,23.0,6.0,2.0,0.0,3.241,143.0,19.0
2026-07-19 10:39:25,95.909,mahzrunner,35.345,86.206,2.0,6,2.0,4.244,14,50,33.333,30.435,6.0,8.0,41.0,116.0,1.0,4.0,0.0,75.758,19.277,28.448,33.0,6.0,0.0,25.0,8.0,3.0,0.0,3.485,143.0,16.0
2026-08-08 01:30:10,94.614,mahzrunner,35.455,87.658,4.0,9,0.0,4.282,14,36,33.333,37.838,10.0,3.0,39.0,110.0,3.0,2.0,0.0,87.5,26.596,14.545,16.0,6.0,1.0,14.0,2.0,1.0,1.0,2.75,143.0,25.0
2026-08-08 22:03:21,94.138,mahzrunner,38.843,87.19,0.0,6,1.0,4.255,20,48,33.962,39.535,6.0,7.0,47.0,121.0,2.0,3.0,0.0,86.207,23.913,23.967,29.0,2.0,1.0,25.0,4.0,2.0,0.0,3.69,143.0,22.0
2026-08-13 08:14:24,93.56,mahzrunner,40.0,87.283,1.0,7,0.0,4.192,18,41.667,33.871,47.727,5.0,10.0,52.0,130.0,5.0,0.0,0.0,83.784,22.581,28.462,37.0,8.0,1.0,31.0,6.0,0.0,0.0,3.946,143.0,21.0
2026-07-25 04:25:03,102.574,liljakatsuragi,45.714,101.758,4.0,6,0.0,4.125,15,61.905,26.829,55.814,4.0,7.0,48.0,105.0,1.0,4.0,0.0,79.545,21.311,41.905,44.0,6.0,1.0,35.0,9.0,4.0,0.0,3.636,144.0,13.0
2026-07-26 08:56:27,103.575,liljakatsuragi,43.75,105.149,3.0,5,0.0,4.016,24,56.667,39.683,41.176,5.0,11.0,63.0,144.0,2.0,4.0,0.0,87.805,26.214,28.472,41.0,7.0,1.0,36.0,5.0,1.0,0.0,3.585,144.0,27.0
2026-07-27 09:02:15,103.917,liljakatsuragi,36.429,96.143,1.0,9,0.0,3.824,28,42.424,30.909,38.462,10.0,12.0,51.0,140.0,3.0,3.0,0.0,79.545,16.667,31.429,44.0,2.0,2.0,35.0,9.0,2.0,1.0,3.364,144.0,16.0
2026-07-29 04:35:02,103.198,liljakatsuragi,51.37,91.715,2.0,5,0.0,4.68,20,71.429,45,48.276,5.0,6.0,75.0,146.0,3.0,2.0,0.0,78.333,32.558,41.096,60.0,4.0,0.0,47.0,13.0,2.0,0.0,4.15,144.0,28.0
2026-07-30 04:09:15,103.578,liljakatsuragi,37.209,97.589,3.0,5,0.0,3.688,18,60,22.727,48.148,5.0,3.0,32.0,86.0,2.0,3.0,0.0,70.833,24.194,27.907,24.0,2.0,2.0,17.0,7.0,2.0,0.0,2.875,144.0,15.0
2026-08-04 04:58:34,103.222,liljakatsuragi,45.133,89.559,0.0,6,0.0,4.333,18,66.667,48.148,34.091,1.0,14.0,51.0,113.0,2.0,3.0,0.0,82.609,19.403,40.708,46.0,3.0,1.0,38.0,8.0,3.0,0.0,3.978,144.0,13.0
2026-08-04 07:16:29,101.555,liljakatsuragi,50.0,97.611,2.0,7,2.0,4.508,16,65.385,45.098,46.667,8.0,4.0,61.0,122.0,3.0,2.0,0.0,90.244,29.63,33.607,41.0,2.0,1.0,37.0,4.0,0.0,0.0,4.244,144.0,24.0
2026-08-05 06:44:34,100.989,liljakatsuragi,58.865,105.782,3.0,4,1.0,4.735,19,59.259,64.179,51.064,5.0,4.0,83.0,141.0,4.0,2.0,0.0,83.077,38.158,46.099,65.0,9.0,1.0,54.0,11.0,4.0,1.0,4.323,144.0,29.0
2026-08-13 01:24:25,103.331,liljakatsuragi,45.69,119.128,7.0,7,0.0,3.755,24,52.632,40.351,50,11.0,10.0,53.0,116.0,2.0,4.0,0.0,82.609,21.429,39.655,46.0,8.0,3.0,38.0,8.0,2.0,1.0,2.978,144.0,15.0
2026-08-14 21:08:41,103.531,liljakatsuragi,50.0,117.374,4.0,8,0.0,3.917,36,61.538,50,44.643,8.0,13.0,72.0,144.0,5.0,1.0,0.0,73.585,36.264,36.806,53.0,7.0,3.0,39.0,14.0,7.0,0.0,3.094,144.0,33.0
2026-06-02 14:27:18,102.736,tapumomo,36.22,95.952,3.0,7,1.0,3.696,22,36.842,33.333,38.596,9.0,10.0,46.0,127.0,3.0,3.0,0.0,77.778,25,21.26,27.0,10.0,3.0,21.0,6.0,0.0,1.0,2.926,146.0,25.0
2026-06-18 23:17:52,101.127,tapumomo,43.966,111.813,3.0,2,0.0,3.922,23,56.522,45.238,37.255,11.0,7.0,51.0,116.0,4.0,2.0,0.0,87.879,26.506,28.448,33.0,4.0,0.0,29.0,4.0,0.0,0.0,3.879,146.0,22.0
2026-06-28 17:24:05,101.24,tapumomo,39.64,92.931,3.0,4,0.0,4.227,14,60,42.308,29.545,8.0,1.0,44.0,111.0,4.0,1.0,0.0,82.759,24.39,26.126,29.0,4.0,0.0,24.0,5.0,0.0,0.0,3.517,146.0,20.0
2026-06-29 18:14:41,100.779,tapumomo,42.857,125.616,4.0,6,0.0,3.306,23,43.75,45.714,39.394,10.0,7.0,36.0,84.0,4.0,1.0,0.0,80,27.119,29.762,25.0,12.0,2.0,20.0,5.0,2.0,0.0,2.6,146.0,16.0
2026-07-04 07:15:20,102.457,tapumomo,47.651,94.157,3.0,4,0.0,4.746,21,36.585,51.02,52.542,7.0,8.0,71.0,149.0,5.0,1.0,0.0,84.091,32.381,29.53,44.0,6.0,2.0,37.0,7.0,2.0,0.0,3.727,146.0,34.0
2026-07-13 14:30:10,104.598,tapumomo,44.355,112.327,2.0,9,0.0,4.036,22,36.364,46.809,45.455,6.0,15.0,55.0,124.0,2.0,2.0,1.0,82.051,27.059,31.452,39.0,4.0,1.0,32.0,7.0,1.0,0.0,3.769,146.0,23.0
2026-07-30 04:09:15,104.543,tapumomo,38.554,115.526,6.0,5,0.0,3.469,16,36.842,42.105,34.615,8.0,9.0,32.0,83.0,1.0,4.0,0.0,84.615,17.544,31.325,26.0,3.0,1.0,22.0,4.0,3.0,0.0,2.692,146.0,10.0
2026-07-31 04:36:03,103.596,tapumomo,43.902,109.369,1.0,1,0.0,3.889,16,46.154,52.941,34.286,2.0,9.0,36.0,82.0,3.0,2.0,0.0,95.238,26.23,25.61,21.0,4.0,0.0,20.0,1.0,0.0,1.0,3.81,146.0,16.0
2026-08-01 06:30:22,103.739,tapumomo,44.66,112.046,2.0,2,0.0,3.565,22,59.091,41.86,39.474,8.0,8.0,46.0,103.0,2.0,4.0,0.0,82.759,29.73,28.155,29.0,7.0,0.0,24.0,5.0,1.0,0.0,3.276,146.0,22.0
2026-08-08 01:30:10,103.85,tapumomo,42.202,92.557,0.0,9,0.0,4.022,19,39.286,42.5,43.902,2.0,4.0,46.0,109.0,0.0,5.0,0.0,84.615,28.916,23.853,26.0,5.0,2.0,22.0,4.0,2.0,0.0,3.423,146.0,24.0
2026-08-08 01:30:10,85.0,thjalago,18.519,33.817,2.0,4,3.0,4.9,5,13.043,18.182,23.333,2.0,0.0,20.0,108.0,2.0,3.0,0.0,80,8.602,13.889,15.0,5.0,1.0,12.0,3.0,1.0,0.0,4.067,147.0,8.0
2026-02-08 18:56:14,10.414,uy5gf,26.667,6.422,1.0,8,1.0,4.5,6,25,32.432,21.622,2.0,4.0,24.0,90.0,0.0,5.0,0.0,47.826,19.403,25.556,23.0,3.0,2.0,11.0,12.0,4.0,0.0,3.043,148.0,13.0
2026-02-28 13:16:50,82.93,uy5gf,33.051,87.105,6.0,13,0.0,4.179,15,44.444,37.037,23.913,8.0,3.0,39.0,118.0,3.0,1.0,1.0,53.846,22.785,33.051,39.0,13.0,7.0,21.0,18.0,4.0,0.0,2.308,148.0,18.0
2026-04-13 11:07:02,85.18,uy5gf,24.752,51.149,2.0,11,0.0,4.52,10,29.412,21.429,26.19,4.0,2.0,25.0,101.0,2.0,3.0,1.0,62.963,10.811,26.733,27.0,4.0,2.0,17.0,10.0,2.0,0.0,3.111,148.0,8.0
2026-05-12 21:56:32,84.08,uy5gf,32.407,64.979,2.0,6,0.0,4.629,9,47.619,24.39,32.609,2.0,5.0,35.0,108.0,3.0,2.0,0.0,57.143,16.667,38.889,42.0,8.0,3.0,24.0,18.0,2.0,0.0,3.429,148.0,11.0
2026-05-17 14:48:42,82.375,uy5gf,28.226,63.852,2.0,11,1.0,4.257,12,35.294,23.404,30,6.0,4.0,35.0,124.0,3.0,3.0,0.0,56.522,11.538,37.097,46.0,9.0,4.0,26.0,20.0,7.0,0.0,3.0,148.0,9.0
2026-07-16 12:40:55,78.561,uy5gf,26.786,65.641,1.0,11,1.0,4.067,13,34.783,24.444,25,8.0,5.0,30.0,112.0,4.0,2.0,0.0,57.143,12.987,31.25,35.0,2.0,2.0,20.0,15.0,4.0,1.0,3.371,148.0,10.0
2026-07-29 04:35:02,111.539,Zozo,61.029,119.001,2.0,4,0.0,4.422,28,62.069,62.5,59.701,5.0,8.0,83.0,136.0,1.0,4.0,0.0,73.469,54.023,36.029,49.0,8.0,1.0,36.0,13.0,3.0,0.0,3.755,149.0,47.0
2026-08-04 04:58:34,111.344,Zozo,62.887,153.252,3.0,6,0.0,3.967,26,57.895,68.293,59.459,10.0,14.0,61.0,97.0,3.0,2.0,0.0,96.97,45.312,34.021,33.0,4.0,0.0,32.0,1.0,0.0,0.0,3.485,149.0,29.0
2026-08-04 07:16:29,111.488,Zozo,50.0,124.532,4.0,8,0.0,4.016,23,58.824,48.276,48.98,9.0,9.0,62.0,124.0,4.0,1.0,0.0,84.615,34.118,31.452,39.0,9.0,1.0,33.0,6.0,2.0,0.0,3.462,149.0,29.0
2026-08-05 06:44:34,112.156,Zozo,69.504,149.599,6.0,4,1.0,4.439,31,55.556,68.657,78.723,11.0,10.0,98.0,141.0,4.0,2.0,0.0,88.889,60.417,31.915,45.0,9.0,1.0,40.0,5.0,2.0,0.0,3.689,149.0,58.0
2026-08-06 07:55:09,115.231,Zozo,59.559,136.627,4.0,5,0.0,4.123,29,66.667,51.02,63.636,5.0,21.0,81.0,136.0,3.0,1.0,1.0,86.957,45.556,33.824,46.0,8.0,2.0,40.0,6.0,1.0,1.0,3.848,149.0,41.0
2026-08-08 01:30:10,116.538,Zozo,55.046,145.642,3.0,9,0.0,3.7,27,50,62.5,51.22,3.0,17.0,60.0,109.0,0.0,5.0,0.0,84.375,42.857,29.358,32.0,5.0,2.0,27.0,5.0,3.0,1.0,3.094,149.0,33.0
2026-08-08 22:03:21,116.214,Zozo,52.113,130.503,1.0,6,0.0,3.851,38,51.515,47.458,58,5.0,19.0,74.0,142.0,2.0,2.0,1.0,87.234,34.737,33.099,47.0,5.0,2.0,41.0,6.0,1.0,0.0,3.681,149.0,33.0
2026-08-09 21:16:39,115.258,Zozo,63.964,155.088,7.0,2,0.0,3.944,27,52.381,69.048,64.583,10.0,10.0,71.0,111.0,2.0,3.0,0.0,88.372,48.529,38.739,43.0,6.0,0.0,38.0,5.0,0.0,1.0,3.698,149.0,33.0
2026-08-11 05:09:55,116.969,Zozo,52.033,146.517,3.0,7,1.0,3.594,34,42.105,41.27,73.171,9.0,20.0,64.0,123.0,4.0,1.0,0.0,89.744,34.524,31.707,39.0,7.0,1.0,35.0,4.0,0.0,0.0,3.718,149.0,29.0
2026-08-13 08:14:24,116.258,Zozo,52.308,126.354,1.0,7,0.0,3.926,30,41.667,54.839,54.545,4.0,26.0,68.0,130.0,5.0,0.0,0.0,91.667,37.234,27.692,36.0,5.0,0.0,33.0,3.0,0.0,0.0,3.556,149.0,35.0
2026-05-14 14:24:40,98.518,Bommie,40.458,79.204,0.0,11,0.0,4.528,14,41.176,36.667,44.444,4.0,5.0,53.0,131.0,2.0,3.0,0.0,75.439,13.514,43.511,57.0,4.0,1.0,43.0,14.0,2.0,0.0,3.965,150.0,10.0
2026-05-19 09:12:20,98.298,Bommie,46.078,99.625,1.0,5,0.0,4.383,14,20,45.455,55.814,5.0,8.0,47.0,102.0,4.0,1.0,0.0,72.727,14.894,53.922,55.0,3.0,4.0,40.0,15.0,1.0,0.0,3.527,150.0,7.0
2026-05-23 22:05:11,96.019,Bommie,47.706,104.491,1.0,6,0.0,4.327,19,47.826,46.341,48.889,6.0,5.0,52.0,109.0,3.0,2.0,0.0,86,15.254,45.872,50.0,5.0,2.0,43.0,7.0,2.0,0.0,4.0,150.0,9.0
2026-05-25 14:16:02,97.606,Bommie,47.525,114.366,3.0,5,0.0,3.938,20,30.769,38.235,57.407,7.0,6.0,48.0,101.0,2.0,3.0,0.0,79.592,17.308,48.515,49.0,1.0,3.0,39.0,10.0,3.0,0.0,3.429,150.0,9.0
2026-05-31 11:31:54,97.958,Bommie,51.786,123.982,3.0,5,0.0,4.034,24,60,42.553,58,9.0,7.0,58.0,112.0,5.0,0.0,0.0,80.769,26.667,46.429,52.0,5.0,0.0,42.0,10.0,2.0,0.0,3.615,150.0,16.0
2026-06-01 11:04:53,101.884,Bommie,37.5,81.436,2.0,7,0.0,4.262,12,28.571,35.714,42.857,5.0,4.0,42.0,112.0,3.0,2.0,0.0,78.049,14.085,36.607,41.0,2.0,3.0,32.0,9.0,0.0,0.0,3.585,150.0,10.0
2026-06-02 11:31:31,99.843,Bommie,45.238,90.886,4.0,10,0.0,4.649,17,26.316,45.833,50.847,10.0,3.0,57.0,126.0,4.0,2.0,0.0,93.878,14.286,38.889,49.0,1.0,0.0,46.0,3.0,0.0,0.0,4.551,150.0,11.0
2026-07-03 21:07:23,100.402,Bommie,38.235,105.563,6.0,10,0.0,3.538,19,21.739,31.707,55.263,9.0,9.0,39.0,102.0,0.0,5.0,0.0,79.487,12.698,38.235,39.0,5.0,3.0,31.0,8.0,2.0,0.0,3.0,150.0,8.0
2026-07-15 10:55:21,100.046,Bommie,40.449,103.685,3.0,7,0.0,3.722,14,30.435,48.485,39.394,7.0,9.0,36.0,89.0,4.0,2.0,0.0,70,16.327,44.944,40.0,4.0,3.0,28.0,12.0,5.0,0.0,2.925,150.0,8.0
2026-07-19 10:39:25,99.599,Bommie,48.837,79.404,1.0,4,0.0,4.968,10,46.875,39.024,57.143,4.0,5.0,63.0,129.0,1.0,4.0,0.0,80.645,19.403,48.062,62.0,3.0,1.0,50.0,12.0,1.0,0.0,4.468,150.0,13.0
2026-05-11 21:29:10,93.0,Sayuriii,28.696,78.564,2.0,8,0.0,4.03,14,20,31.25,30.952,5.0,6.0,33.0,115.0,2.0,3.0,0.0,68.182,4.225,38.261,44.0,7.0,2.0,30.0,14.0,5.0,0.0,3.386,154.0,3.0
2026-05-22 04:01:20,88.7,Sayuriii,24.779,62.459,3.0,6,1.0,4.286,10,21.429,18.605,30.357,5.0,3.0,28.0,113.0,2.0,4.0,0.0,74.194,6.098,27.434,31.0,5.0,1.0,23.0,8.0,0.0,0.0,4.0,154.0,5.0
2026-05-05 18:33:41,77.93,Unborned,30.769,82.214,1.0,12,2.0,3.781,18,63.636,29.167,24.444,4.0,9.0,32.0,104.0,4.0,1.0,0.0,79.31,12,27.885,29.0,4.0,2.0,23.0,6.0,0.0,0.0,3.586,155.0,9.0
2026-05-07 14:01:35,80.406,Unborned,30.935,79.099,3.0,13,1.0,3.93,17,50,22.222,28.302,5.0,9.0,43.0,139.0,4.0,2.0,0.0,70,15.152,28.777,40.0,8.0,2.0,28.0,12.0,5.0,0.0,3.275,155.0,15.0
2026-05-08 04:37:09,82.448,Unborned,21.739,42.849,1.0,7,1.0,4.75,6,31.25,25,13.889,3.0,3.0,20.0,92.0,3.0,2.0,0.0,56,8.955,27.174,25.0,4.0,2.0,14.0,11.0,4.0,0.0,3.68,155.0,6.0
2026-05-30 20:52:51,79.215,Unborned,11.702,17.657,0.0,7,0.0,4.818,1,20,12.903,8.333,0.0,1.0,11.0,94.0,3.0,2.0,0.0,53.333,3.797,15.957,15.0,1.0,1.0,8.0,7.0,2.0,0.0,3.8,155.0,3.0
2026-05-31 04:15:32,78.052,Unborned,19.091,65.6,4.0,13,0.0,3.095,13,21.429,20,17.391,7.0,4.0,21.0,110.0,4.0,2.0,0.0,51.515,5.195,30,33.0,5.0,3.0,17.0,16.0,2.0,1.0,2.727,155.0,4.0
2026-06-02 14:27:18,80.293,Unborned,33.103,81.141,5.0,6,0.0,4.0,20,41.379,25,35.294,9.0,5.0,48.0,145.0,3.0,3.0,0.0,84.091,10.891,30.345,44.0,11.0,2.0,37.0,7.0,0.0,0.0,3.773,155.0,11.0
2026-06-04 02:37:05,81.379,Unborned,27.692,64.288,2.0,8,0.0,4.167,12,42.857,26.23,22.917,4.0,6.0,36.0,130.0,6.0,0.0,0.0,75,9.574,27.692,36.0,8.0,1.0,27.0,9.0,2.0,0.0,3.417,155.0,9.0
2026-06-06 08:23:49,83.928,Unborned,25.243,63.876,3.0,5,0.0,3.885,10,41.667,26.19,20.408,3.0,2.0,26.0,103.0,2.0,3.0,0.0,72,10.256,24.272,25.0,8.0,2.0,18.0,7.0,1.0,0.0,3.36,155.0,8.0
2026-06-06 13:57:43,84.139,Unborned,33.981,88.817,3.0,4,0.0,3.686,16,44.444,28.846,36.364,8.0,5.0,35.0,103.0,4.0,1.0,0.0,77.5,6.349,38.835,40.0,5.0,1.0,31.0,9.0,1.0,1.0,3.475,155.0,4.0
2026-06-13 09:54:54,86.964,Unborned,39.695,101.7,7.0,4,1.0,3.962,19,57.692,35.417,35.088,8.0,8.0,52.0,131.0,2.0,4.0,0.0,84.091,17.241,33.588,44.0,8.0,1.0,37.0,7.0,1.0,1.0,3.727,155.0,15.0
2026-05-16 07:12:20,114.549,Zental,47.959,145.642,4.0,8,0.0,3.66,25,54.545,50,42.5,8.0,13.0,47.0,98.0,3.0,2.0,0.0,84.615,34.722,26.531,26.0,4.0,0.0,22.0,4.0,3.0,1.0,3.038,156.0,25.0
2026-05-17 04:49:43,114.604,Zental,53.906,176.499,11.0,7,0.0,3.464,32,65.517,48,53.061,13.0,16.0,69.0,128.0,2.0,4.0,0.0,95.745,29.63,36.719,47.0,11.0,0.0,45.0,2.0,0.0,1.0,3.149,156.0,24.0
2026-05-20 10:47:35,115.789,Zental,52.113,180.803,5.0,5,0.0,3.216,24,41.667,53.333,55.172,12.0,10.0,37.0,71.0,4.0,2.0,0.0,96,28.261,35.211,25.0,6.0,0.0,24.0,1.0,1.0,1.0,3.16,156.0,13.0
2026-05-30 20:52:51,111.741,Zental,50.0,120.847,3.0,3,0.0,4.08,19,54.545,50,47.619,5.0,12.0,50.0,100.0,1.0,4.0,0.0,92.593,34.247,27,27.0,4.0,0.0,25.0,2.0,1.0,0.0,3.667,156.0,25.0
2026-05-31 11:31:54,111.214,Zental,47.674,161.465,7.0,5,0.0,3.293,23,68.75,35.417,59.091,14.0,7.0,41.0,86.0,3.0,2.0,0.0,90.625,22.222,37.209,32.0,6.0,0.0,29.0,3.0,1.0,0.0,3.062,156.0,12.0
2026-06-11 07:29:51,111.5,Zental,44.615,110.059,4.0,6,0.0,4.397,22,61.111,45.763,37.736,7.0,13.0,58.0,130.0,3.0,2.0,0.0,88.889,27.66,27.692,36.0,12.0,2.0,32.0,4.0,1.0,0.0,3.056,156.0,26.0
2026-06-18 23:17:52,110.314,Zental,47.015,108.599,4.0,4,0.0,4.143,25,40,38.298,57.895,9.0,14.0,63.0,134.0,3.0,3.0,0.0,97.059,30,25.373,34.0,7.0,0.0,33.0,1.0,0.0,0.0,3.824,156.0,30.0
2026-06-30 10:29:18,109.697,Zental,44.898,142.311,7.0,3,0.0,3.659,23,43.75,44.681,45.714,14.0,7.0,44.0,98.0,5.0,0.0,0.0,93.548,22.388,31.633,31.0,9.0,0.0,29.0,2.0,0.0,2.0,3.355,156.0,15.0
2026-07-05 07:05:09,110.332,Zental,53.488,138.996,6.0,2,0.0,3.913,31,44.444,60.317,47.917,9.0,18.0,69.0,129.0,2.0,4.0,0.0,90.385,28.571,40.31,52.0,10.0,0.0,47.0,5.0,3.0,0.0,3.346,156.0,22.0
2026-07-22 01:18:08,110.616,Zental,46.154,117.689,3.0,9,0.0,3.733,33,44.118,55,41.071,9.0,14.0,60.0,130.0,3.0,3.0,0.0,92.308,26.374,30,39.0,7.0,2.0,36.0,3.0,0.0,0.0,3.359,156.0,24.0
2026-02-05 00:49:15,10.491,CM02,26.724,4.845,1.0,2,1.0,5.484,7,14.286,24.528,35.714,1.0,3.0,31.0,116.0,0.0,5.0,0.0,86.957,11.828,19.828,23.0,1.0,0.0,20.0,3.0,1.0,0.0,4.696,157.0,11.0
2026-02-07 15:00:36,10.425,CM02,33.333,6.346,1.0,2,1.0,5.182,10,37.931,28.302,36,4.0,4.0,44.0,132.0,3.0,2.0,0.0,83.333,14.583,27.273,36.0,5.0,0.0,30.0,6.0,2.0,0.0,4.722,157.0,14.0
2026-02-17 14:40:32,86.279,CM02,33.333,79.753,2.0,4,0.0,4.167,16,43.333,30,30.556,10.0,2.0,42.0,126.0,6.0,0.0,0.0,85.714,7.143,33.333,42.0,7.0,1.0,36.0,6.0,0.0,0.0,3.952,157.0,6.0
2026-02-20 09:56:14,91.573,CM02,35.238,87.063,3.0,10,0.0,4.162,13,35.294,35.849,34.286,7.0,4.0,37.0,105.0,3.0,2.0,0.0,93.333,12,28.571,30.0,5.0,2.0,28.0,2.0,0.0,0.0,3.667,157.0,9.0
2026-02-26 13:33:42,92.411,CM02,26.531,54.413,3.0,11,2.0,4.692,10,42.857,30.159,14.286,4.0,2.0,39.0,147.0,3.0,3.0,0.0,78.571,14.286,19.048,28.0,4.0,0.0,22.0,6.0,0.0,0.0,4.357,157.0,17.0
2026-03-05 13:45:30,91.089,CM02,36.129,74.366,1.0,4,1.0,4.625,18,47.222,34.921,30.357,6.0,4.0,56.0,155.0,4.0,1.0,1.0,79.167,16.822,30.968,48.0,2.0,1.0,38.0,10.0,1.0,1.0,4.292,157.0,18.0
2026-03-12 19:24:00,94.263,CM02,31.667,64.79,2.0,8,0.0,4.711,11,40.909,24,35.417,4.0,2.0,38.0,120.0,2.0,2.0,1.0,80.645,14.607,25.833,31.0,5.0,1.0,25.0,6.0,1.0,0.0,3.935,157.0,13.0
2026-04-26 04:29:07,94.536,CM02,23.364,47.377,0.0,4,0.0,4.16,9,14.286,25.641,25.532,4.0,2.0,25.0,107.0,2.0,4.0,0.0,63.636,12.941,20.561,22.0,1.0,0.0,14.0,8.0,2.0,0.0,3.364,157.0,11.0
2026-03-08 16:21:25,90.095,legrandort,33.333,65.435,0.0,6,0.0,4.562,8,38.889,36.111,28.571,6.0,1.0,32.0,96.0,4.0,1.0,0.0,95.833,12.5,25,24.0,1.0,0.0,23.0,1.0,0.0,0.0,4.25,159.0,9.0
2026-03-09 16:06:00,91.222,legrandort,37.838,78.724,3.0,4,0.0,4.643,11,50,34,38.298,5.0,1.0,42.0,111.0,3.0,2.0,0.0,96.296,19.048,24.324,27.0,3.0,0.0,26.0,1.0,0.0,0.0,4.037,159.0,16.0
2026-03-20 11:53:22,89.548,legrandort,32.836,60.122,2.0,9,0.0,4.705,14,30,29.63,38,4.0,4.0,44.0,134.0,3.0,3.0,0.0,95.455,20.536,16.418,22.0,4.0,1.0,21.0,1.0,0.0,0.0,3.818,159.0,23.0
2026-05-06 15:44:30,90.068,legrandort,45.455,117.648,7.0,14,0.0,3.6,26,57.143,34.375,46,17.0,4.0,50.0,110.0,4.0,2.0,0.0,82.857,28,31.818,35.0,11.0,3.0,29.0,6.0,1.0,1.0,2.829,159.0,21.0
2026-05-11 21:29:10,94.457,legrandort,43.75,83.28,0.0,4,0.0,4.714,11,63.158,39.024,38.889,5.0,6.0,42.0,96.0,2.0,3.0,0.0,96.154,24.286,27.083,26.0,2.0,0.0,25.0,1.0,1.0,0.0,4.538,159.0,17.0
2026-05-27 14:14:43,88.387,legrandort,45.333,111.83,2.0,3,0.0,4.118,13,52.632,37.5,50,11.0,1.0,34.0,75.0,3.0,2.0,0.0,91.304,25,30.667,23.0,2.0,0.0,21.0,2.0,0.0,1.0,3.522,159.0,13.0
2026-06-14 18:25:31,89.868,legrandort,31.667,68.471,1.0,5,0.0,4.316,15,40,31.818,27.451,2.0,12.0,38.0,120.0,4.0,2.0,0.0,100,15.464,19.167,23.0,4.0,0.0,23.0,0.0,0.0,0.0,4.043,159.0,15.0
2026-06-17 23:09:48,89.451,legrandort,34.437,60.915,0.0,6,0.0,4.692,15,33.333,37.705,31.667,0.0,14.0,52.0,151.0,1.0,4.0,1.0,90.625,19.328,21.192,32.0,5.0,0.0,29.0,3.0,2.0,0.0,4.125,159.0,23.0
2026-06-25 15:13:14,88.784,legrandort,35.135,76.611,2.0,4,0.0,4.404,19,25.926,44.068,30.645,8.0,4.0,52.0,148.0,3.0,1.0,1.0,94.286,16.814,23.649,35.0,4.0,0.0,33.0,2.0,1.0,0.0,4.086,159.0,19.0
2026-07-25 04:25:03,89.489,legrandort,42.478,70.324,0.0,7,0.0,4.542,11,51.852,31.25,44.444,4.0,0.0,48.0,113.0,4.0,1.0,0.0,92.857,25.882,24.779,28.0,4.0,0.0,26.0,2.0,0.0,0.0,4.393,159.0,22.0
2026-06-16 11:06:33,98.076,Skychael,29.139,76.12,2.0,13,0.0,3.909,21,50,15.789,32.353,6.0,8.0,44.0,151.0,3.0,3.0,0.0,79.07,9.259,28.477,43.0,11.0,8.0,34.0,9.0,0.0,0.0,3.116,160.0,10.0
2026-06-25 18:22:37,97.926,Skychael,28.125,79.26,4.0,3,1.0,3.778,17,27.273,22.951,35.556,6.0,3.0,36.0,128.0,2.0,4.0,0.0,75.758,11.579,25.781,33.0,7.0,0.0,25.0,8.0,1.0,1.0,3.273,160.0,11.0
2026-06-27 17:40:26,97.08,Skychael,38.017,110.131,4.0,7,1.0,3.87,19,48,30.435,40,8.0,9.0,46.0,121.0,5.0,0.0,0.0,88.235,18.391,28.099,34.0,11.0,1.0,30.0,4.0,2.0,0.0,3.147,160.0,16.0
2026-07-13 14:30:10,98.14,Skychael,29.126,69.876,2.0,6,0.0,4.067,10,32,27.5,28.947,4.0,3.0,30.0,103.0,3.0,2.0,0.0,80,20.455,14.563,15.0,4.0,2.0,12.0,3.0,0.0,0.0,2.867,160.0,18.0
2026-07-16 12:40:55,97.025,Skychael,36.066,95.261,2.0,3,0.0,3.773,23,38.462,30.189,41.86,11.0,7.0,44.0,122.0,1.0,5.0,0.0,84.848,17.978,27.049,33.0,7.0,0.0,28.0,5.0,1.0,0.0,3.212,160.0,16.0
2026-07-18 11:44:30,95.688,Skychael,34.127,82.778,3.0,7,0.0,4.163,17,36,32.558,34.483,5.0,11.0,43.0,126.0,3.0,3.0,0.0,70.588,20.652,26.984,34.0,5.0,1.0,24.0,10.0,3.0,0.0,3.059,160.0,19.0
2026-07-26 08:56:27,92.919,Skychael,36.145,86.869,5.0,9,1.0,4.317,23,32.143,34.211,40.323,8.0,12.0,60.0,166.0,2.0,4.0,0.0,82.609,18.333,27.711,46.0,8.0,4.0,38.0,8.0,1.0,0.0,3.261,160.0,22.0
2026-07-27 09:02:15,90.885,Skychael,27.857,78.904,3.0,9,1.0,3.744,20,18.182,27.273,34.615,10.0,9.0,39.0,140.0,3.0,3.0,0.0,81.25,12.037,22.857,32.0,8.0,3.0,26.0,6.0,2.0,0.0,2.812,160.0,13.0
2026-08-01 10:34:49,90.078,Skychael,35.036,80.986,1.0,2,1.0,4.188,17,35.714,40,28.571,7.0,4.0,48.0,137.0,3.0,2.0,1.0,87.5,19.048,23.358,32.0,10.0,0.0,28.0,4.0,2.0,0.0,3.5,160.0,20.0
2026-08-09 21:16:39,90.075,Skychael,29.323,89.371,8.0,13,1.0,3.615,19,36.364,28.302,27.586,10.0,5.0,39.0,133.0,4.0,1.0,0.0,66.667,17,24.812,33.0,12.0,4.0,22.0,11.0,4.0,2.0,2.424,160.0,17.0
2026-07-02 18:06:06,72.262,IAmAsianNoob,26.087,65.441,2.0,3,0.0,3.667,12,26.087,21.429,29.268,4.0,6.0,24.0,92.0,2.0,4.0,0.0,73.913,10.145,25,23.0,2.0,1.0,17.0,6.0,2.0,1.0,3.13,164.0,7.0
2026-07-03 21:07:23,72.688,IAmAsianNoob,29.545,43.886,0.0,1,0.0,4.769,6,21.053,25.714,38.235,1.0,3.0,26.0,88.0,2.0,3.0,0.0,88.889,14.286,20.455,18.0,1.0,0.0,16.0,2.0,1.0,0.0,4.278,164.0,10.0
2026-07-04 14:16:30,72.403,IAmAsianNoob,33.065,51.686,1.0,7,0.0,5.024,9,29.63,34.091,33.962,2.0,3.0,41.0,124.0,1.0,4.0,0.0,76.316,13.953,30.645,38.0,1.0,0.0,29.0,9.0,2.0,0.0,4.5,164.0,12.0
2026-07-06 18:15:34,72.933,IAmAsianNoob,26.19,39.031,0.0,10,0.0,4.818,6,19.048,24.528,30.769,4.0,1.0,33.0,126.0,5.0,1.0,0.0,87.5,11.765,19.048,24.0,2.0,1.0,21.0,3.0,0.0,0.0,4.167,164.0,12.0
2026-07-11 14:18:20,74.859,IAmAsianNoob,29.323,62.222,1.0,8,1.0,4.333,15,42.308,29.63,22.642,9.0,6.0,39.0,133.0,3.0,3.0,0.0,87.097,11.765,23.308,31.0,2.0,0.0,27.0,4.0,2.0,1.0,4.0,164.0,12.0
2026-07-13 20:45:39,75.732,IAmAsianNoob,23.423,54.995,1.0,4,0.0,4.0,12,21.053,20,27.66,5.0,4.0,26.0,111.0,1.0,5.0,0.0,80,14.583,13.514,15.0,2.0,0.0,12.0,3.0,1.0,0.0,3.267,164.0,14.0
2026-07-19 10:39:25,74.758,IAmAsianNoob,32.558,45.632,1.0,4,0.0,5.357,6,25,31.707,37.5,3.0,2.0,42.0,129.0,1.0,4.0,0.0,83.333,12.903,27.907,36.0,0.0,0.0,30.0,6.0,1.0,0.0,5.0,164.0,12.0
2026-07-25 14:05:52,74.812,IAmAsianNoob,29.371,54.255,1.0,9,0.0,4.548,10,35.484,15.686,37.705,4.0,1.0,42.0,143.0,3.0,3.0,0.0,86.111,10.28,25.175,36.0,7.0,1.0,31.0,5.0,1.0,0.0,4.139,164.0,11.0
2026-08-01 10:34:49,75.512,IAmAsianNoob,23.358,46.799,1.0,2,0.0,4.625,9,14.286,18.333,34.694,4.0,2.0,32.0,137.0,3.0,2.0,1.0,80.952,12.931,15.328,21.0,4.0,1.0,17.0,4.0,3.0,0.0,3.238,164.0,15.0
2026-08-08 22:03:21,76.682,IAmAsianNoob,31.193,70.402,3.0,4,0.0,4.441,10,21.739,29.268,37.778,6.0,3.0,34.0,109.0,4.0,1.0,0.0,83.333,16.471,22.018,24.0,5.0,1.0,20.0,4.0,1.0,0.0,3.5,164.0,14.0
2026-04-22 04:01:53,70.0,gw13,19.149,41.314,1.0,8,0.0,4.167,8,28,10.526,22.581,2.0,2.0,18.0,94.0,2.0,3.0,0.0,0,19.149,0,0.0,0.0,0.0,0.0,0.0,0.0,1.0,0.0,166.0,18.0
2026-06-09 18:09:55,73.55,gw13,31.933,74.692,3.0,9,0.0,4.132,15,41.667,33.333,25,6.0,6.0,38.0,119.0,2.0,4.0,0.0,88.889,21.782,15.126,18.0,6.0,2.0,16.0,2.0,0.0,1.0,2.944,166.0,22.0
2026-06-11 18:14:47,80.54,gw13,27.82,80.912,5.0,6,0.0,3.649,15,34.783,31.034,21.154,8.0,6.0,37.0,133.0,3.0,3.0,0.0,88.235,18.966,12.782,17.0,7.0,0.0,15.0,2.0,1.0,0.0,2.824,166.0,22.0
2026-06-21 01:53:40,83.69,gw13,26.506,66.234,2.0,2,0.0,4.045,11,35.294,24.138,24.324,5.0,1.0,22.0,83.0,4.0,1.0,0.0,75,18.31,14.458,12.0,3.0,0.0,9.0,3.0,0.0,0.0,3.333,166.0,13.0
2026-06-21 13:21:05,83.54,gw13,32.031,70.336,0.0,9,0.0,4.171,14,45.455,37.5,22.414,1.0,10.0,41.0,128.0,4.0,2.0,0.0,100,23.684,10.938,14.0,3.0,0.0,14.0,0.0,0.0,0.0,3.643,166.0,27.0
2026-02-01 16:58:28,10.686,Lightning,33.636,5.207,1.0,5,0.0,5.459,4,37.5,33.333,32.692,3.0,1.0,37.0,110.0,1.0,4.0,0.0,82.759,16.049,26.364,29.0,4.0,0.0,24.0,5.0,3.0,0.0,4.655,168.0,13.0
2026-07-06 14:03:19,83.258,Lightning,27.119,42.406,0.0,6,1.0,4.781,5,30,29.167,24,2.0,1.0,32.0,118.0,2.0,3.0,0.0,61.538,17.391,22.034,26.0,0.0,3.0,16.0,10.0,1.0,0.0,3.731,168.0,16.0
2026-07-12 13:52:16,82.678,Lightning,33.684,107.75,6.0,6,0.0,3.281,18,41.176,35.417,26.667,12.0,4.0,32.0,95.0,5.0,1.0,0.0,80.645,10.938,32.632,31.0,5.0,0.0,25.0,6.0,2.0,0.0,2.742,168.0,7.0
2026-08-08 01:30:10,80.834,Lightning,28.07,56.336,2.0,9,0.0,4.531,8,42.105,30.357,17.949,3.0,5.0,32.0,114.0,3.0,2.0,0.0,70.27,7.792,32.456,37.0,3.0,2.0,26.0,11.0,2.0,0.0,3.703,168.0,6.0
2026-05-11 21:29:10,93.0,yashadox,20.87,54.59,2.0,8,1.0,4.125,9,16,25,19.048,4.0,3.0,24.0,115.0,2.0,3.0,0.0,70.833,7.692,20.87,24.0,2.0,2.0,17.0,7.0,1.0,1.0,3.5,169.0,7.0
2026-06-03 10:01:03,64.901,hubcioskubcio,13.281,31.623,1.0,5,1.0,4.294,8,11.538,10,19.048,4.0,2.0,17.0,128.0,4.0,2.0,0.0,76.471,3.604,13.281,17.0,4.0,1.0,13.0,4.0,1.0,0.0,3.353,170.0,4.0
2026-06-07 17:50:16,64.394,hubcioskubcio,15.044,35.14,2.0,3,1.0,4.118,4,15.385,15.686,13.889,4.0,2.0,17.0,113.0,3.0,3.0,0.0,71.429,2.174,18.584,21.0,3.0,0.0,15.0,6.0,2.0,0.0,3.857,170.0,2.0
2026-07-09 18:07:50,65.872,hubcioskubcio,14.0,37.34,2.0,22,0.0,3.905,11,10,11.111,18.182,3.0,4.0,21.0,150.0,4.0,2.0,0.0,71.429,0.82,18.667,28.0,9.0,6.0,20.0,8.0,0.0,0.0,3.0,170.0,1.0
2026-07-12 13:52:16,66.189,hubcioskubcio,24.211,56.758,1.0,6,1.0,3.783,11,29.412,20.833,26.667,5.0,2.0,23.0,95.0,5.0,1.0,0.0,74.074,4.412,28.421,27.0,5.0,1.0,20.0,7.0,2.0,0.0,3.111,170.0,3.0
2026-07-15 18:09:02,68.536,hubcioskubcio,15.652,24.765,0.0,3,1.0,5.056,4,23.077,17.073,10.417,2.0,1.0,18.0,115.0,4.0,1.0,0.0,81.25,5.051,13.913,16.0,3.0,0.0,13.0,3.0,0.0,0.0,4.562,170.0,5.0
2026-07-16 14:20:53,66.66,hubcioskubcio,15.789,18.859,0.0,14,1.0,5.458,3,14.815,15,16.923,1.0,3.0,24.0,152.0,0.0,6.0,0.0,71.429,3.226,18.421,28.0,1.0,1.0,20.0,8.0,0.0,0.0,4.607,170.0,4.0
2026-07-16 18:15:42,66.077,hubcioskubcio,20.0,39.777,1.0,5,0.0,4.15,6,16,28.125,16.279,2.0,8.0,20.0,100.0,2.0,4.0,0.0,94.444,3.659,18,18.0,6.0,0.0,17.0,1.0,1.0,0.0,3.722,170.0,3.0
2026-08-06 21:12:37,68.091,hubcioskubcio,15.929,39.313,2.0,15,1.0,3.889,8,12,17.647,16.216,5.0,2.0,18.0,113.0,4.0,2.0,0.0,71.429,3.261,18.584,21.0,7.0,4.0,15.0,6.0,1.0,0.0,3.143,170.0,3.0
2026-08-11 16:15:35,69.081,hubcioskubcio,10.909,19.204,0.0,7,0.0,4.417,4,7.692,21.429,2.381,3.0,1.0,12.0,110.0,3.0,3.0,0.0,76.923,2.062,11.818,13.0,1.0,2.0,10.0,3.0,0.0,0.0,3.462,170.0,2.0
2026-08-14 14:06:42,68.054,hubcioskubcio,21.176,48.002,2.0,3,1.0,4.056,6,33.333,20,16.216,3.0,1.0,18.0,85.0,2.0,3.0,0.0,94.737,0,22.353,19.0,5.0,0.0,18.0,1.0,1.0,0.0,3.895,170.0,0.0
2026-07-14 13:58:57,80.427,JustAWeirdo,23.881,55.014,4.0,10,1.0,4.438,12,24.138,17.241,31.915,5.0,6.0,32.0,134.0,1.0,5.0,0.0,95.833,8.182,17.91,24.0,9.0,0.0,23.0,1.0,0.0,1.0,4.167,171.0,9.0
2026-07-15 10:55:21,81.19,JustAWeirdo,31.461,72.699,2.0,7,0.0,3.893,8,21.739,45.455,24.242,6.0,2.0,28.0,89.0,4.0,2.0,0.0,85.185,8.065,30.337,27.0,6.0,1.0,23.0,4.0,1.0,0.0,3.296,171.0,5.0
2026-07-15 18:09:02,80.581,JustAWeirdo,28.421,71.392,2.0,1,0.0,4.037,12,7.692,28.261,36.111,5.0,3.0,27.0,95.0,1.0,4.0,0.0,94.737,11.842,20,19.0,4.0,0.0,18.0,1.0,0.0,0.0,3.895,171.0,9.0
2026-07-16 12:40:55,81.37,JustAWeirdo,18.31,45.324,1.0,9,0.0,4.038,11,3.333,18.75,27.083,5.0,3.0,26.0,142.0,5.0,1.0,0.0,81.25,10.317,11.268,16.0,3.0,1.0,13.0,3.0,0.0,0.0,2.562,171.0,13.0
2026-07-16 18:15:42,81.11,JustAWeirdo,34.959,62.313,1.0,6,0.0,4.419,15,18.519,37.255,42.222,4.0,8.0,43.0,123.0,4.0,2.0,0.0,93.548,15.217,25.203,31.0,5.0,0.0,29.0,2.0,1.0,0.0,3.806,171.0,14.0
2026-07-19 23:57:29,81.255,JustAWeirdo,15.789,44.491,4.0,13,0.0,3.944,8,9.524,20,13.953,6.0,1.0,18.0,114.0,4.0,1.0,0.0,100,1.031,14.912,17.0,5.0,0.0,17.0,0.0,0.0,0.0,3.824,171.0,1.0
2026-07-25 10:58:47,80.551,JustAWeirdo,28.125,57.307,4.0,7,0.0,4.667,12,26.316,29.167,27.869,7.0,2.0,36.0,128.0,1.0,5.0,0.0,86.364,16.038,17.188,22.0,5.0,1.0,19.0,3.0,1.0,0.0,3.955,171.0,17.0
2026-07-29 21:01:21,78.957,JustAWeirdo,21.552,55.731,3.0,11,0.0,3.92,9,17.647,22.807,21.429,6.0,3.0,25.0,116.0,4.0,2.0,0.0,79.167,6.522,20.69,24.0,3.0,2.0,19.0,5.0,1.0,1.0,3.25,171.0,6.0
2026-07-30 14:13:06,79.382,JustAWeirdo,23.188,41.998,1.0,5,1.0,4.812,9,8,20,35.417,3.0,4.0,32.0,138.0,2.0,4.0,0.0,84,9.735,18.116,25.0,1.0,0.0,21.0,4.0,0.0,0.0,4.56,171.0,11.0
2026-07-31 21:46:36,79.197,JustAWeirdo,24.49,58.647,1.0,6,0.0,3.958,11,26.087,17.021,35.714,4.0,4.0,24.0,98.0,2.0,4.0,0.0,94.118,9.877,17.347,17.0,2.0,1.0,16.0,1.0,0.0,0.0,4.0,171.0,8.0
2026-07-14 13:58:57,78.182,oolli,25.862,58.36,4.0,13,1.0,4.333,9,25,20.755,32.558,8.0,0.0,30.0,116.0,3.0,3.0,0.0,70.27,5.063,31.897,37.0,5.0,4.0,26.0,11.0,2.0,0.0,3.108,172.0,4.0
2026-07-17 08:11:45,77.69,oolli,36.364,83.583,2.0,8,0.0,4.028,16,22.222,34.783,40.909,5.0,5.0,36.0,99.0,1.0,5.0,0.0,71.111,7.407,45.455,45.0,2.0,2.0,32.0,13.0,3.0,0.0,3.289,172.0,4.0
2026-07-17 08:12:41,77.69,oolli,36.364,83.583,2.0,8,0.0,4.028,16,22.222,34.783,40.909,5.0,5.0,36.0,99.0,1.0,5.0,0.0,71.111,7.407,45.455,45.0,2.0,2.0,32.0,13.0,3.0,0.0,3.289,172.0,4.0
2026-07-18 06:38:20,80.8,oolli,28.846,52.543,1.0,3,1.0,4.733,7,25,31.818,27.5,1.0,2.0,30.0,104.0,2.0,3.0,0.0,66.667,11.268,31.731,33.0,4.0,1.0,22.0,11.0,3.0,0.0,3.879,172.0,8.0
2026-07-20 05:49:04,80.86,oolli,32.432,57.505,1.0,6,1.0,4.722,8,28,37.5,28.947,4.0,4.0,36.0,111.0,1.0,4.0,0.0,72.727,5.97,39.64,44.0,6.0,1.0,32.0,12.0,3.0,0.0,4.068,172.0,4.0
2026-07-22 08:06:47,79.988,oolli,29.915,79.092,4.0,11,0.0,3.743,16,14.286,43.478,24,8.0,4.0,35.0,117.0,4.0,2.0,0.0,66.667,6.944,38.462,45.0,5.0,4.0,30.0,15.0,2.0,0.0,3.089,172.0,5.0
2026-07-25 10:58:47,81.375,oolli,38.281,70.52,2.0,7,2.0,4.633,14,42.105,43.75,32.787,6.0,5.0,49.0,128.0,1.0,5.0,0.0,67.925,17.333,41.406,53.0,6.0,5.0,36.0,17.0,6.0,0.0,3.547,172.0,13.0
2026-07-27 09:02:15,82.064,oolli,30.769,75.106,3.0,14,0.0,4.042,18,28.125,33.333,29.091,8.0,8.0,48.0,156.0,3.0,3.0,0.0,78.182,4.95,35.256,55.0,13.0,3.0,43.0,12.0,0.0,0.0,3.491,172.0,5.0
2026-07-30 04:09:15,83.029,oolli,26.744,58.802,0.0,5,0.0,4.043,11,13.333,34.091,22.222,2.0,6.0,23.0,86.0,2.0,3.0,0.0,68.966,5.263,33.721,29.0,4.0,2.0,20.0,9.0,3.0,0.0,3.345,172.0,3.0
2026-08-02 04:39:11,82.717,oolli,20.588,48.242,2.0,8,0.0,3.952,8,27.778,17.949,20,2.0,2.0,21.0,102.0,0.0,6.0,0.0,65.517,2.74,28.431,29.0,5.0,4.0,19.0,10.0,2.0,0.0,2.897,172.0,2.0
2026-08-11 05:09:55,85.0,MinoriChihara,12.346,17.663,0.0,4,0.0,4.9,1,10,14.286,11.538,1.0,0.0,10.0,81.0,2.0,3.0,0.0,50,8.219,9.877,8.0,0.0,0.0,4.0,4.0,3.0,0.0,3.75,173.0,6.0
2026-07-17 23:08:39,70.816,TateyamaAyano,18.978,39.683,1.0,4,0.0,4.231,10,11.765,17.021,25,3.0,4.0,26.0,137.0,2.0,4.0,0.0,63.636,4.808,24.088,33.0,4.0,1.0,21.0,12.0,1.0,0.0,3.333,174.0,5.0
2026-07-18 11:44:30,69.956,TateyamaAyano,25.0,61.648,2.0,6,0.0,4.103,13,24,20,29.412,6.0,4.0,29.0,116.0,6.0,0.0,0.0,60.714,13.636,24.138,28.0,3.0,0.0,17.0,11.0,2.0,1.0,3.714,174.0,12.0
2026-07-19 23:57:29,72.502,TateyamaAyano,16.807,32.946,1.0,10,1.0,4.3,7,20.833,18.75,12.766,3.0,1.0,20.0,119.0,3.0,2.0,0.0,50,7.527,21.849,26.0,2.0,1.0,13.0,13.0,1.0,0.0,3.346,174.0,7.0
2026-07-21 06:03:08,71.971,TateyamaAyano,20.28,35.871,1.0,8,0.0,4.655,5,25.926,10.714,26.667,4.0,0.0,29.0,143.0,1.0,4.0,0.0,66.667,7.965,20.979,30.0,3.0,0.0,20.0,10.0,2.0,0.0,3.633,174.0,9.0
2026-07-25 04:25:03,71.173,TateyamaAyano,28.0,56.674,1.0,2,1.0,4.321,10,33.333,5.882,40.741,5.0,3.0,28.0,100.0,3.0,2.0,0.0,61.29,13.043,31,31.0,6.0,0.0,19.0,12.0,5.0,0.0,3.161,174.0,9.0
2026-07-27 09:02:15,73.423,TateyamaAyano,22.308,50.376,2.0,10,1.0,4.172,11,14.286,25.641,23.81,5.0,3.0,29.0,130.0,1.0,5.0,0.0,75,7.843,21.538,28.0,2.0,1.0,21.0,7.0,0.0,0.0,3.5,174.0,8.0
2026-07-30 04:09:15,75.214,TateyamaAyano,29.921,60.404,1.0,4,1.0,4.158,14,33.333,28.571,29.412,4.0,2.0,38.0,127.0,2.0,3.0,0.0,72.093,8.333,33.858,43.0,7.0,1.0,31.0,12.0,0.0,0.0,3.442,174.0,7.0
2026-08-03 07:17:26,75.226,TateyamaAyano,22.308,53.29,3.0,8,1.0,4.172,12,42.105,14.516,24.49,7.0,2.0,29.0,130.0,2.0,4.0,0.0,54.545,11.34,25.385,33.0,5.0,1.0,18.0,15.0,4.0,0.0,3.061,174.0,11.0
2026-08-04 04:58:34,74.472,TateyamaAyano,21.359,51.336,0.0,4,2.0,3.818,12,10.526,28.571,19.048,3.0,4.0,22.0,103.0,1.0,4.0,0.0,75,1.333,27.184,28.0,1.0,0.0,21.0,7.0,1.0,0.0,3.357,174.0,1.0
2026-08-04 07:16:29,75.395,TateyamaAyano,28.462,51.692,2.0,5,1.0,4.865,9,37.5,17.308,35.185,5.0,0.0,37.0,130.0,3.0,2.0,0.0,71.053,10.87,29.231,38.0,0.0,0.0,27.0,11.0,1.0,0.0,3.868,174.0,10.0
2026-02-01 16:58:28,10.886,Kirox,42.308,13.218,2.0,2,1.0,4.023,17,58.824,34.146,43.478,6.0,6.0,44.0,104.0,3.0,2.0,0.0,83.333,14.516,40.385,42.0,5.0,0.0,35.0,7.0,4.0,0.0,3.81,175.0,9.0
2026-03-09 08:04:02,106.79,Kirox,30.476,68.63,0.0,8,0.0,4.281,11,33.333,29.545,30,5.0,3.0,32.0,105.0,6.0,0.0,0.0,70.27,8.824,35.238,37.0,3.0,3.0,26.0,11.0,1.0,0.0,3.378,175.0,6.0
2026-03-13 10:03:13,100.73,Kirox,31.092,68.36,1.0,8,0.0,4.378,15,29.412,33.333,28.889,4.0,6.0,37.0,119.0,3.0,2.0,0.0,67.568,14.634,31.092,37.0,0.0,3.0,25.0,12.0,2.0,0.0,3.351,175.0,12.0
2026-03-20 08:43:51,96.53,Kirox,37.857,99.055,4.0,4,0.0,4.113,19,42.105,33.929,40,6.0,13.0,53.0,140.0,4.0,2.0,0.0,74.074,15.116,38.571,54.0,8.0,0.0,40.0,14.0,2.0,0.0,3.593,175.0,13.0
2026-04-27 07:50:41,97.31,Kirox,29.545,83.46,2.0,8,0.0,3.615,11,21.429,30.952,31.25,3.0,7.0,26.0,88.0,3.0,2.0,0.0,70.968,7.018,35.227,31.0,5.0,4.0,22.0,9.0,0.0,1.0,3.161,175.0,4.0
2026-05-11 21:29:10,102.547,Kirox,35.417,78.308,3.0,4,0.0,4.676,8,47.368,34.146,30.556,5.0,3.0,34.0,96.0,2.0,3.0,0.0,75,15.625,33.333,32.0,4.0,2.0,24.0,8.0,2.0,0.0,3.625,175.0,10.0
2026-06-22 18:46:04,98.371,Spitzell,43.243,87.075,2.0,11,0.0,4.406,16,48.148,49.153,35.484,4.0,14.0,64.0,148.0,1.0,5.0,0.0,92.308,16.667,35.135,52.0,6.0,2.0,48.0,4.0,0.0,0.0,4.077,176.0,16.0
2026-06-23 16:03:42,98.36,Spitzell,30.534,64.151,1.0,6,0.0,4.325,14,31.25,35.417,26.866,2.0,11.0,40.0,131.0,3.0,3.0,0.0,82.857,11.458,26.718,35.0,5.0,0.0,29.0,6.0,2.0,1.0,4.057,176.0,11.0
2026-06-23 20:14:41,95.959,Spitzell,43.564,105.721,5.0,2,1.0,4.295,17,58.824,47.826,31.579,11.0,6.0,44.0,101.0,3.0,3.0,0.0,81.25,26.087,31.683,32.0,6.0,0.0,26.0,6.0,1.0,0.0,4.375,176.0,18.0
2026-06-28 17:24:05,96.427,Spitzell,36.283,56.021,0.0,4,0.0,4.902,6,44.444,46.809,22.917,2.0,6.0,41.0,113.0,2.0,3.0,0.0,82.353,16.456,30.088,34.0,0.0,0.0,28.0,6.0,1.0,0.0,4.441,176.0,13.0
2026-06-30 07:53:59,94.197,Spitzell,37.415,74.43,2.0,6,0.0,4.545,16,37.5,30.435,46.296,6.0,5.0,55.0,147.0,3.0,3.0,0.0,75.926,15.054,36.735,54.0,7.0,2.0,41.0,13.0,2.0,0.0,4.259,176.0,14.0
2026-06-30 10:29:18,92.76,Spitzell,37.398,80.088,4.0,8,0.0,4.478,14,40,34.884,38,9.0,3.0,46.0,123.0,1.0,4.0,0.0,91.892,13.953,30.081,37.0,6.0,0.0,34.0,3.0,1.0,0.0,4.27,176.0,12.0
2026-07-02 10:54:04,91.05,Spitzell,44.134,69.36,1.0,6,2.0,4.899,12,51.724,39.13,45.679,6.0,2.0,79.0,179.0,2.0,3.0,1.0,86.792,26.19,29.609,53.0,3.0,0.0,46.0,7.0,0.0,0.0,4.811,176.0,33.0
2026-07-09 18:07:50,91.05,Spitzell,36.957,82.846,2.0,14,0.0,4.137,21,37.5,30.435,41.667,7.0,9.0,51.0,138.0,3.0,3.0,0.0,84.444,13.978,32.609,45.0,4.0,2.0,38.0,7.0,2.0,0.0,3.822,176.0,13.0
2026-07-15 18:09:02,90.664,Spitzell,42.609,92.59,1.0,3,0.0,4.245,18,42.308,43.902,41.667,9.0,3.0,49.0,115.0,4.0,1.0,0.0,93.333,24.706,26.087,30.0,2.0,0.0,28.0,2.0,0.0,0.0,4.067,176.0,21.0
2026-08-05 16:03:30,90.635,Spitzell,45.736,100.296,1.0,8,0.0,3.966,23,57.143,40.476,44.068,5.0,13.0,59.0,129.0,5.0,1.0,0.0,89.189,28.261,28.682,37.0,8.0,0.0,33.0,4.0,1.0,0.0,3.568,176.0,26.0
2026-02-22 10:11:43,115.09,oh95,43.307,102.044,1.0,9,0.0,4.0,24,45.455,36.207,51.064,7.0,13.0,55.0,127.0,0.0,6.0,0.0,74.194,33.333,24.409,31.0,5.0,1.0,23.0,8.0,4.0,0.0,3.452,177.0,32.0
2026-02-28 13:16:50,110.1,oh95,49.153,124.038,3.0,13,0.0,3.983,25,66.667,51.852,39.13,9.0,10.0,58.0,118.0,3.0,1.0,1.0,90.625,33.721,27.119,32.0,7.0,1.0,29.0,3.0,2.0,0.0,3.344,177.0,29.0
2026-04-17 10:40:03,112.28,oh95,40.496,115.383,4.0,5,0.0,3.816,23,48.148,37.736,39.024,7.0,10.0,49.0,121.0,1.0,5.0,0.0,76.923,23.171,32.231,39.0,6.0,1.0,30.0,9.0,3.0,0.0,3.41,177.0,19.0
2026-05-25 05:03:06,103.92,oh95,41.06,81.73,0.0,7,1.0,4.468,22,48.276,43.077,35.088,2.0,13.0,62.0,151.0,4.0,2.0,0.0,80.556,28.696,23.841,36.0,3.0,2.0,29.0,7.0,2.0,0.0,3.833,177.0,33.0
2026-08-04 04:58:34,94.638,Floth,44.33,100.142,2.0,6,0.0,4.233,15,36.842,51.22,40.541,12.0,1.0,43.0,97.0,3.0,2.0,0.0,79.167,32.877,24.742,24.0,4.0,1.0,19.0,5.0,0.0,0.0,3.542,179.0,24.0
2026-08-04 07:16:29,94.79,Floth,26.374,62.229,1.0,8,1.0,4.125,9,32,19.444,30,4.0,1.0,24.0,91.0,2.0,3.0,0.0,60.714,11.111,30.769,28.0,9.0,4.0,17.0,11.0,0.0,0.0,3.0,179.0,7.0
2026-08-06 07:55:09,93.659,Floth,33.613,80.674,3.0,5,0.0,4.15,16,46.667,25.532,36.842,5.0,4.0,40.0,119.0,3.0,2.0,0.0,78.125,17.241,26.891,32.0,6.0,2.0,25.0,7.0,2.0,0.0,3.375,179.0,15.0
2026-08-07 08:19:11,93.467,Floth,38.686,95.815,4.0,9,0.0,4.038,21,41.379,33.962,41.818,8.0,8.0,53.0,137.0,5.0,1.0,0.0,84.615,20.408,28.467,39.0,7.0,3.0,33.0,6.0,1.0,0.0,3.41,179.0,20.0
2026-08-08 01:30:10,93.137,Floth,31.579,86.662,4.0,9,0.0,3.889,16,26.316,33.929,30.769,6.0,8.0,36.0,114.0,3.0,2.0,0.0,82.759,14.118,25.439,29.0,7.0,1.0,24.0,5.0,0.0,0.0,3.103,179.0,12.0
2026-08-09 21:16:39,92.752,Floth,31.707,72.299,2.0,8,1.0,4.077,13,40,25,36.538,9.0,2.0,39.0,123.0,2.0,3.0,0.0,73.333,18.28,24.39,30.0,6.0,2.0,22.0,8.0,1.0,0.0,3.1,179.0,17.0
2026-08-11 05:09:55,93.16,Floth,36.607,97.029,4.0,6,0.0,3.878,16,36.842,36,37.209,6.0,10.0,41.0,112.0,2.0,3.0,0.0,75.758,20.253,29.464,33.0,9.0,2.0,25.0,8.0,3.0,0.0,3.091,179.0,16.0
2026-08-11 16:15:35,93.12,Floth,29.091,94.234,4.0,7,0.0,3.125,20,42.308,26.19,23.81,14.0,1.0,32.0,110.0,3.0,3.0,0.0,73.529,9.211,30.909,34.0,8.0,2.0,25.0,9.0,1.0,0.0,2.765,179.0,7.0
2026-08-13 08:14:24,92.97,Floth,27.451,53.165,1.0,5,1.0,4.714,9,15.385,32.353,30.952,2.0,4.0,28.0,102.0,0.0,5.0,0.0,70.968,8.451,30.392,31.0,5.0,1.0,22.0,9.0,0.0,0.0,3.935,179.0,6.0
2026-08-14 14:06:42,89.844,Floth,30.588,77.971,4.0,3,0.0,3.885,11,27.778,26.667,35.135,5.0,4.0,26.0,85.0,2.0,3.0,0.0,84.211,15.152,22.353,19.0,4.0,0.0,16.0,3.0,2.0,0.0,3.105,179.0,10.0
2026-05-30 20:52:51,80.286,psirockin,25.556,51.827,0.0,6,0.0,4.478,8,16.667,29.412,25,6.0,2.0,23.0,90.0,3.0,2.0,0.0,73.077,6.25,28.889,26.0,2.0,3.0,19.0,7.0,1.0,0.0,3.462,180.0,4.0
2026-06-22 18:46:04,79.244,psirockin,24.324,58.631,2.0,11,1.0,4.222,15,37.037,25.424,17.742,6.0,5.0,36.0,148.0,1.0,5.0,0.0,62.791,8.571,29.054,43.0,12.0,5.0,27.0,16.0,2.0,0.0,3.279,180.0,9.0
2026-07-08 01:31:50,78.055,psirockin,23.711,42.937,0.0,4,0.0,4.522,8,20,29.167,17.241,3.0,2.0,23.0,97.0,2.0,3.0,0.0,66.667,4.478,30.928,30.0,5.0,1.0,20.0,10.0,5.0,0.0,3.467,180.0,3.0
2026-07-10 04:23:07,76.384,psirockin,31.373,94.976,6.0,4,2.0,3.594,14,50,34,23.81,9.0,3.0,32.0,102.0,2.0,3.0,0.0,57.895,15.625,37.255,38.0,13.0,2.0,22.0,16.0,5.0,0.0,2.842,180.0,10.0
2026-07-12 09:18:12,79.715,psirockin,28.676,70.265,2.0,10,0.0,3.846,15,19.231,25,37.037,4.0,5.0,39.0,136.0,4.0,2.0,0.0,64.444,10.989,33.088,45.0,11.0,3.0,29.0,16.0,4.0,0.0,2.822,180.0,10.0
2026-07-13 14:30:10,82.15,psirockin,25.743,60.619,1.0,3,0.0,4.038,10,10.526,27.027,31.111,5.0,3.0,26.0,101.0,3.0,2.0,0.0,56.667,12.676,29.703,30.0,2.0,1.0,17.0,13.0,0.0,1.0,3.667,180.0,9.0
2026-07-24 04:59:24,80.341,psirockin,24.8,50.869,0.0,9,1.0,4.387,12,20,25,26.415,6.0,3.0,31.0,125.0,0.0,5.0,0.0,65.625,10.753,25.6,32.0,9.0,4.0,21.0,11.0,3.0,0.0,3.219,180.0,10.0
2026-08-01 06:30:22,80.116,psirockin,34.0,86.958,3.0,5,0.0,3.706,18,37.5,29.545,37.5,6.0,7.0,34.0,100.0,6.0,0.0,0.0,72.973,11.111,37,37.0,9.0,2.0,27.0,10.0,2.0,0.0,2.946,180.0,7.0
2026-08-05 16:03:30,83.726,psirockin,27.193,65.24,2.0,17,0.0,3.935,13,25,35,22.222,7.0,4.0,31.0,114.0,2.0,4.0,0.0,56.41,12,34.211,39.0,3.0,5.0,22.0,17.0,4.0,1.0,2.795,180.0,9.0
2026-08-08 22:03:21,83.38,psirockin,25.517,65.37,4.0,8,0.0,4.135,13,32.143,20.37,26.984,5.0,5.0,37.0,145.0,3.0,2.0,0.0,71.795,8.491,26.897,39.0,10.0,3.0,28.0,11.0,2.0,0.0,3.282,180.0,9.0
2026-05-02 12:26:40,92.36,Yolowolf75,33.333,77.327,3.0,7,0.0,4.256,13,82.353,35.556,16.364,4.0,5.0,39.0,117.0,2.0,4.0,0.0,54.545,14.516,47.009,55.0,4.0,1.0,30.0,25.0,5.0,0.0,3.636,181.0,9.0
2026-05-11 21:29:10,93.832,Yolowolf75,42.424,105.772,3.0,9,0.0,4.214,19,85.714,45.283,15.686,11.0,5.0,56.0,132.0,5.0,0.0,0.0,64.815,26.923,40.909,54.0,4.0,5.0,35.0,19.0,4.0,0.0,3.241,181.0,21.0
2026-05-12 21:56:32,100.248,Yolowolf75,25.263,69.359,1.0,7,0.0,3.625,11,50,27.907,8.824,4.0,3.0,24.0,95.0,2.0,3.0,0.0,41.026,14.286,41.053,39.0,4.0,2.0,16.0,23.0,0.0,0.0,2.949,181.0,8.0
2026-05-13 13:42:26,98.056,Yolowolf75,34.188,79.833,2.0,10,0.0,3.95,16,63.158,36.538,19.565,3.0,10.0,40.0,117.0,0.0,6.0,0.0,62.264,10.938,45.299,53.0,8.0,6.0,33.0,20.0,8.0,0.0,2.925,181.0,7.0
2026-06-02 09:33:46,87.936,Yolowolf75,37.736,70.704,1.0,8,1.0,4.6,16,57.143,43.548,16.364,10.0,2.0,60.0,159.0,3.0,3.0,0.0,64.286,16.854,44.025,70.0,5.0,1.0,45.0,25.0,4.0,0.0,4.029,181.0,15.0
2026-06-14 18:25:31,87.843,Yolowolf75,42.754,100.576,5.0,10,1.0,4.102,21,66.667,50.943,26.23,12.0,4.0,59.0,138.0,3.0,2.0,1.0,69.355,21.053,44.928,62.0,5.0,3.0,43.0,19.0,6.0,0.0,3.371,181.0,16.0
2026-06-25 23:03:08,89.767,Yolowolf75,33.019,85.426,0.0,6,1.0,3.686,19,75,30.952,15.909,3.0,10.0,35.0,106.0,2.0,4.0,0.0,57.143,17.188,39.623,42.0,6.0,2.0,24.0,18.0,6.0,0.0,3.333,181.0,11.0
2026-07-05 13:56:38,90.981,Yolowolf75,34.884,90.307,3.0,8,2.0,3.778,22,70.833,40,14.545,6.0,12.0,45.0,129.0,2.0,4.0,0.0,53.704,21.333,41.86,54.0,6.0,4.0,29.0,25.0,3.0,1.0,3.407,181.0,16.0
2026-07-12 13:52:16,91.902,Yolowolf75,36.667,92.433,4.0,5,0.0,3.75,22,81.818,33.962,17.778,6.0,15.0,44.0,120.0,3.0,3.0,0.0,56.604,20.896,44.167,53.0,5.0,0.0,30.0,23.0,2.0,0.0,3.17,181.0,14.0
2026-07-13 14:30:10,92.218,Yolowolf75,33.065,79.09,1.0,9,2.0,4.122,15,72.727,27.66,21.818,6.0,5.0,41.0,124.0,2.0,2.0,1.0,50,22.368,38.71,48.0,7.0,3.0,24.0,24.0,4.0,1.0,3.396,181.0,17.0
2026-05-14 02:15:38,85.0,Serecola,25.17,61.27,4.0,5,1.0,3.973,13,25,29.73,17.778,10.0,1.0,37.0,147.0,3.0,3.0,0.0,66.667,11.712,24.49,36.0,6.0,1.0,24.0,12.0,0.0,0.0,3.667,182.0,13.0
2026-05-16 21:48:55,96.14,Serecola,27.0,57.093,0.0,8,0.0,4.333,9,38.462,25.714,25,1.0,10.0,27.0,100.0,3.0,2.0,0.0,56.522,18.182,23,23.0,3.0,1.0,13.0,10.0,4.0,0.0,3.043,182.0,14.0
2026-07-04 21:47:23,81.05,Serecola,35.043,76.392,1.0,2,0.0,4.122,15,47.619,43.75,20.833,4.0,5.0,41.0,117.0,3.0,3.0,0.0,59.459,23.75,31.624,37.0,2.0,0.0,22.0,15.0,2.0,0.0,3.405,182.0,19.0
2026-07-29 04:35:02,107.089,redeyes,62.329,141.521,5.0,5,0.0,4.253,34,71.429,68.333,51.724,10.0,13.0,91.0,146.0,3.0,2.0,0.0,82.192,42.466,50,73.0,5.0,2.0,60.0,13.0,0.0,0.0,3.904,191.0,31.0
2026-07-30 04:09:15,107.689,redeyes,62.185,147.429,5.0,4,0.0,3.865,33,62.963,64,59.524,10.0,13.0,74.0,119.0,5.0,0.0,0.0,94,39.13,42.017,50.0,10.0,1.0,47.0,3.0,0.0,1.0,3.46,191.0,27.0
2026-08-01 06:30:22,110.599,redeyes,42.424,124.398,6.0,3,0.0,3.476,21,7.143,41.026,54.348,9.0,14.0,42.0,99.0,1.0,5.0,0.0,88.235,18.462,34.343,34.0,10.0,1.0,30.0,4.0,2.0,0.0,3.029,191.0,12.0
2026-08-04 04:58:34,110.418,redeyes,55.046,145.694,5.0,7,0.0,3.75,26,68.75,55.319,50,10.0,9.0,60.0,109.0,4.0,0.0,1.0,86,28.814,45.872,50.0,9.0,1.0,43.0,7.0,1.0,1.0,3.54,191.0,17.0
2026-08-04 07:16:29,112.644,redeyes,52.5,114.991,0.0,2,0.0,4.19,15,41.176,54.286,57.143,4.0,10.0,42.0,80.0,1.0,4.0,0.0,75.862,39.216,36.25,29.0,4.0,1.0,22.0,7.0,3.0,0.0,3.517,191.0,20.0
2026-08-05 06:44:34,111.303,redeyes,53.237,105.242,1.0,5,0.0,4.5,21,56.522,57.143,45.652,3.0,16.0,74.0,139.0,3.0,3.0,0.0,81.481,35.294,38.849,54.0,4.0,2.0,44.0,10.0,3.0,0.0,3.944,191.0,30.0
2026-08-06 07:55:09,111.357,redeyes,49.18,117.768,4.0,1,0.0,4.133,22,41.667,44.898,57.143,6.0,12.0,60.0,122.0,1.0,4.0,0.0,79.245,26.087,43.443,53.0,4.0,0.0,42.0,11.0,2.0,0.0,3.547,191.0,18.0
2026-08-08 01:30:10,111.124,redeyes,53.704,124.849,4.0,4,0.0,4.19,22,39.13,60,53.333,6.0,12.0,58.0,108.0,2.0,3.0,0.0,79.592,32.203,45.37,49.0,5.0,2.0,39.0,10.0,2.0,0.0,3.633,191.0,19.0
2026-08-08 22:03:21,111.335,redeyes,48.062,92.161,0.0,9,0.0,4.403,19,45.833,52.542,43.478,6.0,4.0,62.0,129.0,5.0,0.0,0.0,76.923,28.571,40.31,52.0,3.0,4.0,40.0,12.0,0.0,0.0,3.885,191.0,22.0
2026-08-09 21:16:39,111.687,redeyes,52.846,137.195,8.0,4,0.0,3.923,31,36.364,50,61.818,12.0,13.0,65.0,123.0,4.0,1.0,0.0,82.759,26.154,47.154,58.0,7.0,0.0,48.0,10.0,2.0,0.0,3.655,191.0,17.0
2026-05-23 22:05:11,88.087,BijouKoseki,27.778,65.483,0.0,6,1.0,4.3,13,23.077,31.579,27.273,4.0,7.0,30.0,108.0,3.0,2.0,0.0,70.37,13.58,25,27.0,6.0,5.0,19.0,8.0,0.0,0.0,2.926,199.0,11.0
2026-05-26 08:41:45,88.447,BijouKoseki,24.658,48.601,1.0,12,1.0,4.417,13,18.519,28.571,23.214,5.0,4.0,36.0,146.0,4.0,2.0,0.0,57.895,12.963,26.027,38.0,3.0,4.0,22.0,16.0,5.0,0.0,3.395,199.0,14.0
2026-05-31 08:51:02,88.134,BijouKoseki,35.965,80.068,3.0,9,1.0,4.317,12,13.333,47.826,32.075,5.0,5.0,41.0,114.0,1.0,4.0,0.0,76.667,21.429,26.316,30.0,4.0,1.0,23.0,7.0,1.0,0.0,3.533,199.0,18.0
2026-06-02 09:33:46,86.549,BijouKoseki,37.736,67.313,2.0,8,1.0,4.733,13,35.714,38.71,38.182,7.0,5.0,60.0,159.0,3.0,3.0,0.0,77.273,22.609,27.673,44.0,4.0,0.0,34.0,10.0,2.0,0.0,4.045,199.0,26.0
2026-06-02 11:31:31,85.972,BijouKoseki,38.129,75.361,5.0,6,1.0,4.755,12,26.316,39.623,40.299,6.0,4.0,53.0,139.0,3.0,3.0,0.0,75.758,26.415,23.741,33.0,8.0,0.0,25.0,8.0,0.0,0.0,3.909,199.0,28.0
2026-06-04 02:37:05,85.658,BijouKoseki,30.303,56.929,1.0,4,0.0,4.475,12,26.316,27.419,35.294,5.0,1.0,40.0,132.0,2.0,4.0,0.0,57.143,20.619,26.515,35.0,3.0,1.0,20.0,15.0,2.0,0.0,3.343,199.0,20.0
2026-06-09 06:10:04,83.386,BijouKoseki,30.435,57.382,0.0,6,1.0,4.571,12,20,26.923,39.286,4.0,1.0,42.0,138.0,1.0,4.0,0.0,58.974,19.192,28.261,39.0,6.0,4.0,23.0,16.0,5.0,0.0,3.128,199.0,19.0
2026-06-11 07:29:51,82.773,BijouKoseki,37.162,47.544,0.0,3,0.0,5.327,6,50,30.909,36.923,5.0,0.0,55.0,148.0,1.0,2.0,2.0,80,21.296,27.027,40.0,7.0,1.0,32.0,8.0,1.0,0.0,4.6,199.0,23.0
2026-06-22 15:19:23,81.355,BijouKoseki,37.615,62.304,0.0,5,0.0,4.732,11,44.444,28.571,45.238,5.0,1.0,41.0,109.0,4.0,1.0,0.0,75,24.691,25.688,28.0,2.0,1.0,21.0,7.0,2.0,0.0,3.929,199.0,20.0
2026-06-23 16:03:42,81.969,BijouKoseki,27.731,56.838,1.0,10,1.0,4.545,10,23.81,16.327,40.816,3.0,6.0,33.0,119.0,3.0,3.0,0.0,74.194,11.364,26.05,31.0,6.0,4.0,23.0,8.0,1.0,0.0,3.548,199.0,10.0
2026-03-10 18:57:18,91.32,Nefregar,20.769,50.214,2.0,11,1.0,4.481,10,21.429,17.544,24.444,5.0,7.0,27.0,130.0,2.0,4.0,0.0,71.875,4.082,24.615,32.0,5.0,0.0,23.0,9.0,2.0,0.0,3.906,200.0,4.0
2026-03-12 19:24:00,84.53,Nefregar,21.818,48.954,0.0,8,1.0,4.292,10,22.222,22.727,20.833,2.0,4.0,24.0,110.0,3.0,2.0,0.0,74.194,1.266,28.182,31.0,5.0,3.0,23.0,8.0,1.0,0.0,3.677,200.0,1.0
2026-03-19 19:00:23,80.77,Nefregar,21.495,64.702,3.0,3,1.0,3.609,12,19.048,23.256,20.93,5.0,1.0,23.0,107.0,4.0,2.0,0.0,84,2.439,23.364,25.0,3.0,0.0,21.0,4.0,1.0,0.0,3.48,200.0,2.0
2026-03-27 19:14:22,81.77,Nefregar,24.348,50.335,0.0,5,0.0,4.357,11,21.739,19.512,29.412,6.0,4.0,28.0,115.0,2.0,3.0,0.0,65.789,3.896,33.043,38.0,6.0,3.0,25.0,13.0,3.0,0.0,3.447,200.0,3.0
2026-04-17 10:40:03,82.01,Nefregar,23.2,55.801,2.0,7,2.0,4.379,11,25,20.69,25.581,6.0,3.0,29.0,125.0,2.0,4.0,0.0,72.222,3.371,28.8,36.0,4.0,2.0,26.0,10.0,4.0,0.0,3.667,200.0,3.0
2026-04-21 18:07:14,77.785,Nefregar,23.864,39.604,0.0,7,0.0,4.762,4,45,16.129,18.919,3.0,0.0,21.0,88.0,1.0,4.0,0.0,64.286,5,31.818,28.0,2.0,3.0,18.0,10.0,2.0,0.0,3.607,200.0,3.0
2026-03-15 18:56:51,100.25,rorf,39.216,148.386,8.0,7,0.0,2.925,28,38.889,39.535,39.024,11.0,10.0,40.0,102.0,2.0,3.0,0.0,81.818,18.841,32.353,33.0,11.0,2.0,27.0,6.0,0.0,0.0,2.455,201.0,13.0
2026-03-21 16:06:01,102.086,rorf,37.963,121.244,4.0,12,0.0,3.512,21,52.381,31.915,37.5,10.0,8.0,41.0,108.0,3.0,2.0,0.0,85.714,21.25,25.926,28.0,5.0,1.0,24.0,4.0,0.0,0.0,3.214,201.0,17.0
2026-03-23 16:19:31,101.86,rorf,43.434,121.295,5.0,6,1.0,4.209,18,47.059,41.026,44.186,11.0,3.0,43.0,99.0,5.0,0.0,0.0,91.667,28,24.242,24.0,7.0,0.0,22.0,2.0,2.0,0.0,3.292,201.0,21.0
2026-05-08 11:01:28,106.461,rorf,34.146,111.456,5.0,7,0.0,3.524,20,47.368,33.333,30,9.0,9.0,42.0,123.0,3.0,3.0,0.0,76.667,20.43,24.39,30.0,8.0,1.0,23.0,7.0,4.0,0.0,2.933,201.0,19.0
2026-05-27 08:15:50,98.636,rorf,33.071,89.242,3.0,4,0.0,4.095,18,38.889,29.31,35.294,7.0,10.0,42.0,127.0,4.0,2.0,0.0,84.615,19.802,20.472,26.0,6.0,1.0,22.0,4.0,1.0,0.0,3.0,201.0,20.0
2026-05-28 07:37:15,99.201,rorf,35.78,93.57,3.0,6,0.0,4.051,14,36.842,36.364,34.783,4.0,9.0,39.0,109.0,2.0,3.0,0.0,86.207,17.5,26.606,29.0,6.0,0.0,25.0,4.0,2.0,0.0,3.379,201.0,14.0
2026-05-30 20:52:51,99.235,rorf,35.556,95.322,3.0,6,0.0,3.938,15,50,32.353,34.091,8.0,4.0,32.0,90.0,3.0,2.0,0.0,88.462,14.062,28.889,26.0,4.0,2.0,23.0,3.0,0.0,0.0,3.346,201.0,9.0
2026-05-31 11:31:54,98.674,rorf,31.683,94.3,5.0,8,1.0,3.656,16,23.81,40,25.714,9.0,3.0,32.0,101.0,3.0,2.0,0.0,84.211,19.512,18.812,19.0,8.0,1.0,16.0,3.0,1.0,0.0,2.526,201.0,16.0
2026-06-02 17:45:59,97.756,rorf,29.0,63.544,0.0,8,0.0,4.138,12,43.75,26.667,25.641,2.0,5.0,29.0,100.0,1.0,4.0,0.0,76,13.333,25,25.0,1.0,1.0,19.0,6.0,2.0,0.0,3.52,201.0,10.0
2026-07-02 18:06:06,95.793,rorf,32.609,92.762,5.0,3,0.0,3.4,15,34.783,32.143,31.707,6.0,7.0,30.0,92.0,2.0,4.0,0.0,85.714,16.901,22.826,21.0,7.0,1.0,18.0,3.0,1.0,0.0,2.619,201.0,12.0
2026-08-04 04:58:34,105.0,Kicco,55.963,133.934,2.0,7,0.0,3.885,26,62.5,55.319,54.348,8.0,11.0,61.0,109.0,4.0,0.0,1.0,91.176,40,31.193,34.0,5.0,1.0,31.0,3.0,0.0,0.0,3.588,202.0,30.0
2026-08-05 06:44:34,116.17,Kicco,56.338,113.877,3.0,3,0.0,4.55,24,72.727,53.731,52.83,7.0,22.0,80.0,142.0,2.0,4.0,0.0,90.323,46.847,21.831,31.0,5.0,1.0,28.0,3.0,1.0,2.0,4.613,202.0,52.0
2026-07-07 04:02:22,90.303,TBDhater,39.56,93.567,2.0,3,0.0,3.944,14,50,33.333,43.59,4.0,5.0,36.0,91.0,3.0,2.0,0.0,71.429,12.245,46.154,42.0,9.0,1.0,30.0,12.0,4.0,0.0,3.381,205.0,6.0
2026-07-10 08:43:19,92.513,TBDhater,32.0,85.877,3.0,3,0.0,3.875,15,29.167,33.333,32.558,4.0,6.0,32.0,100.0,2.0,4.0,0.0,77.778,6.25,36,36.0,4.0,0.0,28.0,8.0,4.0,0.0,3.111,205.0,4.0
2026-07-11 14:18:20,93.569,TBDhater,43.662,101.55,8.0,9,0.0,4.306,21,56.667,51.02,31.746,11.0,9.0,62.0,142.0,4.0,1.0,1.0,83.607,13.58,42.958,61.0,7.0,2.0,51.0,10.0,4.0,0.0,3.672,205.0,11.0
2026-07-15 10:55:21,94.13,TBDhater,31.897,71.959,3.0,3,1.0,4.189,12,13.043,40.816,31.818,5.0,5.0,37.0,116.0,1.0,5.0,0.0,76.744,5.479,37.069,43.0,3.0,0.0,33.0,10.0,0.0,0.0,3.744,205.0,4.0
2026-07-15 18:09:02,93.123,TBDhater,38.843,100.936,4.0,6,0.0,4.043,22,47.368,35.849,38.776,6.0,9.0,47.0,121.0,2.0,3.0,0.0,76.923,10.145,42.975,52.0,3.0,4.0,40.0,12.0,3.0,0.0,3.288,205.0,7.0
2026-07-16 14:20:53,93.874,TBDhater,46.154,97.579,3.0,8,0.0,4.383,19,57.692,34,51.852,10.0,5.0,60.0,130.0,5.0,1.0,0.0,82.759,16.667,44.615,58.0,5.0,3.0,48.0,10.0,2.0,0.0,3.603,205.0,12.0
2026-07-25 10:58:47,94.73,TBDhater,46.565,120.304,6.0,4,0.0,4.0,30,47.368,36.538,55,14.0,12.0,61.0,131.0,5.0,1.0,0.0,78.689,18.571,46.565,61.0,6.0,1.0,48.0,13.0,3.0,0.0,3.361,205.0,13.0
2026-07-27 09:02:15,95.846,TBDhater,39.103,104.056,5.0,9,0.0,3.885,27,41.86,35.294,40.323,10.0,13.0,61.0,156.0,5.0,1.0,0.0,81.25,9.783,41.026,64.0,8.0,1.0,52.0,12.0,2.0,1.0,3.484,205.0,9.0
2026-08-08 15:58:25,96.854,TBDhater,36.752,96.711,3.0,2,0.0,3.814,21,35.714,35.556,38.636,5.0,11.0,43.0,117.0,1.0,5.0,0.0,80.952,12,35.897,42.0,4.0,1.0,34.0,8.0,2.0,0.0,3.357,205.0,9.0
2026-08-11 16:15:35,96.12,TBDhater,39.062,80.1,2.0,9,0.0,4.2,18,56.667,30,39.474,7.0,2.0,50.0,128.0,3.0,3.0,0.0,80.392,11.688,39.844,51.0,2.0,2.0,41.0,10.0,3.0,0.0,3.549,205.0,9.0
2026-06-25 23:03:08,66.36,Wolbachia,22.222,57.535,1.0,5,0.0,3.654,14,29.63,10.87,29.545,4.0,5.0,26.0,117.0,5.0,1.0,0.0,79.167,7.527,20.513,24.0,9.0,0.0,19.0,5.0,2.0,0.0,3.167,207.0,7.0
2026-07-02 04:20:29,70.74,Wolbachia,16.154,49.049,4.0,9,1.0,3.381,12,8.696,12.308,26.19,5.0,7.0,21.0,130.0,0.0,6.0,0.0,64,4.762,19.231,25.0,12.0,3.0,16.0,9.0,3.0,0.0,2.4,207.0,5.0
2026-07-03 21:07:23,72.89,Wolbachia,15.686,34.219,2.0,10,0.0,4.125,4,13.043,14.634,18.421,2.0,2.0,16.0,102.0,0.0,5.0,0.0,64.286,7.955,13.725,14.0,7.0,1.0,9.0,5.0,2.0,0.0,3.143,207.0,7.0
2026-07-07 04:02:22,68.633,Wolbachia,14.0,41.169,2.0,5,0.0,3.571,7,11.111,5.882,20.833,6.0,0.0,14.0,100.0,4.0,1.0,0.0,69.231,5.747,13,13.0,3.0,0.0,9.0,4.0,0.0,0.0,3.154,207.0,5.0
2026-07-10 04:23:07,70.82,Wolbachia,20.909,53.418,2.0,8,2.0,4.087,11,22.222,13.514,25.455,5.0,4.0,23.0,110.0,3.0,2.0,0.0,61.538,8.333,23.636,26.0,8.0,0.0,16.0,10.0,0.0,0.0,2.462,207.0,7.0
2026-07-11 05:05:05,71.843,Wolbachia,24.719,75.28,4.0,3,2.0,3.773,10,15.385,32.353,21.429,4.0,4.0,22.0,89.0,4.0,1.0,0.0,52.381,16.176,23.596,21.0,8.0,1.0,11.0,10.0,2.0,0.0,2.143,207.0,11.0
2026-07-20 05:49:04,74.18,Wolbachia,21.101,47.513,1.0,5,1.0,4.304,9,13.043,24.444,21.951,1.0,9.0,23.0,109.0,1.0,4.0,0.0,73.333,12.766,13.761,15.0,3.0,0.0,11.0,4.0,2.0,0.0,3.4,207.0,12.0
2026-07-24 04:59:24,73.306,Wolbachia,20.339,58.34,5.0,7,1.0,4.0,11,21.053,10,30.612,7.0,2.0,24.0,118.0,4.0,1.0,0.0,77.273,7.292,18.644,22.0,8.0,0.0,17.0,5.0,1.0,0.0,2.909,207.0,7.0
2026-07-29 21:01:21,75.901,Wolbachia,20.87,63.375,5.0,16,0.0,3.583,9,23.077,17.308,24.324,7.0,4.0,24.0,115.0,3.0,3.0,0.0,69.565,8.696,20,23.0,12.0,3.0,16.0,7.0,2.0,0.0,2.478,207.0,8.0
2026-08-04 04:58:34,77.962,Wolbachia,25.954,60.159,2.0,6,1.0,4.176,12,9.524,25,32.759,7.0,4.0,34.0,131.0,2.0,2.0,1.0,82.759,9.804,22.137,29.0,9.0,1.0,24.0,5.0,0.0,0.0,3.345,207.0,10.0
2026-07-02 18:06:06,88.987,Torradinhas,42.742,126.866,9.0,4,0.0,3.302,31,46.667,43.902,39.623,16.0,7.0,53.0,124.0,5.0,1.0,0.0,86.486,24.138,29.839,37.0,13.0,2.0,32.0,5.0,1.0,0.0,2.378,214.0,21.0
2026-07-07 04:02:22,92.111,Torradinhas,35.965,93.639,5.0,4,1.0,3.902,19,29.63,29.268,45.652,6.0,9.0,41.0,114.0,4.0,1.0,0.0,93.103,16.471,25.439,29.0,9.0,1.0,27.0,2.0,0.0,0.0,3.103,214.0,14.0
2026-07-13 14:30:10,91.196,Torradinhas,28.829,55.85,1.0,4,0.0,4.594,9,52.632,28,19.048,3.0,7.0,32.0,111.0,3.0,2.0,0.0,78.125,8.861,28.829,32.0,6.0,1.0,25.0,7.0,4.0,0.0,3.812,214.0,7.0
2026-07-14 13:58:57,91.036,Torradinhas,31.034,78.611,5.0,13,0.0,4.083,14,45,28.302,27.907,6.0,6.0,36.0,116.0,3.0,3.0,0.0,60.714,21.591,24.138,28.0,9.0,6.0,17.0,11.0,2.0,1.0,2.143,214.0,19.0
2026-07-17 23:08:39,91.401,Torradinhas,35.897,86.818,2.0,1,0.0,3.905,18,36,34.211,37.037,6.0,9.0,42.0,117.0,4.0,2.0,0.0,82.759,20.455,24.786,29.0,4.0,0.0,24.0,5.0,3.0,0.0,3.0,214.0,18.0
2026-07-29 21:01:21,92.253,Torradinhas,33.333,98.527,5.0,8,0.0,3.649,17,47.368,38.636,22.917,8.0,7.0,37.0,111.0,3.0,3.0,0.0,80.645,15,27.928,31.0,5.0,2.0,25.0,6.0,2.0,0.0,2.613,214.0,12.0
2026-07-31 21:46:36,93.599,Torradinhas,35.938,91.175,5.0,15,0.0,3.87,20,35.714,40.351,30.233,13.0,4.0,46.0,128.0,5.0,1.0,0.0,71.739,15.854,35.938,46.0,8.0,5.0,33.0,13.0,2.0,0.0,3.043,214.0,13.0
2026-08-05 16:03:30,94.183,Torradinhas,37.5,103.453,3.0,7,0.0,3.389,16,58.824,25.714,38.636,7.0,7.0,36.0,96.0,3.0,3.0,0.0,76.923,10.526,40.625,39.0,6.0,1.0,30.0,9.0,5.0,0.0,2.923,214.0,6.0
2026-08-08 22:03:21,95.878,Torradinhas,39.669,88.645,3.0,11,0.0,4.271,14,57.692,30.508,41.667,8.0,5.0,48.0,121.0,3.0,2.0,0.0,88.235,20.69,28.099,34.0,5.0,2.0,30.0,4.0,0.0,0.0,3.647,214.0,18.0
2026-08-11 16:15:35,96.714,Torradinhas,37.5,101.841,7.0,12,2.0,3.822,20,46.667,34.615,37.736,13.0,6.0,45.0,120.0,3.0,3.0,0.0,77.143,21.176,29.167,35.0,6.0,4.0,27.0,8.0,1.0,2.0,2.971,214.0,18.0
2026-07-18 06:38:20,101.433,ShelterRin,48.413,82.543,0.0,5,0.0,4.82,14,51.852,47.727,47.273,2.0,6.0,61.0,126.0,2.0,3.0,0.0,83.871,36.842,24.603,31.0,1.0,0.0,26.0,5.0,1.0,0.0,4.258,217.0,35.0
2026-07-20 05:49:04,101.216,ShelterRin,50.0,102.781,2.0,9,0.0,4.328,25,63.158,49.02,46.875,5.0,9.0,67.0,134.0,3.0,2.0,0.0,90.909,36.634,24.627,33.0,3.0,0.0,30.0,3.0,1.0,1.0,3.636,217.0,37.0
2026-07-25 21:09:29,101.684,ShelterRin,53.191,150.49,3.0,6,0.0,3.48,25,50,45.238,64.706,13.0,8.0,50.0,94.0,4.0,2.0,0.0,95.833,38.571,25.532,24.0,4.0,0.0,23.0,1.0,0.0,0.0,2.958,217.0,27.0
2026-07-29 21:01:21,103.941,ShelterRin,49.153,105.451,1.0,11,0.0,4.0,21,55,52.542,41.026,9.0,7.0,58.0,118.0,2.0,4.0,0.0,93.75,32.558,27.119,32.0,1.0,0.0,30.0,2.0,1.0,0.0,3.812,217.0,28.0
2026-07-31 21:46:36,103.451,ShelterRin,40.625,122.595,3.0,6,0.0,3.359,22,38.095,44.737,37.838,10.0,11.0,39.0,96.0,3.0,3.0,0.0,83.333,26.389,25,24.0,6.0,2.0,20.0,4.0,2.0,0.0,2.667,217.0,19.0
2026-08-01 10:34:49,105.316,ShelterRin,51.634,114.165,6.0,3,0.0,4.532,20,48.276,43.939,62.069,10.0,15.0,79.0,153.0,1.0,4.0,1.0,83.333,34.343,35.294,54.0,6.0,0.0,45.0,9.0,5.0,2.0,3.907,217.0,34.0
2026-08-06 21:12:37,105.397,ShelterRin,54.074,139.338,7.0,16,0.0,3.548,39,44.444,56.667,54.386,11.0,23.0,73.0,135.0,2.0,4.0,0.0,90.698,36.957,31.852,43.0,8.0,0.0,39.0,4.0,1.0,1.0,3.326,217.0,34.0
2026-08-08 22:03:21,107.442,ShelterRin,50.427,104.518,2.0,7,0.0,4.305,16,52.381,45.763,56.757,3.0,14.0,59.0,117.0,2.0,3.0,0.0,96.875,32.941,27.35,32.0,0.0,0.0,31.0,1.0,0.0,0.0,3.906,217.0,28.0
2026-08-09 21:16:39,107.641,ShelterRin,59.35,150.713,4.0,8,0.0,3.808,29,73.333,57.143,57.692,12.0,17.0,73.0,123.0,2.0,3.0,0.0,88.889,51.042,21.951,27.0,4.0,1.0,24.0,3.0,1.0,1.0,3.444,217.0,49.0
2026-08-13 08:14:24,107.359,ShelterRin,49.138,91.448,0.0,5,0.0,4.456,18,42.857,47.368,52.632,4.0,12.0,57.0,116.0,2.0,3.0,0.0,87.097,35.294,26.724,31.0,2.0,1.0,27.0,4.0,2.0,0.0,4.0,217.0,30.0
2026-04-27 10:01:40,115.23,Bofu,53.968,121.685,3.0,6,0.0,4.471,23,56.25,45.902,63.265,8.0,8.0,68.0,126.0,3.0,2.0,0.0,93.103,42.268,23.016,29.0,6.0,1.0,27.0,2.0,0.0,0.0,4.414,220.0,41.0
2026-05-08 11:01:28,115.31,Bofu,48.905,142.497,4.0,6,0.0,3.672,29,52.632,39.394,59.615,7.0,18.0,67.0,137.0,3.0,3.0,0.0,96.875,34.286,23.358,32.0,5.0,0.0,31.0,1.0,0.0,0.0,3.25,220.0,36.0
2026-05-23 22:05:11,108.88,Bofu,62.712,149.498,5.0,7,0.0,4.216,26,59.259,62.791,64.583,13.0,10.0,74.0,118.0,3.0,2.0,0.0,95.349,44,36.441,43.0,6.0,0.0,41.0,2.0,0.0,1.0,4.116,220.0,33.0
2026-06-02 11:31:31,111.004,Bofu,55.396,128.306,7.0,6,0.0,4.364,24,36.842,47.17,67.164,10.0,11.0,77.0,139.0,3.0,3.0,0.0,94.595,41.176,26.619,37.0,8.0,2.0,35.0,2.0,0.0,2.0,3.649,220.0,42.0
2026-06-04 21:32:59,110.725,Bofu,50.515,149.126,5.0,5,0.0,3.571,26,61.111,39.024,57.895,11.0,14.0,49.0,97.0,1.0,4.0,0.0,100,36,22.68,22.0,5.0,0.0,22.0,0.0,0.0,1.0,3.5,220.0,27.0
2026-06-25 23:03:08,110.176,Bofu,51.282,156.701,9.0,5,0.0,3.367,32,44.444,52.174,54.545,13.0,12.0,60.0,117.0,5.0,1.0,0.0,96,39.13,21.368,25.0,9.0,1.0,24.0,1.0,0.0,3.0,2.84,220.0,36.0
2026-07-13 14:30:10,112.395,Bofu,57.692,152.16,3.0,2,0.0,3.893,33,69.231,50.98,58.491,9.0,20.0,75.0,130.0,3.0,1.0,1.0,97.436,40.659,30,39.0,11.0,0.0,38.0,1.0,0.0,1.0,3.615,220.0,37.0
2026-07-19 23:57:29,113.512,Bofu,56.667,158.195,10.0,6,0.0,3.603,30,57.576,62.5,48.718,14.0,11.0,68.0,120.0,1.0,4.0,0.0,96.774,42.697,25.833,31.0,13.0,0.0,30.0,1.0,1.0,1.0,2.677,220.0,38.0
2026-08-02 15:57:30,114.507,Bofu,59.821,147.01,5.0,4,0.0,4.06,25,50,52.778,66.667,8.0,13.0,67.0,112.0,3.0,1.0,1.0,94.286,44.156,31.25,35.0,6.0,0.0,33.0,2.0,0.0,1.0,3.686,220.0,34.0
2026-08-09 21:16:39,115.359,Bofu,63.208,153.766,5.0,2,0.0,3.896,25,71.429,52.381,69.767,6.0,13.0,67.0,106.0,2.0,3.0,0.0,96.296,51.899,25.472,27.0,3.0,0.0,26.0,1.0,0.0,2.0,4.0,220.0,41.0
2026-03-09 22:30:42,112.05,Neumann,50.781,114.403,1.0,5,0.0,4.477,22,50,52.083,50,7.0,13.0,65.0,128.0,1.0,3.0,1.0,86.047,32.941,33.594,43.0,5.0,2.0,37.0,6.0,1.0,0.0,3.884,221.0,28.0
2026-05-28 07:37:15,90.257,VuhrCulls,37.5,76.46,2.0,6,2.0,4.538,12,40,35.294,39.474,4.0,3.0,39.0,104.0,1.0,4.0,0.0,93.75,12.5,30.769,32.0,3.0,1.0,30.0,2.0,0.0,0.0,4.5,223.0,9.0
2026-05-31 04:15:32,88.649,VuhrCulls,30.172,82.763,2.0,9,0.0,3.343,21,46.667,39.535,18.966,8.0,7.0,35.0,116.0,3.0,3.0,0.0,86.207,11.494,25,29.0,7.0,0.0,25.0,4.0,1.0,0.0,3.0,223.0,10.0
2026-06-09 06:10:04,89.186,VuhrCulls,44.66,83.853,2.0,2,0.0,4.63,12,40.909,54.762,35.897,8.0,2.0,46.0,103.0,2.0,3.0,0.0,97.143,17.647,33.981,35.0,5.0,0.0,34.0,1.0,0.0,0.0,4.743,223.0,12.0
2026-06-11 07:29:51,89.688,VuhrCulls,34.615,66.653,3.0,6,0.0,4.933,10,50,35.593,28.302,4.0,4.0,45.0,130.0,3.0,2.0,0.0,84.211,14.13,29.231,38.0,7.0,0.0,32.0,6.0,1.0,0.0,4.421,223.0,13.0
2026-06-12 07:12:19,88.087,VuhrCulls,36.0,68.613,2.0,9,0.0,4.711,12,43.75,31.034,39.216,8.0,3.0,45.0,125.0,4.0,2.0,0.0,85.294,17.582,27.2,34.0,5.0,2.0,29.0,5.0,0.0,0.0,3.941,223.0,16.0
2026-07-04 21:47:23,88.558,VuhrCulls,38.889,84.185,4.0,7,0.0,4.357,20,29.167,49.057,34.328,6.0,8.0,56.0,144.0,3.0,3.0,0.0,93.478,13.265,31.944,46.0,7.0,0.0,43.0,3.0,0.0,0.0,4.043,223.0,13.0
2026-07-08 05:48:36,89.196,VuhrCulls,42.017,70.301,1.0,3,1.0,4.88,12,33.333,56.41,35.593,1.0,7.0,50.0,119.0,1.0,3.0,1.0,90.476,15.584,35.294,42.0,4.0,0.0,38.0,4.0,1.0,1.0,4.619,223.0,12.0
2026-07-10 04:23:07,88.931,VuhrCulls,43.81,89.189,2.0,5,0.0,4.435,17,52.174,43.59,39.535,8.0,5.0,46.0,105.0,4.0,1.0,0.0,84.848,25,31.429,33.0,7.0,2.0,28.0,5.0,0.0,1.0,4.0,223.0,18.0
2026-07-21 06:03:08,90.887,VuhrCulls,37.762,69.553,0.0,8,0.0,4.519,14,40.741,32.143,41.667,4.0,3.0,54.0,143.0,1.0,4.0,0.0,91.304,12.371,32.168,46.0,4.0,1.0,42.0,4.0,1.0,0.0,4.217,223.0,12.0
2026-08-11 16:15:35,89.252,VuhrCulls,25.833,46.078,2.0,12,1.0,4.645,8,40,17.308,30.189,4.0,2.0,31.0,120.0,3.0,3.0,0.0,86.207,6.593,24.167,29.0,2.0,1.0,25.0,4.0,2.0,0.0,4.345,223.0,6.0
2026-06-09 18:09:55,79.785,MythAndroid,27.826,64.5,1.0,14,0.0,4.031,13,40,15.909,33.333,4.0,7.0,32.0,115.0,5.0,1.0,0.0,59.184,4.545,42.609,49.0,5.0,2.0,29.0,20.0,6.0,0.0,3.143,225.0,3.0
2026-06-13 17:57:39,81.136,MythAndroid,27.049,61.228,1.0,7,0.0,4.152,10,47.826,24.444,20.37,5.0,4.0,33.0,122.0,3.0,3.0,0.0,53.333,11.688,36.885,45.0,4.0,3.0,24.0,21.0,5.0,0.0,3.111,225.0,9.0
2026-06-16 11:06:33,82.682,MythAndroid,17.986,30.64,0.0,5,0.0,4.68,6,27.586,19.608,11.864,1.0,0.0,25.0,139.0,3.0,3.0,0.0,46.512,5.208,30.935,43.0,6.0,3.0,20.0,23.0,1.0,0.0,3.488,225.0,5.0
2026-07-02 18:06:06,82.506,MythAndroid,27.928,59.14,1.0,6,0.0,3.935,14,25,27.027,29.63,3.0,4.0,31.0,111.0,3.0,3.0,0.0,58.696,6.154,41.441,46.0,7.0,4.0,27.0,19.0,5.0,0.0,3.152,225.0,4.0
2026-07-03 21:07:23,82.112,MythAndroid,27.928,64.431,2.0,14,0.0,3.935,15,25,25.926,32.432,4.0,6.0,31.0,111.0,4.0,1.0,0.0,62.5,1.587,43.243,48.0,0.0,6.0,30.0,18.0,2.0,0.0,3.021,225.0,1.0
2026-07-11 14:18:20,81.447,MythAndroid,27.068,61.021,3.0,8,0.0,4.361,13,46.154,27.778,16.981,7.0,6.0,36.0,133.0,3.0,3.0,0.0,49.254,4.545,50.376,67.0,10.0,5.0,33.0,34.0,6.0,0.0,3.313,225.0,3.0
2026-07-12 13:52:16,81.313,MythAndroid,25.743,66.091,2.0,10,0.0,3.615,15,45.455,17.5,23.077,2.0,4.0,26.0,101.0,2.0,4.0,0.0,43.902,13.333,40.594,41.0,7.0,5.0,18.0,23.0,9.0,1.0,2.463,225.0,8.0
2026-07-13 14:30:10,82.248,MythAndroid,18.852,21.424,0.0,2,4.0,5.348,2,18.75,18.75,19.048,0.0,2.0,23.0,122.0,1.0,4.0,0.0,40,6.494,36.885,45.0,3.0,1.0,18.0,27.0,3.0,0.0,3.867,225.0,5.0
2026-07-15 18:09:02,79.756,MythAndroid,28.099,47.906,1.0,6,1.0,4.765,9,42.105,24.528,26.531,2.0,3.0,34.0,121.0,2.0,3.0,0.0,50.847,6.452,48.76,59.0,1.0,4.0,30.0,29.0,6.0,0.0,3.475,225.0,4.0
2026-07-19 23:57:29,78.811,MythAndroid,22.917,38.04,0.0,7,0.0,4.455,6,37.5,15.789,20.588,1.0,3.0,22.0,96.0,1.0,4.0,0.0,45.946,8.475,38.542,37.0,1.0,4.0,17.0,20.0,7.0,0.0,3.054,225.0,5.0
2026-04-03 21:23:14,104.14,Jessi,30.579,90.386,4.0,7,3.0,4.108,19,48.276,21.429,28,12.0,3.0,37.0,121.0,5.0,0.0,0.0,88,15.625,20.661,25.0,11.0,1.0,22.0,3.0,2.0,0.0,2.76,226.0,15.0
2026-05-23 22:05:11,90.27,Jessi,44.915,98.5,2.0,7,0.0,4.415,17,44.444,44.186,45.833,11.0,4.0,53.0,118.0,3.0,2.0,0.0,92.308,21.519,33.051,39.0,3.0,0.0,36.0,3.0,0.0,0.0,4.205,226.0,17.0
2026-05-25 14:16:02,92.57,Jessi,37.143,123.433,5.0,3,1.0,3.462,16,36.364,29.032,46.429,10.0,6.0,26.0,70.0,4.0,1.0,0.0,100,13.725,27.143,19.0,8.0,0.0,19.0,0.0,0.0,0.0,3.579,226.0,7.0
2026-08-09 21:16:39,95.38,Jessi,34.586,85.637,4.0,13,0.0,3.935,18,45.455,28.302,36.207,4.0,12.0,46.0,133.0,4.0,1.0,0.0,91.176,15.152,25.564,34.0,6.0,0.0,31.0,3.0,2.0,2.0,3.647,226.0,15.0
2026-02-01 16:58:28,12.171,Dry,42.373,16.577,5.0,8,0.0,3.62,25,36,47.619,41.176,10.0,11.0,50.0,118.0,2.0,3.0,0.0,81.132,10.769,44.915,53.0,10.0,0.0,43.0,10.0,3.0,0.0,3.415,228.0,7.0
2026-02-14 22:38:25,12.552,Dry,30.435,8.696,2.0,11,0.0,4.405,13,33.333,33.871,25.455,4.0,8.0,42.0,138.0,1.0,4.0,0.0,66,10.227,36.232,50.0,2.0,4.0,33.0,17.0,2.0,0.0,3.7,228.0,9.0
2026-03-21 09:54:50,101.39,Dry,42.857,113.945,8.0,10,1.0,4.238,23,47.059,33.929,49.123,12.0,8.0,63.0,147.0,3.0,2.0,1.0,83.824,7.595,46.259,68.0,12.0,2.0,57.0,11.0,2.0,0.0,3.853,228.0,6.0
2026-04-08 02:58:33,100.494,Dry,37.41,101.16,3.0,7,0.0,4.038,23,41.667,39.062,33.333,10.0,10.0,52.0,139.0,2.0,2.0,1.0,65.079,14.474,45.324,63.0,11.0,3.0,41.0,22.0,4.0,0.0,3.286,228.0,11.0
2026-04-25 17:53:40,102.06,Dry,37.143,96.35,2.0,9,0.0,4.205,15,40,44.186,28.571,4.0,9.0,39.0,105.0,3.0,2.0,0.0,76.596,5.172,44.762,47.0,7.0,3.0,36.0,11.0,1.0,0.0,3.915,228.0,3.0
2026-05-03 09:28:04,101.675,Dry,28.148,83.369,2.0,10,0.0,3.974,18,36.842,25,28.846,3.0,8.0,38.0,135.0,4.0,2.0,0.0,64.286,11.828,31.111,42.0,4.0,4.0,27.0,15.0,0.0,0.0,3.357,228.0,11.0
2026-05-23 22:05:11,92.92,Dry,35.374,76.834,0.0,8,1.0,4.288,20,32.258,40.385,32.812,5.0,9.0,52.0,147.0,1.0,3.0,1.0,66.667,9.877,44.898,66.0,3.0,3.0,44.0,22.0,2.0,0.0,4.061,228.0,8.0
2026-06-20 23:02:30,91.955,Dry,35.075,79.888,1.0,8,1.0,4.085,20,36,42.857,23.913,6.0,6.0,47.0,134.0,1.0,5.0,0.0,75.926,7.5,40.299,54.0,5.0,1.0,41.0,13.0,1.0,0.0,3.833,228.0,6.0
2026-08-14 14:06:42,90.559,Dry,31.765,91.884,4.0,3,0.0,3.593,13,33.333,33.333,29.73,6.0,7.0,27.0,85.0,2.0,3.0,0.0,72.414,10.714,34.118,29.0,6.0,0.0,21.0,8.0,3.0,0.0,3.241,228.0,6.0
2026-05-21 10:05:40,97.791,BigSmo,31.858,78.256,3.0,4,0.0,4.139,11,21.053,27.907,39.216,6.0,6.0,36.0,113.0,2.0,4.0,0.0,61.905,14.085,37.168,42.0,4.0,0.0,26.0,16.0,3.0,0.0,3.476,230.0,10.0
2026-05-30 20:52:51,88.372,BigSmo,34.444,96.902,4.0,6,0.0,3.903,14,33.333,23.529,43.182,7.0,5.0,31.0,90.0,3.0,2.0,0.0,73.333,15,33.333,30.0,3.0,2.0,22.0,8.0,3.0,0.0,3.267,230.0,9.0
2026-05-31 19:17:09,89.248,BigSmo,36.0,105.644,5.0,8,0.0,3.556,21,39.13,32.258,36.957,8.0,8.0,36.0,100.0,5.0,0.0,0.0,60.87,14.815,46,46.0,8.0,3.0,28.0,18.0,4.0,0.0,2.761,230.0,8.0
2026-06-02 11:31:31,91.712,BigSmo,32.54,73.969,4.0,8,0.0,4.488,14,36.842,15.686,46.429,6.0,8.0,41.0,126.0,1.0,5.0,0.0,68.889,12.346,35.714,45.0,6.0,2.0,31.0,14.0,4.0,0.0,3.289,230.0,10.0
2026-06-02 17:45:59,90.069,BigSmo,32.353,76.076,1.0,5,0.0,4.0,12,31.818,31.818,33.333,5.0,8.0,33.0,102.0,4.0,1.0,0.0,59.524,13.333,41.176,42.0,3.0,2.0,25.0,17.0,3.0,0.0,3.238,230.0,8.0
2026-06-15 18:14:28,91.688,BigSmo,35.87,83.228,2.0,4,0.0,4.182,12,52.941,23.684,40.541,7.0,1.0,33.0,92.0,3.0,2.0,0.0,80.645,13.115,33.696,31.0,5.0,1.0,25.0,6.0,1.0,0.0,3.613,230.0,8.0
2026-06-22 23:04:19,91.724,BigSmo,30.526,92.542,4.0,8,0.0,3.448,14,38.095,15.789,41.667,9.0,4.0,29.0,95.0,3.0,2.0,0.0,58.333,13.559,37.895,36.0,7.0,4.0,21.0,15.0,3.0,0.0,2.75,230.0,8.0
2026-06-29 18:14:41,93.628,BigSmo,32.955,108.877,4.0,4,2.0,2.966,20,36.364,30.303,33.333,7.0,8.0,29.0,88.0,3.0,2.0,0.0,61.765,14.815,38.636,34.0,7.0,1.0,21.0,13.0,2.0,0.0,2.588,230.0,8.0
2026-08-14 14:06:42,94.839,BigSmo,40.741,134.957,8.0,3,0.0,3.242,18,38.462,37.5,43.182,11.0,6.0,33.0,81.0,2.0,3.0,0.0,68.421,16.279,46.914,38.0,9.0,2.0,26.0,12.0,4.0,0.0,2.632,230.0,7.0
2026-08-14 21:08:41,96.103,BigSmo,41.085,113.223,7.0,11,1.0,3.774,28,47.826,29.412,49.091,11.0,10.0,53.0,129.0,2.0,4.0,0.0,70.69,16.901,44.961,58.0,12.0,3.0,41.0,17.0,4.0,0.0,3.259,230.0,12.0
2026-08-01 10:34:49,92.73,Serozero,41.611,89.645,3.0,3,0.0,4.484,18,65.217,28.788,46.667,8.0,8.0,62.0,149.0,5.0,1.0,0.0,83.333,17.895,36.242,54.0,9.0,1.0,45.0,9.0,2.0,0.0,3.889,236.0,17.0
2026-08-02 04:39:11,92.351,Serozero,32.653,101.365,5.0,6,1.0,3.469,18,29.412,31.707,35,9.0,5.0,32.0,98.0,4.0,2.0,0.0,80,6.349,35.714,35.0,9.0,2.0,28.0,7.0,0.0,0.0,2.714,236.0,4.0
2026-08-02 15:57:30,92.96,Serozero,29.565,95.628,6.0,4,1.0,3.471,19,25.926,21.951,38.298,7.0,8.0,34.0,115.0,1.0,4.0,0.0,76.471,9.877,29.565,34.0,14.0,0.0,26.0,8.0,3.0,0.0,2.912,236.0,8.0
2026-08-04 04:58:34,92.813,Serozero,38.938,98.725,4.0,6,0.0,4.045,18,26.667,38.889,43.182,5.0,11.0,44.0,113.0,2.0,3.0,0.0,91.176,16.456,30.088,34.0,5.0,1.0,31.0,3.0,0.0,0.0,3.294,236.0,13.0
2026-08-04 07:16:29,92.068,Serozero,27.473,88.264,3.0,8,0.0,3.48,14,16,36.111,26.667,7.0,4.0,25.0,91.0,2.0,3.0,0.0,83.333,7.463,26.374,24.0,5.0,0.0,20.0,4.0,0.0,0.0,3.333,236.0,5.0
2026-08-05 06:44:34,92.198,Serozero,28.169,62.575,0.0,3,7.0,4.375,15,22.727,31.343,26.415,6.0,10.0,40.0,142.0,2.0,4.0,0.0,69.231,12.621,27.465,39.0,6.0,0.0,27.0,12.0,3.0,0.0,3.256,236.0,13.0
2026-08-06 07:55:09,90.666,Serozero,39.423,104.158,5.0,2,0.0,3.951,14,42.857,32.609,45.455,8.0,1.0,41.0,104.0,2.0,3.0,0.0,83.784,14.925,35.577,37.0,8.0,0.0,31.0,6.0,0.0,1.0,3.514,236.0,10.0
2026-08-07 08:19:11,91.576,Serozero,31.159,74.247,1.0,4,3.0,4.023,18,24.138,32.727,33.333,4.0,10.0,43.0,138.0,2.0,4.0,0.0,72.093,12.632,31.159,43.0,12.0,2.0,31.0,12.0,3.0,0.0,3.023,236.0,12.0
2026-08-08 22:03:21,91.323,Serozero,36.364,81.546,1.0,11,1.0,4.159,15,38.462,35.593,36.111,4.0,10.0,44.0,121.0,3.0,2.0,0.0,78.378,17.857,30.579,37.0,3.0,0.0,29.0,8.0,2.0,0.0,3.811,236.0,15.0
2026-08-09 08:47:47,92.843,Serozero,42.446,103.148,7.0,6,0.0,4.169,22,33.333,46.667,44.828,9.0,13.0,59.0,139.0,4.0,2.0,0.0,84.783,21.505,33.094,46.0,6.0,2.0,39.0,7.0,1.0,0.0,3.304,236.0,20.0
2026-08-06 07:55:09,80.0,transfer,8.929,12.348,0.0,4,2.0,5.1,1,9.524,4.762,12.245,0.0,1.0,10.0,112.0,2.0,3.0,0.0,16.667,5.263,32.143,36.0,3.0,2.0,6.0,30.0,3.0,0.0,3.139,237.0,4.0
2026-08-08 22:03:21,49.77,transfer,13.953,30.021,1.0,9,0.0,4.389,5,12.5,11.864,17.391,4.0,0.0,18.0,129.0,5.0,0.0,0.0,24.561,5.556,44.186,57.0,6.0,4.0,14.0,43.0,1.0,0.0,3.579,237.0,4.0
2026-08-14 14:06:42,57.38,transfer,13.043,43.846,3.0,1,3.0,3.2,9,9.524,18.605,9.804,6.0,2.0,15.0,115.0,4.0,1.0,0.0,25,7.595,31.304,36.0,4.0,0.0,9.0,27.0,9.0,1.0,2.833,237.0,6.0
2026-03-27 19:14:22,115.496,Progenitor,47.009,129.954,2.0,9,0.0,3.691,28,54.545,41.304,48.98,4.0,25.0,55.0,117.0,0.0,5.0,0.0,83.333,30.864,30.769,36.0,6.0,3.0,30.0,6.0,2.0,0.0,3.028,238.0,25.0
2026-04-03 21:23:14,109.963,Progenitor,59.016,130.305,4.0,6,0.0,4.431,24,54.167,70,44.737,10.0,10.0,72.0,122.0,2.0,3.0,0.0,83.333,46.25,34.426,42.0,4.0,3.0,35.0,7.0,0.0,0.0,3.69,238.0,37.0
2026-04-08 02:58:33,109.432,Progenitor,50.769,111.849,1.0,7,0.0,4.439,22,45,58.182,45.455,6.0,10.0,66.0,130.0,1.0,4.0,0.0,87.273,24,42.308,55.0,3.0,0.0,48.0,7.0,2.0,0.0,4.091,238.0,18.0
2026-04-10 18:17:34,106.839,Progenitor,54.545,140.885,3.0,3,0.0,4.033,29,61.905,65.909,40,9.0,13.0,60.0,110.0,3.0,2.0,0.0,88.095,33.824,38.182,42.0,4.0,1.0,37.0,5.0,1.0,0.0,3.929,238.0,23.0
2026-04-23 21:30:44,108.837,Progenitor,61.176,178.818,5.0,2,0.0,3.596,25,46.154,72.973,54.286,12.0,10.0,52.0,85.0,2.0,3.0,0.0,88.235,43.137,40,34.0,4.0,0.0,30.0,4.0,2.0,1.0,3.265,238.0,22.0
2026-04-27 10:01:40,109.011,Progenitor,52.727,133.311,5.0,8,0.0,4.121,20,54.545,58.14,46.667,7.0,8.0,58.0,110.0,3.0,2.0,0.0,87.179,33.803,35.455,39.0,6.0,3.0,34.0,5.0,2.0,0.0,3.615,238.0,24.0
2026-05-02 12:26:40,109.781,Progenitor,50.806,116.227,3.0,9,0.0,4.206,20,41.667,62.5,43.75,10.0,3.0,63.0,124.0,3.0,3.0,0.0,80.392,30.137,41.129,51.0,4.0,4.0,41.0,10.0,2.0,2.0,3.51,238.0,22.0
2026-06-06 13:57:43,107.172,Progenitor,53.097,149.792,6.0,8,0.0,3.483,34,42.105,68.75,41.304,11.0,15.0,60.0,113.0,3.0,2.0,0.0,86,26.984,44.248,50.0,11.0,2.0,43.0,7.0,4.0,1.0,3.14,238.0,17.0
2026-07-06 14:03:19,108.729,Progenitor,51.0,115.738,5.0,6,0.0,4.216,19,35,70.588,43.478,9.0,0.0,51.0,100.0,2.0,3.0,0.0,82.857,33.846,35,35.0,4.0,2.0,29.0,6.0,2.0,0.0,3.543,238.0,22.0
2026-07-19 23:57:29,107.29,Progenitor,53.684,135.226,4.0,14,0.0,3.784,25,66.667,58.14,41.176,8.0,10.0,51.0,95.0,3.0,2.0,0.0,87.879,35.484,34.737,33.0,6.0,1.0,29.0,4.0,1.0,0.0,3.212,238.0,22.0
2026-07-21 06:03:08,69.32,yonyon,23.188,41.461,1.0,8,1.0,4.688,8,5.556,20.37,30.303,1.0,3.0,32.0,138.0,2.0,3.0,0.0,76.667,8.333,21.739,30.0,4.0,2.0,23.0,7.0,1.0,0.0,4.133,239.0,9.0
2026-07-22 01:18:08,70.002,yonyon,20.87,50.437,2.0,4,1.0,4.042,11,14.286,25,20.69,4.0,1.0,24.0,115.0,3.0,3.0,0.0,71.429,4.598,24.348,28.0,6.0,2.0,20.0,8.0,0.0,0.0,3.321,239.0,4.0
2026-07-24 04:59:24,70.923,yonyon,24.299,67.462,3.0,5,0.0,3.808,11,33.333,25,19.565,7.0,2.0,26.0,107.0,3.0,2.0,0.0,92.593,1.25,25.234,27.0,3.0,0.0,25.0,2.0,1.0,0.0,3.741,239.0,1.0
2026-07-25 04:25:03,72.563,yonyon,24.752,70.303,3.0,7,1.0,3.76,13,17.391,16.129,34.043,5.0,6.0,25.0,101.0,2.0,3.0,0.0,76.923,6.667,25.743,26.0,7.0,1.0,20.0,6.0,1.0,0.0,3.192,239.0,5.0
2026-07-29 04:35:02,73.576,yonyon,15.574,25.27,0.0,2,1.0,4.737,3,12.5,14,18.75,3.0,1.0,19.0,122.0,1.0,3.0,1.0,70,4.902,16.393,20.0,2.0,0.0,14.0,6.0,1.0,0.0,4.1,239.0,5.0
2026-07-30 04:09:15,72.701,yonyon,14.458,38.737,2.0,5,0.0,3.833,5,10.526,15.789,15.385,3.0,2.0,12.0,83.0,1.0,4.0,0.0,83.333,2.817,14.458,12.0,4.0,1.0,10.0,2.0,0.0,0.0,3.167,239.0,2.0
2026-07-31 21:46:36,73.161,yonyon,17.593,43.507,2.0,11,1.0,3.947,9,9.091,12.5,26.087,5.0,2.0,19.0,108.0,2.0,4.0,0.0,72.727,3.488,20.37,22.0,4.0,3.0,16.0,6.0,1.0,0.0,3.227,239.0,3.0
2026-08-06 21:12:37,73.124,yonyon,22.222,38.753,2.0,16,0.0,4.467,7,16.667,15,31.579,3.0,1.0,30.0,135.0,2.0,4.0,0.0,83.871,3.846,22.963,31.0,6.0,1.0,26.0,5.0,0.0,0.0,4.097,239.0,4.0
2026-08-11 05:09:55,72.082,yonyon,13.393,22.206,0.0,6,2.0,4.533,2,10.526,8,20.93,0.0,1.0,15.0,112.0,2.0,3.0,0.0,64.706,4.211,15.179,17.0,4.0,1.0,11.0,6.0,2.0,0.0,3.706,239.0,4.0
2026-08-13 01:24:25,70.935,yonyon,23.932,47.431,2.0,4,0.0,4.5,11,31.818,18.182,27.5,4.0,4.0,28.0,117.0,4.0,2.0,0.0,85.185,5.556,23.077,27.0,2.0,0.0,23.0,4.0,0.0,0.0,4.222,239.0,5.0
2026-02-14 09:54:11,12.566,yasashiikumo,33.766,7.404,2.0,12,1.0,4.942,14,26.923,43.284,26.23,6.0,5.0,52.0,154.0,3.0,3.0,0.0,76.471,21.667,22.078,34.0,8.0,2.0,26.0,8.0,1.0,0.0,3.941,241.0,26.0
2026-02-14 22:38:25,12.397,yasashiikumo,37.719,10.894,1.0,6,0.0,4.163,16,35,51.064,25.532,4.0,7.0,43.0,114.0,2.0,3.0,0.0,81.481,24.138,23.684,27.0,0.0,0.0,22.0,5.0,2.0,0.0,3.556,241.0,21.0
2026-02-17 14:40:32,103.961,yasashiikumo,54.762,140.321,4.0,4,0.0,3.942,30,63.333,61.667,36.111,14.0,7.0,69.0,126.0,6.0,0.0,0.0,90.909,35.366,34.921,44.0,8.0,1.0,40.0,4.0,0.0,0.0,3.636,241.0,29.0
2026-03-06 22:11:37,109.519,yasashiikumo,43.077,90.527,4.0,1,1.0,4.571,14,55,50.943,31.579,6.0,7.0,56.0,130.0,1.0,4.0,0.0,73.529,32.292,26.154,34.0,1.0,0.0,25.0,9.0,1.0,1.0,4.294,241.0,31.0
2026-03-21 16:06:01,105.817,yasashiikumo,36.364,100.848,5.0,7,0.0,3.886,18,27.778,44.828,28.889,8.0,9.0,44.0,121.0,3.0,2.0,0.0,92.308,21.053,21.488,26.0,4.0,0.0,24.0,2.0,0.0,1.0,3.577,241.0,20.0
2026-04-20 09:45:44,106.436,yasashiikumo,32.174,94.804,5.0,8,0.0,3.649,18,20.833,43.182,27.66,9.0,4.0,37.0,115.0,2.0,4.0,0.0,70.588,16.049,29.565,34.0,4.0,2.0,24.0,10.0,4.0,1.0,2.882,241.0,13.0
2026-05-06 16:15:20,105.601,yasashiikumo,38.816,55.189,0.0,6,7.0,5.695,9,32.353,48.438,31.481,3.0,3.0,59.0,152.0,2.0,4.0,0.0,80.488,23.423,26.974,41.0,3.0,2.0,33.0,8.0,2.0,0.0,5.049,241.0,26.0
2026-06-22 18:46:04,93.855,yasashiikumo,38.667,67.9,0.0,11,3.0,4.81,18,40,46.429,31.25,6.0,5.0,58.0,150.0,2.0,4.0,0.0,77.273,22.642,29.333,44.0,8.0,2.0,34.0,10.0,0.0,0.0,4.114,241.0,24.0
2026-06-25 23:03:08,92.529,yasashiikumo,26.415,47.411,0.0,6,0.0,4.464,8,40,30.952,15.909,2.0,4.0,28.0,106.0,2.0,4.0,0.0,69.565,14.458,21.698,23.0,5.0,1.0,16.0,7.0,1.0,0.0,3.435,241.0,12.0
2026-08-08 22:03:21,89.179,yasashiikumo,32.759,54.911,0.0,7,1.0,4.921,9,47.368,41.304,19.608,2.0,7.0,38.0,116.0,1.0,4.0,0.0,80,19.78,21.552,25.0,2.0,1.0,20.0,5.0,1.0,0.0,4.4,241.0,18.0
2026-02-09 16:02:04,10.634,KNotAnyMore,30.0,7.087,2.0,8,0.0,4.818,8,36.842,26.829,30,4.0,4.0,33.0,110.0,3.0,2.0,0.0,79.167,16.279,21.818,24.0,4.0,0.0,19.0,5.0,1.0,0.0,3.583,244.0,14.0
2026-02-11 16:20:06,10.565,KNotAnyMore,44.286,11.315,1.0,7,0.0,4.468,22,41.935,46,44.068,9.0,8.0,62.0,140.0,2.0,3.0,0.0,80,30,28.571,40.0,6.0,1.0,32.0,8.0,1.0,0.0,3.9,244.0,30.0
2026-02-22 10:11:43,90.58,KNotAnyMore,38.806,99.492,2.0,9,0.0,3.923,23,60.87,35.593,32.692,9.0,7.0,52.0,134.0,4.0,2.0,0.0,76.087,19.318,34.328,46.0,6.0,3.0,35.0,11.0,0.0,0.0,3.196,244.0,17.0
2026-03-09 16:06:00,100.61,KNotAnyMore,35.2,77.092,1.0,9,0.0,4.477,13,59.091,33.333,26.087,6.0,7.0,44.0,125.0,2.0,2.0,1.0,75.676,18.182,29.6,37.0,3.0,1.0,28.0,9.0,3.0,0.0,3.676,244.0,16.0
2026-04-06 11:17:49,100.632,KNotAnyMore,44.231,91.786,3.0,12,2.0,4.565,21,51.429,50,33.333,6.0,10.0,69.0,156.0,1.0,5.0,0.0,82,26.415,32.051,50.0,7.0,1.0,41.0,9.0,3.0,0.0,4.0,244.0,28.0
2026-04-25 17:53:40,98.992,KNotAnyMore,40.594,75.467,2.0,4,1.0,4.902,10,58.824,27.5,45.455,4.0,3.0,41.0,101.0,2.0,3.0,0.0,77.143,21.212,34.653,35.0,5.0,0.0,27.0,8.0,2.0,0.0,4.486,244.0,14.0
2026-06-02 17:45:59,89.941,KNotAnyMore,47.321,117.107,3.0,9,0.0,4.038,22,48.276,55.814,37.5,11.0,10.0,53.0,112.0,4.0,1.0,0.0,77.551,23.81,43.75,49.0,3.0,2.0,38.0,11.0,2.0,0.0,3.449,244.0,15.0
2026-07-13 14:30:10,92.402,KNotAnyMore,39.583,89.972,3.0,2,0.0,4.395,14,29.167,34.375,50,7.0,2.0,38.0,96.0,4.0,1.0,0.0,83.871,18.462,32.292,31.0,3.0,0.0,26.0,5.0,2.0,0.0,3.677,244.0,12.0
2026-08-07 08:19:11,93.391,KNotAnyMore,39.161,79.783,1.0,7,0.0,4.429,20,44.118,41.935,31.915,3.0,12.0,56.0,143.0,2.0,4.0,0.0,76.667,12.048,41.958,60.0,8.0,4.0,46.0,14.0,3.0,0.0,3.767,244.0,10.0
2026-08-11 05:09:55,92.569,KNotAnyMore,42.105,92.466,4.0,4,0.0,4.375,15,44,41.818,41.176,7.0,5.0,48.0,114.0,5.0,0.0,0.0,85.714,16.667,36.842,42.0,7.0,1.0,36.0,6.0,2.0,0.0,3.738,244.0,12.0
2026-07-15 10:55:21,92.329,Shadow,36.522,77.633,0.0,5,1.0,4.31,16,58.824,29.167,36,4.0,9.0,42.0,115.0,3.0,3.0,0.0,75.61,14.865,35.652,41.0,5.0,0.0,31.0,10.0,4.0,0.0,3.805,247.0,11.0
2026-07-15 18:09:02,92.464,Shadow,21.739,44.873,0.0,5,0.0,4.3,6,11.111,22.727,26.667,3.0,2.0,20.0,92.0,3.0,2.0,0.0,77.778,8.108,19.565,18.0,3.0,0.0,14.0,4.0,1.0,0.0,3.556,247.0,6.0
2026-07-16 14:20:53,90.056,Shadow,43.077,88.109,1.0,8,1.0,4.393,17,57.692,40,38.889,10.0,6.0,56.0,130.0,5.0,1.0,0.0,80.357,14.865,43.077,56.0,3.0,1.0,45.0,11.0,2.0,0.0,3.839,247.0,11.0
2026-07-16 18:15:42,90.692,Shadow,42.276,87.141,3.0,6,0.0,4.192,21,40.741,35.294,51.111,10.0,5.0,52.0,123.0,4.0,2.0,0.0,84.615,22.619,31.707,39.0,4.0,3.0,33.0,6.0,1.0,0.0,3.641,247.0,19.0
2026-07-18 11:44:30,91.433,Shadow,31.746,63.442,1.0,7,1.0,4.475,15,16,18.605,48.276,7.0,3.0,40.0,126.0,3.0,3.0,0.0,87.5,12.766,25.397,32.0,5.0,2.0,28.0,4.0,1.0,0.0,3.906,247.0,12.0
2026-07-19 10:39:25,90.838,Shadow,40.8,77.983,1.0,4,0.0,4.608,12,35.714,32.609,50.98,3.0,7.0,51.0,125.0,2.0,3.0,0.0,86.957,13.924,36.8,46.0,2.0,0.0,40.0,6.0,1.0,0.0,4.261,247.0,11.0
2026-07-25 14:05:52,90.833,Shadow,38.983,88.119,1.0,11,0.0,4.065,15,40.909,26.316,56.41,6.0,7.0,46.0,118.0,4.0,2.0,0.0,84.211,17.5,32.203,38.0,5.0,1.0,32.0,6.0,0.0,0.0,3.447,247.0,14.0
2026-07-29 21:01:21,91.815,Shadow,31.897,80.913,3.0,11,0.0,3.811,16,35.294,29.825,33.333,8.0,7.0,37.0,116.0,4.0,2.0,0.0,95.652,16.129,19.828,23.0,1.0,0.0,22.0,1.0,0.0,1.0,3.304,247.0,15.0
2026-07-30 14:13:06,92.479,Shadow,40.541,88.37,2.0,5,0.0,4.333,20,45.161,35.185,42.857,8.0,8.0,60.0,148.0,4.0,2.0,0.0,87.5,18,32.432,48.0,9.0,0.0,42.0,6.0,1.0,0.0,3.688,247.0,18.0
2026-08-02 15:57:30,91.598,Shadow,42.105,116.51,2.0,4,0.0,3.55,23,52.381,31.25,45.238,9.0,4.0,40.0,95.0,4.0,1.0,0.0,80.851,4.167,49.474,47.0,4.0,2.0,38.0,9.0,0.0,0.0,3.213,247.0,2.0
2026-02-01 07:45:54,10.905,md22,46.316,14.308,6.0,3,0.0,3.432,23,21.429,51.111,50,9.0,11.0,44.0,95.0,2.0,3.0,0.0,100,40.698,9.474,9.0,1.0,0.0,9.0,0.0,0.0,5.0,4.0,250.0,35.0
2026-02-02 02:57:10,11.011,md22,35.714,8.62,1.0,3,0.0,4.0,16,25,42.105,34.091,4.0,4.0,35.0,98.0,5.0,1.0,0.0,100,31.522,6.122,6.0,1.0,0.0,6.0,0.0,0.0,1.0,5.0,250.0,29.0
2026-02-02 21:01:02,10.905,md22,35.714,6.793,1.0,4,0.0,5.125,8,40,42.308,26.667,5.0,3.0,40.0,112.0,3.0,2.0,0.0,80,31.373,8.929,10.0,1.0,0.0,8.0,2.0,1.0,1.0,4.4,250.0,32.0
2026-02-16 06:17:45,95.59,md22,41.463,105.201,1.0,5,0.0,4.137,22,34.783,43.548,42.105,4.0,8.0,51.0,123.0,4.0,1.0,0.0,100,36.842,7.317,9.0,1.0,0.0,9.0,0.0,0.0,1.0,4.0,250.0,42.0
2026-02-26 06:43:17,104.209,md22,49.573,104.522,2.0,5,0.0,4.328,16,41.176,53.226,47.368,6.0,6.0,58.0,117.0,1.0,4.0,0.0,100,44.34,9.402,11.0,1.0,0.0,11.0,0.0,0.0,2.0,4.727,250.0,47.0
2026-05-01 06:24:58,105.668,md22,24.691,64.168,0.0,7,0.0,3.55,7,13.333,29.73,24.138,0.0,10.0,20.0,81.0,0.0,5.0,0.0,75,22.078,4.938,4.0,0.0,0.0,3.0,1.0,0.0,0.0,3.5,250.0,17.0
2026-05-17 04:49:43,99.111,md22,26.562,67.344,2.0,8,1.0,4.147,13,25,24.49,29.091,5.0,4.0,34.0,128.0,2.0,4.0,0.0,78.571,20.175,10.938,14.0,2.0,1.0,11.0,3.0,0.0,1.0,3.929,250.0,23.0
2026-06-06 08:23:49,94.276,md22,47.126,107.459,2.0,6,0.0,4.098,17,42.857,57.895,38.095,8.0,4.0,41.0,87.0,4.0,1.0,0.0,100,41.026,10.345,9.0,1.0,0.0,9.0,0.0,0.0,2.0,4.556,250.0,32.0
2026-07-19 23:57:29,60.0,Rhummy,17.5,37.296,0.0,6,0.0,4.333,10,27.273,12.5,15.385,1.0,5.0,21.0,120.0,1.0,4.0,0.0,46.154,9.574,21.667,26.0,5.0,2.0,12.0,14.0,2.0,0.0,2.769,253.0,9.0
2026-07-25 21:09:29,69.45,Rhummy,13.333,28.497,1.0,4,0.0,4.429,4,21.053,5,17.391,2.0,1.0,14.0,105.0,2.0,4.0,0.0,40.741,3.846,25.714,27.0,7.0,1.0,11.0,16.0,0.0,0.0,3.111,253.0,3.0
2026-08-04 04:58:34,66.62,Rhummy,18.321,43.922,0.0,6,1.0,4.0,11,19.048,21.154,15.517,6.0,3.0,24.0,131.0,2.0,2.0,1.0,48.571,7.292,26.718,35.0,7.0,4.0,17.0,18.0,0.0,0.0,2.886,253.0,7.0
2026-08-05 16:03:30,69.39,Rhummy,7.895,16.689,0.0,17,1.0,4.111,4,5,10,7.407,3.0,0.0,9.0,114.0,2.0,4.0,0.0,23.077,3.409,22.807,26.0,3.0,5.0,6.0,20.0,3.0,0.0,2.231,253.0,3.0
2026-08-08 01:30:10,67.66,Rhummy,14.773,27.719,1.0,9,0.0,4.769,4,18.182,20,6.452,2.0,0.0,13.0,88.0,3.0,2.0,0.0,42.857,5.97,23.864,21.0,3.0,3.0,9.0,12.0,0.0,0.0,2.952,253.0,4.0
2026-03-23 16:19:31,80.0,Pengvinen,18.478,49.299,2.0,5,1.0,4.176,6,9.091,23.077,13.793,4.0,4.0,17.0,92.0,3.0,2.0,0.0,73.333,7.792,16.304,15.0,3.0,1.0,11.0,4.0,0.0,0.0,3.667,254.0,6.0
2026-06-15 18:14:28,110.0,jung_wheein,36.0,104.729,6.0,4,1.0,3.944,14,56.25,33.333,30.556,9.0,5.0,36.0,100.0,0.0,4.0,1.0,88.235,25.301,17,17.0,1.0,1.0,15.0,2.0,0.0,0.0,2.647,255.0,21.0
2026-06-18 23:17:52,94.59,jung_wheein,33.582,67.744,0.0,4,0.0,4.4,15,50,17.021,38.596,4.0,8.0,45.0,134.0,3.0,3.0,0.0,100,21.239,15.672,21.0,2.0,0.0,21.0,0.0,0.0,0.0,4.381,255.0,24.0
2026-06-23 16:03:42,89.97,jung_wheein,45.802,125.096,5.0,6,0.0,3.767,31,43.75,39.583,50.746,10.0,9.0,60.0,131.0,3.0,3.0,0.0,100,33.019,19.084,25.0,6.0,0.0,25.0,0.0,0.0,1.0,2.96,255.0,35.0
2026-07-30 14:13:06,95.73,jung_wheein,43.243,111.851,4.0,4,0.0,3.938,27,64,33.333,43.478,8.0,17.0,64.0,148.0,2.0,4.0,0.0,92.308,32.787,17.568,26.0,6.0,0.0,24.0,2.0,1.0,1.0,3.231,255.0,40.0
2026-08-14 14:06:42,97.33,jung_wheein,48.077,145.386,6.0,3,0.0,3.32,31,54.545,54.545,40.816,12.0,12.0,50.0,104.0,1.0,4.0,0.0,95.833,33.75,23.077,24.0,7.0,0.0,23.0,1.0,0.0,0.0,2.667,255.0,27.0
2026-07-11 21:22:45,90.674,Patoche49,34.862,58.053,1.0,2,0.0,4.763,9,34.783,30,41.667,2.0,2.0,38.0,109.0,3.0,2.0,0.0,93.333,12.658,27.523,30.0,2.0,2.0,28.0,2.0,0.0,0.0,4.3,259.0,10.0
2026-07-13 14:30:10,89.498,Patoche49,36.508,66.015,0.0,4,0.0,4.587,13,24,40.385,38.776,3.0,3.0,46.0,126.0,1.0,4.0,0.0,88.889,22.222,21.429,27.0,1.0,0.0,24.0,3.0,1.0,0.0,4.333,259.0,22.0
2026-07-15 10:55:21,87.911,Patoche49,41.739,81.561,1.0,5,0.0,4.5,15,52.941,37.5,42,4.0,9.0,48.0,115.0,3.0,3.0,0.0,94.872,14.474,33.913,39.0,4.0,0.0,37.0,2.0,1.0,0.0,4.359,259.0,11.0
2026-07-15 18:09:02,88.369,Patoche49,33.588,76.919,5.0,5,0.0,4.364,14,22.727,34.483,37.255,5.0,7.0,44.0,131.0,2.0,3.0,0.0,87.879,15.306,25.191,33.0,3.0,0.0,29.0,4.0,1.0,0.0,3.939,259.0,15.0
2026-07-16 14:20:53,87.687,Patoche49,36.842,75.579,3.0,14,0.0,4.5,16,29.63,35,41.538,8.0,4.0,56.0,152.0,0.0,6.0,0.0,83.333,19.091,27.632,42.0,1.0,0.0,35.0,7.0,0.0,0.0,3.857,259.0,21.0
2026-07-19 10:39:25,86.866,Patoche49,35.385,62.471,2.0,10,0.0,4.891,10,33.333,25,43.077,4.0,3.0,46.0,130.0,3.0,2.0,0.0,88.235,16.667,26.154,34.0,2.0,1.0,30.0,4.0,1.0,0.0,4.353,259.0,16.0
2026-07-25 10:58:47,86.332,Patoche49,44.371,86.313,6.0,9,0.0,4.687,23,37.931,45.455,46.269,10.0,4.0,67.0,151.0,3.0,3.0,0.0,91.837,21.569,32.45,49.0,4.0,0.0,45.0,4.0,2.0,1.0,4.224,259.0,22.0
2026-07-30 14:13:06,86.217,Patoche49,31.884,56.49,2.0,5,0.0,4.75,7,20,32.308,37.5,4.0,1.0,44.0,138.0,2.0,4.0,0.0,88.571,12.621,25.362,35.0,4.0,1.0,31.0,4.0,0.0,0.0,4.371,259.0,13.0
2026-08-01 10:34:49,84.551,Patoche49,43.137,70.502,1.0,3,0.0,5.0,12,48.276,39.394,44.828,3.0,7.0,66.0,153.0,1.0,4.0,1.0,90.909,23.853,28.758,44.0,6.0,0.0,40.0,4.0,0.0,0.0,4.75,259.0,26.0
2026-08-02 15:57:30,84.205,Patoche49,38.182,64.082,1.0,5,0.0,4.857,9,42.857,43.478,32,5.0,3.0,42.0,110.0,2.0,2.0,1.0,89.655,19.753,26.364,29.0,5.0,0.0,26.0,3.0,1.0,0.0,4.379,259.0,16.0
2026-05-02 10:06:25,94.75,AnotherWish,42.537,143.459,6.0,8,0.0,3.316,37,41.935,49.057,36,14.0,12.0,57.0,134.0,4.0,2.0,0.0,81.356,12,44.03,59.0,15.0,5.0,48.0,11.0,2.0,0.0,2.763,260.0,9.0
2026-05-06 16:06:47,98.01,AnotherWish,31.667,101.444,3.0,7,0.0,3.421,23,19.048,46.429,18.605,12.0,7.0,38.0,120.0,3.0,3.0,0.0,81.395,3.896,35.833,43.0,8.0,2.0,35.0,8.0,2.0,0.0,2.93,260.0,3.0
2026-05-11 21:29:10,98.084,AnotherWish,30.392,89.954,2.0,5,0.0,3.613,16,16.667,40.426,24.324,6.0,4.0,31.0,102.0,3.0,2.0,0.0,70,4.839,39.216,40.0,5.0,1.0,28.0,12.0,2.0,0.0,3.2,260.0,3.0
2026-05-31 11:31:54,90.945,AnotherWish,27.907,73.797,0.0,5,1.0,3.75,13,37.5,29.167,18.182,4.0,5.0,24.0,86.0,3.0,2.0,0.0,67.742,5.455,36.047,31.0,4.0,1.0,21.0,10.0,2.0,0.0,3.0,260.0,3.0
2026-06-04 11:30:02,91.057,AnotherWish,39.048,104.049,2.0,6,2.0,3.683,20,30.769,44.681,35.556,10.0,7.0,41.0,105.0,2.0,4.0,0.0,81.818,8.197,41.905,44.0,6.0,3.0,36.0,8.0,1.0,0.0,3.432,260.0,5.0
2026-06-20 23:02:30,92.453,AnotherWish,35.593,94.183,1.0,5,0.0,3.667,22,76.471,34.615,22.449,8.0,6.0,42.0,118.0,5.0,1.0,0.0,65.517,6.667,49.153,58.0,8.0,4.0,38.0,20.0,5.0,0.0,3.086,260.0,4.0
2026-07-06 14:03:19,94.341,AnotherWish,31.818,86.436,2.0,7,1.0,3.886,18,26.923,48.718,20,8.0,10.0,35.0,110.0,2.0,3.0,0.0,78.378,8.219,33.636,37.0,4.0,2.0,29.0,8.0,1.0,0.0,3.595,260.0,6.0
2026-07-11 21:22:45,94.266,AnotherWish,38.0,93.78,2.0,2,0.0,4.053,14,40.909,38.095,36.111,7.0,5.0,38.0,100.0,3.0,2.0,0.0,83.784,11.111,37,37.0,7.0,0.0,31.0,6.0,1.0,0.0,3.595,260.0,7.0
2026-07-15 18:09:02,95.019,AnotherWish,42.609,116.525,4.0,3,1.0,3.857,23,46.154,24.39,56.25,9.0,10.0,49.0,115.0,4.0,1.0,0.0,95.349,11.111,37.391,43.0,8.0,0.0,41.0,2.0,1.0,0.0,3.558,260.0,8.0
2026-08-08 22:03:21,96.836,AnotherWish,47.009,122.468,5.0,7,0.0,3.964,19,57.143,47.458,40.541,6.0,9.0,55.0,117.0,2.0,3.0,0.0,87.037,12.698,46.154,54.0,7.0,0.0,47.0,7.0,1.0,1.0,3.722,260.0,8.0
2026-05-31 11:31:54,124.135,civiltwlight,56.25,160.771,7.0,5,0.0,3.73,31,86.667,74.468,30,12.0,13.0,63.0,112.0,5.0,0.0,0.0,83.333,48.864,21.429,24.0,10.0,2.0,20.0,4.0,0.0,1.0,2.667,268.0,43.0
2026-06-01 11:04:53,124.808,civiltwlight,60.526,168.147,2.0,11,0.0,3.58,35,80.952,67.273,39.474,8.0,20.0,69.0,114.0,2.0,3.0,0.0,78.261,56.044,20.175,23.0,7.0,2.0,18.0,5.0,2.0,1.0,2.348,268.0,51.0
2026-06-02 14:27:18,124.711,civiltwlight,60.0,173.581,5.0,6,0.0,3.483,51,86.207,60.417,48.529,17.0,28.0,87.0,145.0,3.0,3.0,0.0,87.5,54.545,16.552,24.0,9.0,2.0,21.0,3.0,0.0,2.0,2.458,268.0,66.0
2026-06-09 10:37:02,123.769,civiltwlight,63.58,175.811,6.0,7,0.0,3.777,50,88.462,77.966,44.156,17.0,21.0,103.0,162.0,3.0,3.0,0.0,80.769,60.294,16.049,26.0,12.0,1.0,21.0,5.0,1.0,2.0,2.885,268.0,82.0
2026-06-13 09:54:54,122.956,civiltwlight,59.231,176.44,9.0,6,1.0,3.532,44,84,62,45.455,14.0,21.0,77.0,130.0,2.0,4.0,0.0,72.727,56.481,16.923,22.0,11.0,2.0,16.0,6.0,3.0,1.0,1.818,268.0,61.0
2026-06-16 11:06:33,122.555,civiltwlight,53.097,185.174,7.0,7,0.0,3.217,37,78.947,66.667,34.545,16.0,13.0,60.0,113.0,6.0,0.0,0.0,90.476,44.565,18.584,21.0,6.0,0.0,19.0,2.0,1.0,1.0,2.333,268.0,41.0
2026-07-13 14:30:10,122.782,civiltwlight,65.079,177.778,4.0,4,0.0,3.744,40,88,75,42.857,6.0,27.0,82.0,126.0,1.0,4.0,0.0,95.652,58.252,18.254,23.0,9.0,1.0,22.0,1.0,0.0,0.0,2.87,268.0,60.0
2026-07-16 14:20:53,122.232,civiltwlight,61.538,169.43,8.0,8,0.0,3.837,39,88.462,68,42.593,17.0,15.0,80.0,130.0,5.0,1.0,0.0,88.889,54.369,20.769,27.0,10.0,1.0,24.0,3.0,0.0,1.0,2.63,268.0,56.0
2026-07-25 14:05:52,123.963,civiltwlight,62.937,166.003,9.0,9,0.0,3.844,38,83.871,70.588,45.902,15.0,13.0,90.0,143.0,3.0,3.0,0.0,80,57.407,24.476,35.0,12.0,1.0,28.0,7.0,1.0,3.0,2.657,268.0,62.0
2026-07-30 14:13:06,125.716,civiltwlight,68.243,183.195,5.0,5,0.0,3.772,48,93.548,64.815,58.73,15.0,22.0,101.0,148.0,4.0,2.0,0.0,93.333,61.864,20.27,30.0,11.0,1.0,28.0,2.0,0.0,0.0,3.467,268.0,73.0
2026-02-14 22:38:25,8.0,icefeed2,31.624,6.845,0.0,4,0.0,4.811,8,46.429,34.146,20.833,1.0,5.0,37.0,117.0,4.0,1.0,0.0,75,15.294,27.35,32.0,6.0,1.0,24.0,8.0,1.0,0.0,4.0,269.0,13.0
2026-03-12 19:24:00,75.61,icefeed2,35.185,68.765,2.0,5,0.0,4.921,10,39.13,34.091,34.146,6.0,2.0,38.0,108.0,3.0,1.0,1.0,86.207,16.456,26.852,29.0,2.0,2.0,25.0,4.0,0.0,0.0,4.69,269.0,13.0
2026-06-01 11:04:53,78.77,icefeed2,31.061,61.604,2.0,9,0.0,4.512,11,55,30.769,23.333,6.0,1.0,41.0,132.0,4.0,1.0,0.0,75,17,24.242,32.0,1.0,2.0,24.0,8.0,1.0,0.0,3.75,269.0,17.0
2026-07-16 14:20:53,79.6,icefeed2,25.0,34.819,0.0,14,0.0,5.132,5,48.148,18.333,21.538,2.0,3.0,38.0,152.0,0.0,6.0,0.0,78.571,12.903,18.421,28.0,0.0,2.0,22.0,6.0,0.0,0.0,4.929,269.0,16.0
2026-06-12 07:12:19,111.836,Mami,45.6,105.307,5.0,9,0.0,4.281,19,68.75,48.276,35.294,8.0,6.0,57.0,125.0,4.0,2.0,0.0,86.364,36.893,17.6,22.0,6.0,1.0,19.0,3.0,1.0,2.0,3.636,274.0,38.0
2026-06-22 15:19:23,110.809,Mami,41.176,116.658,5.0,3,0.0,3.943,16,37.5,50,33.333,8.0,3.0,35.0,85.0,3.0,2.0,0.0,91.667,32.877,14.118,12.0,5.0,0.0,11.0,1.0,1.0,0.0,3.083,274.0,24.0
2026-06-22 18:46:04,109.517,Mami,53.378,130.14,6.0,11,0.0,4.063,27,51.852,62.712,45.161,13.0,12.0,79.0,148.0,1.0,5.0,0.0,90.909,42.609,22.297,33.0,7.0,1.0,30.0,3.0,0.0,1.0,3.545,274.0,49.0
2026-06-22 23:04:19,109.471,Mami,52.174,171.657,7.0,4,0.0,3.125,30,58.621,63.636,33.333,12.0,7.0,48.0,92.0,2.0,3.0,0.0,100,42.857,16.304,15.0,6.0,0.0,15.0,0.0,0.0,2.0,2.267,274.0,33.0
2026-06-23 16:03:42,110.3,Mami,52.941,160.304,8.0,10,0.0,3.683,31,57.143,69.388,34.694,13.0,12.0,63.0,119.0,3.0,3.0,0.0,86.207,42.222,24.37,29.0,10.0,2.0,25.0,4.0,0.0,2.0,2.793,274.0,38.0
2026-06-25 18:22:37,110.188,Mami,47.222,143.153,5.0,0,2.0,3.471,27,56,47.619,41.463,9.0,18.0,51.0,108.0,3.0,3.0,0.0,78.947,40.449,17.593,19.0,9.0,0.0,15.0,4.0,3.0,1.0,2.579,274.0,36.0
2026-06-30 07:53:59,110.521,Mami,50.602,119.806,2.0,7,0.0,4.25,36,61.111,47.887,47.458,9.0,23.0,84.0,166.0,1.0,5.0,0.0,80,42.748,21.084,35.0,12.0,1.0,28.0,7.0,1.0,0.0,3.314,274.0,56.0
2026-06-30 10:29:18,108.792,Mami,47.321,122.391,7.0,6,0.0,4.075,16,53.846,51.282,40.426,11.0,3.0,53.0,112.0,3.0,2.0,0.0,81.481,36.471,24.107,27.0,8.0,1.0,22.0,5.0,2.0,3.0,3.185,274.0,31.0
2026-07-27 09:02:15,109.145,Mami,40.385,101.041,5.0,14,0.0,3.921,26,65.625,43.478,21.818,10.0,12.0,63.0,156.0,3.0,3.0,0.0,81.818,33.582,14.103,22.0,7.0,1.0,18.0,4.0,1.0,1.0,3.545,274.0,45.0
2026-08-02 04:39:11,108.413,Mami,46.078,144.584,8.0,8,0.0,3.362,24,44.444,53.846,40,9.0,14.0,47.0,102.0,0.0,6.0,0.0,100,34.524,17.647,18.0,5.0,0.0,18.0,0.0,0.0,4.0,3.167,274.0,29.0
2026-05-21 10:05:40,111.851,hmsuis,51.471,138.474,4.0,8,0.0,3.814,36,53.571,47.5,52.941,11.0,13.0,70.0,136.0,3.0,3.0,0.0,80.556,41,26.471,36.0,6.0,2.0,29.0,7.0,2.0,1.0,3.889,276.0,41.0
2026-05-22 11:58:12,112.791,hmsuis,44.444,130.986,3.0,10,0.0,3.538,30,47.826,39.583,47.826,8.0,14.0,52.0,117.0,1.0,5.0,0.0,80.645,31.395,26.496,31.0,8.0,1.0,25.0,6.0,1.0,0.0,2.903,276.0,27.0
2026-05-26 18:43:59,104.605,hmsuis,53.788,137.839,4.0,9,1.0,3.732,33,60,47.059,57.377,14.0,15.0,71.0,132.0,4.0,2.0,0.0,89.744,38.71,29.545,39.0,2.0,1.0,35.0,4.0,1.0,1.0,3.667,276.0,36.0
2026-06-02 14:27:18,106.714,hmsuis,49.606,143.562,5.0,7,0.0,3.508,36,63.158,45.098,49.123,12.0,16.0,63.0,127.0,3.0,3.0,0.0,88.372,29.762,33.858,43.0,7.0,1.0,38.0,5.0,1.0,1.0,3.279,276.0,25.0
2026-06-04 11:30:02,106.915,hmsuis,48.649,118.738,4.0,2,0.0,3.963,22,50,52.273,44.186,10.0,13.0,54.0,111.0,4.0,2.0,0.0,96.429,32.53,25.225,28.0,6.0,0.0,27.0,1.0,0.0,0.0,3.429,276.0,27.0
2026-06-13 09:54:54,107.84,hmsuis,45.802,99.961,2.0,4,0.0,4.133,22,42.308,52.083,42.105,5.0,10.0,60.0,131.0,2.0,4.0,0.0,79.31,36.275,22.137,29.0,1.0,0.0,23.0,6.0,2.0,0.0,4.0,276.0,37.0
2026-06-16 11:06:33,108.523,hmsuis,33.333,74.096,1.0,9,0.0,4.128,16,38.889,48.571,23.438,3.0,5.0,39.0,117.0,0.0,6.0,0.0,58.065,24.419,26.496,31.0,4.0,2.0,18.0,13.0,2.0,0.0,3.258,276.0,21.0
2026-06-20 23:02:30,106.411,hmsuis,45.614,117.509,2.0,6,0.0,3.827,26,50,36.957,52.083,7.0,9.0,52.0,114.0,3.0,3.0,0.0,93.103,29.412,25.439,29.0,5.0,0.0,27.0,2.0,1.0,0.0,3.448,276.0,25.0
2026-06-22 18:46:04,105.673,hmsuis,53.333,110.945,4.0,11,1.0,4.475,26,66.667,44.643,54.688,12.0,8.0,80.0,150.0,2.0,4.0,0.0,84.091,40.566,29.333,44.0,3.0,1.0,37.0,7.0,4.0,1.0,4.5,276.0,43.0
2026-07-14 21:14:03,105.27,hmsuis,37.589,81.749,1.0,8,0.0,4.113,17,28.571,29.31,48.387,4.0,11.0,53.0,141.0,3.0,3.0,0.0,76.923,28.696,18.44,26.0,5.0,2.0,20.0,6.0,3.0,0.0,3.308,276.0,33.0
2026-05-19 09:12:20,95.377,chemist,38.235,113.18,6.0,5,1.0,3.923,16,13.333,43.182,41.86,9.0,4.0,39.0,102.0,4.0,1.0,0.0,100,28.409,13.725,14.0,5.0,0.0,14.0,0.0,0.0,1.0,2.857,277.0,25.0
2026-05-23 22:05:11,92.512,chemist,45.0,103.997,4.0,7,0.0,4.422,15,43.75,41.86,48.78,9.0,5.0,45.0,100.0,4.0,1.0,0.0,94.118,34.94,17,17.0,7.0,1.0,16.0,1.0,0.0,1.0,3.412,277.0,29.0
2026-06-02 17:45:59,94.951,chemist,35.294,90.384,4.0,5,0.0,3.944,11,45.455,38.636,25,6.0,4.0,36.0,102.0,4.0,1.0,0.0,100,22.353,16.667,17.0,4.0,0.0,17.0,0.0,0.0,0.0,3.235,277.0,19.0
2026-06-17 23:09:48,94.648,chemist,38.889,81.37,4.0,11,1.0,4.667,17,45.455,30.159,43.939,8.0,11.0,63.0,162.0,4.0,1.0,1.0,85.185,29.63,16.667,27.0,8.0,1.0,23.0,4.0,1.0,1.0,3.259,277.0,40.0
2026-06-21 01:53:40,93.931,chemist,40.86,91.684,2.0,2,0.0,4.132,13,41.176,42.857,38.235,6.0,4.0,38.0,93.0,2.0,3.0,0.0,85.714,32.911,15.054,14.0,2.0,0.0,12.0,2.0,0.0,0.0,3.643,277.0,26.0
2026-06-21 20:18:23,94.649,chemist,36.364,99.796,3.0,8,0.0,3.725,20,57.895,36.735,26.19,8.0,7.0,40.0,110.0,3.0,3.0,0.0,93.75,26.596,14.545,16.0,4.0,0.0,15.0,1.0,1.0,0.0,3.0,277.0,25.0
2026-07-11 21:22:45,94.998,chemist,33.945,85.124,3.0,3,1.0,4.054,15,38.889,36.17,29.545,6.0,6.0,37.0,109.0,4.0,1.0,0.0,100,27.273,9.174,10.0,4.0,0.0,10.0,0.0,0.0,1.0,3.3,277.0,27.0
2026-07-15 18:09:02,96.45,chemist,44.211,106.892,1.0,1,0.0,3.976,17,30.769,36.957,58.333,6.0,6.0,42.0,95.0,1.0,4.0,0.0,100,35.366,13.684,13.0,3.0,0.0,13.0,0.0,0.0,0.0,3.385,277.0,29.0
2026-07-16 18:15:42,95.843,chemist,45.0,127.574,6.0,5,0.0,3.422,24,50,48.571,40,12.0,10.0,45.0,100.0,3.0,3.0,0.0,100,32.099,19,19.0,10.0,0.0,19.0,0.0,0.0,1.0,2.737,277.0,26.0
2026-08-08 15:58:25,96.816,chemist,39.13,100.147,4.0,4,0.0,3.889,21,45.161,32.558,41.463,10.0,8.0,45.0,115.0,4.0,2.0,0.0,94.444,28.866,15.652,18.0,9.0,1.0,17.0,1.0,0.0,0.0,3.111,277.0,28.0
2026-04-27 10:01:40,112.262,miiarad,48.571,107.677,2.0,6,0.0,4.412,20,47.368,46,52.778,7.0,4.0,51.0,105.0,1.0,4.0,0.0,88.462,35.443,24.762,26.0,4.0,1.0,23.0,3.0,1.0,0.0,3.654,285.0,28.0
2026-04-28 07:42:23,110.819,miiarad,48.387,148.1,4.0,3,0.0,3.422,24,50,51.02,43.333,8.0,14.0,45.0,93.0,2.0,3.0,0.0,100,33.333,22.581,21.0,3.0,0.0,21.0,0.0,0.0,1.0,3.0,285.0,24.0
2026-05-29 10:22:32,104.626,miiarad,48.438,134.95,5.0,4,0.0,3.629,29,39.13,50,50.943,11.0,13.0,62.0,128.0,2.0,4.0,0.0,96.552,34.343,22.656,29.0,4.0,0.0,28.0,1.0,0.0,1.0,3.31,285.0,34.0
2026-06-02 17:45:59,105.537,miiarad,46.429,116.403,5.0,9,0.0,4.019,21,41.379,53.488,42.5,9.0,10.0,52.0,112.0,4.0,1.0,0.0,96.667,28.049,26.786,30.0,2.0,0.0,29.0,1.0,0.0,1.0,3.833,285.0,23.0
2026-06-11 18:14:47,106.112,miiarad,43.396,112.007,3.0,6,0.0,3.928,33,48.148,31.343,53.846,9.0,19.0,69.0,159.0,5.0,1.0,0.0,88.095,27.35,26.415,42.0,15.0,3.0,37.0,5.0,1.0,1.0,3.286,285.0,32.0
2026-06-25 22:16:44,105.744,miiarad,47.651,100.819,2.0,7,0.0,4.338,26,44.828,54.839,41.379,5.0,17.0,71.0,149.0,2.0,4.0,0.0,87.5,36.752,21.477,32.0,5.0,1.0,28.0,4.0,1.0,0.0,3.812,285.0,43.0
2026-07-14 13:58:57,105.063,miiarad,51.724,140.632,7.0,5,0.0,3.75,30,42.857,57.692,48.837,10.0,12.0,60.0,116.0,3.0,3.0,0.0,96.154,38.889,22.414,26.0,8.0,1.0,25.0,1.0,0.0,1.0,3.5,285.0,35.0
2026-07-17 23:08:39,106.011,miiarad,47.009,116.232,5.0,1,0.0,3.873,23,52,42.105,48.148,8.0,10.0,55.0,117.0,4.0,2.0,0.0,100,27.907,26.496,31.0,7.0,0.0,31.0,0.0,0.0,1.0,3.387,285.0,24.0
2026-08-04 07:16:29,107.116,miiarad,42.5,86.422,1.0,2,0.0,4.412,10,47.059,40,42.857,4.0,4.0,34.0,80.0,1.0,4.0,0.0,89.474,27.869,23.75,19.0,2.0,0.0,17.0,2.0,1.0,1.0,4.632,285.0,17.0
2026-08-08 22:03:21,105.011,miiarad,45.217,110.656,4.0,5,0.0,4.154,19,60,38.776,43.902,8.0,7.0,52.0,115.0,2.0,3.0,0.0,92,32.222,21.739,25.0,1.0,1.0,23.0,2.0,1.0,2.0,3.92,285.0,29.0
2026-06-30 10:29:18,95.371,Lakumix,40.816,120.051,4.0,6,0.0,3.85,21,44.444,33.333,45.455,9.0,7.0,40.0,98.0,1.0,4.0,0.0,89.655,20.29,29.592,29.0,8.0,2.0,26.0,3.0,1.0,0.0,3.207,286.0,14.0
2026-07-11 21:22:45,94.634,Lakumix,46.0,130.326,5.0,2,0.0,3.783,20,40.909,33.333,63.889,11.0,9.0,46.0,100.0,3.0,2.0,0.0,96.296,27.397,27,27.0,6.0,0.0,26.0,1.0,0.0,0.0,2.926,286.0,20.0
2026-07-13 14:30:10,96.184,Lakumix,37.795,81.054,2.0,6,0.0,4.562,15,33.333,42.857,35.714,6.0,8.0,48.0,127.0,2.0,3.0,0.0,81.081,20,29.134,37.0,3.0,2.0,30.0,7.0,2.0,0.0,3.703,286.0,18.0
2026-07-13 20:45:39,94.548,Lakumix,40.0,148.308,9.0,12,0.0,3.048,29,46.154,41.86,36.735,14.0,8.0,42.0,105.0,6.0,0.0,0.0,92,23.75,23.81,25.0,8.0,1.0,23.0,2.0,0.0,0.0,2.16,286.0,19.0
2026-07-14 21:14:03,97.108,Lakumix,37.692,139.956,8.0,7,1.0,2.98,32,41.667,35.088,38.776,15.0,13.0,49.0,130.0,4.0,2.0,0.0,94.286,16.842,26.923,35.0,12.0,0.0,33.0,2.0,1.0,0.0,2.429,286.0,16.0
2026-07-15 18:09:02,100.082,Lakumix,42.149,130.386,8.0,6,0.0,3.647,28,26.316,45.283,44.898,11.0,14.0,51.0,121.0,2.0,3.0,0.0,80.556,25.882,29.752,36.0,5.0,3.0,29.0,7.0,3.0,2.0,3.056,286.0,22.0
2026-07-16 12:40:55,100.924,Lakumix,43.443,127.984,3.0,3,0.0,3.547,31,50,41.509,41.86,8.0,17.0,53.0,122.0,1.0,5.0,0.0,90.909,25.843,27.049,33.0,7.0,1.0,30.0,3.0,2.0,2.0,2.909,286.0,23.0
2026-07-19 10:39:25,101.593,Lakumix,27.434,101.304,10.0,3,2.0,3.71,16,27.778,25.532,29.167,12.0,1.0,31.0,113.0,4.0,1.0,0.0,79.167,13.483,21.239,24.0,8.0,0.0,19.0,5.0,1.0,0.0,2.375,286.0,12.0
2026-08-01 10:34:49,101.286,Lakumix,32.68,58.649,1.0,3,3.0,4.88,11,44.828,27.273,32.759,3.0,6.0,50.0,153.0,1.0,4.0,1.0,82.143,21.6,18.301,28.0,4.0,0.0,23.0,5.0,2.0,0.0,3.714,286.0,27.0
2026-08-08 22:03:21,98.906,Lakumix,38.793,111.751,8.0,7,2.0,4.044,19,47.368,28.261,45.098,10.0,7.0,45.0,116.0,1.0,4.0,0.0,88.889,23.596,23.276,27.0,5.0,1.0,24.0,3.0,1.0,0.0,2.963,286.0,21.0
2026-02-16 06:17:45,113.034,Provenance,37.838,110.753,3.0,5,0.0,3.857,19,56.522,29.412,37.838,8.0,5.0,42.0,111.0,1.0,4.0,0.0,93.333,17.284,27.027,30.0,8.0,1.0,28.0,2.0,0.0,0.0,3.4,289.0,14.0
2026-03-08 06:29:21,108.046,Provenance,36.508,92.638,4.0,4,0.0,4.326,18,32.143,31.373,44.681,9.0,8.0,46.0,126.0,2.0,3.0,0.0,91.176,16.304,26.984,34.0,7.0,1.0,31.0,3.0,1.0,0.0,3.588,289.0,15.0
2026-03-09 22:30:42,106.856,Provenance,48.214,142.021,7.0,9,0.0,4.019,22,52,56.522,36.585,16.0,3.0,54.0,112.0,4.0,1.0,0.0,88.372,23.188,38.393,43.0,6.0,1.0,38.0,5.0,0.0,0.0,3.372,289.0,16.0
2026-03-23 22:37:22,111.241,Provenance,34.821,146.643,8.0,4,0.0,2.897,27,42.857,27.907,37.5,14.0,7.0,39.0,112.0,4.0,2.0,0.0,96.429,14.286,25,28.0,12.0,0.0,27.0,1.0,0.0,0.0,2.286,289.0,12.0
2026-03-25 01:23:46,113.095,Provenance,42.609,139.905,8.0,10,0.0,3.469,24,58.824,36.17,43.137,16.0,7.0,49.0,115.0,4.0,2.0,0.0,91.176,22.222,29.565,34.0,5.0,0.0,31.0,3.0,2.0,1.0,3.029,289.0,18.0
2026-05-31 19:17:09,101.307,Provenance,32.0,99.7,4.0,8,0.0,3.438,18,43.478,29.032,28.261,9.0,7.0,32.0,100.0,5.0,0.0,0.0,85.714,11.111,28,28.0,5.0,2.0,24.0,4.0,0.0,0.0,2.857,289.0,8.0
2026-06-20 23:02:30,102.827,Provenance,35.556,97.063,2.0,5,0.0,3.812,17,55.556,28.889,33.333,7.0,4.0,32.0,90.0,3.0,3.0,0.0,84.211,22.535,21.111,19.0,4.0,2.0,16.0,3.0,0.0,0.0,2.895,289.0,16.0
2026-06-21 13:21:05,103.186,Provenance,35.156,99.403,4.0,9,0.0,3.778,19,31.818,39.583,32.759,8.0,12.0,45.0,128.0,4.0,2.0,0.0,82.353,18.085,26.562,34.0,11.0,3.0,28.0,6.0,1.0,0.0,3.0,289.0,17.0
2026-06-28 17:24:05,102.482,Provenance,34.513,82.245,2.0,4,1.0,4.205,13,38.889,31.915,35.417,4.0,9.0,39.0,113.0,2.0,3.0,0.0,88,19.318,22.124,25.0,5.0,0.0,22.0,3.0,1.0,0.0,3.6,289.0,17.0
2026-08-08 22:03:21,99.343,Provenance,39.091,102.913,3.0,2,1.0,3.93,18,33.333,34.615,48.649,6.0,10.0,43.0,110.0,3.0,2.0,0.0,84.375,20.513,29.091,32.0,8.0,0.0,27.0,5.0,2.0,0.0,3.25,289.0,16.0
2026-04-01 05:49:13,101.56,ac9123,31.452,95.86,4.0,11,0.0,3.564,20,30,37.037,25,9.0,9.0,39.0,124.0,2.0,4.0,0.0,90.909,9.89,26.613,33.0,11.0,2.0,30.0,3.0,0.0,1.0,3.333,290.0,9.0
2026-04-25 07:02:20,102.7,ac9123,43.617,96.391,3.0,3,0.0,4.317,10,46.154,35.484,48,7.0,2.0,41.0,94.0,2.0,3.0,0.0,82.759,26.154,30.851,29.0,3.0,0.0,24.0,5.0,2.0,0.0,3.69,290.0,17.0
2026-05-08 04:37:09,103.27,ac9123,32.673,86.635,0.0,2,0.0,3.818,14,35.294,25,40,6.0,5.0,33.0,101.0,2.0,3.0,0.0,79.31,13.889,28.713,29.0,3.0,0.0,23.0,6.0,0.0,0.0,3.414,290.0,10.0
2026-04-12 07:11:29,110.128,ss_r_white_pony,41.549,121.172,5.0,8,0.0,3.729,28,39.286,35.593,49.091,10.0,13.0,59.0,142.0,3.0,3.0,0.0,97.059,24.074,23.944,34.0,10.0,0.0,33.0,1.0,0.0,0.0,3.176,291.0,26.0
2026-04-19 09:25:57,110.238,ss_r_white_pony,41.071,138.602,10.0,7,0.0,3.543,25,32.143,45.238,42.857,13.0,10.0,46.0,112.0,4.0,2.0,0.0,90.323,22.222,27.679,31.0,11.0,0.0,28.0,3.0,1.0,0.0,2.613,291.0,18.0
2026-04-21 18:07:14,111.339,ss_r_white_pony,39.796,136.592,6.0,4,0.0,3.231,21,23.81,41.935,45.652,11.0,10.0,39.0,98.0,3.0,2.0,0.0,100,25.316,19.388,19.0,4.0,0.0,19.0,0.0,0.0,0.0,2.474,291.0,20.0
2026-04-23 08:45:49,112.91,ss_r_white_pony,36.735,98.668,3.0,9,0.0,3.833,17,40,30.303,40,6.0,5.0,36.0,98.0,2.0,3.0,0.0,86.957,21.333,23.469,23.0,5.0,1.0,20.0,3.0,0.0,0.0,3.0,291.0,16.0
2026-04-24 09:22:06,111.303,ss_r_white_pony,45.312,139.799,7.0,8,0.0,3.707,28,52.632,43.333,44.898,10.0,16.0,58.0,128.0,2.0,4.0,0.0,86.111,29.348,28.125,36.0,11.0,3.0,31.0,5.0,2.0,1.0,2.611,291.0,27.0
2026-04-25 07:02:20,110.614,ss_r_white_pony,46.789,109.489,5.0,11,0.0,4.353,18,43.478,37.5,53.704,7.0,5.0,51.0,109.0,4.0,1.0,0.0,85.185,34.146,24.771,27.0,8.0,4.0,23.0,4.0,0.0,0.0,3.185,291.0,28.0
2026-05-07 04:30:13,111.937,ss_r_white_pony,45.513,121.515,4.0,11,0.0,3.901,35,44.444,44.118,47.541,11.0,8.0,71.0,156.0,2.0,4.0,0.0,95.238,27.193,26.923,42.0,14.0,2.0,40.0,2.0,0.0,0.0,3.071,291.0,31.0
2026-05-08 04:37:09,113.584,ss_r_white_pony,39.506,85.785,1.0,1,0.0,4.594,12,50,27.586,44.444,7.0,5.0,32.0,81.0,2.0,3.0,0.0,100,24.615,19.753,16.0,4.0,0.0,16.0,0.0,0.0,0.0,3.625,291.0,16.0
2026-05-31 11:31:54,101.394,ss_r_white_pony,34.454,75.84,3.0,8,1.0,4.366,14,26.316,35.185,36.957,5.0,7.0,41.0,119.0,1.0,4.0,0.0,90.476,22.449,17.647,21.0,3.0,1.0,19.0,2.0,0.0,0.0,3.571,291.0,22.0
2026-06-04 11:30:02,100.02,ss_r_white_pony,38.393,89.987,5.0,5,0.0,4.186,17,37.037,34.615,45.455,7.0,6.0,43.0,112.0,3.0,3.0,0.0,95.652,23.596,20.536,23.0,6.0,0.0,22.0,1.0,1.0,0.0,3.478,291.0,21.0
2026-03-07 05:01:58,88.29,FeyFey,32.68,81.65,3.0,10,1.0,4.2,22,24,26.087,44.068,9.0,7.0,50.0,153.0,2.0,4.0,0.0,69.841,6.667,41.176,63.0,10.0,3.0,44.0,19.0,3.0,0.0,3.619,292.0,6.0
2026-03-09 08:04:02,88.742,FeyFey,22.857,68.282,3.0,8,0.0,3.875,10,19.048,22.727,25,6.0,3.0,24.0,105.0,6.0,0.0,0.0,60,11.25,23.81,25.0,4.0,1.0,15.0,10.0,2.0,0.0,3.08,292.0,9.0
2026-03-10 13:04:28,91.074,FeyFey,26.214,100.808,7.0,9,2.0,3.037,19,27.273,22.727,29.73,9.0,3.0,27.0,103.0,5.0,1.0,0.0,73.077,10.39,25.243,26.0,9.0,2.0,19.0,7.0,0.0,1.0,2.923,292.0,8.0
2026-03-18 11:45:10,93.879,FeyFey,31.532,91.135,4.0,4,0.0,3.771,18,36.842,20,42.857,5.0,12.0,35.0,111.0,3.0,2.0,0.0,53.333,16.667,40.541,45.0,8.0,3.0,24.0,21.0,3.0,0.0,2.756,292.0,11.0
2026-03-23 22:37:22,94.467,FeyFey,24.576,76.982,4.0,9,0.0,3.655,14,16.667,21.053,35.135,9.0,2.0,29.0,118.0,3.0,3.0,0.0,62.963,13.187,22.881,27.0,4.0,2.0,17.0,10.0,0.0,1.0,2.778,292.0,12.0
2026-03-25 01:23:46,95.091,FeyFey,29.565,92.774,4.0,10,0.0,3.5,16,17.647,17.021,45.098,11.0,3.0,34.0,115.0,4.0,2.0,0.0,58.333,8.955,41.739,48.0,8.0,6.0,28.0,20.0,6.0,0.0,2.708,292.0,6.0
2026-04-05 10:44:56,96.912,FeyFey,30.872,88.797,6.0,7,1.0,4.0,18,33.333,35,26.154,9.0,7.0,46.0,149.0,2.0,4.0,0.0,65,7.865,40.268,60.0,16.0,3.0,39.0,21.0,2.0,0.0,3.55,292.0,7.0
2026-05-31 04:15:32,90.354,FeyFey,26.364,97.88,6.0,13,0.0,2.828,22,42.857,22,26.087,13.0,7.0,29.0,110.0,4.0,2.0,0.0,54.054,12.329,33.636,37.0,8.0,5.0,20.0,17.0,3.0,1.0,2.216,292.0,9.0
2026-07-18 06:38:20,91.815,FeyFey,28.571,67.322,3.0,5,6.0,4.5,12,33.333,31.818,23.636,4.0,5.0,36.0,126.0,2.0,3.0,0.0,68.421,11.364,30.159,38.0,8.0,3.0,26.0,12.0,2.0,0.0,3.947,292.0,10.0
2026-07-19 10:39:25,90.525,FeyFey,30.172,65.513,3.0,6,1.0,4.543,10,36.364,31.25,26.087,4.0,2.0,35.0,116.0,1.0,4.0,0.0,66.667,13.75,31.034,36.0,7.0,2.0,24.0,12.0,5.0,0.0,3.639,292.0,11.0
2026-05-23 04:28:58,127.867,kaededayo,47.518,124.727,3.0,11,0.0,4.164,25,62.069,40.625,47.917,5.0,16.0,67.0,141.0,2.0,4.0,0.0,94.595,30.769,26.241,37.0,1.0,1.0,35.0,2.0,0.0,0.0,3.946,307.0,32.0
2026-05-23 22:05:11,116.159,kaededayo,62.016,119.985,1.0,12,0.0,4.55,19,81.579,58.696,48.889,7.0,11.0,80.0,129.0,4.0,1.0,0.0,95.745,42.683,36.434,47.0,2.0,0.0,45.0,2.0,1.0,0.0,4.489,307.0,35.0
2026-06-04 02:37:05,116.489,kaededayo,56.061,166.957,8.0,4,1.0,3.541,38,68.421,51.613,56.863,14.0,16.0,74.0,132.0,2.0,4.0,0.0,87.879,45.455,25,33.0,5.0,0.0,29.0,4.0,2.0,3.0,3.061,307.0,45.0
2026-06-16 11:06:33,116.299,kaededayo,52.98,147.018,6.0,13,0.0,3.8,36,57.692,50.877,52.941,10.0,17.0,80.0,151.0,3.0,3.0,0.0,89.13,37.143,30.464,46.0,1.0,4.0,41.0,5.0,0.0,0.0,3.043,307.0,39.0
2026-06-19 23:05:24,114.05,kaededayo,54.762,141.298,3.0,9,0.0,3.957,36,60.87,50,56.604,11.0,21.0,69.0,126.0,1.0,5.0,0.0,97.5,34.884,31.746,40.0,3.0,0.0,39.0,1.0,1.0,1.0,4.2,307.0,30.0
2026-06-25 18:22:37,113.433,kaededayo,52.273,124.578,3.0,5,0.0,4.043,29,65.517,48.276,48.889,9.0,12.0,69.0,132.0,3.0,3.0,0.0,95.238,32.222,31.818,42.0,5.0,0.0,40.0,2.0,0.0,0.0,4.024,307.0,29.0
2026-06-30 10:29:18,113.695,kaededayo,49.451,131.74,2.0,3,0.0,3.8,18,46.154,47.368,52.5,5.0,13.0,45.0,91.0,2.0,3.0,0.0,95.238,35.714,23.077,21.0,1.0,0.0,20.0,1.0,0.0,0.0,3.476,307.0,25.0
2026-07-01 11:19:15,113.168,kaededayo,54.545,130.853,1.0,5,0.0,3.889,32,58.333,48.276,60,7.0,23.0,72.0,132.0,2.0,4.0,0.0,90.909,42.424,25,33.0,3.0,0.0,30.0,3.0,3.0,0.0,3.848,307.0,42.0
2026-07-02 10:54:04,111.334,kaededayo,62.011,131.015,2.0,6,0.0,4.369,37,82.759,52.174,62.963,13.0,15.0,111.0,179.0,2.0,3.0,1.0,96.491,45.902,31.844,57.0,7.0,0.0,55.0,2.0,0.0,1.0,4.193,307.0,56.0
2026-08-08 01:30:10,112.618,kaededayo,50.0,137.906,6.0,9,0.0,3.909,20,68.182,54.286,32.258,10.0,10.0,44.0,88.0,3.0,2.0,0.0,83.333,41.429,20.455,18.0,0.0,0.0,15.0,3.0,2.0,2.0,3.167,307.0,29.0
2026-02-01 16:58:28,11.0,beautiful,45.37,13.028,3.0,4,1.0,4.204,12,61.905,54.545,27.907,5.0,7.0,49.0,108.0,2.0,3.0,0.0,88.889,36.667,16.667,18.0,3.0,0.0,16.0,2.0,1.0,1.0,3.556,311.0,33.0
2026-02-26 06:43:17,102.85,beautiful,48.718,121.845,3.0,5,0.0,4.035,22,52.941,59.677,28.947,9.0,7.0,57.0,117.0,1.0,4.0,0.0,84.211,41.837,16.239,19.0,4.0,1.0,16.0,3.0,1.0,1.0,3.368,311.0,41.0
2026-03-21 09:54:50,107.75,beautiful,46.341,92.382,3.0,12,2.0,4.829,22,65.517,50,33.333,12.0,4.0,76.0,164.0,3.0,2.0,1.0,95.833,37.857,14.634,24.0,7.0,1.0,23.0,1.0,0.0,0.0,3.542,311.0,53.0
2026-04-22 04:01:53,109.86,beautiful,38.384,93.503,2.0,9,0.0,4.026,18,21.429,51.22,31.818,7.0,6.0,38.0,99.0,2.0,3.0,0.0,71.429,32.941,14.141,14.0,2.0,2.0,10.0,4.0,1.0,1.0,2.714,311.0,28.0
2026-04-23 08:45:49,107.8,beautiful,48.092,102.839,2.0,11,0.0,4.397,20,70.588,52.941,38.095,5.0,11.0,63.0,131.0,3.0,2.0,0.0,94.118,41.228,12.977,17.0,4.0,0.0,16.0,1.0,0.0,0.0,4.0,311.0,47.0
2026-04-25 07:02:20,107.18,beautiful,48.673,124.929,2.0,9,0.0,3.891,25,58.824,52.273,42.308,5.0,10.0,55.0,113.0,4.0,1.0,0.0,91.667,37.079,21.239,24.0,6.0,0.0,22.0,2.0,1.0,0.0,3.708,311.0,33.0
2026-05-08 04:37:09,107.44,beautiful,48.092,131.92,4.0,9,0.0,3.857,27,63.636,51.852,38.182,10.0,11.0,63.0,131.0,2.0,3.0,0.0,89.286,36.893,21.374,28.0,11.0,1.0,25.0,3.0,1.0,0.0,3.286,311.0,38.0
2026-06-09 06:10:04,101.493,beautiful,53.906,110.106,1.0,7,0.0,4.391,22,68,56.364,43.75,7.0,11.0,69.0,128.0,2.0,3.0,0.0,86.364,47.17,17.188,22.0,3.0,1.0,19.0,3.0,1.0,0.0,3.5,311.0,50.0
2026-07-08 05:48:36,101.798,beautiful,51.261,94.199,3.0,3,0.0,4.721,14,76.19,58.974,37.288,3.0,8.0,61.0,119.0,1.0,3.0,1.0,88.889,44.554,15.126,18.0,4.0,0.0,16.0,2.0,2.0,1.0,4.0,311.0,45.0
2026-08-05 06:44:34,100.906,beautiful,49.645,77.848,0.0,4,0.0,4.929,16,59.259,52.239,40.426,1.0,8.0,70.0,141.0,4.0,2.0,0.0,86.957,42.373,16.312,23.0,6.0,0.0,20.0,3.0,0.0,0.0,4.478,311.0,50.0
2026-07-04 21:47:23,84.78,HakuiKoyori,36.806,85.343,4.0,7,2.0,4.17,19,41.667,35.849,35.821,8.0,7.0,53.0,144.0,3.0,3.0,0.0,69.388,20,34.028,49.0,6.0,2.0,34.0,15.0,1.0,0.0,3.816,316.0,19.0
2026-07-05 07:05:09,86.325,HakuiKoyori,30.556,71.533,2.0,5,1.0,3.932,17,47.059,18.519,32.143,3.0,10.0,44.0,144.0,2.0,3.0,1.0,60.976,18.447,28.472,41.0,8.0,1.0,25.0,16.0,1.0,0.0,3.366,316.0,19.0
2026-07-06 04:37:30,86.818,HakuiKoyori,33.333,63.254,2.0,3,1.0,4.524,13,38.095,25,39.623,4.0,3.0,42.0,126.0,2.0,4.0,0.0,68.293,16.471,32.54,41.0,5.0,1.0,28.0,13.0,1.0,0.0,4.024,316.0,14.0
2026-07-20 05:49:04,86.045,HakuiKoyori,23.636,57.557,1.0,4,2.0,3.769,12,28.571,30.952,12.5,2.0,4.0,26.0,110.0,4.0,1.0,0.0,57.692,13.095,23.636,26.0,4.0,1.0,15.0,11.0,2.0,0.0,3.077,316.0,11.0
2026-07-21 06:03:08,87.69,HakuiKoyori,26.496,46.7,0.0,5,1.0,4.677,8,21.053,24.444,30.189,4.0,1.0,31.0,117.0,3.0,2.0,0.0,60,12.195,29.915,35.0,4.0,2.0,21.0,14.0,4.0,0.0,3.886,316.0,10.0
2026-07-31 04:36:03,86.363,HakuiKoyori,29.787,72.116,0.0,5,0.0,3.964,15,30,27.273,32.5,4.0,5.0,28.0,94.0,2.0,3.0,0.0,66.667,14.925,28.723,27.0,3.0,2.0,18.0,9.0,0.0,0.0,3.37,316.0,10.0
2026-08-08 22:03:21,86.188,HakuiKoyori,31.724,89.639,4.0,8,2.0,3.696,22,32.143,20.37,41.27,8.0,7.0,46.0,145.0,3.0,2.0,0.0,69.565,14.141,31.724,46.0,8.0,1.0,32.0,14.0,1.0,0.0,3.326,316.0,14.0
2026-08-09 21:16:39,87.201,HakuiKoyori,30.075,80.084,5.0,13,1.0,3.75,17,9.091,32.075,36.207,6.0,7.0,40.0,133.0,4.0,1.0,0.0,54.762,18.681,31.579,42.0,11.0,4.0,23.0,19.0,4.0,1.0,2.905,316.0,17.0
2026-08-11 05:09:55,87.748,HakuiKoyori,19.753,64.326,2.0,4,0.0,3.25,8,25,11.429,26.923,3.0,5.0,16.0,81.0,2.0,3.0,0.0,61.538,11.765,16.049,13.0,3.0,1.0,8.0,5.0,0.0,1.0,3.462,316.0,8.0
2026-08-13 08:14:24,88.119,HakuiKoyori,27.586,63.467,3.0,5,3.0,4.375,10,19.048,15.789,38.596,7.0,2.0,32.0,116.0,2.0,3.0,0.0,62.069,16.092,25,29.0,4.0,0.0,18.0,11.0,3.0,0.0,3.69,316.0,14.0
2026-05-15 12:39:03,122.081,Nephirea,59.355,144.768,4.0,10,0.0,4.141,36,44,57.627,66.197,16.0,10.0,92.0,155.0,3.0,3.0,0.0,97.727,44.144,28.387,44.0,5.0,1.0,43.0,1.0,0.0,1.0,3.977,318.0,49.0
2026-05-21 14:04:49,122.739,Nephirea,59.596,159.5,6.0,6,0.0,3.949,22,64.286,48.78,68.182,9.0,6.0,59.0,99.0,3.0,2.0,0.0,96.97,40.909,33.333,33.0,9.0,1.0,32.0,1.0,0.0,0.0,3.455,318.0,27.0
2026-05-31 19:17:09,113.28,Nephirea,51.579,116.215,1.0,6,0.0,4.061,22,68.421,45.238,50,7.0,8.0,49.0,95.0,2.0,3.0,0.0,92.308,36.232,27.368,26.0,5.0,0.0,24.0,2.0,1.0,0.0,3.962,318.0,25.0
2026-06-15 18:14:28,112.814,Nephirea,53.383,134.614,5.0,7,1.0,4.127,32,52,51.613,56.522,10.0,17.0,71.0,133.0,0.0,3.0,2.0,100,40.385,21.805,29.0,6.0,0.0,29.0,0.0,0.0,1.0,3.69,318.0,42.0
2026-06-18 20:14:56,112.529,Nephirea,57.237,134.662,4.0,3,0.0,4.115,35,54.545,49.231,68.519,10.0,18.0,87.0,152.0,1.0,4.0,1.0,100,43.478,24.342,37.0,6.0,0.0,37.0,0.0,0.0,1.0,4.216,318.0,50.0
2026-06-22 15:19:23,112.605,Nephirea,51.111,108.701,0.0,4,0.0,4.37,16,47.059,46.341,59.375,6.0,8.0,46.0,90.0,3.0,1.0,0.0,93.333,42.667,16.667,15.0,1.0,0.0,14.0,1.0,1.0,0.0,3.667,318.0,32.0
2026-06-25 15:13:14,111.769,Nephirea,45.528,105.402,3.0,5,0.0,4.179,21,40,43.86,50,4.0,13.0,56.0,123.0,3.0,2.0,0.0,96.154,31.959,21.138,26.0,5.0,0.0,25.0,1.0,0.0,1.0,3.538,318.0,31.0
2026-07-04 07:15:20,111.029,Nephirea,52.143,100.92,0.0,4,0.0,4.589,20,53.571,41.379,62.963,5.0,17.0,73.0,140.0,2.0,4.0,0.0,94.595,36.893,26.429,37.0,5.0,1.0,35.0,2.0,0.0,0.0,4.135,318.0,38.0
2026-07-10 04:23:07,108.414,Nephirea,46.078,112.922,3.0,4,0.0,3.936,20,40,38,57.143,6.0,12.0,47.0,102.0,2.0,3.0,0.0,90.909,33.75,21.569,22.0,1.0,0.0,20.0,2.0,1.0,1.0,3.364,318.0,27.0
2026-07-11 05:05:05,108.552,Nephirea,57.851,113.48,1.0,3,0.0,4.429,21,53.846,58.696,58.065,5.0,11.0,70.0,121.0,2.0,3.0,0.0,96.97,43.182,27.273,33.0,6.0,0.0,32.0,1.0,0.0,1.0,4.061,318.0,38.0
2026-02-03 16:19:41,10.0,YunnN,35.385,11.546,4.0,8,1.0,4.0,19,25.926,47.17,28,10.0,7.0,46.0,130.0,2.0,3.0,0.0,100,18.447,20.769,27.0,3.0,0.0,27.0,0.0,0.0,0.0,3.519,320.0,19.0
2026-04-27 10:01:40,105.1,YunnN,38.835,106.847,5.0,4,0.0,4.075,15,35.294,31.915,48.718,6.0,4.0,40.0,103.0,4.0,1.0,0.0,100,20.253,23.301,24.0,6.0,0.0,24.0,0.0,0.0,0.0,3.667,320.0,16.0
2026-05-21 04:38:57,102.77,YunnN,44.444,123.055,2.0,5,1.0,3.768,24,33.333,35.849,56.364,6.0,17.0,56.0,126.0,3.0,3.0,0.0,94.286,25.275,27.778,35.0,4.0,1.0,33.0,2.0,0.0,0.0,3.057,320.0,23.0
2026-07-22 08:06:47,98.12,YunnN,39.13,118.073,9.0,12,1.0,3.481,28,35.484,40,40.385,17.0,9.0,54.0,138.0,3.0,3.0,0.0,92.593,26.126,19.565,27.0,8.0,1.0,25.0,2.0,0.0,3.0,2.815,320.0,29.0
2026-07-24 04:59:24,99.934,jaimeywea,47.328,95.724,3.0,10,0.0,4.419,21,57.692,48.333,40,4.0,15.0,62.0,131.0,2.0,3.0,0.0,89.744,29.348,29.771,39.0,5.0,2.0,35.0,4.0,1.0,1.0,3.821,321.0,27.0
2026-07-25 10:58:47,100.383,jaimeywea,43.443,99.205,4.0,8,0.0,4.226,21,47.619,51.163,36.207,6.0,12.0,53.0,122.0,3.0,3.0,0.0,90.909,25.843,27.049,33.0,3.0,0.0,30.0,3.0,2.0,1.0,3.697,321.0,23.0
2026-07-26 08:56:27,99.815,jaimeywea,49.254,102.193,2.0,2,0.0,4.364,21,54.545,47.458,49.057,8.0,6.0,66.0,134.0,3.0,3.0,0.0,90.476,30.435,31.343,42.0,4.0,0.0,38.0,4.0,0.0,0.0,4.0,321.0,28.0
2026-07-28 08:00:35,101.103,jaimeywea,47.899,84.42,1.0,4,0.0,4.719,12,51.429,58.824,38,4.0,5.0,57.0,119.0,2.0,2.0,1.0,89.744,27.5,32.773,39.0,3.0,0.0,35.0,4.0,0.0,0.0,4.718,321.0,22.0
2026-07-31 04:36:03,100.059,jaimeywea,34.615,92.775,1.0,8,0.0,3.741,11,26.667,52.174,27.5,5.0,4.0,27.0,78.0,3.0,2.0,0.0,82.609,14.545,29.487,23.0,2.0,0.0,19.0,4.0,2.0,0.0,3.522,321.0,8.0
2026-08-03 07:17:26,101.376,jaimeywea,51.538,122.813,5.0,8,0.0,3.955,27,57.895,53.226,46.939,11.0,14.0,67.0,130.0,2.0,4.0,0.0,97.436,31.868,30,39.0,5.0,0.0,38.0,1.0,1.0,2.0,4.154,321.0,29.0
2026-08-04 07:16:29,103.086,jaimeywea,48.387,113.86,3.0,8,1.0,4.033,22,52.941,44.828,51.02,5.0,8.0,60.0,124.0,4.0,1.0,0.0,95,26.19,32.258,40.0,2.0,0.0,38.0,2.0,0.0,0.0,3.9,321.0,22.0
2026-08-06 21:12:37,102.802,jaimeywea,50.781,107.885,1.0,15,0.0,3.785,31,50,54.717,47.273,1.0,13.0,65.0,128.0,3.0,3.0,0.0,80.769,30.263,40.625,52.0,4.0,4.0,42.0,10.0,3.0,0.0,3.308,321.0,23.0
2026-08-08 22:03:21,103.48,jaimeywea,46.281,96.405,0.0,4,0.0,4.25,17,40,56.14,36.364,6.0,7.0,56.0,121.0,2.0,3.0,0.0,90.244,23.75,33.884,41.0,3.0,0.0,37.0,4.0,3.0,0.0,4.244,321.0,19.0
2026-08-11 05:09:55,102.129,jaimeywea,55.263,139.109,4.0,4,0.0,3.968,30,60,54.545,52.941,8.0,13.0,63.0,114.0,5.0,0.0,0.0,86.486,40.26,32.456,37.0,6.0,1.0,32.0,5.0,0.0,1.0,3.919,321.0,31.0
2026-07-16 14:20:53,90.132,Catge,36.364,60.869,1.0,7,0.0,4.833,11,30.435,35.556,39.062,3.0,5.0,48.0,132.0,2.0,4.0,0.0,88.095,12.222,31.818,42.0,1.0,0.0,37.0,5.0,1.0,0.0,4.452,322.0,11.0
2026-07-16 18:15:42,88.846,Catge,38.168,86.346,3.0,8,0.0,3.84,24,25,39.13,43.86,6.0,12.0,50.0,131.0,3.0,3.0,0.0,87.097,23,23.664,31.0,5.0,0.0,27.0,4.0,2.0,1.0,3.645,322.0,23.0
2026-07-18 11:44:30,89.388,Catge,35.714,72.547,2.0,7,1.0,4.422,16,32,30.233,41.379,4.0,7.0,45.0,126.0,3.0,3.0,0.0,83.333,16.667,28.571,36.0,4.0,0.0,30.0,6.0,1.0,0.0,4.0,322.0,15.0
2026-07-19 10:39:25,89.235,Catge,29.73,53.067,1.0,3,1.0,5.03,10,13.043,30.556,36.538,4.0,2.0,33.0,111.0,4.0,1.0,0.0,95.238,14.444,18.919,21.0,1.0,0.0,20.0,1.0,0.0,0.0,4.667,322.0,13.0
2026-07-25 10:58:47,87.911,Catge,46.358,82.22,2.0,9,0.0,4.7,25,51.724,36.364,52.239,7.0,10.0,70.0,151.0,3.0,3.0,0.0,89.091,21.875,36.424,55.0,8.0,0.0,49.0,6.0,2.0,0.0,4.255,322.0,21.0
2026-07-27 09:02:15,88.694,Catge,35.256,87.766,5.0,14,1.0,3.927,22,34.375,34.783,36.364,11.0,8.0,55.0,156.0,3.0,3.0,0.0,90.244,15.652,26.282,41.0,8.0,1.0,37.0,4.0,1.0,1.0,3.732,322.0,18.0
2026-08-02 15:57:30,88.783,Catge,34.821,69.059,3.0,4,0.0,4.641,9,37.5,30.556,36.667,6.0,2.0,39.0,112.0,3.0,1.0,1.0,85.294,12.821,30.357,34.0,0.0,0.0,29.0,5.0,0.0,1.0,4.441,322.0,10.0
2026-08-05 16:03:30,88.659,Catge,33.333,85.644,2.0,20,0.0,3.638,24,52.632,30.508,30.159,8.0,10.0,47.0,141.0,2.0,4.0,0.0,78.378,17.308,26.241,37.0,4.0,2.0,29.0,8.0,0.0,0.0,3.054,322.0,18.0
2026-08-08 15:58:25,89.604,Catge,35.833,66.578,0.0,6,0.0,4.419,15,40,24,46,3.0,4.0,43.0,120.0,3.0,3.0,0.0,88,22.105,20.833,25.0,2.0,1.0,22.0,3.0,2.0,0.0,4.36,322.0,21.0
2026-08-11 16:15:35,88.51,Catge,39.167,82.41,4.0,12,0.0,4.298,15,46.667,36.538,39.623,8.0,6.0,47.0,120.0,3.0,3.0,0.0,100,17.978,25.833,31.0,1.0,0.0,31.0,0.0,0.0,1.0,4.0,322.0,16.0
2026-06-07 10:45:11,101.949,Swapin,39.161,98.122,1.0,7,0.0,4.018,27,58.621,34.483,33.929,4.0,12.0,56.0,143.0,5.0,1.0,0.0,72.093,25,30.07,43.0,4.0,1.0,31.0,12.0,3.0,0.0,4.0,325.0,25.0
2026-06-14 13:41:34,101.808,Swapin,35.185,79.299,1.0,5,0.0,4.079,13,44,31.25,34.286,4.0,7.0,38.0,108.0,2.0,4.0,0.0,80.645,16.883,28.704,31.0,8.0,1.0,25.0,6.0,2.0,0.0,3.226,325.0,13.0
2026-06-17 23:09:48,100.565,Swapin,48.466,96.035,2.0,10,0.0,4.608,27,70.968,43.077,43.284,9.0,10.0,79.0,163.0,2.0,4.0,0.0,76.786,33.645,34.356,56.0,6.0,4.0,43.0,13.0,3.0,0.0,3.893,325.0,36.0
2026-06-21 01:53:40,99.619,Swapin,24.59,34.417,0.0,2,0.0,4.867,3,45.455,18.182,21.429,0.0,1.0,15.0,61.0,0.0,4.0,0.0,66.667,10.87,24.59,15.0,0.0,0.0,10.0,5.0,1.0,0.0,4.4,325.0,5.0
2026-06-29 18:14:41,96.94,Swapin,48.81,147.193,4.0,6,0.0,3.22,26,81.25,42.857,39.394,14.0,5.0,41.0,84.0,4.0,1.0,0.0,73.333,35.185,35.714,30.0,7.0,2.0,22.0,8.0,2.0,0.0,2.4,325.0,19.0
2026-07-04 14:16:30,98.225,Swapin,50.806,98.336,1.0,7,1.0,4.492,20,70.37,40.909,49.057,6.0,12.0,63.0,124.0,1.0,4.0,0.0,80.952,35.366,33.871,42.0,6.0,2.0,34.0,8.0,1.0,0.0,4.024,325.0,29.0
2026-07-13 14:30:10,97.69,Swapin,33.065,74.657,2.0,9,0.0,4.195,14,50,25.532,32.727,4.0,9.0,41.0,124.0,2.0,2.0,1.0,71.429,21.875,22.581,28.0,4.0,0.0,20.0,8.0,2.0,1.0,3.964,325.0,21.0
2026-07-25 10:58:47,96.951,Swapin,42.188,79.729,2.0,7,1.0,4.519,18,73.684,41.667,32.787,4.0,13.0,54.0,128.0,1.0,5.0,0.0,72.973,29.67,28.906,37.0,4.0,2.0,27.0,10.0,2.0,0.0,3.784,325.0,27.0
2026-08-02 15:57:30,94.884,Swapin,49.091,92.717,2.0,5,1.0,4.556,12,64.286,54.348,40,4.0,5.0,54.0,110.0,2.0,2.0,1.0,80.952,29.412,38.182,42.0,2.0,0.0,34.0,8.0,0.0,0.0,4.19,325.0,20.0
2026-08-08 22:03:21,96.211,Swapin,50.0,100.223,1.0,5,0.0,4.418,23,66.667,44.068,50.877,5.0,9.0,67.0,134.0,3.0,1.0,1.0,76.923,32.927,38.806,52.0,1.0,1.0,40.0,12.0,3.0,0.0,3.692,325.0,27.0
2026-05-26 13:51:56,95.695,pomo,42.609,143.369,10.0,15,0.0,3.306,30,41.176,41.667,44,18.0,7.0,49.0,115.0,6.0,0.0,0.0,74.419,23.611,37.391,43.0,6.0,5.0,32.0,11.0,3.0,1.0,2.349,326.0,17.0
2026-05-28 18:11:43,97.62,pomo,36.986,84.551,3.0,6,1.0,4.407,19,28.571,31.429,47.273,7.0,8.0,54.0,146.0,5.0,1.0,0.0,71.667,12.791,41.096,60.0,10.0,4.0,43.0,17.0,1.0,0.0,3.55,326.0,11.0
2026-05-30 20:52:51,97.535,pomo,33.673,80.672,2.0,9,0.0,3.97,10,44.444,25.641,36.585,6.0,5.0,33.0,98.0,3.0,2.0,0.0,57.895,18.333,38.776,38.0,7.0,4.0,22.0,16.0,6.0,0.0,3.105,326.0,11.0
2026-06-01 11:04:53,97.427,pomo,41.489,102.834,3.0,3,0.0,3.949,15,19.048,39.394,55,7.0,5.0,39.0,94.0,3.0,2.0,0.0,88.235,15,36.17,34.0,4.0,0.0,30.0,4.0,1.0,0.0,3.882,326.0,9.0
2026-06-02 17:45:59,98.733,pomo,42.0,97.307,3.0,8,0.0,4.119,15,62.5,40,35.897,6.0,8.0,42.0,100.0,1.0,4.0,0.0,73.171,20.339,41,41.0,7.0,4.0,30.0,11.0,3.0,0.0,3.073,326.0,12.0
2026-06-09 18:09:55,98.62,pomo,39.344,125.712,8.0,10,0.0,3.292,30,41.379,33.333,46.154,14.0,12.0,48.0,122.0,2.0,4.0,0.0,85.366,16.049,33.607,41.0,11.0,2.0,35.0,6.0,3.0,1.0,2.878,326.0,13.0
2026-06-12 14:16:44,98.69,pomo,36.0,118.837,7.0,8,0.0,3.044,30,32,31.034,45.238,11.0,12.0,45.0,125.0,0.0,6.0,0.0,60.714,15.942,44.8,56.0,12.0,4.0,34.0,22.0,5.0,1.0,2.625,326.0,11.0
2026-07-13 14:30:10,97.339,pomo,43.75,127.233,7.0,2,0.0,4.0,17,41.667,34.375,52.5,9.0,6.0,42.0,96.0,4.0,1.0,0.0,82.857,21.311,36.458,35.0,8.0,0.0,29.0,6.0,3.0,1.0,3.629,326.0,13.0
2026-07-15 10:55:21,99.558,pomo,36.522,91.001,4.0,5,0.0,4.167,18,11.765,39.583,42,7.0,6.0,42.0,115.0,3.0,3.0,0.0,61.905,21.918,36.522,42.0,6.0,1.0,26.0,16.0,7.0,0.0,3.5,326.0,16.0
2026-07-19 10:39:25,99.49,pomo,35.659,71.198,2.0,4,0.0,4.761,13,28.125,26.829,46.429,3.0,4.0,46.0,129.0,1.0,4.0,0.0,73.81,17.241,32.558,42.0,1.0,1.0,31.0,11.0,3.0,0.0,4.095,326.0,15.0
2026-04-25 07:02:20,91.762,tskr,40.0,90.997,1.0,13,0.0,4.152,21,45.833,40,37.255,9.0,4.0,46.0,115.0,1.0,4.0,0.0,63.636,18.333,47.826,55.0,8.0,7.0,35.0,20.0,3.0,0.0,3.255,328.0,11.0
2026-04-29 17:55:58,92.255,tskr,39.423,122.173,7.0,10,0.0,3.488,21,27.778,33.333,50,9.0,4.0,41.0,104.0,4.0,2.0,0.0,67.347,14.545,47.115,49.0,7.0,5.0,33.0,16.0,5.0,0.0,2.714,328.0,8.0
2026-04-30 14:04:12,93.635,tskr,36.842,97.202,4.0,7,0.0,3.857,15,17.647,33.333,50,9.0,4.0,35.0,95.0,2.0,3.0,0.0,61.364,15.686,46.316,44.0,2.0,4.0,27.0,17.0,4.0,0.0,2.977,328.0,8.0
2026-05-02 12:26:40,96.761,tskr,37.607,84.554,2.0,7,0.0,4.205,14,35.294,40,36.364,4.0,6.0,44.0,117.0,2.0,4.0,0.0,56.522,25.352,39.316,46.0,4.0,4.0,26.0,20.0,8.0,0.0,2.978,328.0,18.0
2026-05-13 13:42:26,97.762,tskr,37.0,129.906,7.0,11,0.0,3.216,23,38.462,38,35.135,9.0,12.0,37.0,100.0,3.0,3.0,0.0,68.293,15.254,41,41.0,4.0,3.0,28.0,13.0,4.0,2.0,2.61,328.0,9.0
2026-05-14 14:24:40,100.061,tskr,35.87,99.921,4.0,2,0.0,4.03,16,25,40.541,35.897,6.0,8.0,33.0,92.0,3.0,2.0,0.0,63.333,22.581,32.609,30.0,8.0,2.0,19.0,11.0,2.0,1.0,3.067,328.0,14.0
2026-05-17 04:49:43,101.055,tskr,23.438,65.919,4.0,7,1.0,3.833,10,17.241,22,28.571,5.0,5.0,30.0,128.0,2.0,4.0,0.0,55.556,6.024,35.156,45.0,8.0,3.0,25.0,20.0,4.0,0.0,3.111,328.0,5.0
2026-05-20 10:47:35,99.183,tskr,25.352,66.212,1.0,5,0.0,3.889,9,16.667,16.667,37.931,6.0,1.0,18.0,71.0,4.0,2.0,0.0,50,11.111,36.62,26.0,4.0,3.0,13.0,13.0,2.0,0.0,2.538,328.0,5.0
2026-05-31 08:51:02,93.445,tskr,27.027,47.51,1.0,8,1.0,5.033,6,13.333,28.302,30.233,3.0,3.0,30.0,111.0,2.0,3.0,0.0,50,14.085,36.036,40.0,6.0,2.0,20.0,20.0,5.0,0.0,3.425,328.0,10.0
2026-07-25 14:05:52,91.482,tskr,32.061,73.597,3.0,5,1.0,4.333,15,31.579,25.424,39.623,10.0,1.0,42.0,131.0,3.0,3.0,0.0,58,16.049,38.168,50.0,3.0,1.0,29.0,21.0,5.0,0.0,3.38,328.0,13.0
2026-02-02 21:01:02,13.578,_nadeshiko,32.075,9.339,2.0,6,0.0,4.235,12,35,30.952,31.818,3.0,5.0,34.0,106.0,1.0,4.0,0.0,87.5,22.222,15.094,16.0,4.0,0.0,14.0,2.0,0.0,0.0,4.375,330.0,20.0
2026-02-03 16:19:41,12.12,_nadeshiko,32.11,11.084,2.0,6,0.0,3.914,16,36.364,38.298,22.5,6.0,8.0,35.0,109.0,2.0,3.0,0.0,85.714,24.211,12.844,14.0,6.0,1.0,12.0,2.0,1.0,0.0,3.286,330.0,23.0
2026-02-27 09:36:59,95.812,_nadeshiko,39.062,102.212,2.0,5,0.0,3.88,17,50,45.763,18.919,8.0,6.0,50.0,128.0,5.0,1.0,0.0,88.235,31.532,13.281,17.0,3.0,0.0,15.0,2.0,0.0,0.0,3.294,330.0,35.0
2026-03-26 04:42:48,101.313,_nadeshiko,37.5,95.463,2.0,6,0.0,4.079,26,66.667,38.571,23.529,9.0,14.0,63.0,168.0,3.0,2.0,1.0,86.364,30.137,13.095,22.0,5.0,0.0,19.0,3.0,1.0,0.0,3.409,330.0,44.0
2026-04-04 06:54:20,102.15,_nadeshiko,44.037,95.574,2.0,4,0.0,4.458,13,63.636,28.261,51.22,5.0,5.0,48.0,109.0,3.0,2.0,0.0,88.889,35.165,16.514,18.0,8.0,1.0,16.0,2.0,0.0,0.0,3.556,330.0,32.0
2026-05-31 19:17:09,96.312,_nadeshiko,41.732,98.946,3.0,4,1.0,4.038,21,59.259,51.064,24.528,6.0,8.0,53.0,127.0,1.0,4.0,0.0,100,31.481,14.961,19.0,6.0,0.0,19.0,0.0,0.0,1.0,3.105,330.0,34.0
2026-06-22 23:04:19,95.744,_nadeshiko,43.396,120.105,3.0,10,0.0,3.609,25,57.143,45.652,33.333,9.0,12.0,46.0,106.0,2.0,3.0,0.0,86.364,32.143,20.755,22.0,3.0,2.0,19.0,3.0,0.0,2.0,3.364,330.0,27.0
2026-07-30 04:09:15,87.869,2skr,31.325,105.073,7.0,5,0.0,3.308,14,26.316,34.211,30.769,9.0,5.0,26.0,83.0,1.0,4.0,0.0,94.444,13.846,21.687,18.0,10.0,1.0,17.0,1.0,0.0,0.0,2.389,334.0,9.0
2026-07-31 04:36:03,89.597,2skr,29.268,97.011,5.0,1,1.0,3.417,14,23.077,29.412,31.429,6.0,3.0,24.0,82.0,3.0,2.0,0.0,95,8.065,24.39,20.0,7.0,0.0,19.0,1.0,0.0,0.0,3.25,334.0,5.0
2026-08-02 15:57:30,89.974,2skr,26.957,61.619,2.0,4,0.0,4.194,12,29.63,26.829,25.532,2.0,7.0,31.0,115.0,1.0,4.0,0.0,86.667,18,13.043,15.0,8.0,2.0,13.0,2.0,0.0,0.0,3.2,334.0,18.0
2026-08-04 04:58:34,88.896,2skr,25.243,77.452,5.0,4,0.0,3.731,13,21.053,19.048,33.333,6.0,5.0,26.0,103.0,1.0,4.0,0.0,88.235,12.791,16.505,17.0,9.0,0.0,15.0,2.0,1.0,0.0,2.529,334.0,11.0
2026-08-04 07:16:29,88.883,2skr,23.762,60.241,3.0,6,1.0,4.208,10,15.789,26.087,25,6.0,2.0,24.0,101.0,2.0,3.0,0.0,73.333,15.116,14.851,15.0,7.0,1.0,11.0,4.0,2.0,0.0,2.133,334.0,13.0
2026-08-08 15:58:25,87.644,2skr,35.652,82.317,2.0,4,0.0,4.0,16,29.032,27.907,48.78,8.0,5.0,41.0,115.0,4.0,2.0,0.0,100,20.43,19.13,22.0,9.0,0.0,22.0,0.0,0.0,0.0,3.545,334.0,19.0
2026-08-08 22:03:21,87.39,2skr,28.0,93.872,5.0,3,0.0,3.464,15,5.263,28.571,40.625,7.0,4.0,28.0,100.0,1.0,4.0,0.0,90.476,11.392,21,21.0,10.0,2.0,19.0,2.0,0.0,0.0,2.381,334.0,9.0
2026-08-11 05:09:55,87.643,2skr,33.333,123.396,6.0,4,0.0,3.0,16,30,34.286,34.615,8.0,5.0,27.0,81.0,2.0,3.0,0.0,95.238,11.667,25.926,21.0,6.0,0.0,20.0,1.0,1.0,0.0,2.524,334.0,7.0
2026-08-11 16:15:35,90.049,2skr,32.759,104.565,9.0,10,0.0,3.5,21,28.571,30.357,38.462,10.0,7.0,38.0,116.0,3.0,3.0,0.0,83.333,19.565,20.69,24.0,12.0,3.0,20.0,4.0,0.0,0.0,1.958,334.0,18.0
2026-08-14 21:08:41,91.109,2skr,33.333,84.911,4.0,8,1.0,3.917,22,19.231,41.935,30.357,10.0,8.0,48.0,144.0,5.0,1.0,0.0,96,20.168,17.361,25.0,7.0,0.0,24.0,1.0,1.0,0.0,2.72,334.0,24.0
2026-07-03 21:07:23,87.196,xeyz,29.73,65.534,0.0,14,0.0,3.939,16,35,38.889,13.514,2.0,6.0,33.0,111.0,4.0,1.0,0.0,38.889,12.821,64.865,72.0,5.0,12.0,28.0,44.0,7.0,0.0,2.556,335.0,5.0
2026-07-04 21:47:23,88.46,xeyz,32.609,59.624,0.0,9,0.0,4.578,16,38.889,43.137,23.188,4.0,5.0,45.0,138.0,1.0,5.0,0.0,41.573,16.327,64.493,89.0,13.0,6.0,37.0,52.0,15.0,0.0,3.225,335.0,8.0
2026-07-11 21:22:45,87.073,xeyz,43.119,74.158,1.0,2,0.0,4.638,12,82.609,36,27.778,4.0,4.0,47.0,109.0,3.0,2.0,0.0,61.972,7.895,65.138,71.0,4.0,2.0,44.0,27.0,7.0,0.0,3.789,335.0,3.0
2026-07-13 20:45:39,88.216,xeyz,20.952,56.127,0.0,12,0.0,3.773,12,15.385,27.907,16.327,5.0,3.0,22.0,105.0,6.0,0.0,0.0,37.288,0,56.19,59.0,7.0,8.0,22.0,37.0,10.0,0.0,2.508,335.0,0.0
2026-07-14 21:14:03,89.138,xeyz,26.154,51.862,1.0,8,0.0,4.382,11,21.739,41.667,15.254,5.0,3.0,34.0,130.0,2.0,4.0,0.0,37.805,6.25,63.077,82.0,8.0,3.0,31.0,51.0,11.0,1.0,3.122,335.0,3.0
2026-07-15 18:09:02,86.411,xeyz,30.0,52.67,0.0,8,1.0,4.806,12,35.714,34.091,25.806,4.0,5.0,36.0,120.0,3.0,2.0,0.0,39.759,8.108,69.167,83.0,7.0,5.0,33.0,50.0,11.0,0.0,3.217,335.0,3.0
2026-07-17 23:08:39,84.707,xeyz,32.258,63.958,0.0,4,0.0,4.125,13,40,38.095,23.077,6.0,3.0,40.0,124.0,2.0,4.0,0.0,47.059,0,68.548,85.0,5.0,2.0,40.0,45.0,13.0,0.0,3.153,335.0,0.0
2026-08-08 01:30:10,84.736,xeyz,29.545,57.109,2.0,9,0.0,4.654,7,36.364,45.714,6.452,4.0,1.0,26.0,88.0,3.0,2.0,0.0,37.879,4.545,75,66.0,6.0,6.0,25.0,41.0,11.0,0.0,2.939,335.0,1.0
2026-08-08 22:03:21,84.366,xeyz,24.793,50.328,1.0,6,2.0,4.567,9,28,30.189,16.279,4.0,2.0,30.0,121.0,2.0,3.0,0.0,32.051,11.628,64.463,78.0,5.0,5.0,25.0,53.0,10.0,0.0,3.154,335.0,5.0
2026-08-11 16:15:35,82.924,xeyz,37.5,79.434,2.0,12,0.0,4.2,19,46.667,38.462,33.962,8.0,7.0,45.0,120.0,3.0,3.0,0.0,47.126,12.121,72.5,87.0,8.0,6.0,41.0,46.0,9.0,0.0,3.115,335.0,4.0
2026-06-12 07:12:19,95.09,fiftypercentweeb,41.935,82.752,1.0,14,0.0,4.385,19,50,35.088,44.286,7.0,8.0,65.0,155.0,2.0,4.0,0.0,73.333,22.105,38.71,60.0,4.0,3.0,44.0,16.0,3.0,0.0,3.883,336.0,21.0
2026-06-14 04:18:55,94.098,fiftypercentweeb,40.476,57.503,0.0,3,1.0,5.118,10,45.455,42.857,36.364,3.0,2.0,51.0,126.0,3.0,2.0,0.0,78.049,22.353,32.54,41.0,5.0,0.0,32.0,9.0,2.0,0.0,4.78,336.0,19.0
2026-07-04 07:15:20,92.835,fiftypercentweeb,44.203,91.23,1.0,5,0.0,4.393,22,41.667,35.849,52.459,2.0,6.0,61.0,138.0,3.0,3.0,0.0,78.947,19.753,41.304,57.0,5.0,2.0,45.0,12.0,2.0,0.0,3.965,336.0,16.0
2026-07-05 07:05:09,93.317,fiftypercentweeb,50.0,111.655,3.0,6,0.0,4.129,35,78.125,37.975,50.847,8.0,12.0,85.0,170.0,3.0,2.0,1.0,81.967,32.11,35.882,61.0,6.0,3.0,50.0,11.0,2.0,2.0,3.934,336.0,35.0
2026-07-06 04:37:30,95.07,fiftypercentweeb,48.201,118.283,6.0,8,0.0,3.925,27,62.5,44.262,46.296,12.0,10.0,67.0,139.0,4.0,2.0,0.0,86.957,29.032,33.094,46.0,6.0,3.0,40.0,6.0,1.0,1.0,3.609,336.0,27.0
2026-07-11 05:05:05,96.856,fiftypercentweeb,46.078,97.104,2.0,8,0.0,4.298,17,44.444,52.381,40.476,4.0,7.0,47.0,102.0,2.0,3.0,0.0,84.848,27.536,32.353,33.0,5.0,0.0,28.0,5.0,2.0,1.0,3.818,336.0,19.0
2026-07-16 06:58:43,97.667,fiftypercentweeb,49.359,102.624,2.0,4,1.0,4.338,27,64.516,42.373,48.485,9.0,7.0,77.0,156.0,3.0,2.0,1.0,83.929,30,35.897,56.0,4.0,0.0,47.0,9.0,0.0,1.0,4.286,336.0,30.0
2026-07-24 04:59:24,98.136,fiftypercentweeb,48.0,116.85,2.0,9,0.0,3.95,29,50,48.077,47.17,8.0,12.0,60.0,125.0,0.0,5.0,0.0,93.182,23.457,35.2,44.0,8.0,0.0,41.0,3.0,1.0,1.0,3.591,336.0,19.0
2026-08-04 04:58:34,97.692,fiftypercentweeb,44.33,86.12,1.0,6,0.0,4.395,14,42.105,53.659,35.135,3.0,4.0,43.0,97.0,3.0,2.0,0.0,75.676,25,38.144,37.0,5.0,3.0,28.0,9.0,1.0,0.0,3.973,336.0,15.0
2026-08-04 07:16:29,98.631,fiftypercentweeb,49.231,96.163,1.0,5,1.0,4.469,18,54.167,51.923,44.444,5.0,5.0,64.0,130.0,3.0,2.0,0.0,78,31.25,38.462,50.0,5.0,1.0,39.0,11.0,3.0,0.0,4.0,336.0,25.0
2026-04-23 08:45:49,89.323,ranny,22.449,71.847,4.0,9,0.0,3.727,12,45,18.182,15.556,7.0,1.0,22.0,98.0,2.0,3.0,0.0,61.111,13.75,18.367,18.0,7.0,6.0,11.0,7.0,0.0,1.0,1.944,338.0,11.0
2026-04-24 07:00:45,88.833,ranny,23.077,51.204,1.0,7,0.0,4.148,9,43.478,24.49,11.111,3.0,3.0,27.0,117.0,3.0,3.0,0.0,63.636,13.684,18.803,22.0,4.0,2.0,14.0,8.0,1.0,0.0,2.636,338.0,13.0
2026-04-25 07:02:20,86.479,ranny,20.87,46.983,2.0,13,0.0,4.458,9,25,17.5,21.569,5.0,3.0,24.0,115.0,1.0,4.0,0.0,78.947,9.375,16.522,19.0,7.0,3.0,15.0,4.0,1.0,0.0,3.526,338.0,9.0
2026-05-28 07:37:15,80.738,ranny,21.101,50.819,1.0,6,0.0,4.261,9,15.789,20.455,23.913,4.0,5.0,23.0,109.0,2.0,3.0,0.0,59.091,11.494,20.183,22.0,9.0,1.0,13.0,9.0,3.0,0.0,2.591,338.0,10.0
2026-06-01 08:52:06,79.24,ranny,24.306,60.218,2.0,10,1.0,4.2,14,45.455,24.615,15.789,8.0,3.0,35.0,144.0,5.0,1.0,0.0,57.692,16.949,18.056,26.0,5.0,5.0,15.0,11.0,2.0,0.0,1.962,338.0,20.0
2026-06-09 06:10:04,80.336,ranny,31.897,81.936,3.0,6,1.0,4.0,18,52.632,27.451,28.261,5.0,2.0,37.0,116.0,4.0,1.0,0.0,73.077,20,22.414,26.0,8.0,3.0,19.0,7.0,0.0,0.0,3.154,338.0,18.0
2026-06-11 07:29:51,80.253,ranny,22.656,50.314,2.0,3,3.0,4.552,8,22.727,21.311,24.444,3.0,3.0,29.0,128.0,1.0,3.0,1.0,61.111,16.364,14.062,18.0,5.0,1.0,11.0,7.0,1.0,0.0,2.722,338.0,18.0
2026-06-12 07:12:19,79.849,ranny,29.6,82.925,6.0,9,1.0,4.108,16,31.25,27.586,31.373,11.0,2.0,37.0,125.0,4.0,2.0,0.0,87.5,9.677,25.6,32.0,10.0,2.0,28.0,4.0,0.0,0.0,3.562,338.0,9.0
2026-06-22 15:19:23,80.866,ranny,25.882,87.802,5.0,3,1.0,3.636,11,31.25,30.556,18.182,8.0,3.0,22.0,85.0,3.0,2.0,0.0,76.19,9.375,24.706,21.0,13.0,2.0,16.0,5.0,2.0,0.0,2.238,338.0,6.0
2026-07-10 08:43:19,81.673,ranny,23.0,66.895,3.0,3,1.0,3.783,12,29.167,21.212,20.93,8.0,0.0,23.0,100.0,2.0,4.0,0.0,77.273,7.692,22,22.0,5.0,1.0,17.0,5.0,3.0,0.0,2.727,338.0,6.0
2026-05-29 18:02:32,88.027,inta,24.49,40.14,1.0,7,0.0,4.917,5,44.444,25.641,14.634,2.0,1.0,24.0,98.0,2.0,3.0,0.0,68.421,13.924,19.388,19.0,1.0,2.0,13.0,6.0,0.0,0.0,3.684,343.0,11.0
2026-06-04 02:37:05,85.411,inta,20.769,58.286,3.0,6,1.0,3.815,11,28,24.49,14.286,5.0,6.0,27.0,130.0,2.0,4.0,0.0,67.857,7.843,21.538,28.0,8.0,0.0,19.0,9.0,2.0,0.0,3.107,343.0,8.0
2026-06-04 21:32:59,84.397,inta,26.549,66.538,3.0,9,1.0,4.1,13,43.75,21.667,27.027,6.0,3.0,30.0,113.0,2.0,3.0,0.0,86.957,11.111,20.354,23.0,4.0,2.0,20.0,3.0,0.0,0.0,3.609,343.0,10.0
2026-06-09 06:10:04,83.091,inta,27.536,53.401,0.0,6,1.0,4.579,11,36.667,26.923,23.214,6.0,2.0,38.0,138.0,1.0,4.0,0.0,85.185,13.514,19.565,27.0,9.0,0.0,23.0,4.0,2.0,0.0,3.889,343.0,15.0
2026-06-25 23:03:08,82.177,inta,26.496,72.179,3.0,5,0.0,3.677,15,33.333,30.435,18.182,6.0,5.0,31.0,117.0,5.0,1.0,0.0,75.862,10.227,24.786,29.0,6.0,1.0,22.0,7.0,1.0,0.0,2.862,343.0,9.0
2026-07-03 21:07:23,82.409,inta,27.027,72.551,4.0,14,0.0,3.733,17,25,40.741,8.108,5.0,7.0,30.0,111.0,4.0,1.0,0.0,80.769,10.588,23.423,26.0,4.0,3.0,21.0,5.0,1.0,0.0,2.885,343.0,9.0
2026-07-29 21:01:21,83.589,inta,24.348,74.355,5.0,16,0.0,3.464,15,30.769,34.615,5.405,11.0,2.0,28.0,115.0,3.0,3.0,0.0,71.429,9.195,24.348,28.0,9.0,3.0,20.0,8.0,2.0,0.0,2.75,343.0,8.0
2026-07-31 04:36:03,82.726,inta,16.304,40.477,1.0,3,0.0,4.067,6,22.222,22.5,9.302,3.0,2.0,15.0,92.0,2.0,3.0,0.0,72.222,2.703,19.565,18.0,3.0,1.0,13.0,5.0,1.0,0.0,3.278,343.0,2.0
2026-08-08 01:30:10,81.862,inta,23.853,79.496,5.0,9,0.0,3.462,14,42.857,22.5,12.195,6.0,6.0,26.0,109.0,0.0,5.0,0.0,70,6.329,27.523,30.0,9.0,2.0,21.0,9.0,4.0,0.0,2.933,343.0,5.0
2026-08-11 05:09:55,82.24,inta,29.268,82.137,4.0,7,0.0,3.806,17,31.579,30.159,26.829,8.0,8.0,36.0,123.0,4.0,1.0,0.0,92.593,11.458,21.951,27.0,9.0,0.0,25.0,2.0,0.0,0.0,3.593,343.0,11.0
2026-07-20 05:49:04,93.445,Naizuri,50.394,98.201,1.0,6,0.0,4.391,25,60.714,60,37.037,3.0,9.0,64.0,127.0,3.0,2.0,0.0,86.486,35.556,29.134,37.0,3.0,2.0,32.0,5.0,0.0,0.0,4.162,344.0,32.0
2026-07-21 06:03:08,95.539,Naizuri,44.068,78.937,1.0,5,0.0,4.673,13,64,45.098,30.952,4.0,6.0,52.0,118.0,3.0,2.0,0.0,87.5,27.907,27.119,32.0,3.0,0.0,28.0,4.0,2.0,0.0,4.5,344.0,24.0
2026-07-29 04:35:02,94.366,Naizuri,52.695,81.641,0.0,6,3.0,4.83,14,69.697,52.439,42.308,3.0,5.0,88.0,167.0,4.0,0.0,1.0,84.127,33.654,37.725,63.0,3.0,1.0,53.0,10.0,1.0,0.0,4.556,344.0,35.0
2026-08-04 04:58:34,95.913,Naizuri,38.318,75.144,1.0,6,1.0,4.366,14,43.75,43.902,32,5.0,6.0,41.0,107.0,3.0,2.0,0.0,79.487,14.706,36.449,39.0,7.0,1.0,31.0,8.0,2.0,0.0,4.026,344.0,10.0
2026-08-04 07:16:29,95.925,Naizuri,37.363,92.904,3.0,8,0.0,4.0,12,52,25,40,3.0,7.0,34.0,91.0,2.0,3.0,0.0,87.5,19.403,26.374,24.0,3.0,0.0,21.0,3.0,0.0,1.0,4.167,344.0,13.0
2026-08-05 06:44:34,95.699,Naizuri,49.64,77.096,0.0,5,0.0,4.899,14,73.913,51.429,34.783,3.0,6.0,69.0,139.0,3.0,3.0,0.0,91.667,27.473,34.532,48.0,3.0,1.0,44.0,4.0,0.0,0.0,4.75,344.0,25.0
2026-08-06 07:55:09,97.139,Naizuri,43.796,106.889,3.0,11,0.0,3.983,25,65.517,49.02,28.07,6.0,9.0,60.0,137.0,3.0,1.0,1.0,70.455,31.183,32.117,44.0,3.0,2.0,31.0,13.0,4.0,1.0,3.591,344.0,29.0
2026-08-08 22:03:21,97.668,Naizuri,42.149,83.904,1.0,11,0.0,4.373,14,50,38.983,41.667,4.0,6.0,51.0,121.0,3.0,2.0,0.0,84.848,26.136,27.273,33.0,2.0,2.0,28.0,5.0,0.0,1.0,3.909,344.0,23.0
2026-08-09 21:16:39,96.846,Naizuri,36.792,63.897,2.0,2,0.0,4.513,6,57.143,28.571,34.884,2.0,2.0,39.0,106.0,2.0,3.0,0.0,80.556,14.286,33.962,36.0,3.0,1.0,29.0,7.0,0.0,1.0,4.167,344.0,10.0
2026-08-13 01:24:25,96.534,Naizuri,51.701,130.24,4.0,12,1.0,3.724,43,94.737,50.769,39.683,14.0,21.0,76.0,147.0,4.0,2.0,0.0,77.083,39.394,32.653,48.0,2.0,4.0,37.0,11.0,2.0,1.0,3.333,344.0,39.0
2026-02-14 09:54:11,12.781,Selaph,51.299,16.213,7.0,12,1.0,4.177,34,61.538,49.254,49.18,12.0,12.0,79.0,154.0,3.0,3.0,0.0,91.429,39.496,22.727,35.0,9.0,0.0,32.0,3.0,2.0,0.0,3.629,347.0,47.0
2026-03-08 16:21:25,115.34,Selaph,49.565,114.799,3.0,4,1.0,4.421,23,46.154,48.837,50.847,9.0,5.0,57.0,115.0,3.0,2.0,0.0,91.667,30.38,31.304,36.0,4.0,0.0,33.0,3.0,0.0,0.0,4.194,347.0,24.0
2026-05-18 03:59:51,115.75,Selaph,58.015,173.933,7.0,8,0.0,3.592,35,65.217,56.897,56,9.0,22.0,76.0,131.0,2.0,3.0,0.0,94.595,43.617,28.244,37.0,9.0,1.0,35.0,2.0,1.0,2.0,3.162,347.0,41.0
2026-06-06 08:23:49,109.96,Selaph,50.526,125.835,3.0,6,0.0,3.875,19,30,43.902,61.364,5.0,8.0,48.0,95.0,1.0,4.0,0.0,95.652,36.111,24.211,23.0,4.0,0.0,22.0,1.0,0.0,1.0,3.696,347.0,26.0
2026-07-25 04:25:03,94.603,Heleos,33.01,68.503,0.0,7,0.0,4.235,13,57.143,30.769,28,1.0,5.0,34.0,103.0,1.0,4.0,0.0,80,17.949,24.272,25.0,3.0,0.0,20.0,5.0,4.0,0.0,3.6,348.0,14.0
2026-07-25 21:09:29,92.516,Heleos,36.449,88.058,2.0,5,0.0,3.923,15,35.294,40,32.5,6.0,7.0,39.0,107.0,3.0,3.0,0.0,90.625,13.333,29.907,32.0,7.0,1.0,29.0,3.0,1.0,0.0,3.594,348.0,10.0
2026-07-29 21:01:21,92.574,Heleos,34.234,105.72,5.0,8,0.0,3.553,20,36.842,38.636,29.167,11.0,8.0,38.0,111.0,3.0,3.0,0.0,84.848,12.821,29.73,33.0,8.0,2.0,28.0,5.0,1.0,0.0,2.758,348.0,10.0
2026-07-30 04:09:15,94.333,Heleos,33.684,104.077,5.0,11,0.0,3.344,19,52,37.5,18.421,8.0,8.0,32.0,95.0,2.0,3.0,0.0,85.185,13.235,28.421,27.0,10.0,2.0,23.0,4.0,0.0,0.0,2.37,348.0,9.0
2026-07-31 04:36:03,95.102,Heleos,35.106,99.976,3.0,5,1.0,3.727,14,30,36.364,35,5.0,8.0,33.0,94.0,2.0,3.0,0.0,70,18.75,31.915,30.0,9.0,0.0,21.0,9.0,7.0,0.0,2.7,348.0,12.0
2026-07-31 21:46:36,95.074,Heleos,37.963,107.833,7.0,11,0.0,3.61,21,50,30,39.13,9.0,10.0,41.0,108.0,2.0,4.0,0.0,71.429,21.918,32.407,35.0,6.0,3.0,25.0,10.0,1.0,1.0,2.743,348.0,16.0
2026-08-02 04:39:11,96.485,Heleos,38.318,115.694,5.0,5,0.0,3.512,23,72.222,39.583,21.951,9.0,12.0,41.0,107.0,3.0,3.0,0.0,82.857,16.667,32.71,35.0,7.0,2.0,29.0,6.0,3.0,0.0,2.714,348.0,12.0
2026-08-08 22:03:21,97.005,Heleos,33.793,83.922,3.0,8,0.0,4.102,18,39.286,35.185,30.159,7.0,11.0,49.0,145.0,3.0,2.0,0.0,90.909,16.964,22.759,33.0,7.0,3.0,30.0,3.0,0.0,0.0,3.515,348.0,19.0
2026-08-09 21:16:39,96.391,Heleos,31.373,83.232,3.0,5,0.0,3.719,14,46.667,25.581,31.818,6.0,6.0,32.0,102.0,1.0,4.0,0.0,78.261,17.722,22.549,23.0,0.0,0.0,18.0,5.0,2.0,0.0,3.13,348.0,14.0
2026-08-13 01:24:25,95.881,Heleos,38.095,88.237,5.0,12,1.0,4.018,27,57.895,33.846,36.508,13.0,7.0,56.0,147.0,4.0,2.0,0.0,78.723,19,31.973,47.0,9.0,2.0,37.0,10.0,3.0,0.0,3.17,348.0,19.0
2026-04-18 21:00:59,94.439,Porte,36.434,101.935,6.0,4,0.0,3.681,22,14.286,42.857,38.983,8.0,11.0,47.0,129.0,3.0,3.0,0.0,93.333,19.192,23.256,30.0,8.0,0.0,28.0,2.0,1.0,1.0,3.1,349.0,19.0
2026-04-19 22:19:05,96.002,Porte,37.584,97.146,5.0,13,1.0,4.089,24,27.273,31.667,46.269,6.0,15.0,56.0,149.0,1.0,5.0,0.0,88.372,16.981,28.859,43.0,11.0,2.0,38.0,5.0,2.0,0.0,3.279,349.0,18.0
2026-05-06 16:06:47,96.143,Porte,29.204,107.984,7.0,11,0.0,3.333,19,13.333,21.154,43.478,11.0,9.0,33.0,113.0,6.0,0.0,0.0,78.571,12.941,24.779,28.0,7.0,2.0,22.0,6.0,0.0,1.0,2.786,349.0,11.0
2026-05-11 21:29:10,98.901,Porte,29.703,91.021,5.0,5,0.0,4.0,13,39.13,30.952,22.222,6.0,6.0,30.0,101.0,2.0,3.0,0.0,76.19,17.5,20.792,21.0,7.0,1.0,16.0,5.0,0.0,0.0,2.476,349.0,14.0
2026-06-15 18:14:28,90.626,Porte,31.522,113.558,7.0,3,0.0,3.379,17,31.25,38.462,24.324,11.0,2.0,29.0,92.0,5.0,0.0,0.0,95.455,11.429,23.913,22.0,7.0,0.0,21.0,1.0,1.0,0.0,2.409,349.0,8.0
2026-06-17 23:09:48,92.714,Porte,28.221,51.764,1.0,10,7.0,4.783,15,19.355,23.077,37.313,2.0,8.0,46.0,163.0,2.0,4.0,0.0,85.714,16.296,17.178,28.0,4.0,2.0,24.0,4.0,2.0,0.0,3.643,349.0,22.0
2026-06-22 18:46:04,90.163,Porte,27.703,52.125,1.0,11,0.0,4.61,10,37.037,30.508,20.968,3.0,4.0,41.0,148.0,1.0,5.0,0.0,75,12.5,24.324,36.0,3.0,1.0,27.0,9.0,2.0,0.0,3.778,349.0,14.0
2026-07-10 08:43:19,88.555,Porte,26.562,67.023,4.0,4,0.0,3.971,13,20,22,37.209,6.0,5.0,34.0,128.0,5.0,1.0,0.0,78.261,15.238,17.969,23.0,7.0,1.0,18.0,5.0,0.0,0.0,3.087,349.0,16.0
2026-07-14 13:58:57,88.96,Porte,33.0,113.018,8.0,8,0.0,3.273,20,33.333,34.884,30.769,11.0,7.0,33.0,100.0,5.0,1.0,0.0,90.909,16.667,22,22.0,8.0,0.0,20.0,2.0,1.0,0.0,2.364,349.0,13.0
2026-07-16 12:40:55,90.473,Porte,23.77,80.053,3.0,3,1.0,3.241,21,19.231,20.755,30.233,10.0,7.0,29.0,122.0,1.0,5.0,0.0,80.769,8.333,21.311,26.0,6.0,1.0,21.0,5.0,2.0,0.0,3.077,349.0,8.0
2026-02-07 21:56:38,11.356,Solosion,48.333,13.365,3.0,4,0.0,4.172,22,28.571,47.458,55.319,8.0,9.0,58.0,120.0,2.0,3.0,0.0,93.75,31.818,26.667,32.0,4.0,0.0,30.0,2.0,1.0,1.0,3.969,353.0,28.0
2026-02-14 22:38:25,11.751,Solosion,48.438,12.756,3.0,4,0.0,4.468,17,66.667,50.98,40.678,7.0,6.0,62.0,128.0,1.0,4.0,0.0,90.909,33.684,25.781,33.0,6.0,1.0,30.0,3.0,0.0,1.0,4.303,353.0,32.0
2026-03-06 22:11:37,101.06,Solosion,50.382,106.111,3.0,4,1.0,4.47,17,64,47.826,46.667,6.0,5.0,66.0,131.0,3.0,2.0,0.0,84.375,39.394,24.427,32.0,6.0,0.0,27.0,5.0,1.0,1.0,3.75,353.0,39.0
2026-03-07 19:32:42,95.086,Solosion,50.323,102.197,3.0,10,2.0,4.641,21,58.333,49.254,48.438,9.0,5.0,78.0,155.0,5.0,0.0,0.0,92.683,35.088,26.452,41.0,7.0,1.0,38.0,3.0,0.0,0.0,4.195,353.0,40.0
2026-03-21 16:06:01,101.787,Solosion,34.259,98.681,2.0,12,0.0,3.703,19,42.857,27.66,37.5,7.0,7.0,37.0,108.0,3.0,2.0,0.0,91.667,17.857,22.222,24.0,3.0,0.0,22.0,2.0,1.0,0.0,3.417,353.0,15.0
2026-04-25 17:53:40,103.278,Solosion,38.384,85.361,1.0,6,0.0,4.421,15,40.909,37.143,38.095,3.0,5.0,38.0,99.0,1.0,4.0,0.0,86.667,29.762,15.152,15.0,0.0,0.0,13.0,2.0,1.0,1.0,4.4,353.0,25.0
2026-05-23 22:05:11,95.204,Solosion,36.585,78.736,0.0,9,0.0,4.356,17,50,29.167,36.17,2.0,7.0,45.0,123.0,1.0,4.0,0.0,85.185,22.917,21.951,27.0,6.0,1.0,23.0,4.0,1.0,0.0,3.926,353.0,22.0
2026-07-16 18:15:42,93.732,Solosion,36.641,87.549,2.0,8,0.0,3.646,27,50,30.435,35.088,7.0,14.0,48.0,131.0,3.0,3.0,0.0,91.667,24.299,18.321,24.0,5.0,0.0,22.0,2.0,1.0,0.0,3.25,353.0,26.0
2026-08-08 01:30:10,93.436,Solosion,47.899,104.156,3.0,4,0.0,4.333,20,52.632,54.167,40.385,6.0,8.0,57.0,119.0,4.0,1.0,0.0,74.074,40.217,22.689,27.0,3.0,1.0,20.0,7.0,1.0,2.0,4.0,353.0,37.0
2026-08-13 01:24:25,94.972,Solosion,41.379,97.63,3.0,7,0.0,3.917,22,47.368,42.105,37.5,9.0,8.0,48.0,116.0,2.0,4.0,0.0,77.273,32.979,18.966,22.0,4.0,0.0,17.0,5.0,1.0,1.0,3.318,353.0,31.0
2026-04-22 12:05:57,101.318,Isekaijoucho,38.843,81.132,1.0,6,1.0,4.426,13,50,41.379,31.111,5.0,6.0,47.0,121.0,3.0,2.0,0.0,63.043,24,38.017,46.0,2.0,0.0,29.0,17.0,1.0,0.0,4.087,356.0,18.0
2026-04-25 17:53:40,99.248,Isekaijoucho,43.564,80.928,1.0,4,0.0,4.864,12,17.647,42.5,54.545,4.0,3.0,44.0,101.0,2.0,3.0,0.0,63.889,32.308,35.644,36.0,7.0,1.0,23.0,13.0,2.0,0.0,4.056,356.0,21.0
2026-05-25 14:16:02,92.283,Isekaijoucho,36.792,86.513,3.0,10,0.0,4.077,13,36.842,31.707,41.304,4.0,5.0,39.0,106.0,2.0,3.0,0.0,70.588,20.833,32.075,34.0,5.0,2.0,24.0,10.0,4.0,0.0,3.088,356.0,15.0
2026-05-29 18:02:32,92.312,Isekaijoucho,37.755,88.718,1.0,2,0.0,3.973,16,40,35.135,39.024,4.0,10.0,37.0,98.0,2.0,3.0,0.0,67.647,21.875,34.694,34.0,3.0,0.0,23.0,11.0,3.0,0.0,3.676,356.0,14.0
2026-05-31 11:31:54,92.432,Isekaijoucho,39.623,83.047,2.0,6,0.0,4.381,16,50,40,36.17,6.0,5.0,42.0,106.0,2.0,3.0,0.0,60,27.273,37.736,40.0,5.0,2.0,24.0,16.0,2.0,2.0,3.475,356.0,18.0
2026-05-31 19:17:09,92.341,Isekaijoucho,46.316,121.357,4.0,6,0.0,3.909,20,73.684,42.857,35.294,10.0,6.0,44.0,95.0,2.0,3.0,0.0,67.742,35.938,32.632,31.0,2.0,0.0,21.0,10.0,4.0,2.0,3.742,356.0,23.0
2026-06-02 17:45:59,93.401,Isekaijoucho,40.179,95.103,2.0,9,0.0,4.2,18,51.724,32.558,40,10.0,5.0,45.0,112.0,4.0,1.0,0.0,61.905,27.143,37.5,42.0,3.0,1.0,26.0,16.0,0.0,0.0,3.5,356.0,19.0
2026-07-06 14:03:19,94.027,Isekaijoucho,35.714,83.41,2.0,13,0.0,4.16,20,26.667,42.424,30.508,8.0,9.0,50.0,140.0,1.0,4.0,0.0,60.714,19.048,40,56.0,4.0,6.0,34.0,22.0,6.0,0.0,3.268,356.0,16.0
2026-07-25 14:05:52,94.68,Isekaijoucho,30.508,79.414,1.0,11,0.0,3.889,16,36.364,26.316,33.333,7.0,6.0,36.0,118.0,4.0,2.0,0.0,61.364,12.162,37.288,44.0,7.0,3.0,27.0,17.0,4.0,0.0,3.295,356.0,9.0
2026-08-02 15:57:30,94.009,Isekaijoucho,30.526,80.433,0.0,4,0.0,3.655,16,47.619,31.25,21.429,6.0,5.0,29.0,95.0,4.0,1.0,0.0,50,21.538,31.579,30.0,3.0,2.0,15.0,15.0,2.0,0.0,3.1,356.0,14.0
2026-06-23 20:14:41,88.948,chommy,39.394,98.468,6.0,3,0.0,4.462,18,33.333,31.111,51.282,8.0,8.0,39.0,99.0,3.0,3.0,0.0,94.118,28.049,17.172,17.0,8.0,0.0,16.0,1.0,1.0,0.0,3.059,357.0,23.0
2026-06-25 18:22:37,91.078,chommy,29.63,77.459,3.0,0,0.0,3.969,12,16,26.19,41.463,6.0,5.0,32.0,108.0,3.0,3.0,0.0,88,12.048,23.148,25.0,10.0,0.0,22.0,3.0,1.0,0.0,3.36,357.0,10.0
2026-06-30 07:53:59,90.088,chommy,29.091,90.133,9.0,4,3.0,3.854,21,20.588,20.339,40.278,9.0,9.0,48.0,165.0,5.0,1.0,0.0,100,12.687,18.788,31.0,12.0,0.0,31.0,0.0,0.0,1.0,3.419,357.0,17.0
2026-07-01 11:19:15,90.089,chommy,23.485,43.962,2.0,5,0.0,4.581,8,20.833,17.241,32,5.0,1.0,31.0,132.0,2.0,4.0,0.0,85.714,16.102,10.606,14.0,4.0,1.0,12.0,2.0,1.0,0.0,3.357,357.0,19.0
2026-07-02 10:54:04,87.639,chommy,30.769,66.111,3.0,4,1.0,4.542,15,15.152,26.562,44.068,7.0,7.0,48.0,156.0,1.0,3.0,2.0,100,18.182,15.385,24.0,8.0,0.0,24.0,0.0,0.0,0.0,3.792,357.0,24.0
2026-07-06 14:03:19,85.92,chommy,31.818,90.323,4.0,6,3.0,3.667,20,20,36.17,33.333,7.0,9.0,42.0,132.0,3.0,2.0,0.0,92.593,16.19,20.455,27.0,10.0,1.0,25.0,2.0,1.0,0.0,3.148,357.0,17.0
2026-07-13 14:30:10,86.269,chommy,33.077,78.209,2.0,2,0.0,4.233,15,38.462,25.49,37.736,6.0,5.0,43.0,130.0,3.0,1.0,1.0,92.308,18.269,20,26.0,4.0,0.0,24.0,2.0,0.0,0.0,3.615,357.0,19.0
2026-07-15 18:09:02,88.151,chommy,35.87,114.448,2.0,5,0.0,3.364,20,16.667,43.182,36.667,7.0,11.0,33.0,92.0,3.0,2.0,0.0,100,21.333,18.478,17.0,7.0,0.0,17.0,0.0,0.0,0.0,2.647,357.0,16.0
2026-07-16 18:15:42,88.847,chommy,41.0,108.562,5.0,5,0.0,3.537,22,20,45.714,46.667,9.0,6.0,41.0,100.0,3.0,3.0,0.0,95.455,25.641,22,22.0,9.0,0.0,21.0,1.0,0.0,0.0,3.045,357.0,20.0
2026-07-25 10:58:47,90.325,chommy,34.375,76.497,4.0,7,0.0,4.341,20,42.105,33.333,32.787,8.0,6.0,44.0,128.0,1.0,5.0,0.0,92.857,18,21.875,28.0,7.0,0.0,26.0,2.0,1.0,0.0,3.536,357.0,18.0
2026-06-15 18:14:28,103.501,mangoss,41.0,91.387,2.0,4,0.0,4.341,13,68.75,22.917,52.778,5.0,6.0,41.0,100.0,0.0,4.0,1.0,75,25,32,32.0,2.0,0.0,24.0,8.0,4.0,0.0,4.031,358.0,17.0
2026-06-16 11:06:33,101.466,mangoss,42.384,90.016,0.0,13,1.0,4.188,22,46.154,40.351,42.647,3.0,10.0,64.0,151.0,3.0,3.0,0.0,75.556,28.302,29.801,45.0,3.0,3.0,34.0,11.0,0.0,0.0,3.333,358.0,30.0
2026-06-19 23:05:24,99.714,mangoss,51.402,132.939,4.0,6,0.0,3.945,28,60,44,56.757,12.0,8.0,55.0,107.0,3.0,3.0,0.0,86.486,32.857,34.579,37.0,5.0,0.0,32.0,5.0,2.0,0.0,3.0,358.0,23.0
2026-06-22 23:04:19,100.038,mangoss,46.316,130.479,6.0,8,0.0,3.614,19,76.19,42.105,33.333,11.0,6.0,44.0,95.0,3.0,2.0,0.0,80,26.667,36.842,35.0,8.0,0.0,28.0,7.0,2.0,0.0,3.143,358.0,16.0
2026-07-12 07:09:01,101.239,mangoss,52.727,139.462,3.0,10,0.0,3.517,32,52.941,52.083,53.333,13.0,16.0,58.0,110.0,4.0,2.0,0.0,92.105,31.944,34.545,38.0,4.0,1.0,35.0,3.0,0.0,0.0,2.947,358.0,23.0
2026-07-13 14:30:10,103.231,mangoss,44.882,79.398,1.0,6,0.0,4.737,13,41.667,48.98,42.857,5.0,7.0,57.0,127.0,2.0,3.0,0.0,85.366,25.581,32.283,41.0,5.0,1.0,35.0,6.0,3.0,0.0,4.024,358.0,22.0
2026-07-16 14:20:53,102.895,mangoss,49.315,104.333,3.0,7,1.0,4.444,24,43.333,43.137,56.923,5.0,14.0,72.0,146.0,5.0,1.0,0.0,84.615,29.787,35.616,52.0,7.0,1.0,44.0,8.0,3.0,0.0,4.192,358.0,28.0
2026-07-19 10:39:25,104.161,mangoss,37.692,75.408,3.0,10,1.0,4.653,12,28.571,31.818,44.615,4.0,5.0,49.0,130.0,3.0,2.0,0.0,80.645,24.242,23.846,31.0,3.0,0.0,25.0,6.0,1.0,2.0,4.226,358.0,24.0
2026-08-06 21:12:37,101.703,mangoss,49.558,144.432,10.0,15,0.0,3.357,28,60,47.059,45.946,16.0,10.0,56.0,113.0,4.0,2.0,0.0,80.851,27.273,41.593,47.0,12.0,4.0,38.0,9.0,1.0,0.0,2.936,358.0,18.0
2026-08-08 22:03:21,103.629,mangoss,50.0,104.89,2.0,7,0.0,4.49,13,50,52.632,47.619,6.0,5.0,49.0,98.0,1.0,4.0,0.0,87.179,25.424,39.796,39.0,2.0,1.0,34.0,5.0,1.0,0.0,4.231,358.0,15.0
2026-04-15 21:21:27,70.68,Wiwmek,13.223,24.035,0.0,9,0.0,4.562,6,29.032,4.444,11.111,0.0,5.0,16.0,121.0,1.0,5.0,0.0,28.261,4,38.017,46.0,3.0,3.0,13.0,33.0,8.0,0.0,3.065,363.0,3.0
2026-05-29 10:22:32,68.95,Wiwmek,10.156,27.952,1.0,4,1.0,3.769,6,17.391,9.615,7.547,3.0,2.0,13.0,128.0,2.0,4.0,0.0,27.778,3.261,28.125,36.0,7.0,1.0,10.0,26.0,2.0,0.0,3.083,363.0,3.0
2026-08-02 15:57:30,96.592,I_dont_like_loli,37.895,96.015,1.0,4,0.0,3.75,17,38.095,43.75,33.333,4.0,8.0,36.0,95.0,4.0,1.0,0.0,82.143,19.403,29.474,28.0,3.0,1.0,23.0,5.0,2.0,0.0,3.107,364.0,13.0
2026-08-04 04:58:34,96.503,I_dont_like_loli,39.823,85.479,2.0,6,0.0,4.311,16,60,35.185,38.636,3.0,11.0,45.0,113.0,2.0,3.0,0.0,78.378,21.053,32.743,37.0,5.0,1.0,29.0,8.0,4.0,0.0,3.73,364.0,16.0
2026-08-05 06:44:34,95.28,I_dont_like_loli,46.763,80.11,1.0,5,1.0,4.785,17,60.87,48.571,36.957,4.0,7.0,65.0,139.0,3.0,3.0,0.0,95.122,26.531,29.496,41.0,2.0,1.0,39.0,2.0,1.0,0.0,4.439,364.0,26.0
2026-08-06 07:55:09,95.919,I_dont_like_loli,38.235,59.748,0.0,5,0.0,4.731,7,52.381,40.816,31.818,1.0,3.0,52.0,136.0,3.0,1.0,1.0,75.676,24.242,27.206,37.0,2.0,1.0,28.0,9.0,0.0,0.0,4.0,364.0,24.0
2026-08-07 08:19:11,95.309,I_dont_like_loli,42.029,92.024,2.0,4,0.0,4.224,21,62.069,38.182,35.185,4.0,10.0,58.0,138.0,2.0,4.0,0.0,72.093,28.421,31.159,43.0,3.0,0.0,31.0,12.0,6.0,0.0,3.698,364.0,27.0
2026-08-08 22:03:21,95.362,I_dont_like_loli,35.714,65.13,2.0,7,1.0,4.857,7,33.333,47.368,26.19,3.0,4.0,35.0,98.0,1.0,4.0,0.0,92.857,12.857,28.571,28.0,1.0,0.0,26.0,2.0,1.0,1.0,4.786,364.0,9.0
2026-08-09 08:47:47,93.544,I_dont_like_loli,41.667,67.971,2.0,11,0.0,4.883,12,62.5,40.625,33.929,6.0,5.0,60.0,144.0,3.0,2.0,1.0,85,25,27.778,40.0,3.0,0.0,34.0,6.0,1.0,0.0,4.375,364.0,26.0
2026-08-09 21:16:39,92.853,I_dont_like_loli,41.463,65.218,0.0,4,0.0,4.745,11,50,47.826,32.727,1.0,6.0,51.0,123.0,4.0,1.0,0.0,88.235,23.596,27.642,34.0,1.0,0.0,30.0,4.0,0.0,0.0,4.382,364.0,21.0
2026-08-13 01:24:25,92.941,I_dont_like_loli,42.029,89.11,1.0,7,0.0,4.069,29,46.429,49.123,32.075,9.0,11.0,58.0,138.0,2.0,4.0,0.0,94.118,25,24.638,34.0,3.0,1.0,32.0,2.0,0.0,0.0,3.118,364.0,26.0
2026-08-13 08:14:24,92.896,I_dont_like_loli,42.157,69.744,0.0,5,0.0,4.814,10,53.846,47.059,30.952,5.0,3.0,43.0,102.0,0.0,5.0,0.0,83.871,23.944,30.392,31.0,3.0,4.0,26.0,5.0,1.0,0.0,4.258,364.0,17.0
2026-07-13 14:30:10,107.788,AitsukiNakuru,46.923,106.032,4.0,2,0.0,4.246,18,53.846,41.176,49.057,7.0,8.0,61.0,130.0,3.0,1.0,1.0,71.429,28.378,43.077,56.0,5.0,1.0,40.0,16.0,1.0,0.0,3.786,366.0,21.0
2026-07-16 14:20:53,107.823,AitsukiNakuru,48.485,122.113,5.0,7,0.0,4.094,27,52.174,46.667,48.438,11.0,13.0,64.0,132.0,2.0,4.0,0.0,68.333,31.944,45.455,60.0,7.0,2.0,41.0,19.0,5.0,0.0,3.417,366.0,23.0
2026-07-25 10:58:47,105.951,AitsukiNakuru,55.725,143.511,6.0,4,0.0,3.89,38,36.842,51.923,65,19.0,12.0,73.0,131.0,5.0,1.0,0.0,81.69,25,54.198,71.0,6.0,1.0,58.0,13.0,3.0,1.0,3.69,366.0,15.0
2026-07-26 08:56:27,107.862,AitsukiNakuru,48.795,92.605,2.0,9,0.0,4.556,23,53.571,40.789,56.452,5.0,14.0,81.0,166.0,2.0,4.0,0.0,81.25,28.431,38.554,64.0,2.0,2.0,52.0,12.0,4.0,0.0,4.297,366.0,29.0
2026-07-27 09:02:15,107.209,AitsukiNakuru,47.692,120.255,4.0,10,0.0,3.839,27,35.714,53.846,49.206,8.0,15.0,62.0,130.0,1.0,5.0,0.0,80.303,14.062,50.769,66.0,6.0,4.0,53.0,13.0,3.0,0.0,3.364,366.0,9.0
2026-07-30 14:13:06,106.856,AitsukiNakuru,48.649,119.242,2.0,4,0.0,3.986,33,56,37.037,55.072,9.0,13.0,72.0,148.0,2.0,4.0,0.0,82.456,27.473,38.514,57.0,10.0,0.0,47.0,10.0,5.0,0.0,3.561,366.0,25.0
2026-08-01 10:34:49,106.934,AitsukiNakuru,46.626,87.018,3.0,4,1.0,4.632,15,55.263,44.118,43.86,5.0,6.0,76.0,163.0,1.0,3.0,2.0,73.134,28.125,41.104,67.0,10.0,3.0,49.0,18.0,3.0,0.0,3.821,366.0,27.0
2026-08-03 07:17:26,104.989,AitsukiNakuru,50.495,129.792,6.0,1,0.0,3.961,22,50,46.809,55,11.0,12.0,51.0,101.0,6.0,0.0,0.0,84.211,30.159,37.624,38.0,4.0,0.0,32.0,6.0,1.0,1.0,3.5,366.0,19.0
2026-08-09 08:47:47,106.528,AitsukiNakuru,59.722,131.732,4.0,11,0.0,4.256,35,62.5,51.562,67.857,11.0,17.0,86.0,144.0,3.0,2.0,1.0,86.667,30.435,52.083,75.0,9.0,5.0,65.0,10.0,3.0,0.0,3.773,366.0,21.0
2026-08-14 14:06:42,107.751,AitsukiNakuru,48.077,136.944,5.0,3,0.0,3.44,31,54.545,50,44.898,10.0,12.0,50.0,104.0,1.0,4.0,0.0,80,23.729,43.269,45.0,6.0,2.0,36.0,9.0,2.0,0.0,3.244,366.0,14.0
2026-06-03 06:18:49,97.457,PotassiumF,42.991,104.684,4.0,3,0.0,3.957,17,47.368,29.545,54.545,6.0,5.0,46.0,107.0,3.0,3.0,0.0,100,20.779,28.037,30.0,5.0,0.0,30.0,0.0,0.0,1.0,4.0,367.0,16.0
2026-06-04 17:59:53,99.019,PotassiumF,38.406,72.52,0.0,12,0.0,4.264,14,37.037,29.412,46.667,6.0,9.0,53.0,138.0,1.0,5.0,0.0,87.805,17.526,29.71,41.0,2.0,0.0,36.0,5.0,2.0,0.0,3.683,367.0,17.0
2026-06-07 17:50:16,97.875,PotassiumF,33.684,77.538,2.0,4,0.0,4.062,10,31.25,31.111,38.235,6.0,2.0,32.0,95.0,2.0,4.0,0.0,96.154,10.145,27.368,26.0,5.0,0.0,25.0,1.0,0.0,0.0,3.769,367.0,7.0
2026-06-08 08:42:08,97.039,PotassiumF,43.624,94.908,5.0,10,1.0,4.308,22,39.13,30.612,53.247,8.0,12.0,65.0,149.0,4.0,2.0,0.0,93.478,21.359,30.872,46.0,6.0,0.0,43.0,3.0,1.0,1.0,3.978,367.0,22.0
2026-06-14 13:41:34,97.726,PotassiumF,28.235,66.069,1.0,4,0.0,3.958,7,16.667,23.529,35.897,2.0,6.0,24.0,85.0,3.0,3.0,0.0,87.5,14.493,18.824,16.0,2.0,1.0,14.0,2.0,1.0,0.0,3.625,367.0,10.0
2026-06-17 20:49:31,98.02,PotassiumF,46.087,100.681,4.0,2,1.0,4.302,20,40,50,44,6.0,9.0,53.0,115.0,5.0,1.0,0.0,94.444,24.051,31.304,36.0,3.0,0.0,34.0,2.0,2.0,1.0,4.0,367.0,19.0
2026-06-18 20:14:56,97.912,PotassiumF,39.216,87.607,3.0,7,0.0,4.267,23,42.857,35.714,41.818,6.0,11.0,60.0,153.0,3.0,3.0,0.0,90.196,13.725,33.333,51.0,11.0,1.0,46.0,5.0,1.0,0.0,3.941,367.0,14.0
2026-06-28 17:24:05,97.058,PotassiumF,41.739,86.608,1.0,1,0.0,4.542,15,31.579,38.298,48.98,6.0,4.0,48.0,115.0,3.0,2.0,0.0,97.297,15.385,32.174,37.0,5.0,0.0,36.0,1.0,0.0,0.0,4.27,367.0,12.0
2026-06-30 07:53:59,95.959,PotassiumF,38.554,80.367,4.0,7,0.0,4.625,20,41.667,28.169,49.153,8.0,8.0,64.0,166.0,1.0,5.0,0.0,93.617,16.807,28.313,47.0,11.0,0.0,44.0,3.0,2.0,0.0,4.255,367.0,20.0
2026-07-10 04:23:07,93.77,PotassiumF,28.736,67.799,3.0,3,0.0,4.2,10,15.385,28.205,34.286,5.0,4.0,25.0,87.0,0.0,5.0,0.0,89.474,11.765,21.839,19.0,5.0,0.0,17.0,2.0,1.0,0.0,4.0,367.0,8.0
2026-05-18 03:59:51,102.672,arpia97,35.115,80.858,3.0,8,1.0,4.152,12,52.174,37.931,24,4.0,8.0,46.0,131.0,2.0,3.0,0.0,65.385,15.19,39.695,52.0,8.0,3.0,34.0,18.0,3.0,0.0,3.269,368.0,12.0
2026-05-19 09:12:20,100.18,arpia97,42.308,96.966,2.0,5,0.0,4.424,11,50,41.379,40,4.0,4.0,33.0,78.0,1.0,4.0,0.0,78.125,17.391,41.026,32.0,4.0,2.0,25.0,7.0,1.0,0.0,3.344,368.0,8.0
2026-05-22 07:14:53,99.464,arpia97,25.217,71.676,1.0,10,0.0,3.897,13,21.053,31.25,20.833,6.0,5.0,29.0,115.0,3.0,3.0,0.0,74.074,10.227,23.478,27.0,3.0,2.0,20.0,7.0,2.0,0.0,3.0,368.0,9.0
2026-06-04 17:59:53,93.665,arpia97,38.211,88.16,2.0,6,0.0,4.0,19,62.963,28.571,35,7.0,12.0,47.0,123.0,4.0,2.0,0.0,66.667,23.457,34.146,42.0,1.0,3.0,28.0,14.0,5.0,0.0,3.048,368.0,19.0
2026-06-08 08:42:08,94.863,arpia97,37.805,103.155,5.0,3,0.0,3.871,12,46.667,37.5,34.286,5.0,6.0,31.0,82.0,1.0,3.0,0.0,75,8.696,43.902,36.0,5.0,1.0,27.0,9.0,2.0,0.0,3.25,368.0,4.0
2026-06-11 07:29:51,93.847,arpia97,30.303,45.302,0.0,5,1.0,5.15,7,40,28.571,27.451,0.0,2.0,40.0,132.0,1.0,3.0,1.0,63.043,12.791,34.848,46.0,4.0,3.0,29.0,17.0,3.0,0.0,4.109,368.0,11.0
2026-06-21 01:53:40,89.513,arpia97,37.662,99.766,0.0,4,0.0,3.517,16,57.143,32,34.211,6.0,7.0,29.0,77.0,3.0,2.0,0.0,65.385,23.529,33.766,26.0,2.0,2.0,17.0,9.0,2.0,0.0,2.923,368.0,12.0
2026-06-22 18:46:04,89.955,arpia97,42.282,78.798,1.0,6,1.0,4.587,20,44,39.706,44.643,7.0,5.0,63.0,149.0,6.0,0.0,0.0,75,20.225,40.268,60.0,5.0,3.0,45.0,15.0,0.0,0.0,3.867,368.0,18.0
2026-07-30 14:13:06,89.648,arpia97,29.054,61.75,0.0,4,0.0,4.349,16,32,25.926,30.435,4.0,8.0,43.0,148.0,2.0,4.0,0.0,58.182,11.828,37.162,55.0,9.0,2.0,32.0,23.0,6.0,0.0,3.145,368.0,11.0
2026-08-03 07:17:26,90.25,arpia97,33.077,79.891,5.0,12,0.0,4.023,16,36.842,42.105,22.222,6.0,9.0,43.0,130.0,2.0,4.0,0.0,55.357,16.216,43.077,56.0,10.0,5.0,31.0,25.0,11.0,0.0,2.982,368.0,12.0
2026-04-23 08:45:49,109.553,florenz,45.082,108.203,1.0,8,0.0,4.018,23,77.778,48,22.222,5.0,13.0,55.0,122.0,1.0,4.0,0.0,75,32.558,29.508,36.0,7.0,4.0,27.0,9.0,3.0,0.0,3.333,369.0,28.0
2026-05-06 16:15:20,108.873,florenz,34.911,56.003,1.0,9,4.0,5.39,11,65.625,32.258,24,3.0,3.0,59.0,169.0,3.0,2.0,1.0,63.158,26.718,22.485,38.0,2.0,5.0,24.0,14.0,1.0,0.0,4.658,369.0,35.0
2026-05-13 13:42:26,105.941,florenz,44.954,138.91,6.0,7,0.0,3.388,27,83.333,49.02,22.5,15.0,9.0,49.0,109.0,4.0,2.0,0.0,70.588,33.333,31.193,34.0,8.0,3.0,24.0,10.0,2.0,2.0,2.971,369.0,25.0
2026-05-19 09:12:20,109.105,florenz,49.231,110.449,3.0,10,0.0,4.406,20,73.684,55.814,38.235,6.0,12.0,64.0,130.0,4.0,1.0,0.0,66.667,37.975,39.231,51.0,9.0,2.0,34.0,17.0,6.0,0.0,3.706,369.0,30.0
2026-06-12 14:16:44,102.078,florenz,41.509,110.135,2.0,8,0.0,3.432,24,77.778,38.636,29.545,8.0,11.0,44.0,106.0,5.0,1.0,0.0,62.069,33.766,27.358,29.0,3.0,1.0,18.0,11.0,3.0,1.0,3.034,369.0,26.0
2026-06-21 01:53:40,102.709,florenz,45.783,124.308,4.0,2,0.0,3.763,17,80,55.556,26.829,6.0,9.0,38.0,83.0,1.0,4.0,0.0,64,37.931,30.12,25.0,6.0,1.0,16.0,9.0,4.0,1.0,3.08,369.0,22.0
2026-07-01 11:19:15,102.542,florenz,42.308,86.144,0.0,3,0.0,4.212,11,77.778,38.235,23.077,3.0,4.0,33.0,78.0,1.0,3.0,0.0,64.706,36.066,21.795,17.0,4.0,1.0,11.0,6.0,2.0,0.0,3.647,369.0,22.0
2026-07-04 14:16:30,101.19,florenz,50.943,99.586,1.0,5,0.0,4.407,15,91.667,46.875,34,5.0,12.0,54.0,106.0,2.0,3.0,0.0,67.568,42.029,34.906,37.0,4.0,0.0,25.0,12.0,6.0,0.0,3.676,369.0,29.0
2026-08-11 16:15:35,101.035,florenz,50.0,118.002,1.0,9,1.0,3.891,30,93.333,46.667,21.053,13.0,7.0,64.0,128.0,3.0,3.0,0.0,71.429,39.535,32.812,42.0,3.0,2.0,30.0,12.0,3.0,1.0,3.405,369.0,34.0
2026-08-13 08:14:24,102.064,florenz,47.552,100.083,2.0,4,1.0,4.279,21,75.862,51.02,32.308,9.0,6.0,68.0,143.0,4.0,1.0,0.0,59.574,41.667,32.867,47.0,7.0,1.0,28.0,19.0,0.0,1.0,3.702,369.0,40.0
2026-02-02 21:01:02,8.961,Andrey_K,32.692,9.073,2.0,4,0.0,4.353,15,50,23.077,34.694,6.0,6.0,34.0,104.0,4.0,1.0,0.0,82.759,13.333,27.885,29.0,5.0,0.0,24.0,5.0,0.0,0.0,3.966,370.0,10.0
2026-02-22 10:11:43,93.09,Andrey_K,27.612,79.604,4.0,9,0.0,3.919,18,43.478,23.729,25,9.0,6.0,37.0,134.0,4.0,2.0,0.0,83.333,15.455,17.91,24.0,5.0,0.0,20.0,4.0,1.0,0.0,3.667,370.0,17.0
2026-02-27 19:05:58,92.34,Andrey_K,29.358,99.16,5.0,5,0.0,3.156,21,47.368,27.66,23.256,12.0,4.0,32.0,109.0,4.0,2.0,0.0,94.444,16.484,16.514,18.0,8.0,0.0,17.0,1.0,0.0,0.0,3.0,370.0,15.0
2026-03-07 19:32:42,94.67,Andrey_K,34.314,117.847,2.0,5,2.0,3.286,23,59.091,32.609,20.588,8.0,9.0,35.0,102.0,3.0,2.0,0.0,86.957,18.987,22.549,23.0,6.0,0.0,20.0,3.0,1.0,0.0,3.0,370.0,15.0
2026-04-15 21:21:27,99.38,Andrey_K,36.364,107.139,4.0,9,0.0,3.477,26,45.161,42.222,24.444,9.0,11.0,44.0,121.0,1.0,5.0,0.0,86.667,19.78,24.793,30.0,2.0,0.0,26.0,4.0,1.0,2.0,3.2,370.0,18.0
2026-04-23 21:30:44,104.212,Andrey_K,35.577,90.869,4.0,5,1.0,4.027,13,63.636,31.25,23.529,6.0,4.0,37.0,104.0,3.0,2.0,0.0,91.667,18.75,23.077,24.0,5.0,0.0,22.0,2.0,0.0,0.0,3.75,370.0,15.0
2026-06-20 23:02:30,94.743,Andrey_K,37.288,106.922,5.0,5,0.0,3.591,21,76.471,46.154,14.286,9.0,8.0,44.0,118.0,5.0,1.0,0.0,75,25.556,23.729,28.0,4.0,3.0,21.0,7.0,1.0,0.0,2.679,370.0,23.0
2026-07-11 14:18:20,96.82,Andrey_K,26.957,61.999,1.0,6,0.0,4.129,13,40.741,26.19,19.565,3.0,6.0,31.0,115.0,3.0,3.0,0.0,84,11.111,21.739,25.0,1.0,0.0,21.0,4.0,2.0,0.0,4.04,370.0,10.0
2026-08-14 21:08:41,96.365,Andrey_K,31.818,98.179,5.0,8,1.0,3.486,19,38.889,37.778,23.404,11.0,5.0,35.0,110.0,3.0,3.0,0.0,88,15.294,22.727,25.0,3.0,0.0,22.0,3.0,1.0,2.0,3.16,370.0,13.0
2026-02-06 18:07:13,11.999,harges,54.167,15.633,4.0,7,0.0,4.103,35,50,51.562,58.929,11.0,10.0,78.0,144.0,4.0,2.0,0.0,94.737,39.623,26.389,38.0,5.0,0.0,36.0,2.0,1.0,0.0,3.895,373.0,42.0
2026-02-08 18:56:14,12.439,harges,36.585,16.671,5.0,11,0.0,3.033,19,38.462,33.333,39.394,8.0,9.0,30.0,82.0,3.0,2.0,0.0,94.737,19.048,23.171,19.0,5.0,0.0,18.0,1.0,0.0,1.0,3.105,373.0,12.0
2026-02-09 06:21:10,12.6,harges,46.774,17.552,6.0,5,0.0,3.448,27,66.667,40,47.059,17.0,6.0,58.0,124.0,5.0,1.0,0.0,90.625,31.522,25.806,32.0,4.0,0.0,29.0,3.0,0.0,2.0,3.688,373.0,29.0
2026-02-16 08:34:27,113.327,harges,49.635,101.421,2.0,6,0.0,4.353,20,58.333,41.27,56,7.0,14.0,68.0,137.0,3.0,3.0,0.0,97.143,33.333,25.547,35.0,3.0,0.0,34.0,1.0,0.0,1.0,4.0,373.0,34.0
2026-03-09 08:04:02,115.639,harges,39.13,106.615,4.0,6,0.0,3.933,17,33.333,40.385,40,9.0,2.0,45.0,115.0,3.0,3.0,0.0,90.909,26.882,19.13,22.0,2.0,0.0,20.0,2.0,0.0,1.0,3.818,373.0,25.0
2026-03-09 10:23:07,110.204,harges,46.667,102.598,1.0,3,1.0,4.508,22,50,40.678,52.083,4.0,12.0,63.0,135.0,2.0,4.0,0.0,94.737,38.793,14.074,19.0,1.0,0.0,18.0,1.0,0.0,0.0,4.526,373.0,45.0
2026-03-15 07:31:17,108.088,harges,45.455,105.533,2.0,14,0.0,4.043,34,60.714,43.548,40.625,9.0,10.0,70.0,154.0,3.0,3.0,0.0,92.105,30.172,24.675,38.0,6.0,1.0,35.0,3.0,1.0,0.0,3.895,373.0,35.0
2026-03-21 07:07:36,112.835,harges,58.14,126.88,3.0,3,1.0,4.253,22,73.684,56.14,54.717,8.0,13.0,75.0,129.0,3.0,3.0,0.0,95.455,50.467,17.054,22.0,2.0,0.0,21.0,1.0,0.0,2.0,4.227,373.0,54.0
2026-03-21 09:54:50,113.988,harges,46.951,83.225,0.0,12,2.0,4.909,21,58.621,48.611,39.683,7.0,10.0,77.0,164.0,3.0,2.0,1.0,87.179,34.4,23.78,39.0,1.0,1.0,34.0,5.0,1.0,0.0,4.846,373.0,43.0
2026-05-22 07:14:53,115.304,harges,35.398,89.158,2.0,9,0.0,4.15,13,50,23.404,40.909,5.0,7.0,40.0,113.0,1.0,4.0,0.0,90.476,22.826,18.584,21.0,3.0,1.0,19.0,2.0,1.0,0.0,3.238,373.0,21.0
2026-03-27 14:41:04,101.254,qwecocacola,41.558,94.389,2.0,8,0.0,4.062,21,54.054,43.396,32.812,5.0,13.0,64.0,154.0,2.0,4.0,0.0,94.595,24.786,24.026,37.0,14.0,0.0,35.0,2.0,2.0,0.0,3.784,376.0,29.0
2026-03-27 19:14:22,98.82,qwecocacola,41.739,98.684,3.0,5,0.0,4.042,19,43.478,34.146,47.059,9.0,5.0,48.0,115.0,2.0,3.0,0.0,93.75,21.687,27.826,32.0,4.0,0.0,30.0,2.0,0.0,0.0,3.781,376.0,18.0
2026-03-31 13:55:05,98.084,qwecocacola,35.659,84.765,2.0,12,0.0,4.13,19,38.462,40,31.746,4.0,8.0,46.0,129.0,0.0,6.0,0.0,87.5,18.557,24.806,32.0,8.0,1.0,28.0,4.0,1.0,0.0,3.625,376.0,18.0
2026-04-03 21:23:14,97.346,qwecocacola,49.18,95.8,3.0,6,0.0,4.717,16,54.167,50,44.737,9.0,3.0,60.0,122.0,2.0,3.0,0.0,94.118,31.818,27.869,34.0,5.0,1.0,32.0,2.0,0.0,0.0,4.471,376.0,28.0
2026-04-06 11:17:49,97.607,qwecocacola,47.753,98.994,6.0,6,1.0,4.647,22,55.172,50.704,42.308,11.0,12.0,85.0,178.0,4.0,2.0,0.0,92.5,34.783,22.472,40.0,9.0,0.0,37.0,3.0,2.0,1.0,4.575,376.0,48.0
2026-04-06 18:00:03,98.396,qwecocacola,39.583,101.875,2.0,10,0.0,3.772,24,44,46.774,29.825,5.0,14.0,57.0,144.0,2.0,3.0,1.0,97.059,21.818,23.611,34.0,7.0,1.0,33.0,1.0,0.0,0.0,3.382,376.0,24.0
2026-04-08 02:58:33,98.9,qwecocacola,44.615,89.254,1.0,7,0.0,4.638,16,35,50.909,41.818,5.0,10.0,58.0,130.0,1.0,4.0,0.0,96.552,29.703,22.308,29.0,3.0,1.0,28.0,1.0,0.0,0.0,4.379,376.0,30.0
2026-04-10 18:17:34,100.01,qwecocacola,49.091,106.566,3.0,1,0.0,4.407,16,54.167,51.111,43.902,6.0,7.0,54.0,110.0,4.0,1.0,0.0,89.286,35.366,25.455,28.0,4.0,0.0,25.0,3.0,0.0,0.0,3.857,376.0,29.0
2026-04-12 13:08:11,100.989,qwecocacola,45.802,89.999,3.0,7,0.0,4.717,14,42.308,51.852,41.176,5.0,4.0,60.0,131.0,1.0,4.0,0.0,100,29.703,22.901,30.0,4.0,0.0,30.0,0.0,0.0,0.0,4.433,376.0,30.0
2026-04-13 11:07:02,100.229,qwecocacola,38.931,95.685,1.0,14,0.0,3.804,27,46.154,32.759,42.553,8.0,8.0,51.0,131.0,3.0,2.0,1.0,93.75,21.212,24.427,32.0,2.0,1.0,30.0,2.0,0.0,0.0,3.469,376.0,21.0
2026-04-06 18:00:03,62.193,erzakuran,7.299,18.013,0.0,10,4.0,4.1,5,3.704,6.557,10.204,5.0,0.0,10.0,137.0,1.0,4.0,1.0,64.286,0.813,10.219,14.0,6.0,0.0,9.0,5.0,0.0,0.0,3.286,378.0,1.0
2026-05-04 18:23:07,63.432,erzakuran,5.455,20.115,1.0,9,0.0,3.0,3,3.846,2.222,10.256,3.0,0.0,6.0,110.0,2.0,4.0,0.0,55.556,0.99,8.182,9.0,4.0,1.0,5.0,4.0,0.0,0.0,2.889,378.0,1.0
2026-05-14 14:24:40,63.298,erzakuran,7.609,16.217,0.0,4,0.0,4.286,2,27.273,8.571,2.174,1.0,1.0,7.0,92.0,0.0,5.0,0.0,77.778,0,9.783,9.0,3.0,1.0,7.0,2.0,1.0,0.0,3.444,378.0,0.0
2026-05-18 14:51:43,63.664,erzakuran,8.197,11.467,0.0,12,1.0,5.4,2,5,11.364,6.897,1.0,0.0,10.0,122.0,3.0,3.0,0.0,46.667,2.804,12.295,15.0,2.0,1.0,7.0,8.0,2.0,0.0,3.733,378.0,3.0
2026-05-25 14:16:02,62.019,erzakuran,7.921,20.258,1.0,5,4.0,3.75,4,7.692,11.765,5.556,1.0,1.0,8.0,101.0,2.0,3.0,0.0,66.667,0,11.881,12.0,1.0,0.0,8.0,4.0,2.0,0.0,3.417,378.0,0.0
2026-05-31 11:31:54,62.47,erzakuran,13.393,22.06,1.0,5,0.0,5.0,3,20,14.894,10,2.0,0.0,15.0,112.0,5.0,0.0,0.0,80,3.093,13.393,15.0,4.0,1.0,12.0,3.0,0.0,0.0,4.4,378.0,3.0
2026-06-01 11:04:53,62.794,erzakuran,7.895,17.246,1.0,11,1.0,4.778,3,9.524,5.455,10.526,3.0,0.0,9.0,114.0,2.0,3.0,0.0,63.636,1.942,9.649,11.0,2.0,0.0,7.0,4.0,0.0,1.0,4.182,378.0,2.0
2026-06-02 14:27:18,61.449,erzakuran,9.655,17.706,1.0,6,1.0,4.857,4,3.448,6.25,14.706,3.0,0.0,14.0,145.0,3.0,3.0,0.0,59.091,0.813,15.172,22.0,2.0,0.0,13.0,9.0,0.0,0.0,3.955,378.0,1.0
2026-07-25 14:05:52,59.759,erzakuran,8.392,15.647,0.0,9,4.0,4.5,3,0,5.882,14.754,1.0,1.0,12.0,143.0,3.0,3.0,0.0,78.571,0.775,9.79,14.0,3.0,0.0,11.0,3.0,0.0,0.0,3.857,378.0,1.0
2026-07-30 14:13:06,58.388,erzakuran,5.405,7.376,0.0,5,7.0,4.875,1,9.677,1.852,6.349,0.0,0.0,8.0,148.0,4.0,2.0,0.0,50,0,10.811,16.0,3.0,0.0,8.0,8.0,1.0,0.0,4.438,378.0,0.0
2026-07-02 04:20:29,115.995,CipherKai,64.848,146.368,5.0,9,0.0,3.916,48,73.333,56.944,69.841,9.0,30.0,107.0,165.0,3.0,3.0,0.0,91.139,40.698,47.879,79.0,8.0,3.0,72.0,7.0,2.0,2.0,3.772,379.0,35.0
2026-07-04 21:47:23,116.875,CipherKai,61.111,128.215,2.0,7,0.0,4.193,33,62.5,62.264,59.701,6.0,19.0,88.0,144.0,3.0,3.0,0.0,91.304,33.333,47.917,69.0,3.0,0.0,63.0,6.0,0.0,0.0,4.159,379.0,25.0
2026-07-08 01:31:50,117.496,CipherKai,54.237,134.949,5.0,4,0.0,3.859,28,69.231,57.692,40,7.0,13.0,64.0,118.0,0.0,5.0,0.0,86,30.882,42.373,50.0,6.0,1.0,43.0,7.0,2.0,1.0,3.52,379.0,21.0
2026-07-18 06:38:20,117.317,CipherKai,55.769,119.727,2.0,3,0.0,4.414,17,60,54.545,55,4.0,8.0,58.0,104.0,2.0,3.0,0.0,88.636,31.667,42.308,44.0,2.0,1.0,39.0,5.0,1.0,1.0,4.227,379.0,19.0
2026-07-21 06:03:08,116.155,CipherKai,65.116,167.864,8.0,2,0.0,3.964,33,66.667,56,73.913,13.0,15.0,84.0,129.0,3.0,1.0,1.0,96.552,39.437,44.961,58.0,3.0,0.0,56.0,2.0,0.0,0.0,3.879,379.0,28.0
2026-07-25 04:25:03,117.088,CipherKai,58.416,155.313,4.0,7,0.0,3.729,27,52.174,51.613,65.957,11.0,17.0,59.0,101.0,2.0,3.0,0.0,94.444,38.462,35.644,36.0,2.0,0.0,34.0,2.0,0.0,1.0,3.889,379.0,25.0
2026-07-29 04:35:02,117.081,CipherKai,73.653,139.599,1.0,6,0.0,4.496,35,81.818,74.39,67.308,4.0,25.0,123.0,167.0,4.0,0.0,1.0,92.308,51.316,54.491,91.0,4.0,1.0,84.0,7.0,3.0,1.0,4.363,379.0,39.0
2026-08-03 07:17:26,118.385,CipherKai,61.739,149.618,2.0,5,0.0,3.803,34,66.667,58,63.415,10.0,23.0,71.0,115.0,2.0,4.0,0.0,93.478,40.58,40,46.0,7.0,0.0,43.0,3.0,2.0,0.0,3.848,379.0,28.0
2026-08-08 01:30:10,117.748,CipherKai,59.664,128.543,4.0,4,0.0,4.324,25,47.368,64.583,59.615,8.0,8.0,71.0,119.0,4.0,1.0,0.0,85.246,32.759,51.261,61.0,6.0,1.0,52.0,9.0,3.0,0.0,3.902,379.0,19.0
2026-08-11 05:09:55,118.385,CipherKai,63.333,168.368,3.0,5,0.0,3.618,34,59.375,60.87,69.048,7.0,24.0,76.0,120.0,2.0,3.0,0.0,92.593,39.394,45,54.0,2.0,0.0,50.0,4.0,2.0,0.0,3.537,379.0,26.0
2026-07-11 05:05:05,77.149,Goko8765,22.314,51.178,4.0,9,0.0,4.667,8,52.941,23.529,11.321,6.0,1.0,27.0,121.0,2.0,2.0,1.0,57.5,4.938,33.058,40.0,9.0,1.0,23.0,17.0,4.0,0.0,3.525,381.0,4.0
2026-07-12 07:09:01,75.917,Goko8765,23.622,61.767,2.0,9,1.0,3.5,17,27.586,26.829,19.298,6.0,4.0,30.0,127.0,5.0,1.0,0.0,65.714,7.609,27.559,35.0,9.0,3.0,23.0,12.0,1.0,0.0,2.829,381.0,7.0
2026-07-20 05:49:04,77.822,Goko8765,28.696,76.364,2.0,6,1.0,3.758,14,38.095,21.569,32.558,9.0,4.0,33.0,115.0,3.0,2.0,0.0,78.125,9.639,27.826,32.0,8.0,1.0,25.0,7.0,1.0,1.0,3.531,381.0,8.0
2026-07-21 06:03:08,79.059,Goko8765,29.661,60.66,1.0,5,2.0,4.571,12,32,31.373,26.19,3.0,4.0,35.0,118.0,3.0,2.0,0.0,81.25,10.465,27.119,32.0,6.0,2.0,26.0,6.0,1.0,0.0,4.0,381.0,9.0
2026-07-25 04:25:03,78.81,Goko8765,25.243,63.271,2.0,7,2.0,4.0,10,57.143,28.205,14,4.0,5.0,26.0,103.0,1.0,4.0,0.0,53.571,14.667,27.184,28.0,10.0,3.0,15.0,13.0,3.0,1.0,2.893,381.0,11.0
2026-07-25 21:09:29,78.252,Goko8765,19.149,54.817,1.0,6,0.0,3.556,10,33.333,19.048,11.765,4.0,4.0,18.0,94.0,4.0,2.0,0.0,70,5.405,21.277,20.0,3.0,0.0,14.0,6.0,1.0,0.0,3.0,381.0,4.0
2026-07-30 04:09:15,81.012,Goko8765,18.947,44.595,0.0,11,0.0,3.833,8,28,18.75,13.158,0.0,7.0,18.0,95.0,2.0,3.0,0.0,52,7.143,26.316,25.0,4.0,3.0,13.0,12.0,3.0,0.0,2.68,381.0,5.0
2026-07-31 21:46:36,79.975,Goko8765,19.388,40.288,2.0,6,0.0,4.368,5,17.391,25.532,10.714,4.0,1.0,19.0,98.0,2.0,4.0,0.0,50,13.415,16.327,16.0,3.0,1.0,8.0,8.0,1.0,0.0,2.688,381.0,11.0
2026-08-02 04:39:11,79.676,Goko8765,19.626,51.783,3.0,5,0.0,4.0,8,16.667,25,14.634,6.0,2.0,21.0,107.0,3.0,3.0,0.0,65.517,2.564,27.103,29.0,5.0,2.0,19.0,10.0,4.0,0.0,3.379,381.0,2.0
2026-08-05 16:03:30,79.781,Goko8765,18.44,44.888,3.0,20,0.0,3.962,11,36.842,15.254,15.873,4.0,4.0,26.0,141.0,2.0,4.0,0.0,56.757,4.808,26.241,37.0,13.0,8.0,21.0,16.0,1.0,0.0,2.757,381.0,5.0
2026-02-21 11:42:50,81.55,Shiku,29.286,65.129,2.0,6,2.0,4.463,13,41.667,25.424,28.07,5.0,6.0,41.0,140.0,4.0,2.0,0.0,67.347,8.791,35,49.0,9.0,2.0,33.0,16.0,4.0,0.0,4.02,382.0,8.0
2026-04-03 21:23:14,84.13,Shiku,32.231,49.364,0.0,7,0.0,5.128,8,44.828,28.571,28,2.0,4.0,39.0,121.0,5.0,0.0,0.0,72.727,17.045,27.273,33.0,4.0,1.0,24.0,9.0,2.0,0.0,4.212,382.0,15.0
2026-04-23 21:30:44,82.26,Shiku,28.44,49.865,0.0,9,0.0,4.581,8,57.895,24.444,20,3.0,4.0,31.0,109.0,3.0,2.0,0.0,74.074,13.415,24.771,27.0,1.0,2.0,20.0,7.0,2.0,0.0,3.889,382.0,11.0
2026-05-08 11:01:28,81.96,Shiku,32.515,57.922,0.0,9,0.0,4.698,12,62.963,26.389,26.562,6.0,1.0,53.0,163.0,4.0,1.0,1.0,62.5,16.822,34.356,56.0,6.0,1.0,35.0,21.0,1.0,0.0,3.946,382.0,18.0
2026-05-11 21:29:10,92.224,Shiku,37.5,80.862,2.0,4,0.0,4.639,11,84.211,21.951,30.556,6.0,5.0,36.0,96.0,2.0,3.0,0.0,69.697,20.635,34.375,33.0,3.0,0.0,23.0,10.0,1.0,0.0,3.848,382.0,13.0
2026-05-12 21:56:32,92.373,Shiku,30.252,44.767,0.0,12,0.0,4.889,6,75,11.364,29.091,2.0,1.0,36.0,119.0,2.0,3.0,0.0,57.895,17.284,31.933,38.0,1.0,3.0,22.0,16.0,4.0,0.0,4.053,382.0,14.0
2026-05-16 21:48:55,89.94,Shiku,39.024,71.039,0.0,6,0.0,4.604,15,64.706,38.983,29.787,2.0,7.0,48.0,123.0,5.0,0.0,0.0,73.171,21.951,33.333,41.0,1.0,2.0,30.0,11.0,2.0,0.0,4.024,382.0,18.0
2026-08-08 22:03:21,85.466,Shiku,25.0,22.937,0.0,7,1.0,5.724,2,57.895,10.87,25.49,0.0,2.0,29.0,116.0,1.0,4.0,0.0,56.25,13.095,27.586,32.0,2.0,1.0,18.0,14.0,4.0,0.0,4.062,382.0,11.0
2026-05-01 06:24:58,75.0,molneya,15.306,46.989,0.0,9,1.0,3.4,8,11.765,12.821,19.048,5.0,2.0,15.0,98.0,2.0,3.0,0.0,50,7.5,18.367,18.0,4.0,4.0,9.0,9.0,1.0,0.0,2.389,383.0,6.0
2026-05-06 15:44:30,81.61,molneya,20.755,61.486,5.0,10,0.0,3.455,12,21.739,17.021,25,8.0,3.0,22.0,106.0,3.0,3.0,0.0,76.923,2.5,24.528,26.0,10.0,2.0,20.0,6.0,2.0,0.0,2.885,383.0,2.0
2026-05-09 13:52:15,86.62,molneya,18.644,66.816,7.0,14,0.0,3.045,15,11.765,15.094,25,8.0,2.0,22.0,118.0,4.0,2.0,0.0,85.714,4.124,17.797,21.0,5.0,2.0,18.0,3.0,0.0,0.0,2.667,383.0,4.0
2026-05-24 06:20:49,89.38,molneya,21.667,73.749,3.0,6,0.0,3.385,15,30.769,21.569,16.279,5.0,7.0,26.0,120.0,2.0,4.0,0.0,81.481,4.301,22.5,27.0,8.0,0.0,22.0,5.0,1.0,0.0,2.815,383.0,4.0
2026-05-27 14:14:43,85.39,molneya,14.667,40.551,1.0,3,0.0,3.727,5,25,10.345,14.706,4.0,0.0,11.0,75.0,2.0,3.0,0.0,84.615,0,17.333,13.0,1.0,0.0,11.0,2.0,0.0,0.0,3.923,383.0,0.0
2026-05-28 15:49:45,83.32,molneya,14.141,45.924,2.0,9,0.0,3.214,8,11.111,14.634,15,4.0,3.0,14.0,99.0,2.0,4.0,0.0,84.615,3.488,13.131,13.0,3.0,0.0,11.0,2.0,1.0,0.0,2.769,383.0,3.0
2026-04-19 22:19:05,68.96,Tsuni,15.827,44.603,2.0,9,4.0,3.909,10,26.667,24.444,4.688,6.0,3.0,22.0,139.0,3.0,3.0,0.0,44.118,6.667,24.46,34.0,9.0,5.0,15.0,19.0,2.0,0.0,3.265,388.0,7.0
2026-02-03 10:22:26,11.962,sharet,36.0,10.751,5.0,10,1.0,4.222,13,40.741,34.783,34.615,7.0,5.0,45.0,125.0,5.0,1.0,0.0,79.167,25.743,19.2,24.0,5.0,1.0,19.0,5.0,1.0,1.0,3.458,389.0,26.0
2026-02-24 09:17:05,70.0,rinshantsumo,24.615,50.035,0.0,7,0.0,4.406,7,29.63,22.951,23.81,8.0,1.0,32.0,130.0,5.0,1.0,0.0,83.784,1.075,28.462,37.0,3.0,1.0,31.0,6.0,0.0,0.0,4.0,391.0,1.0
2026-04-22 04:01:53,90.0,rna,34.066,74.598,3.0,6,0.0,4.323,9,47.059,42.857,15.625,7.0,2.0,31.0,91.0,2.0,3.0,0.0,82.759,11.29,31.868,29.0,3.0,1.0,24.0,5.0,1.0,0.0,3.897,392.0,7.0
2026-04-23 08:45:49,94.9,rna,30.612,87.812,2.0,9,0.0,3.833,15,40,27.273,28.889,2.0,12.0,30.0,98.0,2.0,3.0,0.0,85.185,9.859,27.551,27.0,6.0,1.0,23.0,4.0,2.0,0.0,3.111,392.0,7.0
2026-04-25 07:02:20,90.51,rna,39.823,96.335,4.0,3,0.0,4.222,18,50,50,29.825,9.0,6.0,45.0,113.0,2.0,3.0,0.0,77.5,19.178,35.398,40.0,6.0,2.0,31.0,9.0,0.0,0.0,3.55,392.0,14.0
2026-05-05 07:20:36,95.84,rna,37.634,129.385,2.0,3,0.0,3.114,25,26.667,37.5,42.105,11.0,9.0,35.0,93.0,3.0,3.0,0.0,86.111,7.018,38.71,36.0,6.0,2.0,31.0,5.0,2.0,0.0,2.694,392.0,4.0
2026-05-08 04:37:09,100.88,rna,48.673,121.841,4.0,9,0.0,4.091,21,43.478,55.814,44.681,7.0,6.0,55.0,113.0,3.0,2.0,0.0,93.478,17.91,40.708,46.0,6.0,1.0,43.0,3.0,1.0,0.0,3.978,392.0,12.0
2026-06-09 06:10:04,97.09,rna,41.748,92.211,3.0,2,0.0,4.326,14,54.545,52.381,23.077,8.0,4.0,43.0,103.0,2.0,3.0,0.0,87.179,14.062,37.864,39.0,3.0,0.0,34.0,5.0,1.0,0.0,3.923,392.0,9.0
2026-08-13 08:14:24,95.308,Haruna,50.98,97.87,1.0,5,0.0,4.5,17,57.692,55.882,42.857,5.0,5.0,52.0,102.0,0.0,5.0,0.0,86.957,21.429,45.098,46.0,1.0,2.0,40.0,6.0,3.0,1.0,4.196,392.0,12.0
2026-07-30 14:13:06,87.358,Kyuuuu,35.507,77.052,1.0,5,0.0,4.306,18,40,32.308,37.5,5.0,6.0,49.0,138.0,2.0,4.0,0.0,84.444,11.828,32.609,45.0,5.0,1.0,38.0,7.0,1.0,0.0,3.956,393.0,11.0
2026-08-01 10:34:49,87.723,Kyuuuu,42.953,102.827,5.0,3,0.0,4.281,22,30.435,45.455,45,11.0,6.0,64.0,149.0,5.0,1.0,0.0,89.362,21.569,31.544,47.0,10.0,1.0,42.0,5.0,3.0,0.0,3.766,393.0,22.0
2026-08-02 15:57:30,88.649,Kyuuuu,36.842,121.712,6.0,4,0.0,3.343,20,14.286,43.75,42.857,11.0,4.0,35.0,95.0,4.0,1.0,0.0,83.784,6.897,38.947,37.0,5.0,0.0,31.0,6.0,1.0,0.0,3.27,393.0,4.0
2026-08-03 07:17:26,91.357,Kyuuuu,44.554,111.059,7.0,1,0.0,4.133,18,57.143,34.043,52.5,11.0,4.0,45.0,101.0,6.0,0.0,0.0,75,21.053,43.564,44.0,7.0,1.0,33.0,11.0,0.0,0.0,3.636,393.0,12.0
2026-08-04 07:16:29,94.118,Kyuuuu,39.56,101.19,0.0,8,0.0,3.861,16,48,38.889,33.333,3.0,8.0,36.0,91.0,2.0,3.0,0.0,86.667,16.393,32.967,30.0,5.0,1.0,26.0,4.0,1.0,0.0,3.667,393.0,10.0
2026-08-05 06:44:34,93.789,Kyuuuu,37.324,80.921,5.0,3,1.0,4.66,17,40.909,29.851,45.283,10.0,3.0,53.0,142.0,2.0,4.0,0.0,82.609,15.625,32.394,46.0,5.0,0.0,38.0,8.0,0.0,0.0,4.304,393.0,15.0
2026-08-06 07:55:09,93.789,Kyuuuu,36.975,90.803,4.0,5,0.0,4.136,16,40,31.915,40.351,6.0,6.0,44.0,119.0,3.0,2.0,0.0,87.805,10.256,34.454,41.0,3.0,1.0,36.0,5.0,1.0,1.0,3.854,393.0,8.0
2026-08-07 08:19:11,93.95,Kyuuuu,32.867,63.492,3.0,7,0.0,4.66,13,23.529,27.419,46.809,5.0,2.0,47.0,143.0,2.0,4.0,0.0,85.366,11.765,28.671,41.0,4.0,1.0,35.0,6.0,4.0,0.0,4.171,393.0,12.0
2026-08-08 01:30:10,94.05,Kyuuuu,41.667,95.616,5.0,4,1.0,4.311,15,26.087,32.727,70,7.0,3.0,45.0,108.0,2.0,3.0,0.0,83.784,19.718,34.259,37.0,3.0,1.0,31.0,6.0,1.0,1.0,4.0,393.0,14.0
2026-08-08 22:03:21,93.998,Kyuuuu,34.545,84.038,2.0,2,0.0,4.132,13,19.048,30.769,48.649,5.0,11.0,38.0,110.0,3.0,2.0,0.0,83.333,10.811,32.727,36.0,4.0,1.0,30.0,6.0,0.0,0.0,3.667,393.0,8.0
2026-04-25 17:53:40,130.222,Komari,59.542,136.493,3.0,5,1.0,4.385,22,46.154,68.182,59.016,12.0,11.0,78.0,131.0,3.0,1.0,1.0,90.385,39.241,39.695,52.0,1.0,0.0,47.0,5.0,0.0,2.0,4.481,394.0,31.0
2026-05-05 18:33:41,130.559,Komari,56.311,170.72,7.0,10,0.0,3.569,34,60,48.148,66.667,10.0,13.0,58.0,103.0,3.0,2.0,0.0,90.323,41.667,30.097,31.0,2.0,1.0,28.0,3.0,1.0,4.0,3.645,394.0,30.0
2026-05-09 14:19:41,131.186,Komari,50.382,149.777,5.0,2,1.0,3.985,28,48,41.27,65.116,13.0,10.0,66.0,131.0,5.0,1.0,0.0,93.878,24.39,37.405,49.0,9.0,0.0,46.0,3.0,1.0,2.0,4.02,394.0,20.0
2026-05-11 21:29:10,131.489,Komari,46.535,128.398,3.0,5,0.0,4.0,19,47.826,38.095,55.556,8.0,9.0,47.0,101.0,2.0,3.0,0.0,88.235,25.373,33.663,34.0,5.0,1.0,30.0,4.0,2.0,2.0,4.029,394.0,17.0
2026-05-23 22:05:11,116.051,Komari,56.364,151.916,4.0,9,0.0,3.806,27,35.714,63.636,55.769,8.0,15.0,62.0,110.0,1.0,3.0,1.0,85.714,42.667,31.818,35.0,7.0,0.0,30.0,5.0,0.0,0.0,3.571,394.0,32.0
2026-07-11 21:22:45,115.736,Komari,53.571,135.248,2.0,4,0.0,4.083,28,52.381,59.524,48.98,10.0,12.0,60.0,112.0,2.0,3.0,0.0,83.721,34.783,38.393,43.0,1.0,1.0,36.0,7.0,1.0,1.0,4.07,394.0,24.0
2026-07-18 11:44:30,115.53,Komari,48.598,151.116,8.0,3,0.0,3.519,28,33.333,47.826,53.061,10.0,15.0,52.0,107.0,1.0,5.0,0.0,82.759,35.897,27.103,29.0,4.0,0.0,24.0,5.0,0.0,5.0,3.379,394.0,28.0
2026-07-19 10:39:25,115.089,Komari,45.133,113.985,3.0,3,0.0,4.196,20,44.444,51.064,39.583,6.0,8.0,51.0,113.0,4.0,1.0,0.0,89.655,29.762,25.664,29.0,2.0,1.0,26.0,3.0,0.0,1.0,4.276,394.0,25.0
2026-08-08 22:03:21,112.778,Komari,58.209,130.638,5.0,5,0.0,4.282,26,55.556,50.847,66.667,6.0,14.0,78.0,134.0,3.0,1.0,1.0,95.556,39.326,33.582,45.0,1.0,0.0,43.0,2.0,0.0,2.0,4.267,394.0,35.0
2026-08-09 21:16:39,112.847,Komari,58.491,133.524,5.0,2,0.0,4.032,18,66.667,52.381,60.465,6.0,7.0,62.0,106.0,2.0,3.0,0.0,97.059,40.278,32.075,34.0,2.0,0.0,33.0,1.0,0.0,3.0,4.059,394.0,29.0
2026-07-25 04:25:03,81.059,LordGrond,31.667,77.058,3.0,5,0.0,4.079,16,23.81,29.268,36.207,6.0,6.0,38.0,120.0,4.0,1.0,0.0,80,15.556,25,30.0,5.0,0.0,24.0,6.0,0.0,0.0,3.4,395.0,14.0
2026-07-29 04:35:02,82.135,LordGrond,34.247,68.447,1.0,5,1.0,4.62,17,39.286,25,41.379,8.0,3.0,50.0,146.0,3.0,2.0,0.0,96.875,16.667,21.918,32.0,2.0,1.0,31.0,1.0,0.0,0.0,4.344,395.0,19.0
2026-07-30 04:09:15,81.889,LordGrond,23.333,60.203,2.0,9,0.0,3.75,17,29.73,18.605,22.5,5.0,5.0,28.0,120.0,3.0,2.0,0.0,95.238,8.081,17.5,21.0,5.0,0.0,20.0,1.0,0.0,0.0,3.286,395.0,8.0
2026-07-31 04:36:03,81.831,LordGrond,23.656,49.81,1.0,2,1.0,4.182,6,28.571,12.821,32.5,2.0,3.0,22.0,93.0,2.0,3.0,0.0,87.5,10.39,17.204,16.0,2.0,1.0,14.0,2.0,0.0,0.0,3.688,395.0,8.0
2026-07-31 21:46:36,83.418,LordGrond,19.792,54.983,3.0,6,1.0,3.684,8,28.571,21.053,13.514,6.0,3.0,19.0,96.0,3.0,3.0,0.0,100,8.333,12.5,12.0,6.0,0.0,12.0,0.0,0.0,0.0,3.083,395.0,7.0
2026-08-02 04:39:11,85.129,LordGrond,27.451,86.322,4.0,8,0.0,3.321,15,33.333,23.077,28.889,5.0,9.0,28.0,102.0,0.0,6.0,0.0,81.818,12.5,21.569,22.0,8.0,1.0,18.0,4.0,1.0,0.0,2.545,395.0,10.0
2026-08-02 15:57:30,84.34,LordGrond,24.528,59.703,1.0,8,1.0,4.0,12,25.926,13.889,32.558,5.0,5.0,26.0,106.0,2.0,3.0,0.0,95.833,3.659,22.642,24.0,3.0,0.0,23.0,1.0,0.0,0.0,3.75,395.0,3.0
2026-08-08 01:30:10,83.471,LordGrond,26.316,71.219,6.0,9,0.0,4.167,14,31.579,17.857,35.897,6.0,1.0,30.0,114.0,3.0,2.0,0.0,90,12.766,17.544,20.0,5.0,0.0,18.0,2.0,0.0,0.0,3.3,395.0,12.0
2026-08-08 15:58:25,82.541,LordGrond,25.833,77.839,5.0,6,0.0,3.484,15,19.355,26.087,30.233,8.0,4.0,31.0,120.0,4.0,2.0,0.0,100,12.745,15,18.0,8.0,0.0,18.0,0.0,0.0,0.0,2.722,395.0,13.0
2026-08-08 22:03:21,83.217,LordGrond,32.231,78.928,1.0,4,0.0,4.103,17,20,31.579,38.636,5.0,7.0,39.0,121.0,2.0,3.0,0.0,93.548,11.111,25.62,31.0,4.0,0.0,29.0,2.0,1.0,0.0,3.581,395.0,10.0
2026-02-25 16:07:29,96.25,kabao,45.455,119.485,5.0,7,0.0,4.18,22,64.706,38.095,45.098,11.0,2.0,50.0,110.0,3.0,2.0,0.0,89.655,29.63,26.364,29.0,8.0,0.0,26.0,3.0,0.0,0.0,3.552,398.0,24.0
2026-03-23 16:19:31,106.18,kabao,37.383,73.778,2.0,3,0.0,4.85,12,70,32.692,35.556,6.0,1.0,40.0,107.0,3.0,2.0,0.0,71.429,25.316,26.168,28.0,1.0,0.0,20.0,8.0,3.0,1.0,4.107,398.0,20.0
2026-03-30 06:42:46,101.0,kabao,34.862,99.295,3.0,6,1.0,3.658,16,36,28.302,45.161,7.0,7.0,38.0,109.0,4.0,1.0,0.0,70,26.966,18.349,20.0,4.0,1.0,14.0,6.0,1.0,0.0,2.75,398.0,24.0
2026-04-30 14:04:12,101.53,kabao,36.937,112.329,4.0,11,0.0,3.512,21,47.059,35.088,35.135,9.0,6.0,41.0,111.0,4.0,1.0,0.0,57.143,27.632,31.532,35.0,4.0,2.0,20.0,15.0,1.0,1.0,3.314,398.0,21.0
2026-05-02 10:06:25,103.31,kabao,35.821,98.257,2.0,8,1.0,3.708,22,61.29,28.302,28,8.0,10.0,48.0,134.0,4.0,2.0,0.0,63.333,27.885,22.388,30.0,4.0,2.0,19.0,11.0,3.0,0.0,2.933,398.0,29.0
2026-05-15 12:39:03,112.138,kabao,45.312,114.934,4.0,4,1.0,4.138,23,60.87,42.308,41.509,7.0,8.0,58.0,128.0,1.0,5.0,0.0,79.07,28.235,33.594,43.0,6.0,0.0,34.0,9.0,2.0,0.0,3.86,398.0,24.0
2026-05-19 04:14:53,108.757,kabao,40.777,119.849,3.0,1,0.0,3.619,22,52.941,35.849,42.424,6.0,13.0,42.0,103.0,2.0,4.0,0.0,71.875,26.761,31.068,32.0,6.0,0.0,23.0,9.0,7.0,1.0,3.281,398.0,19.0
2026-05-20 06:27:44,106.91,kabao,34.0,77.563,1.0,6,4.0,4.588,16,25,38.182,33.803,4.0,6.0,51.0,150.0,3.0,3.0,0.0,74.286,21.739,23.333,35.0,3.0,1.0,26.0,9.0,2.0,0.0,3.943,398.0,25.0
2026-07-11 21:22:45,75.834,ElJuanchi,28.226,39.612,0.0,6,1.0,5.171,7,22.222,25,33.333,6.0,1.0,35.0,124.0,1.0,4.0,0.0,89.474,17.143,15.323,19.0,1.0,0.0,17.0,2.0,2.0,0.0,4.421,399.0,18.0
2026-07-12 13:52:16,75.43,ElJuanchi,27.5,56.142,2.0,5,0.0,4.242,12,18.182,26.415,33.333,4.0,4.0,33.0,120.0,3.0,3.0,0.0,67.857,15.217,23.333,28.0,0.0,0.0,19.0,9.0,1.0,1.0,3.536,399.0,14.0
2026-07-13 14:30:10,77.055,ElJuanchi,22.772,58.537,1.0,3,0.0,3.957,10,10.526,18.919,31.111,5.0,3.0,23.0,101.0,3.0,2.0,0.0,90.909,14.444,10.891,11.0,1.0,0.0,10.0,1.0,0.0,1.0,4.0,399.0,13.0
2026-07-13 20:45:39,76.257,ElJuanchi,19.811,39.58,2.0,9,0.0,4.571,5,15.385,16.279,24,3.0,2.0,21.0,106.0,1.0,5.0,0.0,61.905,9.412,19.811,21.0,3.0,4.0,13.0,8.0,3.0,0.0,3.238,399.0,8.0
2026-07-16 18:15:42,75.212,ElJuanchi,32.061,69.752,4.0,8,1.0,3.952,18,28.571,30.435,35.088,9.0,1.0,42.0,131.0,3.0,3.0,0.0,82.609,21.296,17.557,23.0,5.0,0.0,19.0,4.0,0.0,1.0,3.522,399.0,23.0
2026-07-19 23:57:29,77.115,ElJuanchi,25.758,58.696,3.0,10,2.0,4.118,14,26.471,18.644,35.897,8.0,4.0,34.0,132.0,3.0,2.0,0.0,87.5,12.037,18.182,24.0,4.0,1.0,21.0,3.0,0.0,0.0,3.667,399.0,13.0
2026-07-25 21:09:29,77.863,ElJuanchi,31.0,54.085,2.0,5,0.0,4.677,8,18.182,36.111,33.333,2.0,2.0,31.0,100.0,3.0,3.0,0.0,80.952,17.722,21,21.0,5.0,2.0,17.0,4.0,0.0,0.0,3.667,399.0,14.0
2026-07-29 04:35:02,78.636,ElJuanchi,35.256,59.9,3.0,10,1.0,4.964,14,29.167,24.658,50.847,4.0,3.0,55.0,156.0,1.0,2.0,2.0,83.784,20.168,23.718,37.0,6.0,1.0,31.0,6.0,1.0,0.0,4.514,399.0,24.0
2026-08-05 16:03:30,77.999,ElJuanchi,29.825,69.964,3.0,17,0.0,3.971,14,25,32.5,29.63,8.0,3.0,34.0,114.0,2.0,4.0,0.0,85,18.085,17.544,20.0,5.0,1.0,17.0,3.0,1.0,0.0,3.05,399.0,17.0
2026-08-08 15:58:25,77.507,ElJuanchi,22.609,37.735,0.0,4,0.0,4.615,5,25.806,13.953,29.268,3.0,4.0,26.0,115.0,4.0,2.0,0.0,75,14.141,13.913,16.0,4.0,1.0,12.0,4.0,2.0,0.0,4.312,399.0,14.0
2026-03-20 19:02:26,88.947,Vr0003,30.128,67.895,3.0,15,1.0,4.298,20,48.148,28.986,23.333,11.0,3.0,47.0,156.0,2.0,4.0,0.0,69.231,10.577,33.333,52.0,5.0,4.0,36.0,16.0,1.0,0.0,3.846,400.0,11.0
2026-03-21 16:06:01,89.729,Vr0003,22.222,69.279,3.0,6,2.0,3.542,12,15.789,25,22.222,7.0,4.0,24.0,108.0,2.0,3.0,0.0,70.37,6.173,25,27.0,5.0,2.0,19.0,8.0,2.0,0.0,2.889,400.0,5.0
2026-03-23 22:37:22,89.644,Vr0003,20.325,79.759,6.0,8,0.0,3.08,15,20,21.053,19.512,9.0,6.0,25.0,123.0,2.0,4.0,0.0,70,4.301,24.39,30.0,9.0,4.0,21.0,9.0,2.0,0.0,2.367,400.0,4.0
2026-03-27 14:41:04,89.148,Vr0003,19.424,44.089,0.0,12,1.0,4.111,10,26.471,21.951,14.062,3.0,2.0,27.0,139.0,1.0,5.0,0.0,43.902,9.184,29.496,41.0,6.0,4.0,18.0,23.0,5.0,0.0,2.61,400.0,9.0
2026-04-17 10:40:03,85.939,Vr0003,28.0,68.883,1.0,7,2.0,4.229,15,45.833,24.138,23.256,5.0,6.0,35.0,125.0,2.0,4.0,0.0,69.444,11.236,28.8,36.0,6.0,2.0,25.0,11.0,3.0,0.0,3.417,400.0,10.0
2026-04-22 12:05:57,85.593,Vr0003,27.2,60.48,1.0,10,2.0,4.176,10,37.5,33.333,15.217,3.0,3.0,34.0,125.0,1.0,4.0,0.0,65.714,12.222,28,35.0,6.0,2.0,23.0,12.0,4.0,0.0,3.2,400.0,11.0
2026-05-02 10:06:25,86.068,Vr0003,23.881,66.331,0.0,8,1.0,3.688,19,32.258,32.075,10,5.0,6.0,32.0,134.0,4.0,2.0,0.0,66.667,8.163,26.866,36.0,5.0,2.0,24.0,12.0,1.0,0.0,3.194,400.0,8.0
2026-05-12 09:31:16,87.144,Vr0003,27.358,80.288,2.0,2,0.0,3.517,14,31.579,27.451,25,8.0,2.0,29.0,106.0,3.0,3.0,0.0,58.621,15.584,27.358,29.0,4.0,0.0,17.0,12.0,1.0,0.0,3.31,400.0,12.0
2026-06-16 11:06:33,83.954,Vr0003,23.009,60.084,1.0,7,0.0,3.808,11,21.053,35.897,14.545,5.0,6.0,26.0,113.0,6.0,0.0,0.0,58.333,6.494,31.858,36.0,9.0,3.0,21.0,15.0,3.0,0.0,3.0,400.0,5.0
2026-06-23 20:14:41,84.107,Vr0003,25.253,62.776,3.0,5,1.0,3.88,11,31.818,33.333,15.909,4.0,2.0,25.0,99.0,3.0,3.0,0.0,80.769,5.479,26.263,26.0,7.0,2.0,21.0,5.0,1.0,0.0,3.385,400.0,4.0
2026-02-03 10:22:26,10.73,Spartric,25.6,6.607,3.0,10,1.0,4.562,6,44.444,23.913,17.308,4.0,1.0,32.0,125.0,5.0,1.0,0.0,61.765,12.088,27.2,34.0,2.0,1.0,21.0,13.0,3.0,0.0,3.647,401.0,11.0
2026-02-09 08:16:30,10.778,Spartric,16.964,4.553,0.0,7,0.0,4.053,9,29.167,22.5,6.25,0.0,9.0,19.0,112.0,2.0,4.0,0.0,38.889,6.579,32.143,36.0,3.0,2.0,14.0,22.0,8.0,0.0,3.028,401.0,5.0
2026-04-15 04:27:56,81.418,Spartric,30.208,101.648,1.0,6,0.0,3.172,20,52.632,28.205,21.053,5.0,8.0,29.0,96.0,4.0,1.0,0.0,73.333,10.606,31.25,30.0,5.0,2.0,22.0,8.0,3.0,0.0,2.6,401.0,7.0
2026-06-02 09:33:46,80.843,Spartric,24.762,33.631,0.0,9,1.0,5.0,5,48.387,20.513,8.571,0.0,3.0,26.0,105.0,3.0,1.0,0.0,62.5,8.219,30.476,32.0,3.0,0.0,20.0,12.0,4.0,0.0,4.438,401.0,6.0
2026-07-02 04:20:29,79.298,Spartric,37.576,70.433,3.0,9,3.0,4.323,19,56.667,40.278,25.397,9.0,5.0,62.0,165.0,3.0,3.0,0.0,63.768,18.75,41.818,69.0,9.0,5.0,44.0,25.0,3.0,0.0,3.725,401.0,18.0
2026-07-29 04:35:02,81.287,Spartric,36.054,61.378,1.0,3,3.0,4.792,13,61.905,33.333,30.435,2.0,7.0,53.0,147.0,2.0,1.0,2.0,67.241,15.73,39.456,58.0,5.0,2.0,39.0,19.0,4.0,0.0,4.224,401.0,14.0
2026-07-15 18:09:02,100.0,Jabro,27.273,54.424,1.0,6,1.0,4.515,12,0,33.962,30.612,2.0,7.0,33.0,121.0,2.0,3.0,0.0,85.185,10.638,22.314,27.0,0.0,3.0,23.0,4.0,1.0,0.0,3.667,402.0,10.0
2026-06-25 15:13:14,105.865,AnnaYanami,45.528,114.482,6.0,5,0.0,4.089,20,60,45.614,39.13,8.0,6.0,56.0,123.0,3.0,2.0,0.0,92.308,23.81,31.707,39.0,9.0,1.0,36.0,3.0,1.0,0.0,3.564,403.0,20.0
2026-06-29 05:21:58,104.462,AnnaYanami,49.351,110.48,5.0,3,0.0,4.132,28,50,45.205,54.902,12.0,6.0,76.0,154.0,4.0,2.0,0.0,100,33.898,23.377,36.0,8.0,0.0,36.0,0.0,0.0,1.0,3.917,403.0,40.0
2026-07-02 04:20:29,105.246,AnnaYanami,46.923,100.224,2.0,9,0.0,3.967,23,52.174,44.615,47.619,5.0,15.0,61.0,130.0,0.0,6.0,0.0,96.429,33.333,21.538,28.0,2.0,1.0,27.0,1.0,0.0,1.0,3.643,403.0,34.0
2026-07-08 01:31:50,104.59,AnnaYanami,55.0,134.51,4.0,3,0.0,3.909,25,59.259,52.083,55.556,7.0,17.0,66.0,120.0,5.0,0.0,0.0,94.872,35.802,32.5,39.0,10.0,0.0,37.0,2.0,1.0,0.0,3.333,403.0,29.0
2026-07-11 05:05:05,107.246,AnnaYanami,46.429,89.186,1.0,1,0.0,4.462,16,65,46.296,36.842,6.0,2.0,52.0,112.0,2.0,3.0,0.0,94.118,25.641,30.357,34.0,5.0,1.0,32.0,2.0,0.0,0.0,4.235,403.0,20.0
2026-07-11 21:22:45,106.325,AnnaYanami,44.628,96.945,4.0,5,0.0,4.37,18,54.167,48,36.17,7.0,11.0,54.0,121.0,0.0,5.0,0.0,100,29.474,21.488,26.0,2.0,0.0,26.0,0.0,0.0,1.0,3.769,403.0,28.0
2026-07-13 20:45:39,104.034,AnnaYanami,33.019,74.464,1.0,9,0.0,4.086,13,30.769,34.884,32,5.0,8.0,35.0,106.0,1.0,5.0,0.0,80,22.093,18.868,20.0,0.0,2.0,16.0,4.0,1.0,0.0,3.4,403.0,19.0
2026-07-25 04:25:03,102.657,AnnaYanami,49.0,111.765,3.0,2,1.0,4.082,16,58.333,47.059,48.148,8.0,6.0,49.0,100.0,3.0,2.0,0.0,95.652,35.065,23,23.0,7.0,0.0,22.0,1.0,1.0,0.0,3.609,403.0,27.0
2026-08-08 22:03:21,102.572,muenstier,42.857,74.789,0.0,7,0.0,4.762,9,55.556,36.842,42.857,2.0,6.0,42.0,98.0,1.0,4.0,0.0,90.909,28.947,22.449,22.0,3.0,0.0,20.0,2.0,2.0,0.0,4.0,403.0,22.0
2026-08-14 21:08:41,100.831,muenstier,45.736,104.597,5.0,11,0.0,4.068,25,69.565,47.059,34.545,9.0,8.0,59.0,129.0,2.0,4.0,0.0,93.75,29.897,24.806,32.0,4.0,1.0,30.0,2.0,1.0,0.0,3.719,403.0,29.0
2026-05-06 15:44:30,88.753,anatharax,24.176,73.211,3.0,13,0.0,3.227,13,26.667,23.077,24.324,9.0,5.0,22.0,91.0,2.0,4.0,0.0,85.714,5.714,23.077,21.0,6.0,2.0,18.0,3.0,1.0,0.0,2.429,404.0,4.0
2026-05-09 13:52:15,90.268,anatharax,30.088,89.005,6.0,12,0.0,3.5,19,14.286,27.451,37.5,8.0,8.0,34.0,113.0,3.0,3.0,0.0,76.471,10.127,30.088,34.0,9.0,3.0,26.0,8.0,5.0,1.0,2.588,404.0,8.0
2026-05-10 07:02:27,92.561,anatharax,22.807,61.139,2.0,4,2.0,4.0,8,20,21.429,25,2.0,4.0,26.0,114.0,2.0,3.0,0.0,85.185,3.448,23.684,27.0,6.0,0.0,23.0,4.0,3.0,0.0,3.556,404.0,3.0
2026-05-14 05:01:09,91.754,anatharax,22.901,71.539,2.0,4,1.0,3.733,16,17.647,18.519,28.333,8.0,4.0,30.0,131.0,4.0,2.0,0.0,86.207,4.902,22.137,29.0,6.0,0.0,25.0,4.0,1.0,0.0,3.241,404.0,5.0
2026-05-27 14:14:43,90.55,anatharax,33.333,97.479,4.0,3,0.0,3.64,11,25,27.586,41.176,5.0,5.0,25.0,75.0,2.0,3.0,0.0,84,8,33.333,25.0,2.0,0.0,21.0,4.0,1.0,0.0,3.08,404.0,4.0
2026-06-09 06:10:04,92.282,anatharax,25.0,57.13,1.0,7,4.0,4.281,11,16,27.273,27.083,4.0,6.0,32.0,128.0,2.0,3.0,0.0,90,5.102,23.438,30.0,5.0,1.0,27.0,3.0,0.0,0.0,4.0,404.0,5.0
2026-06-11 18:14:47,90.25,anatharax,23.308,63.984,2.0,6,0.0,3.677,16,13.043,22.414,28.846,6.0,7.0,31.0,133.0,3.0,3.0,0.0,80,3.061,26.316,35.0,9.0,1.0,28.0,7.0,2.0,0.0,3.143,404.0,3.0
2026-06-15 18:14:28,89.178,anatharax,22.826,80.324,4.0,4,0.0,3.524,13,23.529,15.789,29.73,9.0,2.0,21.0,92.0,3.0,2.0,0.0,83.333,1.471,26.087,24.0,8.0,1.0,20.0,4.0,2.0,0.0,3.083,404.0,1.0
2026-06-21 01:53:40,88.254,anatharax,19.481,59.047,0.0,4,0.0,3.067,10,21.429,12,23.684,3.0,5.0,15.0,77.0,3.0,2.0,0.0,76.471,3.333,22.078,17.0,7.0,2.0,13.0,4.0,0.0,0.0,2.706,404.0,2.0
2026-06-23 16:03:42,87.337,anatharax,23.14,49.337,3.0,5,1.0,4.536,7,10,25,26.316,3.0,5.0,28.0,121.0,2.0,4.0,0.0,82.759,4.348,23.967,29.0,6.0,1.0,24.0,5.0,3.0,0.0,3.862,404.0,4.0
2026-07-05 13:56:38,80.189,anicomi,20.513,37.583,0.0,10,0.0,4.542,9,16,15.385,30,1.0,4.0,24.0,117.0,2.0,4.0,0.0,70.833,7.527,20.513,24.0,4.0,3.0,17.0,7.0,1.0,0.0,3.333,405.0,7.0
2026-07-06 18:15:34,79.58,anicomi,17.544,55.54,4.0,10,1.0,3.7,10,22.222,16.071,17.5,6.0,2.0,20.0,114.0,2.0,4.0,0.0,69.565,4.396,20.175,23.0,2.0,1.0,16.0,7.0,3.0,0.0,3.217,405.0,4.0
2026-07-14 21:14:03,78.956,anicomi,18.462,44.21,1.0,7,2.0,3.958,11,20.833,15.789,20.408,2.0,4.0,24.0,130.0,4.0,2.0,0.0,68.966,3.96,22.308,29.0,3.0,0.0,20.0,9.0,1.0,0.0,3.448,405.0,4.0
2026-07-15 10:55:21,79.255,anicomi,26.724,58.977,1.0,3,1.0,4.129,12,43.478,22.449,22.727,5.0,5.0,31.0,116.0,1.0,5.0,0.0,83.333,6.977,25.862,30.0,2.0,0.0,25.0,5.0,2.0,0.0,3.967,405.0,6.0
2026-07-25 21:09:29,77.367,anicomi,27.619,56.437,0.0,4,0.0,4.276,9,21.053,30,28.261,5.0,2.0,29.0,105.0,2.0,4.0,0.0,75,6.849,30.476,32.0,8.0,0.0,24.0,8.0,3.0,0.0,3.75,405.0,5.0
2026-08-06 21:12:37,78.233,anicomi,27.434,58.392,1.0,15,0.0,3.968,13,44,19.608,27.027,7.0,3.0,31.0,113.0,4.0,2.0,0.0,80.645,7.317,27.434,31.0,6.0,2.0,25.0,6.0,0.0,0.0,3.452,405.0,6.0
2026-08-08 22:03:21,79.233,anicomi,24.648,50.624,0.0,6,1.0,4.314,12,39.394,20.339,20,4.0,4.0,35.0,142.0,2.0,2.0,1.0,62.222,7.216,31.69,45.0,2.0,1.0,28.0,17.0,1.0,0.0,3.733,405.0,7.0
2026-08-09 08:47:47,78.928,anicomi,22.378,52.935,3.0,8,1.0,4.25,12,25.926,19.298,23.729,3.0,5.0,32.0,143.0,1.0,4.0,1.0,71.053,4.762,26.573,38.0,8.0,2.0,27.0,11.0,2.0,0.0,3.605,405.0,5.0
2026-08-14 14:06:42,77.698,anicomi,22.115,42.175,1.0,3,0.0,4.435,9,36.364,18.182,22.449,3.0,4.0,23.0,104.0,1.0,4.0,0.0,59.259,9.091,25.962,27.0,4.0,1.0,16.0,11.0,2.0,0.0,3.444,405.0,7.0
2026-08-14 21:08:41,75.891,anicomi,27.273,74.28,3.0,8,1.0,3.733,15,50,26.667,19.149,9.0,4.0,30.0,110.0,3.0,3.0,0.0,75,4.054,32.727,36.0,6.0,3.0,27.0,9.0,2.0,0.0,3.167,405.0,3.0
2026-04-15 21:21:27,83.69,Bullymel36,28.03,78.682,4.0,13,0.0,3.757,19,23.333,30.612,28.302,10.0,7.0,37.0,132.0,4.0,2.0,0.0,90.625,8,24.242,32.0,6.0,1.0,29.0,3.0,1.0,0.0,3.156,407.0,8.0
2026-04-18 21:00:59,87.75,Bullymel36,28.846,81.782,2.0,5,2.0,3.567,15,31.579,27.027,29.167,6.0,7.0,30.0,104.0,5.0,1.0,0.0,100,10.843,20.192,21.0,5.0,0.0,21.0,0.0,0.0,0.0,3.429,407.0,9.0
2026-04-27 07:50:41,89.34,Bullymel36,25.773,106.649,7.0,7,0.0,2.76,18,25,18.605,35.294,10.0,5.0,25.0,97.0,2.0,3.0,0.0,92,2.778,25.773,25.0,10.0,2.0,23.0,2.0,0.0,0.0,2.36,407.0,2.0
2026-05-08 04:37:09,92.27,Bullymel36,25.0,62.029,0.0,6,1.0,4.192,12,20,23.81,27.66,3.0,7.0,26.0,104.0,2.0,3.0,0.0,70.833,11.25,23.077,24.0,4.0,0.0,17.0,7.0,4.0,0.0,3.25,407.0,9.0
2026-05-29 10:22:32,86.275,Bullymel36,26.277,74.793,6.0,4,1.0,3.806,16,29.032,28.846,22.222,10.0,5.0,36.0,137.0,5.0,1.0,0.0,77.419,11.321,22.628,31.0,8.0,0.0,24.0,7.0,2.0,1.0,3.516,407.0,12.0
2026-05-30 20:52:51,87.677,Bullymel36,24.242,61.354,3.0,6,0.0,4.333,11,15.385,22.222,28,5.0,2.0,24.0,99.0,3.0,2.0,0.0,78.947,11.25,19.192,19.0,4.0,0.0,15.0,4.0,2.0,0.0,3.526,407.0,9.0
2026-06-18 20:14:56,86.76,Bullymel36,22.535,75.771,9.0,6,1.0,3.688,18,29.032,25.806,14.286,11.0,1.0,32.0,142.0,3.0,2.0,1.0,87.5,9.322,16.901,24.0,11.0,1.0,21.0,3.0,0.0,0.0,2.625,407.0,11.0
2026-06-22 23:04:19,86.769,Bullymel36,39.286,94.796,2.0,2,0.0,3.977,22,42.105,40,37.5,5.0,8.0,44.0,112.0,2.0,3.0,0.0,96.667,18.293,26.786,30.0,7.0,0.0,29.0,1.0,0.0,0.0,3.333,407.0,15.0
2026-06-27 17:40:26,88.441,Bullymel36,18.699,48.355,2.0,6,2.0,4.304,10,15.385,18.75,19.355,2.0,6.0,23.0,123.0,2.0,3.0,0.0,83.333,7.619,14.634,18.0,7.0,1.0,15.0,3.0,0.0,0.0,3.667,407.0,8.0
2026-07-20 05:49:04,86.607,Bullymel36,29.091,84.44,2.0,4,0.0,3.562,18,32.143,30.952,25,8.0,7.0,32.0,110.0,4.0,1.0,0.0,95.455,12.5,20,22.0,8.0,1.0,21.0,1.0,0.0,1.0,3.0,407.0,11.0
2026-08-04 07:16:29,71.408,FoopyPoopy,22.5,54.102,2.0,2,0.0,4.444,6,23.529,25.714,17.857,5.0,1.0,18.0,80.0,1.0,4.0,0.0,77.778,6.452,22.5,18.0,3.0,1.0,14.0,4.0,2.0,0.0,3.778,410.0,4.0
2026-08-05 06:44:34,72.737,FoopyPoopy,29.078,41.599,1.0,4,1.0,5.341,7,33.333,28.358,27.66,4.0,1.0,41.0,141.0,4.0,2.0,0.0,83.333,10.476,25.532,36.0,5.0,0.0,30.0,6.0,3.0,0.0,4.806,410.0,11.0
2026-08-06 07:55:09,72.756,FoopyPoopy,28.846,58.643,2.0,2,0.0,4.4,6,35.714,19.565,36.364,3.0,1.0,30.0,104.0,2.0,3.0,0.0,96,7.595,24.038,25.0,3.0,0.0,24.0,1.0,0.0,0.0,4.28,410.0,6.0
2026-08-06 21:12:37,74.232,FoopyPoopy,26.667,46.932,1.0,16,0.0,4.389,10,22.222,25,29.825,5.0,2.0,36.0,135.0,2.0,4.0,0.0,88,12.727,18.519,25.0,5.0,3.0,22.0,3.0,0.0,0.0,3.64,410.0,14.0
2026-08-07 08:19:11,74.772,FoopyPoopy,27.273,53.34,3.0,7,1.0,4.718,10,38.235,20.968,27.66,5.0,2.0,39.0,143.0,2.0,4.0,0.0,94.595,3.774,25.874,37.0,5.0,0.0,35.0,2.0,0.0,0.0,4.595,410.0,4.0
2026-08-08 22:03:21,76.177,FoopyPoopy,34.328,60.573,1.0,5,0.0,4.674,12,50,30.508,33.333,3.0,3.0,46.0,134.0,3.0,1.0,1.0,89.189,13.402,27.612,37.0,5.0,1.0,33.0,4.0,0.0,0.0,4.568,410.0,13.0
2026-08-09 21:16:39,77.343,FoopyPoopy,28.455,54.521,3.0,4,0.0,4.657,11,40.909,32.609,20,5.0,3.0,35.0,123.0,4.0,1.0,0.0,93.548,6.522,25.203,31.0,6.0,0.0,29.0,2.0,0.0,0.0,4.323,410.0,6.0
2026-08-11 05:09:55,77.2,FoopyPoopy,30.702,54.456,0.0,4,0.0,4.771,10,28,32.727,29.412,3.0,4.0,35.0,114.0,5.0,0.0,0.0,100,9.195,23.684,27.0,3.0,0.0,27.0,0.0,0.0,0.0,4.889,410.0,8.0
2026-08-13 01:24:25,77.549,FoopyPoopy,34.783,88.631,5.0,7,1.0,3.854,28,39.286,36.842,30.189,13.0,4.0,48.0,138.0,2.0,4.0,0.0,88.372,10.526,31.159,43.0,6.0,0.0,38.0,5.0,2.0,1.0,3.651,410.0,10.0
2026-08-14 21:08:41,77.959,FoopyPoopy,28.472,65.875,3.0,8,0.0,4.146,18,46.154,30.645,17.857,6.0,4.0,41.0,144.0,5.0,1.0,0.0,88.889,14.53,18.75,27.0,1.0,2.0,24.0,3.0,0.0,1.0,3.63,410.0,17.0
2026-02-06 18:07:13,10.591,zokie,44.361,11.281,4.0,2,0.0,4.542,20,50,42.105,44,7.0,8.0,59.0,133.0,2.0,4.0,0.0,78.947,30.526,28.571,38.0,6.0,1.0,30.0,8.0,3.0,1.0,3.632,413.0,29.0
2026-02-15 10:18:48,11.3,zokie,30.0,9.539,3.0,10,1.0,3.889,11,26.087,26.923,35.556,5.0,5.0,36.0,120.0,1.0,5.0,0.0,73.077,18.085,21.667,26.0,8.0,0.0,19.0,7.0,2.0,1.0,3.308,413.0,17.0
2026-03-13 10:03:13,92.43,zokie,41.818,76.609,1.0,9,0.0,4.717,12,65.217,26.829,43.478,4.0,6.0,46.0,110.0,2.0,3.0,0.0,84.615,28.571,23.636,26.0,4.0,1.0,22.0,4.0,1.0,0.0,4.192,413.0,24.0
2026-03-19 19:00:23,92.06,zokie,34.579,104.202,5.0,3,0.0,3.649,19,52.381,25.581,34.884,9.0,4.0,37.0,107.0,4.0,2.0,0.0,77.273,23.529,20.561,22.0,7.0,0.0,17.0,5.0,0.0,1.0,3.409,413.0,20.0
2026-03-27 19:14:22,88.733,zokie,45.133,118.694,3.0,6,0.0,3.824,26,62.5,43.902,41.071,8.0,12.0,51.0,113.0,5.0,0.0,0.0,90,28.916,26.549,30.0,4.0,3.0,27.0,3.0,0.0,0.0,3.267,413.0,24.0
2026-04-05 10:44:56,95.109,zokie,40.268,81.28,0.0,7,0.0,4.4,18,58.333,33.333,40,5.0,8.0,60.0,149.0,2.0,4.0,0.0,70.213,26.471,31.544,47.0,5.0,1.0,33.0,14.0,0.0,0.0,3.702,413.0,27.0
2026-04-11 11:04:54,93.993,zokie,39.85,83.05,1.0,8,0.0,4.453,18,52.174,33.333,40.323,6.0,7.0,53.0,133.0,1.0,3.0,1.0,82.353,25.253,25.564,34.0,1.0,1.0,28.0,6.0,0.0,1.0,3.941,413.0,25.0
2026-04-13 11:07:02,93.25,zokie,44.275,130.733,5.0,14,0.0,3.448,34,46.154,48.276,38.298,12.0,11.0,58.0,131.0,3.0,2.0,1.0,86.842,26.882,29.008,38.0,4.0,2.0,33.0,5.0,3.0,1.0,2.868,413.0,25.0
2026-04-17 10:40:03,96.538,zokie,34.815,94.513,3.0,9,0.0,3.936,23,55.556,25,36.364,7.0,9.0,47.0,135.0,5.0,1.0,0.0,70.588,22.772,25.185,34.0,7.0,3.0,24.0,10.0,0.0,0.0,3.029,413.0,23.0
2026-07-07 04:02:22,93.876,OkitaNobu,40.0,105.756,3.0,5,0.0,3.625,21,44.444,52.941,29.167,7.0,6.0,40.0,100.0,4.0,1.0,0.0,70.27,22.222,37,37.0,9.0,4.0,26.0,11.0,3.0,0.0,2.676,416.0,14.0
2026-07-08 01:31:50,94.817,OkitaNobu,39.175,88.966,3.0,4,1.0,4.158,15,55,35.417,34.483,6.0,3.0,38.0,97.0,2.0,3.0,0.0,66.667,25,34.021,33.0,4.0,2.0,22.0,11.0,2.0,0.0,3.485,416.0,16.0
2026-07-08 05:48:36,94.823,OkitaNobu,32.432,68.791,0.0,6,0.0,4.222,16,30,48.78,20,1.0,5.0,36.0,111.0,2.0,3.0,0.0,64.103,15.278,35.135,39.0,2.0,1.0,25.0,14.0,3.0,0.0,3.641,416.0,11.0
2026-07-10 04:23:07,94.246,OkitaNobu,35.577,85.779,1.0,4,0.0,3.892,16,46.667,35.556,31.818,7.0,7.0,37.0,104.0,3.0,2.0,0.0,72.222,16.176,34.615,36.0,6.0,1.0,26.0,10.0,5.0,0.0,3.139,416.0,11.0
2026-07-11 21:22:45,95.041,OkitaNobu,37.895,64.994,2.0,3,0.0,4.889,7,55.556,39.474,28.205,5.0,0.0,36.0,95.0,3.0,2.0,0.0,61.111,23.729,37.895,36.0,4.0,1.0,22.0,14.0,4.0,1.0,3.944,416.0,14.0
2026-07-17 08:11:45,95.829,OkitaNobu,41.026,114.678,5.0,9,1.0,3.646,24,31.25,46,39.216,11.0,11.0,48.0,117.0,4.0,1.0,1.0,68,20.896,42.735,50.0,10.0,2.0,34.0,16.0,4.0,0.0,2.72,416.0,14.0
2026-07-17 08:12:41,95.829,OkitaNobu,41.026,114.678,5.0,9,1.0,3.646,24,31.25,46,39.216,11.0,11.0,48.0,117.0,4.0,1.0,1.0,68,20.896,42.735,50.0,10.0,2.0,34.0,16.0,4.0,0.0,2.72,416.0,14.0
2026-07-20 05:49:04,97.116,OkitaNobu,36.697,83.302,2.0,5,0.0,4.125,18,65.217,24.444,34.146,4.0,4.0,40.0,109.0,1.0,4.0,0.0,58.537,23.529,37.615,41.0,7.0,1.0,24.0,17.0,3.0,0.0,3.171,416.0,16.0
2026-07-22 08:06:47,95.993,OkitaNobu,38.406,93.132,3.0,12,0.0,3.811,24,51.613,27.273,42.308,10.0,9.0,53.0,138.0,3.0,3.0,0.0,77.5,22.449,28.986,40.0,4.0,3.0,31.0,9.0,1.0,0.0,3.075,416.0,22.0
2026-07-25 10:58:47,96.711,OkitaNobu,40.397,80.231,0.0,9,5.0,4.41,24,44.828,38.182,40.299,5.0,15.0,61.0,151.0,3.0,3.0,0.0,69.565,27.619,30.464,46.0,4.0,5.0,32.0,14.0,1.0,0.0,3.978,416.0,29.0
2026-04-08 02:58:33,79.766,YellowRose,28.333,63.169,1.0,9,1.0,4.588,10,52.174,23.077,22.222,5.0,3.0,34.0,120.0,2.0,2.0,1.0,63.333,16.667,25,30.0,3.0,4.0,19.0,11.0,2.0,0.0,3.367,417.0,15.0
2026-04-18 21:00:59,80.31,YellowRose,33.654,88.53,3.0,5,1.0,3.714,15,36.842,35.135,31.25,5.0,7.0,35.0,104.0,5.0,1.0,0.0,71.429,14.493,33.654,35.0,4.0,1.0,25.0,10.0,3.0,0.0,3.029,417.0,10.0
2026-04-23 21:30:44,84.138,YellowRose,40.816,103.541,4.0,3,1.0,4.075,17,60.87,15.385,55.556,4.0,5.0,40.0,98.0,0.0,5.0,0.0,75,20.968,36.735,36.0,4.0,1.0,27.0,9.0,3.0,0.0,3.222,417.0,13.0
2026-04-29 17:55:58,83.051,YellowRose,28.736,104.482,5.0,7,0.0,3.28,16,45.455,25.806,26.667,8.0,8.0,25.0,87.0,5.0,1.0,0.0,68.182,15.385,25.287,22.0,4.0,0.0,15.0,7.0,1.0,1.0,3.0,417.0,10.0
2026-05-09 13:52:15,87.37,YellowRose,33.051,106.549,9.0,14,0.0,3.179,24,41.176,33.962,29.167,12.0,7.0,39.0,118.0,4.0,2.0,0.0,86.207,15.73,24.576,29.0,3.0,1.0,25.0,4.0,1.0,1.0,2.621,417.0,14.0
2026-05-25 14:16:02,89.257,YellowRose,29.703,62.1,1.0,5,0.0,4.3,11,53.846,20.588,29.63,5.0,3.0,30.0,101.0,2.0,3.0,0.0,66.667,11.765,32.673,33.0,0.0,1.0,22.0,11.0,3.0,0.0,3.515,417.0,8.0
2026-06-04 21:32:59,89.063,YellowRose,37.069,90.72,4.0,8,0.0,4.093,16,56.522,25.532,39.13,7.0,4.0,43.0,116.0,4.0,1.0,0.0,77.143,19.753,30.172,35.0,11.0,0.0,27.0,8.0,3.0,1.0,3.6,417.0,16.0
2026-06-20 23:02:30,90.603,YellowRose,32.222,73.704,0.0,5,0.0,4.069,14,50,26.667,29.63,4.0,4.0,29.0,90.0,3.0,3.0,0.0,61.538,20.312,28.889,26.0,4.0,1.0,16.0,10.0,4.0,0.0,3.192,417.0,13.0
2026-07-19 23:57:29,91.342,YellowRose,26.042,62.472,3.0,7,0.0,4.04,9,37.5,21.053,23.529,3.0,5.0,25.0,96.0,1.0,4.0,0.0,75,5.882,29.167,28.0,5.0,1.0,21.0,7.0,5.0,0.0,3.429,417.0,4.0
2026-07-25 21:09:29,91.152,YellowRose,29.787,69.018,2.0,6,0.0,3.964,9,33.333,30.952,26.471,4.0,3.0,28.0,94.0,4.0,2.0,0.0,67.857,13.636,29.787,28.0,4.0,2.0,19.0,9.0,2.0,0.0,3.214,417.0,9.0
2026-07-06 14:03:19,82.877,keysha18,27.143,48.476,0.0,13,1.0,4.605,9,20,27.273,28.814,4.0,3.0,38.0,140.0,1.0,4.0,0.0,76.471,11.321,24.286,34.0,2.0,3.0,26.0,8.0,1.0,0.0,3.706,419.0,12.0
2026-07-11 14:18:20,81.531,keysha18,44.628,77.018,1.0,8,0.0,4.611,13,56.522,42.553,41.176,5.0,8.0,54.0,121.0,1.0,2.0,1.0,92.308,21.951,32.231,39.0,1.0,0.0,36.0,3.0,0.0,0.0,4.359,419.0,18.0
2026-07-13 14:30:10,81.331,keysha18,33.607,52.689,0.0,2,2.0,4.951,7,34.375,22.917,45.238,4.0,2.0,41.0,122.0,1.0,4.0,0.0,90.625,13.333,26.23,32.0,0.0,0.0,29.0,3.0,0.0,0.0,4.281,419.0,12.0
2026-07-25 10:58:47,80.325,Keysha,37.086,62.231,2.0,9,1.0,4.911,16,31.034,40,37.313,6.0,4.0,56.0,151.0,3.0,3.0,0.0,80.488,20.909,27.152,41.0,6.0,2.0,33.0,8.0,1.0,0.0,4.049,419.0,23.0
2026-07-25 14:05:52,80.603,Keysha,35.115,56.546,0.0,5,0.0,4.783,11,36.842,30.508,39.623,4.0,1.0,46.0,131.0,3.0,3.0,0.0,86.486,14.894,28.244,37.0,1.0,0.0,32.0,5.0,1.0,0.0,4.324,419.0,14.0
2026-07-25 21:09:29,79.416,Keysha,37.383,93.377,1.0,5,0.0,3.775,19,35.294,36,40,5.0,8.0,40.0,107.0,3.0,3.0,0.0,93.75,13.333,29.907,32.0,6.0,0.0,30.0,2.0,1.0,0.0,3.469,419.0,10.0
2026-08-05 16:03:30,82.933,Keysha,37.984,85.083,4.0,8,0.0,4.061,18,17.857,38.095,47.458,8.0,9.0,49.0,129.0,5.0,1.0,0.0,81.818,22.917,25.581,33.0,4.0,1.0,27.0,6.0,2.0,0.0,2.97,419.0,22.0
2026-08-09 08:47:47,83.268,Keysha,34.127,69.734,1.0,7,1.0,4.488,18,18.519,32.692,44.681,5.0,7.0,43.0,126.0,3.0,3.0,0.0,80,16.484,27.778,35.0,5.0,2.0,28.0,7.0,2.0,0.0,3.829,419.0,15.0
2026-08-14 14:06:42,84.038,Keysha,41.176,95.472,4.0,4,0.0,3.959,17,42.857,26,56.25,7.0,8.0,49.0,119.0,4.0,1.0,0.0,86.111,21.687,30.252,36.0,8.0,1.0,31.0,5.0,0.0,0.0,3.25,419.0,18.0
2026-08-14 21:08:41,88.755,Keysha,31.818,77.871,3.0,8,0.0,3.971,16,27.778,35.556,29.787,6.0,11.0,35.0,110.0,3.0,3.0,0.0,79.167,18.605,21.818,24.0,2.0,2.0,19.0,5.0,1.0,0.0,2.917,419.0,16.0
2026-02-09 08:16:30,9.008,OSXtrafton,7.08,1.241,0.0,4,0.0,5.125,3,16,2.273,6.818,0.0,1.0,8.0,113.0,2.0,4.0,0.0,19.444,1.299,31.858,36.0,4.0,3.0,7.0,29.0,6.0,0.0,2.917,420.0,1.0
2026-02-20 19:01:17,65.05,OSXtrafton,14.876,45.607,2.0,6,1.0,3.556,11,25,15.094,10.417,8.0,1.0,18.0,121.0,4.0,2.0,0.0,46.154,0,32.231,39.0,13.0,2.0,18.0,21.0,1.0,0.0,3.179,420.0,0.0
2026-05-14 02:15:38,67.38,OSXtrafton,16.529,26.944,0.0,6,0.0,4.55,5,33.333,14,10.638,1.0,1.0,20.0,121.0,3.0,3.0,0.0,41.463,3.75,33.884,41.0,9.0,3.0,17.0,24.0,6.0,0.0,3.146,420.0,3.0
2026-05-18 03:59:51,67.02,OSXtrafton,11.45,38.508,3.0,8,0.0,3.4,7,26.087,5.172,12,3.0,4.0,15.0,131.0,2.0,3.0,0.0,28.571,3.371,32.061,42.0,7.0,5.0,12.0,30.0,2.0,0.0,3.071,420.0,3.0
2026-06-22 23:04:19,66.246,OSXtrafton,10.569,17.227,0.0,13,1.0,4.923,5,10.714,9.091,11.765,1.0,3.0,13.0,123.0,2.0,3.0,0.0,35.484,2.174,25.203,31.0,2.0,4.0,11.0,20.0,2.0,0.0,3.097,420.0,2.0
2026-08-14 21:08:41,62.72,OSXtrafton,11.628,17.206,0.0,11,1.0,5.0,4,21.739,11.765,7.273,3.0,1.0,15.0,129.0,2.0,4.0,0.0,27.273,3.529,34.109,44.0,4.0,4.0,12.0,32.0,6.0,0.0,3.205,420.0,3.0
2026-08-05 06:44:34,64.106,Raphtelia,14.394,15.981,0.0,6,3.0,5.474,3,20.833,11.538,14.286,1.0,0.0,19.0,132.0,3.0,3.0,0.0,58.333,10,9.091,12.0,3.0,2.0,7.0,5.0,0.0,0.0,3.75,426.0,12.0
2026-08-06 07:55:09,62.557,Raphtelia,16.071,32.69,0.0,4,2.0,4.389,5,19.048,19.048,12.245,1.0,3.0,18.0,112.0,2.0,3.0,0.0,84.615,7.071,11.607,13.0,2.0,0.0,11.0,2.0,0.0,0.0,3.769,426.0,7.0
2026-08-07 08:19:11,62.532,Raphtelia,22.464,43.802,1.0,4,0.0,4.548,9,34.375,22.414,14.583,4.0,4.0,31.0,138.0,3.0,3.0,0.0,95.238,9.402,15.217,21.0,2.0,0.0,20.0,1.0,0.0,0.0,4.143,426.0,11.0
2026-08-08 22:03:21,62.67,Raphtelia,14.783,27.383,0.0,5,1.0,4.706,6,20,10.204,17.073,1.0,4.0,17.0,115.0,2.0,3.0,0.0,84.615,5.882,11.304,13.0,0.0,0.0,11.0,2.0,0.0,0.0,3.846,426.0,6.0
2026-08-09 08:47:47,62.459,Raphtelia,20.833,21.008,0.0,11,1.0,5.6,3,41.667,15.625,17.857,2.0,0.0,30.0,144.0,3.0,2.0,1.0,100,10.938,11.111,16.0,0.0,0.0,16.0,0.0,0.0,0.0,5.062,426.0,14.0
2026-08-09 21:16:39,60.26,Raphtelia,19.82,31.618,1.0,2,1.0,4.909,3,33.333,21.429,12.5,2.0,3.0,22.0,111.0,2.0,3.0,0.0,91.667,11.111,10.811,12.0,1.0,0.0,11.0,1.0,0.0,0.0,4.417,426.0,11.0
2026-08-11 05:09:55,60.141,Raphtelia,18.269,27.736,0.0,4,0.0,4.895,4,19.048,17.778,18.421,0.0,1.0,19.0,104.0,0.0,5.0,0.0,100,6.593,12.5,13.0,1.0,0.0,13.0,0.0,0.0,0.0,5.0,426.0,6.0
2026-08-13 01:24:25,58.852,Raphtelia,22.414,41.301,1.0,7,1.0,4.5,10,15.789,24.561,22.5,3.0,5.0,26.0,116.0,2.0,4.0,0.0,93.333,11.881,12.931,15.0,2.0,0.0,14.0,1.0,0.0,0.0,3.867,426.0,12.0
2026-08-13 08:14:24,60.426,Raphtelia,16.949,30.227,0.0,5,0.0,4.7,5,4.762,16.667,23.256,1.0,3.0,20.0,118.0,1.0,4.0,0.0,83.333,9.434,10.169,12.0,3.0,0.0,10.0,2.0,0.0,0.0,4.417,426.0,10.0
2026-08-14 14:06:42,60.049,Raphtelia,21.008,40.48,0.0,4,0.0,4.4,10,19.048,24,18.75,5.0,2.0,25.0,119.0,4.0,1.0,0.0,88.235,9.804,14.286,17.0,3.0,0.0,15.0,2.0,0.0,0.0,3.588,426.0,10.0
2026-03-12 08:38:53,71.84,SaoriHayami,32.824,62.787,1.0,2,1.0,4.465,12,31.579,28.125,39.583,5.0,2.0,43.0,131.0,3.0,3.0,0.0,62.222,17.442,34.351,45.0,3.0,1.0,28.0,17.0,0.0,0.0,3.867,428.0,15.0
2026-03-12 19:24:00,71.716,SaoriHayami,27.5,41.583,0.0,8,0.0,5.03,6,31.818,22,31.25,1.0,1.0,33.0,120.0,2.0,2.0,1.0,55.556,10.667,37.5,45.0,6.0,4.0,25.0,20.0,1.0,0.0,4.0,428.0,8.0
2026-03-15 07:31:17,74.231,SaoriHayami,33.813,64.338,1.0,8,0.0,4.574,17,14.286,33.333,41.379,8.0,7.0,47.0,139.0,3.0,3.0,0.0,60.784,18.182,36.691,51.0,6.0,4.0,31.0,20.0,5.0,0.0,3.51,428.0,16.0
2026-03-16 08:11:49,73.865,SaoriHayami,26.144,47.607,0.0,12,0.0,4.5,13,30.769,23.077,28.571,2.0,6.0,40.0,153.0,3.0,2.0,1.0,63.83,9.434,30.719,47.0,8.0,3.0,30.0,17.0,4.0,0.0,3.617,428.0,10.0
2026-03-17 16:02:01,74.586,SaoriHayami,30.909,64.305,0.0,8,0.0,4.412,13,26.087,27.273,37.209,4.0,6.0,34.0,110.0,1.0,4.0,0.0,60.465,11.94,39.091,43.0,2.0,1.0,26.0,17.0,3.0,0.0,3.651,428.0,8.0
2026-03-30 06:42:46,74.209,SaoriHayami,30.435,43.543,0.0,7,1.0,5.071,7,24.242,25.424,41.304,4.0,1.0,42.0,138.0,0.0,5.0,0.0,61.702,14.286,34.058,47.0,6.0,0.0,29.0,18.0,2.0,0.0,4.191,428.0,13.0
2026-04-10 18:17:34,73.484,SaoriHayami,39.091,77.412,3.0,1,1.0,4.628,10,29.167,42.222,41.463,6.0,1.0,43.0,110.0,4.0,1.0,0.0,70.732,20.29,37.273,41.0,3.0,0.0,29.0,12.0,2.0,2.0,4.22,428.0,14.0
2026-07-01 11:19:15,77.6,SaoriHayami,37.107,68.422,1.0,7,0.0,4.458,15,27.273,20,53.247,5.0,2.0,59.0,159.0,5.0,1.0,0.0,70.175,18.627,35.849,57.0,3.0,3.0,40.0,17.0,1.0,0.0,3.86,428.0,19.0
2026-07-03 21:07:23,80.672,SaoriHayami,38.053,91.035,3.0,10,0.0,4.0,20,33.333,36,43.59,9.0,6.0,43.0,113.0,2.0,3.0,0.0,78.049,15.278,36.283,41.0,6.0,2.0,32.0,9.0,2.0,1.0,3.634,428.0,11.0
2026-07-04 07:15:20,81.45,SaoriHayami,33.333,58.836,1.0,3,0.0,4.889,13,42.857,32.692,30.645,4.0,6.0,45.0,135.0,2.0,4.0,0.0,57.143,16.456,41.481,56.0,3.0,2.0,32.0,24.0,8.0,0.0,3.786,428.0,13.0
2026-06-21 13:21:05,64.335,Nunuchu42,8.029,14.379,1.0,3,0.0,5.0,3,5,7.407,9.524,1.0,0.0,11.0,137.0,1.0,4.0,1.0,45,1.709,14.599,20.0,5.0,0.0,9.0,11.0,1.0,0.0,3.95,429.0,2.0
2026-06-22 15:19:23,62.529,Nunuchu42,11.94,30.178,1.0,8,4.0,4.188,7,9.091,11.475,13.725,4.0,2.0,16.0,134.0,2.0,3.0,0.0,93.75,0.847,11.94,16.0,4.0,0.0,15.0,1.0,0.0,0.0,4.438,429.0,1.0
2026-06-22 23:04:19,62.395,Nunuchu42,11.579,26.86,0.0,8,2.0,3.909,4,23.81,13.158,2.778,2.0,2.0,11.0,95.0,3.0,2.0,0.0,66.667,3.614,12.632,12.0,2.0,0.0,8.0,4.0,0.0,0.0,3.417,429.0,3.0
2026-07-02 04:20:29,60.975,Nunuchu42,17.424,37.312,2.0,6,1.0,4.261,9,8.696,18.033,20.833,5.0,1.0,23.0,132.0,6.0,0.0,0.0,82.609,3.67,17.424,23.0,8.0,1.0,19.0,4.0,0.0,1.0,3.957,429.0,4.0
2026-07-04 21:47:23,64.012,Nunuchu42,10.256,21.472,1.0,2,2.0,4.25,4,9.524,8.333,12.5,1.0,1.0,12.0,117.0,3.0,3.0,0.0,88.889,3.704,7.692,9.0,3.0,0.0,8.0,1.0,1.0,1.0,3.778,429.0,4.0
2026-07-05 07:05:09,62.941,Nunuchu42,10.853,26.214,1.0,2,4.0,4.143,6,16.667,12.698,6.25,4.0,1.0,14.0,129.0,2.0,4.0,0.0,73.684,0,14.729,19.0,3.0,0.0,14.0,5.0,1.0,0.0,4.053,429.0,0.0
2026-07-08 01:31:50,62.988,Nunuchu42,9.322,18.934,1.0,4,0.0,4.818,3,0,13.462,10,3.0,0.0,11.0,118.0,0.0,5.0,0.0,69.231,1.905,11.017,13.0,3.0,0.0,9.0,4.0,1.0,0.0,4.308,429.0,2.0
2026-07-08 05:48:36,60.527,Nunuchu42,12.097,20.301,0.0,5,5.0,4.933,4,8.333,17.308,8.333,1.0,2.0,15.0,124.0,3.0,1.0,1.0,75,2.778,12.903,16.0,2.0,0.0,12.0,4.0,1.0,0.0,4.0,429.0,3.0
2026-07-11 05:05:05,59.807,Nunuchu42,12.5,13.907,0.0,1,2.0,5.214,0,15,11.111,13.158,0.0,0.0,14.0,112.0,2.0,3.0,0.0,83.333,4,10.714,12.0,0.0,0.0,10.0,2.0,0.0,0.0,4.583,429.0,4.0
2026-07-16 18:15:42,59.388,Nunuchu42,12.0,27.924,1.0,5,1.0,3.917,6,15,14.286,8.889,3.0,1.0,12.0,100.0,3.0,3.0,0.0,64.706,1.205,17,17.0,7.0,3.0,11.0,6.0,0.0,0.0,3.176,429.0,1.0
2026-07-13 20:45:39,99.466,HaruUrara,40.0,136.137,6.0,12,0.0,3.167,28,46.154,37.209,40.816,13.0,11.0,42.0,105.0,6.0,0.0,0.0,77.419,24.324,29.524,31.0,8.0,4.0,24.0,7.0,0.0,0.0,2.613,430.0,18.0
2026-07-14 21:14:03,100.999,HaruUrara,50.0,148.712,6.0,8,0.0,3.569,35,52.174,54.167,45.763,14.0,18.0,65.0,130.0,2.0,4.0,0.0,86.486,35.484,28.462,37.0,6.0,1.0,32.0,5.0,3.0,0.0,3.027,430.0,33.0
2026-07-15 18:09:02,102.369,HaruUrara,41.304,134.975,3.0,5,0.0,3.263,24,50,43.182,33.333,11.0,10.0,38.0,92.0,3.0,2.0,0.0,66.667,33.803,22.826,21.0,8.0,1.0,14.0,7.0,2.0,0.0,2.143,430.0,24.0
2026-07-16 18:15:42,103.04,HaruUrara,45.0,136.565,5.0,5,0.0,3.111,29,40,37.5,53.488,11.0,17.0,45.0,100.0,2.0,4.0,0.0,87.5,31.579,24,24.0,7.0,1.0,21.0,3.0,2.0,1.0,2.833,430.0,24.0
2026-07-17 23:08:39,103.849,HaruUrara,45.968,128.323,3.0,4,0.0,3.544,30,36.667,54.762,44.231,11.0,12.0,57.0,124.0,2.0,4.0,0.0,82.759,34.737,23.387,29.0,3.0,0.0,24.0,5.0,2.0,0.0,3.172,430.0,33.0
2026-07-18 11:44:30,105.472,HaruUrara,38.947,115.279,4.0,2,0.0,3.676,20,27.778,48.387,36.957,11.0,6.0,37.0,95.0,2.0,4.0,0.0,70,30.667,21.053,20.0,4.0,0.0,14.0,6.0,3.0,0.0,2.85,430.0,23.0
2026-08-08 01:30:10,106.419,HaruUrara,49.091,126.67,6.0,9,1.0,4.056,20,44,56.25,43.243,11.0,11.0,54.0,110.0,3.0,2.0,0.0,83.333,39.535,21.818,24.0,4.0,2.0,20.0,4.0,0.0,1.0,3.375,430.0,34.0
2026-08-08 15:58:25,108.057,HaruUrara,36.752,112.908,7.0,2,1.0,3.558,24,39.286,33.333,38.636,7.0,11.0,43.0,117.0,1.0,5.0,0.0,75,22.353,27.35,32.0,8.0,0.0,24.0,8.0,3.0,1.0,2.938,430.0,19.0
2026-08-08 22:03:21,106.668,HaruUrara,41.88,104.426,3.0,7,0.0,4.041,18,42.857,37.288,48.649,5.0,10.0,49.0,117.0,2.0,3.0,0.0,90,31.959,17.094,20.0,6.0,0.0,18.0,2.0,0.0,0.0,3.65,430.0,31.0
2026-08-14 14:06:42,106.456,HaruUrara,52.941,159.513,7.0,4,0.0,3.397,35,33.333,58,56.25,15.0,14.0,63.0,119.0,4.0,1.0,0.0,87.5,35.443,33.613,40.0,5.0,1.0,35.0,5.0,2.0,2.0,3.45,430.0,28.0
2026-06-15 18:14:28,79.377,Luna,31.522,65.302,2.0,3,0.0,4.379,8,37.5,20.513,40.541,5.0,5.0,29.0,92.0,5.0,0.0,0.0,80,22.078,16.304,15.0,0.0,0.0,12.0,3.0,0.0,0.0,3.667,431.0,17.0
2026-06-18 20:38:35,79.728,Luna,27.907,48.433,1.0,1,1.0,4.944,9,17.391,28.261,31.667,3.0,4.0,36.0,129.0,2.0,3.0,1.0,73.913,17.925,17.829,23.0,4.0,0.0,17.0,6.0,1.0,0.0,3.826,431.0,19.0
2026-06-19 23:05:24,78.825,Luna,28.244,67.062,1.0,6,1.0,4.054,16,8.333,25.455,40.385,3.0,8.0,37.0,131.0,3.0,3.0,0.0,72.414,15.686,22.137,29.0,5.0,2.0,21.0,8.0,1.0,0.0,2.966,431.0,16.0
2026-06-25 23:03:08,78.264,Luna,27.358,51.911,0.0,6,0.0,4.414,8,25,26.19,29.545,0.0,7.0,29.0,106.0,2.0,4.0,0.0,78.947,16.092,17.925,19.0,2.0,2.0,15.0,4.0,1.0,0.0,3.316,431.0,14.0
2026-06-30 10:29:18,78.549,Luna,21.429,48.339,2.0,6,1.0,4.542,7,19.231,12.821,29.787,5.0,2.0,24.0,112.0,3.0,2.0,0.0,66.667,16,10.714,12.0,4.0,0.0,8.0,4.0,1.0,1.0,3.5,431.0,16.0
2026-07-06 14:03:19,77.548,Luna,20.455,31.313,0.0,6,0.0,4.852,8,16,17.021,25,2.0,2.0,27.0,132.0,3.0,2.0,0.0,58.333,16.667,9.091,12.0,2.0,1.0,7.0,5.0,2.0,0.0,3.167,431.0,20.0
2026-07-13 14:30:10,76.725,Luna,24.615,35.836,0.0,2,2.0,4.969,4,26.923,19.608,28.302,2.0,2.0,32.0,130.0,3.0,1.0,1.0,44.444,19.417,20.769,27.0,6.0,2.0,12.0,15.0,1.0,0.0,3.333,431.0,20.0
2026-07-19 23:57:29,75.111,Luna,24.561,63.994,4.0,13,0.0,3.786,13,19.048,22,30.233,5.0,4.0,28.0,114.0,4.0,1.0,0.0,65.217,14.286,20.175,23.0,6.0,3.0,15.0,8.0,0.0,2.0,3.087,431.0,13.0
2026-08-09 21:16:39,77.706,Luna,39.024,80.813,1.0,4,0.0,4.333,19,22.727,30.435,52.727,5.0,6.0,48.0,123.0,4.0,1.0,0.0,88,26.531,20.325,25.0,5.0,1.0,22.0,3.0,2.0,0.0,3.56,431.0,26.0
2026-08-13 01:24:25,79.406,Luna,29.31,70.946,4.0,7,0.0,4.0,14,31.579,26.316,32.5,9.0,2.0,34.0,116.0,2.0,4.0,0.0,75,17.391,20.69,24.0,5.0,1.0,18.0,6.0,1.0,1.0,3.5,431.0,16.0
2026-03-08 06:29:21,100.0,IDeja,38.095,91.979,1.0,4,0.0,4.312,23,32.143,39.216,40.426,4.0,13.0,48.0,126.0,2.0,3.0,0.0,86.667,11.111,35.714,45.0,4.0,1.0,39.0,6.0,0.0,0.0,3.933,432.0,9.0
2026-03-25 21:54:01,91.85,IDeja,41.593,112.4,3.0,7,1.0,3.851,23,41.667,37.5,46.341,9.0,5.0,47.0,113.0,2.0,4.0,0.0,84.211,20,33.628,38.0,6.0,2.0,32.0,6.0,0.0,0.0,3.132,432.0,15.0
2026-03-31 13:55:05,100.89,IDeja,31.193,94.88,4.0,13,1.0,3.706,18,47.059,30,26.923,12.0,3.0,34.0,109.0,6.0,0.0,0.0,89.655,10,26.606,29.0,9.0,1.0,26.0,3.0,1.0,0.0,3.138,432.0,8.0
2026-04-18 21:00:59,103.39,Deja_,30.081,81.273,2.0,9,1.0,3.703,19,25,19.608,43.75,7.0,14.0,37.0,123.0,3.0,3.0,0.0,87.5,9.89,26.016,32.0,3.0,1.0,28.0,4.0,1.0,0.0,3.344,432.0,9.0
2026-04-30 14:04:12,101.81,IDeja,43.956,121.434,2.0,7,0.0,3.6,21,42.105,37.209,55.172,4.0,14.0,40.0,91.0,0.0,5.0,0.0,81.818,22.414,36.264,33.0,2.0,1.0,27.0,6.0,2.0,0.0,3.303,432.0,13.0
2026-05-14 14:24:40,102.54,IDeja,39.216,121.663,3.0,5,1.0,3.5,23,28.571,39.024,42.553,9.0,12.0,40.0,102.0,3.0,2.0,0.0,92.857,18.919,27.451,28.0,4.0,0.0,26.0,2.0,1.0,0.0,3.107,432.0,14.0
2026-05-16 21:48:55,103.141,Deja_,33.333,123.763,5.0,6,0.0,3.097,20,33.333,24.324,41.463,8.0,9.0,31.0,93.0,4.0,1.0,0.0,86.207,9.375,31.183,29.0,2.0,1.0,25.0,4.0,2.0,1.0,2.724,432.0,6.0
2026-06-17 20:49:31,99.699,Deja_,39.13,96.329,5.0,2,2.0,4.178,17,46.667,40,36,12.0,1.0,45.0,115.0,5.0,1.0,0.0,87.805,12.162,35.652,41.0,2.0,0.0,36.0,5.0,2.0,0.0,3.976,432.0,9.0
2026-06-25 22:16:44,100.405,Deja_,42.636,91.179,3.0,2,0.0,4.491,19,28.571,50,41.071,9.0,4.0,55.0,129.0,3.0,3.0,0.0,89.583,14.815,37.209,48.0,5.0,0.0,43.0,5.0,2.0,0.0,4.188,432.0,12.0
2026-03-09 02:00:09,86.87,Loomi,25.397,74.948,6.0,10,0.0,3.719,16,36.842,22,24.561,6.0,8.0,32.0,126.0,2.0,4.0,0.0,77.143,5.495,27.778,35.0,5.0,2.0,27.0,8.0,1.0,0.0,3.171,437.0,5.0
2026-03-15 07:31:17,87.92,Loomi,28.571,76.05,3.0,14,1.0,3.909,26,28.571,25.806,31.25,8.0,9.0,44.0,154.0,3.0,3.0,0.0,74.576,0,38.312,59.0,9.0,2.0,44.0,15.0,5.0,0.0,3.356,437.0,0.0
2026-04-15 04:27:56,88.774,Loomi,28.09,88.636,2.0,6,1.0,3.48,15,27.273,28.571,27.907,5.0,5.0,25.0,89.0,3.0,2.0,0.0,75,1.754,35.955,32.0,2.0,2.0,24.0,8.0,3.0,0.0,2.812,437.0,1.0
2026-04-22 04:01:53,89.635,Loomi,20.213,55.836,1.0,8,0.0,3.632,12,16,13.158,32.258,4.0,5.0,19.0,94.0,2.0,3.0,0.0,88.889,3.947,19.149,18.0,3.0,0.0,16.0,2.0,1.0,0.0,3.056,437.0,3.0
2026-06-18 23:17:52,84.26,Dav1d,31.034,73.575,3.0,2,0.0,4.25,17,26.087,23.81,39.216,7.0,6.0,36.0,116.0,4.0,2.0,0.0,82.857,8.642,30.172,35.0,8.0,0.0,29.0,6.0,2.0,0.0,3.714,441.0,7.0
2026-07-05 13:56:38,84.167,Dav1d,31.783,62.118,2.0,8,1.0,4.415,14,25,22,43.636,4.0,7.0,41.0,129.0,2.0,4.0,0.0,83.333,11.828,27.907,36.0,4.0,0.0,30.0,6.0,1.0,0.0,4.222,441.0,11.0
2026-07-11 21:22:45,82.523,Dav1d,38.393,107.059,6.0,4,2.0,4.07,18,23.81,42.857,40.816,11.0,5.0,43.0,112.0,2.0,3.0,0.0,85,12.5,35.714,40.0,9.0,2.0,34.0,6.0,1.0,1.0,3.65,441.0,9.0
2026-07-12 13:52:16,82.583,Dav1d,23.762,57.571,0.0,10,0.0,3.708,13,27.273,17.5,28.205,4.0,4.0,24.0,101.0,2.0,4.0,0.0,80,9.877,19.802,20.0,5.0,2.0,16.0,4.0,2.0,0.0,2.95,441.0,8.0
2026-07-13 20:45:39,83.375,Dav1d,28.829,71.466,3.0,4,0.0,4.031,14,31.579,15.556,40.426,6.0,3.0,32.0,111.0,1.0,5.0,0.0,90,6.173,27.027,30.0,4.0,0.0,27.0,3.0,1.0,1.0,3.867,441.0,5.0
2026-07-14 13:58:57,82.997,Dav1d,26.119,67.0,7.0,10,1.0,4.229,13,10.345,22.414,40.426,8.0,4.0,35.0,134.0,1.0,5.0,0.0,84.615,12.037,19.403,26.0,11.0,1.0,22.0,4.0,1.0,0.0,3.346,441.0,13.0
2026-07-15 18:09:02,80.889,Dav1d,26.316,62.847,2.0,1,1.0,4.12,9,15.385,21.739,36.111,5.0,2.0,25.0,95.0,1.0,4.0,0.0,94.118,11.538,17.895,17.0,4.0,0.0,16.0,1.0,0.0,0.0,3.941,441.0,9.0
2026-07-16 14:20:53,80.134,Dav1d,31.061,73.124,6.0,7,0.0,4.488,11,30.435,24.444,35.938,8.0,5.0,41.0,132.0,2.0,4.0,0.0,97.059,8.163,25.758,34.0,8.0,0.0,33.0,1.0,0.0,0.0,4.412,441.0,8.0
2026-07-19 10:39:25,79.99,Dav1d,26.4,59.542,1.0,4,1.0,4.455,12,14.286,23.913,35.294,6.0,5.0,33.0,125.0,2.0,3.0,0.0,83.333,8.421,24,30.0,4.0,2.0,25.0,5.0,1.0,0.0,4.0,441.0,8.0
2026-07-22 01:18:08,80.983,Dav1d,28.455,74.547,7.0,6,2.0,4.143,12,24.138,22.857,33.898,8.0,3.0,35.0,123.0,3.0,3.0,0.0,84.375,8.791,26.016,32.0,11.0,2.0,27.0,5.0,2.0,0.0,3.406,441.0,8.0
2026-03-23 07:24:06,70.0,Loirinzz,17.557,41.911,3.0,9,0.0,4.739,8,12.5,13.043,22.951,5.0,1.0,23.0,131.0,4.0,2.0,0.0,100,4.425,13.74,18.0,4.0,0.0,18.0,0.0,0.0,0.0,4.611,443.0,5.0
2026-03-13 10:03:13,89.56,Feynox_,22.414,62.519,2.0,8,2.0,4.038,10,23.81,24.49,19.565,4.0,6.0,26.0,116.0,2.0,3.0,0.0,64.286,9.091,24.138,28.0,6.0,3.0,18.0,10.0,1.0,0.0,3.071,445.0,8.0
2026-02-07 21:56:38,9.925,Hotpot,21.782,4.848,1.0,7,0.0,4.727,6,18.75,23.077,21.739,1.0,3.0,22.0,101.0,1.0,4.0,0.0,65.385,6.667,25.743,26.0,2.0,0.0,17.0,9.0,1.0,0.0,4.115,446.0,5.0
2026-02-09 16:02:04,9.601,Hotpot,20.0,5.148,2.0,3,1.0,4.619,5,40,18.421,15.385,4.0,1.0,21.0,105.0,1.0,4.0,0.0,51.852,8.974,25.714,27.0,5.0,1.0,14.0,13.0,3.0,0.0,3.481,446.0,7.0
2026-03-15 07:31:17,76.78,Hotpot,22.078,39.357,1.0,14,1.0,4.735,9,46.429,11.29,21.875,6.0,3.0,34.0,154.0,3.0,3.0,0.0,57.576,12.397,21.429,33.0,2.0,1.0,19.0,14.0,3.0,0.0,3.545,446.0,15.0
2026-03-17 13:01:35,76.44,Hotpot,26.496,58.112,2.0,12,0.0,4.032,10,50,14.545,30,6.0,2.0,31.0,117.0,3.0,3.0,0.0,64.706,10.843,29.06,34.0,3.0,2.0,22.0,12.0,4.0,0.0,3.059,446.0,9.0
2026-04-18 21:00:59,74.812,Hotpot,27.642,61.061,2.0,9,1.0,4.235,12,41.667,29.412,18.75,7.0,2.0,34.0,123.0,3.0,3.0,0.0,60.526,12.941,30.894,38.0,4.0,5.0,23.0,15.0,2.0,0.0,3.158,446.0,11.0
2026-05-05 18:33:41,77.514,Hotpot,22.472,40.512,0.0,4,0.0,4.55,7,35.294,20,18.75,1.0,2.0,20.0,89.0,1.0,4.0,0.0,69.565,6.061,25.843,23.0,4.0,0.0,16.0,7.0,2.0,0.0,3.565,446.0,4.0
2026-05-20 10:47:35,74.716,Hotpot,23.423,53.029,2.0,11,0.0,4.385,8,38.889,20.408,20.455,5.0,1.0,26.0,111.0,4.0,2.0,0.0,68.75,5.063,28.829,32.0,6.0,2.0,22.0,10.0,0.0,1.0,3.5,446.0,4.0
2026-02-04 20:02:14,9.0,Zarelyyyx,23.853,6.564,3.0,12,0.0,4.615,7,18.182,17.021,31.373,3.0,3.0,26.0,109.0,1.0,4.0,0.0,82.353,13.043,15.596,17.0,1.0,0.0,14.0,3.0,1.0,0.0,4.353,450.0,12.0
2026-02-11 11:07:13,9.402,Zarelyyyx,24.818,6.357,1.0,11,2.0,4.324,8,23.077,26.087,23.81,5.0,2.0,34.0,137.0,2.0,4.0,0.0,80.645,8.491,22.628,31.0,3.0,3.0,25.0,6.0,1.0,0.0,3.484,450.0,9.0
2026-02-11 16:20:06,9.619,Zarelyyyx,25.0,5.86,2.0,6,2.0,4.714,6,14.286,18.605,35.417,2.0,1.0,28.0,112.0,0.0,5.0,0.0,74.074,9.412,24.107,27.0,4.0,0.0,20.0,7.0,2.0,0.0,3.815,450.0,8.0
2026-03-13 10:03:13,77.13,Zarelyyyx,21.008,47.358,2.0,8,1.0,4.6,8,23.529,21.053,20,5.0,2.0,25.0,119.0,3.0,2.0,0.0,77.778,10.891,15.126,18.0,0.0,0.0,14.0,4.0,0.0,0.0,3.944,450.0,11.0
2026-04-29 17:55:58,78.274,AkatsukiKirika,19.492,31.858,0.0,9,0.0,4.696,7,13.333,14.583,25.455,0.0,3.0,23.0,118.0,1.0,5.0,0.0,84.615,11.429,11.017,13.0,1.0,0.0,11.0,2.0,0.0,0.0,4.385,451.0,12.0
2026-05-06 15:44:30,76.661,AkatsukiKirika,33.962,77.51,3.0,10,0.0,3.778,16,17.391,36.17,41.667,5.0,8.0,36.0,106.0,3.0,3.0,0.0,76.19,23.529,19.811,21.0,2.0,1.0,16.0,5.0,2.0,2.0,3.048,451.0,20.0
2026-05-08 04:37:09,78.892,AkatsukiKirika,34.568,62.155,1.0,1,0.0,5.0,7,18.75,34.483,41.667,5.0,1.0,28.0,81.0,2.0,3.0,0.0,100,26.389,11.111,9.0,1.0,0.0,9.0,0.0,0.0,1.0,4.111,451.0,19.0
2026-05-10 07:02:27,80.356,AkatsukiKirika,29.73,46.12,0.0,8,1.0,5.0,4,22.222,20,39.623,1.0,3.0,33.0,111.0,1.0,4.0,0.0,77.778,20.43,16.216,18.0,1.0,3.0,14.0,4.0,0.0,0.0,3.667,451.0,19.0
2026-05-16 21:48:55,78.95,AkatsukiKirika,35.294,59.342,0.0,7,0.0,4.857,10,13.333,29.787,45.614,3.0,5.0,42.0,119.0,1.0,4.0,0.0,84.615,29.245,10.924,13.0,0.0,1.0,11.0,2.0,1.0,0.0,4.0,451.0,31.0
2026-05-23 22:05:11,76.678,AkatsukiKirika,23.0,32.131,1.0,7,1.0,5.304,2,12.5,16.279,34.146,1.0,0.0,23.0,100.0,4.0,1.0,0.0,90,15.556,10,10.0,0.0,0.0,9.0,1.0,0.0,0.0,5.3,451.0,14.0
2026-07-08 01:31:50,75.619,onai,35.0,64.138,2.0,3,0.0,4.452,9,33.333,33.333,37.778,4.0,4.0,42.0,120.0,5.0,0.0,0.0,94.737,23.762,15.833,19.0,3.0,0.0,18.0,1.0,0.0,0.0,3.737,451.0,24.0
2026-07-16 14:20:53,78.627,onai,28.082,45.062,0.0,7,1.0,5.073,12,6.667,21.569,43.077,2.0,6.0,41.0,146.0,5.0,1.0,0.0,78.261,18.699,15.753,23.0,0.0,1.0,18.0,5.0,1.0,0.0,4.478,451.0,23.0
2026-07-25 04:25:03,78.89,onai,37.143,76.356,2.0,6,0.0,4.256,11,23.81,34.146,46.512,2.0,6.0,39.0,105.0,1.0,4.0,0.0,83.333,31.183,11.429,12.0,3.0,0.0,10.0,2.0,2.0,0.0,3.0,451.0,29.0
2026-08-04 04:58:34,78.56,onai,32.836,52.813,0.0,12,1.0,4.727,11,19.048,29.508,42.308,4.0,3.0,44.0,134.0,3.0,2.0,0.0,84.211,24.348,14.179,19.0,1.0,1.0,16.0,3.0,0.0,0.0,3.789,451.0,28.0
2026-07-20 05:49:04,91.941,RyoutaVN,41.441,91.356,4.0,6,0.0,4.348,15,44,39.583,42.105,7.0,8.0,46.0,111.0,1.0,4.0,0.0,95,29.67,18.018,20.0,8.0,1.0,19.0,1.0,0.0,1.0,3.6,453.0,27.0
2026-07-21 06:03:08,92.167,RyoutaVN,38.532,87.63,2.0,3,0.0,4.262,16,37.5,33.333,43.478,7.0,4.0,42.0,109.0,3.0,1.0,1.0,92.308,21.687,23.853,26.0,13.0,1.0,24.0,2.0,0.0,0.0,3.231,453.0,18.0
2026-07-22 08:06:47,93.044,RyoutaVN,35.507,92.541,6.0,12,0.0,3.776,23,32.258,30.909,42.308,8.0,8.0,49.0,138.0,3.0,3.0,0.0,95.833,22.807,17.391,24.0,11.0,1.0,23.0,1.0,0.0,0.0,2.75,453.0,26.0
2026-07-24 04:59:24,93.158,RyoutaVN,32.0,70.732,2.0,9,1.0,4.25,14,30,21.154,43.396,6.0,5.0,40.0,125.0,0.0,5.0,0.0,94.444,21.495,14.4,18.0,6.0,0.0,17.0,1.0,0.0,0.0,3.111,453.0,23.0
2026-07-25 10:58:47,91.937,RyoutaVN,40.164,92.32,4.0,8,0.0,4.286,21,47.619,27.907,46.552,9.0,7.0,49.0,122.0,3.0,3.0,0.0,89.655,24.731,23.77,29.0,9.0,1.0,26.0,3.0,1.0,0.0,2.931,453.0,23.0
2026-07-25 21:09:29,91.794,RyoutaVN,29.907,78.565,1.0,5,0.0,3.594,18,35.294,26,32.5,5.0,5.0,32.0,107.0,3.0,3.0,0.0,84.211,18.182,17.757,19.0,4.0,1.0,16.0,3.0,1.0,0.0,2.895,453.0,16.0
2026-07-28 08:00:35,92.419,RyoutaVN,37.815,73.076,2.0,4,0.0,4.689,11,45.714,32.353,36,4.0,5.0,45.0,119.0,2.0,2.0,1.0,95.833,23.158,20.168,24.0,5.0,0.0,23.0,1.0,1.0,0.0,4.292,453.0,22.0
2026-07-29 04:35:02,93.631,RyoutaVN,45.902,97.67,2.0,2,0.0,4.321,16,58.333,38,47.917,6.0,7.0,56.0,122.0,1.0,3.0,1.0,92.857,31.915,22.951,28.0,8.0,0.0,26.0,2.0,0.0,0.0,3.571,453.0,30.0
2026-07-29 21:01:21,91.911,RyoutaVN,20.721,47.875,1.0,8,0.0,4.043,9,26.316,25,14.583,2.0,4.0,23.0,111.0,3.0,3.0,0.0,100,11.111,10.811,12.0,1.0,0.0,12.0,0.0,0.0,1.0,3.583,453.0,11.0
2026-07-30 14:13:06,89.549,RyoutaVN,36.441,76.909,2.0,0,0.0,4.349,11,47.368,21.277,46.154,6.0,5.0,43.0,118.0,4.0,2.0,0.0,91.667,22.34,20.339,24.0,6.0,0.0,22.0,2.0,1.0,0.0,3.417,453.0,21.0
2026-03-09 22:30:42,75.21,l_elf10,20.37,51.623,3.0,5,3.0,4.455,6,68.421,13.636,6.667,6.0,2.0,22.0,108.0,3.0,2.0,0.0,43.75,10.526,29.63,32.0,9.0,2.0,14.0,18.0,2.0,1.0,3.219,455.0,8.0
2026-04-25 17:53:40,78.85,l_elf10,21.905,44.726,0.0,9,3.0,4.609,7,70,6.977,14.286,2.0,4.0,23.0,105.0,3.0,2.0,0.0,46.875,10.959,30.476,32.0,5.0,4.0,15.0,17.0,4.0,0.0,3.688,455.0,8.0
2026-04-19 09:25:57,80.0,SIXSEVEN,19.643,36.154,1.0,10,0.0,4.591,4,26.087,20.588,16.364,4.0,1.0,22.0,112.0,2.0,4.0,0.0,100,17.431,2.679,3.0,0.0,0.0,3.0,0.0,0.0,0.0,3.333,459.0,19.0
2026-04-22 04:01:53,72.84,SIXSEVEN,36.458,72.298,1.0,3,0.0,4.4,12,25,43.478,34.615,4.0,3.0,35.0,96.0,4.0,1.0,0.0,100,35.789,1.042,1.0,1.0,0.0,1.0,0.0,0.0,0.0,1.0,459.0,34.0
2026-04-23 08:45:49,81.56,SIXSEVEN,32.743,62.037,0.0,11,0.0,4.432,10,28,40.476,28.261,2.0,4.0,37.0,113.0,2.0,2.0,1.0,100,31.532,1.77,2.0,0.0,0.0,2.0,0.0,0.0,0.0,5.5,459.0,35.0
2026-04-24 09:22:06,82.14,SIXSEVEN,22.137,35.178,0.0,9,1.0,4.793,5,19.231,28.814,15.217,2.0,2.0,29.0,131.0,2.0,4.0,0.0,100,20.312,2.29,3.0,0.0,0.0,3.0,0.0,0.0,0.0,5.333,459.0,26.0
2026-04-25 07:02:20,79.17,SIXSEVEN,29.921,51.801,1.0,9,1.0,4.868,8,21.739,32.143,31.25,4.0,4.0,38.0,127.0,3.0,2.0,0.0,100,29.365,0.787,1.0,0.0,0.0,1.0,0.0,0.0,1.0,4.0,459.0,37.0
2026-04-27 10:01:40,79.46,SIXSEVEN,22.936,34.964,0.0,8,0.0,5.12,5,25,20.833,24.39,2.0,3.0,25.0,109.0,2.0,3.0,0.0,100,22.222,0.917,1.0,0.0,0.0,1.0,0.0,0.0,0.0,3.0,459.0,24.0
2026-08-04 07:16:29,70.786,hakohoka,21.774,47.024,2.0,8,0.0,4.519,7,17.647,31.034,12.245,6.0,1.0,27.0,124.0,4.0,1.0,0.0,93.75,11.111,12.903,16.0,5.0,1.0,15.0,1.0,0.0,0.0,3.375,462.0,12.0
2026-08-05 16:03:30,71.606,hakohoka,22.917,71.077,5.0,7,0.0,3.318,10,35.294,25.714,15.909,5.0,4.0,22.0,96.0,3.0,3.0,0.0,100,8.642,15.625,15.0,7.0,0.0,15.0,0.0,0.0,0.0,3.0,462.0,7.0
2026-08-06 07:55:09,73.057,hakohoka,12.5,19.74,0.0,2,0.0,4.846,2,7.143,13.043,13.636,1.0,0.0,13.0,104.0,2.0,3.0,0.0,88.889,5.263,8.654,9.0,4.0,0.0,8.0,1.0,0.0,0.0,3.778,462.0,5.0
2026-08-07 08:19:11,70.45,hakohoka,13.139,27.199,1.0,9,1.0,4.444,7,6.897,9.434,20,2.0,1.0,18.0,137.0,5.0,1.0,0.0,100,3.252,10.219,14.0,4.0,0.0,14.0,0.0,0.0,0.0,3.929,462.0,4.0
2026-08-08 15:58:25,69.63,hakohoka,18.333,44.315,2.0,6,1.0,3.864,9,22.581,10.87,23.256,2.0,4.0,22.0,120.0,4.0,2.0,0.0,100,10.909,8.333,10.0,5.0,0.0,10.0,0.0,0.0,0.0,2.8,462.0,12.0
2026-08-09 08:47:47,70.386,hakohoka,27.778,50.426,2.0,7,2.0,4.857,10,22.222,32.692,25.532,5.0,1.0,35.0,126.0,3.0,3.0,0.0,96,10.891,19.841,25.0,6.0,0.0,24.0,1.0,0.0,0.0,4.44,462.0,11.0
2026-08-11 16:15:35,70.325,hakohoka,23.636,59.177,2.0,7,0.0,3.808,11,26.923,28.571,16.667,4.0,7.0,26.0,110.0,3.0,3.0,0.0,100,8.696,16.364,18.0,5.0,0.0,18.0,0.0,0.0,0.0,3.167,462.0,8.0
2026-08-13 01:24:25,71.616,hakohoka,20.29,53.105,7.0,7,0.0,4.286,11,7.143,28.07,18.868,8.0,2.0,28.0,138.0,2.0,4.0,0.0,100,5.983,15.217,21.0,7.0,0.0,21.0,0.0,0.0,0.0,3.476,462.0,7.0
2026-08-13 08:14:24,73.561,hakohoka,26.724,63.095,2.0,5,2.0,4.323,13,23.81,28.947,26.316,2.0,6.0,31.0,116.0,2.0,3.0,0.0,100,11.458,17.241,20.0,7.0,0.0,20.0,0.0,0.0,0.0,3.55,462.0,11.0
2026-08-14 14:06:42,74.135,hakohoka,22.321,60.088,3.0,4,0.0,3.6,11,6.25,26.667,23.529,5.0,2.0,25.0,112.0,2.0,3.0,0.0,100,9.375,14.286,16.0,8.0,0.0,16.0,0.0,0.0,1.0,3.25,462.0,9.0
2026-08-06 07:55:09,92.891,Sabetin,43.382,78.01,1.0,5,0.0,4.525,14,57.143,46.939,36.364,2.0,7.0,59.0,136.0,3.0,1.0,1.0,96,12.791,36.765,50.0,3.0,0.0,48.0,2.0,0.0,0.0,4.6,463.0,11.0
2026-08-06 21:12:37,94.567,Sabetin,48.413,128.999,5.0,10,0.0,3.426,34,51.852,46.296,48.889,13.0,19.0,61.0,126.0,3.0,3.0,0.0,93.75,20.513,38.095,48.0,7.0,1.0,45.0,3.0,2.0,0.0,3.208,463.0,16.0
2026-08-07 08:19:11,97.803,Sabetin,41.606,94.869,4.0,9,0.0,4.14,20,51.724,49.057,29.091,7.0,8.0,57.0,137.0,5.0,1.0,0.0,81.25,20.225,35.036,48.0,5.0,1.0,39.0,9.0,2.0,1.0,3.812,463.0,18.0
2026-08-08 01:30:10,97.278,Sabetin,38.182,83.158,1.0,9,0.0,4.357,14,32,47.917,29.73,5.0,11.0,42.0,110.0,3.0,2.0,0.0,82.857,17.333,31.818,35.0,5.0,1.0,29.0,6.0,1.0,0.0,3.857,463.0,13.0
2026-08-08 22:03:21,97.761,Sabetin,35.455,89.819,2.0,2,0.0,3.949,17,23.81,40.385,35.135,7.0,5.0,39.0,110.0,3.0,2.0,0.0,91.176,10.526,30.909,34.0,3.0,0.0,31.0,3.0,1.0,0.0,4.029,463.0,8.0
2026-08-09 08:47:47,97.335,Sabetin,40.559,86.767,4.0,8,0.0,4.276,20,55.556,45.614,28.814,6.0,12.0,58.0,143.0,1.0,4.0,1.0,93.478,15.464,32.168,46.0,4.0,1.0,43.0,3.0,1.0,0.0,3.848,463.0,15.0
2026-08-09 21:16:39,96.157,Sabetin,34.314,90.691,2.0,5,0.0,3.657,15,46.667,34.884,29.545,3.0,12.0,35.0,102.0,1.0,4.0,0.0,85.185,16,26.471,27.0,4.0,0.0,23.0,4.0,2.0,1.0,3.556,463.0,12.0
2026-08-11 05:09:55,96.516,Sabetin,44.643,100.803,1.0,6,0.0,4.02,16,52.632,44,41.86,2.0,11.0,50.0,112.0,2.0,3.0,0.0,72.549,21.311,45.536,51.0,4.0,2.0,37.0,14.0,3.0,0.0,3.549,463.0,13.0
2026-08-13 08:14:24,97.252,Sabetin,40.196,80.906,2.0,5,0.0,4.61,12,53.846,35.294,35.714,7.0,5.0,41.0,102.0,0.0,5.0,0.0,87.5,9.677,39.216,40.0,1.0,1.0,35.0,5.0,1.0,0.0,4.325,463.0,6.0
2026-08-14 14:06:42,95.959,Sabetin,37.391,94.684,3.0,1,1.0,3.744,20,61.905,32.558,31.373,7.0,9.0,43.0,115.0,4.0,1.0,0.0,84.848,18.293,28.696,33.0,6.0,0.0,28.0,5.0,0.0,1.0,3.636,463.0,15.0
2026-02-09 08:16:30,9.969,Najeem,28.319,7.968,1.0,4,0.0,4.031,13,52,29.545,13.636,4.0,6.0,32.0,113.0,2.0,4.0,0.0,76.923,2.703,34.513,39.0,3.0,1.0,30.0,9.0,2.0,0.0,3.385,464.0,2.0
2026-02-20 09:56:14,79.162,Najeem,17.143,50.331,2.0,10,1.0,3.722,8,17.647,20.755,11.429,4.0,3.0,18.0,105.0,3.0,2.0,0.0,60.714,1.299,26.667,28.0,1.0,0.0,17.0,11.0,0.0,0.0,3.929,464.0,1.0
2026-02-20 10:55:06,79.172,Najeem,12.8,41.24,3.0,11,2.0,3.5,8,8.333,14.815,12.766,5.0,1.0,16.0,125.0,3.0,3.0,0.0,53.571,1.031,22.4,28.0,3.0,0.0,15.0,13.0,0.0,0.0,3.357,464.0,1.0
2026-04-23 08:45:49,79.381,Najeem,19.672,41.763,2.0,8,1.0,4.542,5,25.926,26,8.889,3.0,2.0,24.0,122.0,1.0,4.0,0.0,77.778,3.158,22.131,27.0,5.0,0.0,21.0,6.0,1.0,0.0,4.296,464.0,3.0
2026-05-05 07:20:36,79.038,Najeem,13.978,50.873,1.0,8,0.0,2.846,10,0,17.391,15.152,2.0,6.0,13.0,93.0,2.0,4.0,0.0,59.091,0,23.656,22.0,2.0,3.0,13.0,9.0,2.0,0.0,2.136,464.0,0.0
2026-05-08 11:01:28,77.994,Najeem,22.628,64.341,4.0,6,0.0,3.935,12,31.579,24.242,17.308,5.0,5.0,31.0,137.0,3.0,3.0,0.0,70.732,2.083,29.927,41.0,5.0,0.0,29.0,12.0,3.0,0.0,3.463,464.0,2.0
2026-05-19 09:12:20,79.3,Najeem,22.549,38.074,1.0,7,1.0,4.826,3,13.333,26.667,21.429,1.0,2.0,23.0,102.0,2.0,3.0,0.0,60,2.985,34.314,35.0,0.0,2.0,21.0,14.0,1.0,0.0,4.0,464.0,2.0
2026-05-20 05:42:45,77.33,Najeem,16.092,34.539,1.0,11,0.0,4.0,4,12.5,16.667,17.073,3.0,2.0,14.0,87.0,2.0,4.0,0.0,46.154,3.279,29.885,26.0,4.0,2.0,12.0,14.0,2.0,0.0,3.038,464.0,2.0
2026-05-31 08:51:02,76.675,Najeem,21.239,30.45,0.0,2,2.0,4.917,3,12,26.087,21.429,1.0,1.0,24.0,113.0,3.0,2.0,0.0,70,3.614,26.549,30.0,3.0,0.0,21.0,9.0,1.0,0.0,4.167,464.0,3.0
2026-06-13 09:54:54,75.55,Najeem,22.901,54.087,3.0,4,1.0,4.167,10,19.231,25,22.807,4.0,3.0,30.0,131.0,2.0,4.0,0.0,66.667,2.247,32.061,42.0,7.0,1.0,28.0,14.0,4.0,0.0,3.667,464.0,2.0
2026-07-27 09:02:15,91.927,metak,35.385,94.378,5.0,10,1.0,3.87,20,25,35.897,39.683,9.0,5.0,46.0,130.0,1.0,5.0,0.0,86.957,7.143,35.385,46.0,8.0,2.0,40.0,6.0,1.0,0.0,3.543,466.0,6.0
2026-07-28 08:00:35,91.817,metak,40.336,78.019,2.0,4,1.0,4.646,12,42.857,35.294,42,5.0,4.0,48.0,119.0,2.0,2.0,1.0,88.636,12,36.975,44.0,6.0,0.0,39.0,5.0,0.0,0.0,4.205,466.0,9.0
2026-08-01 06:30:22,92.727,metak,34.0,83.016,4.0,5,0.0,3.853,15,50,34.091,27.5,8.0,1.0,34.0,100.0,6.0,0.0,0.0,82.143,15.278,28,28.0,4.0,0.0,23.0,5.0,0.0,1.0,3.357,466.0,11.0
2026-08-02 15:57:30,94.669,metak,37.5,76.99,2.0,4,1.0,4.452,15,43.75,38.889,35,4.0,5.0,42.0,112.0,3.0,1.0,1.0,75.61,15.493,36.607,41.0,7.0,1.0,31.0,10.0,1.0,0.0,3.634,466.0,11.0
2026-08-03 07:17:26,93.853,metak,37.692,83.958,2.0,12,0.0,4.102,18,57.895,29.825,38.889,9.0,6.0,49.0,130.0,2.0,4.0,0.0,84.783,11.905,35.385,46.0,3.0,2.0,39.0,7.0,4.0,0.0,3.326,466.0,10.0
2026-08-04 07:16:29,92.958,metak,28.713,70.088,1.0,6,2.0,4.034,13,15.789,26.087,38.889,4.0,6.0,29.0,101.0,2.0,3.0,0.0,77.778,10.811,26.733,27.0,4.0,0.0,21.0,6.0,2.0,0.0,3.704,466.0,8.0
2026-08-06 21:12:37,93.292,metak,39.844,95.496,4.0,15,1.0,3.647,24,45,39.623,38.182,4.0,8.0,51.0,128.0,3.0,3.0,0.0,81.818,17.857,34.375,44.0,6.0,3.0,36.0,8.0,2.0,0.0,3.114,466.0,15.0
2026-08-08 22:03:21,93.73,metak,32.727,80.514,2.0,2,0.0,4.111,13,9.524,30.769,48.649,6.0,5.0,36.0,110.0,3.0,2.0,0.0,93.75,7.692,29.091,32.0,3.0,0.0,30.0,2.0,1.0,0.0,4.0,466.0,6.0
2026-08-11 16:15:35,93.271,metak,36.207,78.785,0.0,10,0.0,4.0,19,42.857,26.786,46.154,6.0,9.0,42.0,116.0,3.0,3.0,0.0,80.952,10.811,36.207,42.0,4.0,5.0,34.0,8.0,1.0,0.0,3.286,466.0,8.0
2026-08-13 01:24:25,92.311,metak,40.171,102.812,6.0,4,0.0,3.851,22,50,41.818,32.5,7.0,13.0,47.0,117.0,4.0,2.0,0.0,89.13,8.451,39.316,46.0,9.0,0.0,41.0,5.0,2.0,0.0,3.37,466.0,6.0
2026-07-31 04:36:03,85.655,Caramel36,22.581,47.442,1.0,2,0.0,4.238,6,14.286,17.949,30,2.0,4.0,21.0,93.0,2.0,3.0,0.0,90,4.11,21.505,20.0,3.0,1.0,18.0,2.0,0.0,0.0,3.95,467.0,3.0
2026-08-03 07:17:26,84.878,Caramel36,38.614,98.435,5.0,1,1.0,4.077,16,42.857,42.553,32.5,9.0,4.0,39.0,101.0,6.0,0.0,0.0,96.875,11.594,31.683,32.0,4.0,0.0,31.0,1.0,0.0,0.0,3.969,467.0,8.0
2026-08-04 04:58:34,85.205,Caramel36,34.328,63.052,1.0,12,0.0,4.5,13,38.095,36.066,30.769,5.0,6.0,46.0,134.0,3.0,2.0,0.0,94.444,12.245,26.866,36.0,2.0,0.0,34.0,2.0,0.0,1.0,4.361,467.0,12.0
2026-08-04 07:16:29,86.247,Caramel36,29.703,59.868,1.0,6,0.0,4.467,11,21.053,28.261,36.111,2.0,4.0,30.0,101.0,2.0,3.0,0.0,100,10.127,21.782,22.0,4.0,0.0,22.0,0.0,0.0,0.0,4.5,467.0,8.0
2026-08-05 06:44:34,85.636,Caramel36,34.507,56.38,0.0,3,1.0,4.939,13,27.273,28.358,45.283,1.0,5.0,49.0,142.0,2.0,4.0,0.0,97.368,11.538,26.761,38.0,6.0,0.0,37.0,1.0,0.0,0.0,4.974,467.0,12.0
2026-08-06 07:55:09,85.338,Caramel36,30.328,46.883,0.0,1,0.0,4.919,5,29.167,22.449,38.776,1.0,5.0,37.0,122.0,1.0,4.0,0.0,90.323,9.89,25.41,31.0,1.0,0.0,28.0,3.0,2.0,0.0,4.516,467.0,9.0
2026-08-08 01:30:10,83.632,Caramel36,31.933,55.916,1.0,4,0.0,4.737,11,5.263,31.25,42.308,3.0,3.0,38.0,119.0,4.0,1.0,0.0,81.818,12.791,27.731,33.0,4.0,2.0,27.0,6.0,2.0,0.0,3.818,467.0,11.0
2026-08-09 21:16:39,82.957,Caramel36,35.772,77.144,2.0,8,0.0,4.205,16,40,35.714,34.615,5.0,7.0,44.0,123.0,2.0,3.0,0.0,93.939,14.444,26.829,33.0,9.0,0.0,31.0,2.0,0.0,0.0,3.879,467.0,13.0
2026-08-11 05:09:55,83.84,Caramel36,25.962,42.843,0.0,4,0.0,4.704,6,9.524,24.444,36.842,2.0,0.0,27.0,104.0,0.0,5.0,0.0,95.652,6.173,22.115,23.0,2.0,1.0,22.0,1.0,0.0,0.0,4.217,467.0,5.0
2026-08-13 08:14:24,82.257,Caramel36,31.469,66.909,2.0,4,1.0,4.444,14,20.69,26.531,40,7.0,5.0,45.0,143.0,4.0,1.0,0.0,96.154,17.094,18.182,26.0,2.0,0.0,25.0,1.0,0.0,0.0,3.962,467.0,20.0
2026-02-04 20:02:14,9.49,Dovixx,20.175,4.894,1.0,2,2.0,4.609,7,20,21.739,18.605,2.0,0.0,23.0,114.0,4.0,1.0,0.0,76,4.494,21.93,25.0,1.0,1.0,19.0,6.0,1.0,0.0,4.04,471.0,4.0
2026-04-28 07:42:23,62.478,Whales6978,18.947,40.316,0.0,6,0.0,4.111,7,21.429,19.565,17.143,3.0,2.0,18.0,95.0,3.0,2.0,0.0,75,4,21.053,20.0,5.0,1.0,15.0,5.0,0.0,0.0,3.65,472.0,3.0
2026-04-30 04:58:40,63.661,Whales6978,14.943,51.006,2.0,5,0.0,3.077,8,21.429,14.634,12.5,4.0,1.0,13.0,87.0,2.0,3.0,0.0,42.105,7.353,21.839,19.0,8.0,1.0,8.0,11.0,2.0,0.0,2.474,472.0,5.0
2026-04-30 14:04:12,64.346,Whales6978,23.913,54.81,1.0,4,0.0,4.227,8,35.294,29.268,11.765,5.0,2.0,22.0,92.0,3.0,2.0,0.0,87.5,1.471,26.087,24.0,0.0,1.0,21.0,3.0,2.0,0.0,3.75,472.0,1.0
2026-05-01 06:24:58,66.91,Whales6978,14.815,48.439,0.0,7,0.0,3.083,8,13.333,18.919,10.345,2.0,3.0,12.0,81.0,0.0,5.0,0.0,52.381,1.667,25.926,21.0,3.0,1.0,11.0,10.0,6.0,0.0,2.524,472.0,1.0
2026-05-04 18:23:07,67.491,Whales6978,18.182,47.259,1.0,9,0.0,3.55,11,30.769,15.556,12.821,1.0,2.0,20.0,110.0,2.0,4.0,0.0,65.217,5.747,20.909,23.0,5.0,3.0,15.0,8.0,0.0,0.0,2.913,472.0,5.0
2026-05-06 15:44:30,66.994,Whales6978,22.727,48.012,2.0,14,0.0,4.08,11,32.143,28.125,14,6.0,4.0,25.0,110.0,4.0,2.0,0.0,75.862,3.704,26.364,29.0,5.0,1.0,22.0,7.0,0.0,0.0,3.793,472.0,3.0
2026-05-07 04:30:13,69.29,Whales6978,17.308,26.276,0.0,11,2.0,5.0,5,29.63,17.647,11.475,2.0,1.0,27.0,156.0,2.0,4.0,0.0,48.98,2.804,31.41,49.0,12.0,6.0,24.0,25.0,3.0,0.0,3.592,472.0,3.0
2026-05-08 18:00:05,67.777,Whales6978,21.488,38.751,1.0,7,0.0,4.692,7,40.909,15.556,18.519,1.0,4.0,26.0,121.0,5.0,1.0,0.0,73.913,9.184,19.008,23.0,2.0,1.0,17.0,6.0,0.0,0.0,3.913,472.0,9.0
2026-05-09 13:52:15,68.608,Whales6978,16.529,48.71,3.0,15,0.0,3.3,11,33.333,13.636,14.516,5.0,4.0,20.0,121.0,3.0,3.0,0.0,45.714,4.651,28.926,35.0,4.0,4.0,16.0,19.0,4.0,0.0,2.2,472.0,4.0
2026-05-12 18:24:04,71.242,Whales6978,17.094,30.751,1.0,13,1.0,4.65,6,35.294,16.327,11.765,3.0,2.0,20.0,117.0,4.0,2.0,0.0,56,6.522,21.368,25.0,3.0,2.0,14.0,11.0,2.0,0.0,3.48,472.0,6.0
2026-02-01 05:52:37,7.0,Nomu,14.05,3.687,0.0,14,0.0,3.824,8,5,16.981,14.583,4.0,1.0,17.0,121.0,2.0,3.0,1.0,36.17,0,38.843,47.0,13.0,8.0,17.0,30.0,8.0,0.0,2.745,474.0,0.0
2026-02-01 07:45:54,7.0,Nomu,12.048,4.236,2.0,6,0.0,3.2,6,16,13.793,6.897,4.0,1.0,10.0,83.0,3.0,2.0,0.0,35.714,0,33.735,28.0,6.0,2.0,10.0,18.0,4.0,0.0,2.393,474.0,0.0
2026-02-04 07:29:22,8.873,Nomu,10.435,3.607,1.0,10,1.0,3.833,5,9.091,15.385,6.977,4.0,1.0,12.0,115.0,3.0,3.0,0.0,32.143,3.448,24.348,28.0,6.0,7.0,9.0,19.0,0.0,0.0,2.536,474.0,3.0
2026-08-08 22:03:21,73.547,Nomu,7.692,21.486,2.0,7,4.0,4.0,2,9.524,11.864,0,2.0,0.0,9.0,117.0,2.0,3.0,0.0,30,0,25.641,30.0,6.0,5.0,9.0,21.0,2.0,0.0,2.933,474.0,0.0
2026-04-12 07:11:29,70.0,medley_n8tes,17.606,51.145,3.0,8,3.0,3.8,11,25,10.169,21.818,3.0,5.0,25.0,142.0,3.0,3.0,0.0,63.636,3.67,23.239,33.0,8.0,2.0,21.0,12.0,2.0,0.0,3.364,475.0,4.0
2026-02-09 06:21:10,7.719,ThePieGod,20.968,8.098,3.0,5,0.0,3.577,12,22.222,10.909,31.373,8.0,4.0,26.0,124.0,5.0,1.0,0.0,88.889,2.062,21.774,27.0,4.0,0.0,24.0,3.0,0.0,0.0,3.444,476.0,2.0
2026-03-07 19:32:42,70.19,ThePieGod,16.667,43.029,1.0,5,0.0,4.059,8,9.091,19.565,17.647,2.0,2.0,17.0,102.0,3.0,2.0,0.0,84.211,1.205,18.627,19.0,3.0,0.0,16.0,3.0,1.0,0.0,3.632,476.0,1.0
2026-03-30 20:57:12,71.88,ThePieGod,17.722,44.484,1.0,6,0.0,3.857,6,18.182,5.263,33.333,4.0,2.0,14.0,79.0,4.0,2.0,0.0,69.231,7.576,16.456,13.0,1.0,0.0,9.0,4.0,0.0,0.0,3.385,476.0,5.0
2026-08-02 15:57:30,85.327,FurLain,27.451,81.184,4.0,9,0.0,3.75,14,26.316,22.857,31.25,6.0,7.0,28.0,102.0,2.0,3.0,0.0,87.5,16.279,15.686,16.0,8.0,1.0,14.0,2.0,0.0,1.0,2.438,477.0,14.0
2026-08-04 04:58:34,85.505,FurLain,28.431,65.478,1.0,1,0.0,4.034,12,26.667,22.727,34.884,4.0,2.0,29.0,102.0,1.0,4.0,0.0,86.364,12.5,21.569,22.0,7.0,0.0,19.0,3.0,0.0,0.0,3.318,477.0,10.0
2026-08-04 07:16:29,86.045,FurLain,30.0,54.489,0.0,2,1.0,4.542,7,47.059,31.429,17.857,2.0,3.0,24.0,80.0,1.0,4.0,0.0,90.909,20.29,13.75,11.0,2.0,1.0,10.0,1.0,0.0,0.0,3.636,477.0,14.0
2026-08-05 16:03:30,84.486,FurLain,34.109,83.674,5.0,8,1.0,3.864,17,60.714,26.19,27.119,9.0,4.0,44.0,129.0,5.0,1.0,0.0,86.364,23.364,17.054,22.0,7.0,0.0,19.0,3.0,1.0,0.0,3.136,477.0,25.0
2026-08-07 08:19:11,85.149,FurLain,28.986,67.298,1.0,4,1.0,4.175,16,48.276,21.818,25.926,4.0,8.0,40.0,138.0,2.0,4.0,0.0,100,16.949,14.493,20.0,4.0,0.0,20.0,0.0,0.0,0.0,3.8,477.0,20.0
2026-08-08 22:03:21,84.795,FurLain,25.51,56.09,2.0,7,2.0,4.56,7,27.778,13.158,35.714,3.0,2.0,25.0,98.0,1.0,4.0,0.0,81.25,14.634,16.327,16.0,4.0,1.0,13.0,3.0,1.0,0.0,3.375,477.0,12.0
2026-08-09 08:47:47,84.438,FurLain,36.691,67.003,2.0,6,4.0,4.549,14,55.556,33.333,27.586,5.0,9.0,51.0,139.0,4.0,2.0,0.0,100,23.478,17.266,24.0,4.0,0.0,24.0,0.0,0.0,0.0,4.083,477.0,27.0
2026-08-11 05:09:55,85.144,FurLain,29.268,91.842,6.0,7,0.0,3.556,18,52.632,23.81,26.829,11.0,3.0,36.0,123.0,4.0,1.0,0.0,95.833,13.131,19.512,24.0,8.0,0.0,23.0,1.0,0.0,0.0,3.042,477.0,13.0
2026-08-13 01:24:25,85.265,FurLain,32.479,82.235,5.0,4,0.0,3.921,18,59.091,27.273,25,8.0,6.0,38.0,117.0,4.0,2.0,0.0,90,12.644,25.641,30.0,7.0,1.0,27.0,3.0,0.0,1.0,3.233,477.0,11.0
2026-08-14 14:06:42,86.323,FurLain,28.395,70.6,2.0,3,0.0,3.826,10,46.154,16.667,29.545,6.0,4.0,23.0,81.0,2.0,3.0,0.0,93.75,12.308,19.753,16.0,3.0,0.0,15.0,1.0,1.0,0.0,3.438,477.0,8.0
2026-02-02 21:01:02,14.5,NMapper,35.185,7.674,1.0,3,0.0,4.842,10,31.579,37.838,34.615,6.0,1.0,38.0,108.0,2.0,3.0,0.0,71.429,17.808,32.407,35.0,2.0,1.0,25.0,10.0,1.0,1.0,4.143,479.0,13.0
2026-02-03 10:22:26,13.328,NMapper,33.333,8.575,3.0,10,0.0,4.612,15,34.146,19.298,48.98,7.0,3.0,49.0,147.0,3.0,2.0,1.0,67.647,23.009,23.129,34.0,8.0,4.0,23.0,11.0,2.0,0.0,2.853,479.0,26.0
2026-02-05 20:43:15,12.955,NMapper,39.344,11.467,3.0,14,0.0,4.146,19,53.333,28.205,39.623,9.0,6.0,48.0,122.0,2.0,4.0,0.0,78.378,22.353,30.328,37.0,4.0,6.0,29.0,8.0,0.0,0.0,3.27,479.0,19.0
2026-02-06 18:07:13,11.793,NMapper,40.0,13.32,4.0,5,0.0,3.848,25,44.444,30.233,46.667,10.0,9.0,46.0,115.0,3.0,3.0,0.0,77.778,22.785,31.304,36.0,8.0,2.0,28.0,8.0,3.0,0.0,3.167,479.0,18.0
2026-02-10 21:42:30,11.938,NMapper,52.0,20.798,9.0,2,0.0,3.519,28,61.538,43.243,56,16.0,10.0,52.0,100.0,2.0,4.0,0.0,86.486,31.746,37,37.0,8.0,0.0,32.0,5.0,1.0,2.0,3.135,479.0,20.0
2026-02-15 19:11:47,13.188,NMapper,35.87,15.518,6.0,10,0.0,3.152,19,41.176,23.077,47.222,12.0,8.0,33.0,92.0,3.0,3.0,0.0,77.419,14.754,33.696,31.0,9.0,4.0,24.0,7.0,1.0,0.0,2.29,479.0,9.0
2026-03-23 16:19:31,104.012,NMapper,38.235,150.529,10.0,10,1.0,3.205,21,58.824,35.556,32.5,15.0,3.0,39.0,102.0,3.0,2.0,0.0,80.556,15.152,35.294,36.0,9.0,2.0,29.0,7.0,2.0,1.0,2.694,479.0,10.0
2026-05-22 11:58:12,108.911,Tugia,43.478,142.675,10.0,10,0.0,3.417,31,42.857,39.286,48.936,15.0,15.0,60.0,138.0,5.0,1.0,0.0,93.548,28.972,22.464,31.0,11.0,2.0,29.0,2.0,0.0,2.0,2.742,480.0,31.0
2026-05-27 08:15:50,103.02,Tugia,43.796,99.099,2.0,8,0.0,4.25,20,50,40,44.828,6.0,6.0,60.0,137.0,2.0,4.0,0.0,96.667,28.972,21.898,30.0,6.0,0.0,29.0,1.0,0.0,0.0,3.7,480.0,31.0
2026-05-31 08:51:02,102.053,Tugia,45.968,96.162,4.0,5,0.0,4.596,19,55,48.333,38.636,4.0,9.0,57.0,124.0,3.0,2.0,0.0,100,28.723,24.194,30.0,5.0,0.0,30.0,0.0,0.0,0.0,3.8,480.0,27.0
2026-06-13 09:54:54,102.355,Tugia,41.525,105.586,4.0,2,1.0,3.918,24,42.857,46.667,35.556,6.0,16.0,49.0,118.0,3.0,3.0,0.0,100,25.806,21.186,25.0,5.0,0.0,25.0,0.0,0.0,0.0,3.24,480.0,24.0
2026-06-16 11:06:33,102.274,Tugia,41.026,96.614,2.0,9,0.0,4.042,18,50,48.571,34.375,5.0,6.0,48.0,117.0,0.0,6.0,0.0,96.552,22.727,24.786,29.0,4.0,0.0,28.0,1.0,0.0,1.0,3.793,480.0,20.0
2026-06-28 17:24:05,99.922,Tugia,49.565,104.017,1.0,1,0.0,4.509,18,47.368,57.447,42.857,6.0,8.0,57.0,115.0,3.0,2.0,0.0,96.875,31.325,27.826,32.0,4.0,0.0,31.0,1.0,0.0,0.0,3.438,480.0,26.0
2026-07-05 07:05:09,100.339,Tugia,47.059,101.871,5.0,6,1.0,4.275,28,62.5,45.57,40.678,7.0,8.0,80.0,170.0,3.0,2.0,1.0,94.872,32.824,22.941,39.0,11.0,1.0,37.0,2.0,1.0,0.0,3.231,480.0,43.0
2026-08-08 15:58:25,100.371,Tugia,47.826,124.233,5.0,4,0.0,3.818,22,51.613,46.512,46.341,10.0,12.0,55.0,115.0,4.0,2.0,0.0,100,34.066,20.87,24.0,9.0,0.0,24.0,0.0,0.0,0.0,3.292,480.0,31.0
2026-08-09 08:47:47,101.681,Tugia,42.446,85.274,2.0,6,0.0,4.424,20,41.667,35.556,48.276,4.0,11.0,59.0,139.0,4.0,2.0,0.0,97.059,24.762,24.46,34.0,5.0,0.0,33.0,1.0,0.0,0.0,4.176,480.0,26.0
2026-08-11 16:15:35,100.926,Tugia,47.656,122.997,4.0,9,0.0,3.787,29,63.333,45,39.474,12.0,9.0,61.0,128.0,3.0,3.0,0.0,90.625,33.333,25,32.0,7.0,2.0,29.0,3.0,0.0,1.0,3.25,480.0,32.0
2026-07-06 14:03:19,70.618,JaneRemover,22.034,45.764,1.0,6,0.0,4.538,9,25,27.083,16,4.0,2.0,26.0,118.0,2.0,3.0,0.0,73.077,7.609,22.034,26.0,4.0,1.0,19.0,7.0,0.0,0.0,3.577,483.0,7.0
2026-07-11 21:22:45,70.426,JaneRemover,19.008,33.071,1.0,5,0.0,4.783,5,12.5,12,29.787,2.0,1.0,23.0,121.0,0.0,5.0,0.0,62.963,6.383,22.314,27.0,1.0,0.0,17.0,10.0,3.0,0.0,3.926,483.0,6.0
2026-07-12 13:52:16,69.366,JaneRemover,17.5,46.274,2.0,5,0.0,3.857,12,9.091,20.755,17.778,5.0,3.0,21.0,120.0,3.0,3.0,0.0,64.516,1.124,25.833,31.0,5.0,1.0,20.0,11.0,0.0,0.0,3.355,483.0,1.0
2026-07-17 23:08:39,70.656,JaneRemover,23.077,61.939,2.0,1,1.0,3.778,12,16,18.421,29.63,5.0,5.0,27.0,117.0,4.0,2.0,0.0,77.778,6.667,23.077,27.0,9.0,0.0,21.0,6.0,1.0,0.0,3.074,483.0,6.0
2026-07-19 23:57:29,72.137,JaneRemover,21.053,60.774,4.0,14,1.0,3.75,10,22.222,18.605,23.529,6.0,3.0,20.0,95.0,3.0,2.0,0.0,65.385,4.348,27.368,26.0,5.0,2.0,17.0,9.0,1.0,0.0,3.231,483.0,3.0
2026-08-02 15:57:30,73.512,JaneRemover,29.464,57.32,1.0,4,1.0,4.576,9,31.25,19.444,35,2.0,5.0,33.0,112.0,3.0,1.0,1.0,66.667,9.589,34.821,39.0,6.0,1.0,26.0,13.0,1.0,0.0,3.795,483.0,7.0
2026-08-05 16:03:30,74.067,JaneRemover,21.875,58.215,2.0,7,0.0,3.571,9,17.647,14.286,29.545,7.0,2.0,21.0,96.0,3.0,3.0,0.0,69.565,6.849,23.958,23.0,5.0,2.0,16.0,7.0,3.0,0.0,2.609,483.0,5.0
2026-08-06 21:12:37,75.255,JaneRemover,27.407,65.123,3.0,16,1.0,3.784,15,27.778,26.667,28.07,7.0,7.0,37.0,135.0,2.0,4.0,0.0,77.143,10,25.926,35.0,8.0,2.0,27.0,8.0,3.0,0.0,3.029,483.0,10.0
2026-08-09 21:16:39,76.175,JaneRemover,18.699,54.826,5.0,8,1.0,3.739,11,6.667,17.857,23.077,7.0,2.0,23.0,123.0,2.0,3.0,0.0,54.839,6.522,25.203,31.0,11.0,1.0,17.0,14.0,3.0,0.0,2.935,483.0,6.0
2026-08-14 14:06:42,76.753,JaneRemover,17.284,40.975,1.0,3,0.0,3.929,6,0,12.5,25,3.0,2.0,14.0,81.0,2.0,3.0,0.0,65,1.639,24.691,20.0,3.0,1.0,13.0,7.0,2.0,0.0,3.0,483.0,1.0
2026-07-31 04:36:03,79.658,pekorrat,28.571,63.918,1.0,3,2.0,4.038,9,46.667,35.294,16.667,4.0,1.0,26.0,91.0,3.0,2.0,0.0,69.231,12.308,28.571,26.0,7.0,1.0,18.0,8.0,0.0,0.0,3.423,484.0,8.0
2026-08-02 04:39:11,79.568,pekorrat,28.972,79.381,3.0,7,2.0,3.71,14,43.478,26.19,23.81,9.0,2.0,31.0,107.0,5.0,1.0,0.0,88.235,1.37,31.776,34.0,11.0,1.0,30.0,4.0,1.0,0.0,3.559,484.0,1.0
2026-08-03 07:17:26,81.477,pekorrat,27.692,64.75,2.0,12,0.0,4.0,15,26.316,28.07,27.778,4.0,5.0,36.0,130.0,2.0,4.0,0.0,79.487,5.495,30,39.0,6.0,4.0,31.0,8.0,1.0,0.0,3.436,484.0,5.0
2026-08-04 04:58:34,81.201,pekorrat,25.688,52.658,2.0,7,0.0,4.357,7,18.75,25.532,28.261,6.0,1.0,28.0,109.0,4.0,0.0,1.0,61.29,11.538,28.44,31.0,6.0,1.0,19.0,12.0,3.0,0.0,3.806,484.0,9.0
2026-08-04 07:16:29,80.073,pekorrat,25.41,40.452,0.0,7,2.0,4.935,8,26.923,29.412,20,2.0,5.0,31.0,122.0,3.0,2.0,0.0,58.333,11.628,29.508,36.0,4.0,3.0,21.0,15.0,1.0,0.0,4.0,484.0,10.0
2026-08-05 06:44:34,81.794,pekorrat,25.758,57.676,1.0,6,2.0,4.353,13,29.167,28.846,21.429,6.0,5.0,34.0,132.0,3.0,3.0,0.0,66.667,6.667,31.818,42.0,8.0,1.0,28.0,14.0,3.0,0.0,3.857,484.0,6.0
2026-08-06 07:55:09,80.96,pekorrat,27.941,56.869,3.0,5,0.0,4.5,9,28.571,32.653,24.242,3.0,3.0,38.0,136.0,3.0,1.0,1.0,73.81,7.447,30.882,42.0,2.0,0.0,31.0,11.0,4.0,0.0,3.976,484.0,7.0
2026-08-06 21:12:37,79.947,pekorrat,34.513,93.379,5.0,15,2.0,3.436,18,20,39.216,37.838,11.0,7.0,39.0,113.0,4.0,2.0,0.0,77.5,10.959,35.398,40.0,7.0,3.0,31.0,9.0,1.0,0.0,3.125,484.0,8.0
2026-08-07 08:19:11,83.147,pekorrat,28.261,71.177,2.0,4,0.0,4.0,18,40.625,27.586,20.833,13.0,0.0,39.0,138.0,3.0,3.0,0.0,70,11.224,28.986,40.0,6.0,1.0,28.0,12.0,1.0,0.0,3.35,484.0,11.0
2026-08-13 01:24:25,84.289,pekorrat,31.973,78.622,5.0,12,1.0,3.936,23,31.579,35.385,28.571,15.0,6.0,47.0,147.0,4.0,2.0,0.0,77.551,9.184,33.333,49.0,8.0,3.0,38.0,11.0,2.0,0.0,3.102,484.0,9.0
2026-07-26 08:56:27,82.356,zomg,23.881,57.61,2.0,2,3.0,4.188,12,31.818,25.424,18.868,7.0,1.0,32.0,134.0,3.0,3.0,0.0,79.167,11.818,17.91,24.0,3.0,0.0,19.0,5.0,0.0,0.0,3.75,489.0,13.0
2026-07-28 08:00:35,82.164,zomg,35.043,77.574,6.0,3,1.0,4.732,12,44,23.913,41.304,6.0,4.0,41.0,117.0,2.0,3.0,0.0,95.833,19.355,20.513,24.0,8.0,0.0,23.0,1.0,0.0,0.0,3.875,489.0,18.0
2026-08-01 06:30:22,82.144,zomg,37.0,109.918,7.0,5,1.0,3.486,17,43.75,29.545,42.5,11.0,6.0,37.0,100.0,6.0,0.0,0.0,88.889,17.808,27,27.0,7.0,2.0,24.0,3.0,0.0,1.0,3.037,489.0,13.0
2026-08-05 06:44:34,84.853,zomg,28.777,77.759,8.0,5,2.0,4.35,15,30.435,31.429,23.913,9.0,2.0,40.0,139.0,3.0,3.0,0.0,89.286,13.514,20.144,28.0,16.0,1.0,25.0,3.0,1.0,0.0,3.464,489.0,15.0
2026-08-05 16:03:30,82.285,zomg,27.132,61.137,2.0,8,0.0,4.114,14,21.429,23.81,32.203,3.0,9.0,35.0,129.0,5.0,1.0,0.0,82.609,15.094,17.829,23.0,5.0,1.0,19.0,4.0,1.0,0.0,3.348,489.0,16.0
2026-08-08 15:58:25,83.104,zomg,25.0,82.484,4.0,6,0.0,3.167,20,12.903,21.739,37.209,9.0,5.0,30.0,120.0,4.0,2.0,0.0,87.5,9.375,20,24.0,8.0,1.0,21.0,3.0,0.0,0.0,2.833,489.0,9.0
2026-08-09 08:47:47,84.836,zomg,27.338,64.16,6.0,6,0.0,4.526,13,16.667,22.222,37.931,10.0,1.0,38.0,139.0,4.0,2.0,0.0,74.194,13.889,22.302,31.0,12.0,3.0,23.0,8.0,0.0,0.0,3.484,489.0,15.0
2026-08-11 16:15:35,85.02,zomg,25.0,77.726,5.0,10,0.0,3.552,16,23.81,23.214,28.205,8.0,6.0,29.0,116.0,3.0,3.0,0.0,75,11.957,20.69,24.0,10.0,1.0,18.0,6.0,0.0,0.0,2.542,489.0,11.0
2026-08-13 08:14:24,85.952,zomg,21.538,74.252,7.0,7,2.0,3.464,14,29.167,12.903,29.545,10.0,3.0,28.0,130.0,5.0,0.0,0.0,75,6.863,21.538,28.0,11.0,3.0,21.0,7.0,2.0,0.0,2.464,489.0,7.0
2026-08-14 14:06:42,87.226,zomg,28.395,79.349,3.0,3,0.0,3.696,11,15.385,16.667,38.636,5.0,5.0,23.0,81.0,2.0,3.0,0.0,80,16.667,18.519,15.0,3.0,0.0,12.0,3.0,2.0,0.0,2.667,489.0,11.0
2026-03-17 13:01:35,60.0,swaft,5.185,10.439,0.0,19,1.0,4.0,2,22.727,3.39,0,1.0,0.0,7.0,135.0,3.0,3.0,0.0,21.429,0.935,20.741,28.0,0.0,5.0,6.0,22.0,2.0,0.0,2.536,491.0,1.0
2026-08-08 01:30:10,80.0,bgm_,35.294,69.784,2.0,4,1.0,4.571,15,26.316,31.25,42.308,5.0,3.0,42.0,119.0,4.0,1.0,0.0,88.889,2.703,37.815,45.0,4.0,1.0,40.0,5.0,1.0,0.0,4.222,492.0,2.0
2026-08-14 21:08:41,84.9,bgm_,29.167,71.187,3.0,8,0.0,4.048,20,23.077,25.806,35.714,6.0,9.0,42.0,144.0,5.0,1.0,0.0,77.083,5.208,33.333,48.0,4.0,1.0,37.0,11.0,3.0,0.0,3.354,492.0,5.0
2026-06-18 23:17:52,62.96,chiabobo,13.71,24.732,0.0,5,1.0,4.588,4,17.241,14.583,10.638,1.0,3.0,17.0,124.0,2.0,4.0,0.0,55,5.769,16.129,20.0,1.0,0.0,11.0,9.0,0.0,0.0,3.65,493.0,6.0
2026-06-22 15:19:23,62.135,chiabobo,21.698,34.096,0.0,5,0.0,4.913,6,50,14.634,19.608,0.0,3.0,23.0,106.0,2.0,3.0,0.0,59.259,8.861,25.472,27.0,2.0,3.0,16.0,11.0,1.0,0.0,3.63,493.0,7.0
2026-06-25 15:13:14,63.224,chiabobo,16.216,22.153,0.0,4,2.0,5.167,5,22.222,10.169,19.355,2.0,0.0,24.0,148.0,3.0,1.0,1.0,50,2.83,28.378,42.0,2.0,1.0,21.0,21.0,1.0,0.0,4.19,493.0,3.0
2026-06-25 18:22:37,61.742,chiabobo,17.424,31.722,1.0,4,1.0,4.783,6,50,11.111,8.889,2.0,2.0,23.0,132.0,4.0,2.0,0.0,41.463,6.593,31.061,41.0,3.0,1.0,17.0,24.0,3.0,0.0,3.756,493.0,6.0
2026-06-29 18:14:41,62.723,chiabobo,23.077,63.396,2.0,5,0.0,3.722,10,21.429,27.027,18.519,6.0,2.0,18.0,78.0,3.0,2.0,0.0,68.182,5.357,28.205,22.0,5.0,2.0,15.0,7.0,2.0,1.0,2.818,493.0,3.0
2026-07-07 04:02:22,64.855,chiabobo,16.304,23.796,0.0,1,0.0,4.733,4,31.579,11.429,13.158,1.0,2.0,15.0,92.0,0.0,5.0,0.0,46.429,3.125,30.435,28.0,5.0,0.0,13.0,15.0,0.0,0.0,4.071,493.0,2.0
2026-07-17 08:11:45,64.295,chiabobo,13.514,23.344,0.0,10,0.0,4.867,6,21.429,8.333,16.327,4.0,2.0,15.0,111.0,5.0,1.0,0.0,66.667,3.226,16.216,18.0,1.0,0.0,12.0,6.0,0.0,0.0,4.222,493.0,3.0
2026-07-17 08:12:41,64.295,chiabobo,13.514,23.344,0.0,10,0.0,4.867,6,21.429,8.333,16.327,4.0,2.0,15.0,111.0,5.0,1.0,0.0,66.667,3.226,16.216,18.0,1.0,0.0,12.0,6.0,0.0,0.0,4.222,493.0,3.0
2026-07-18 11:44:30,64.607,chiabobo,13.684,33.393,1.0,2,2.0,4.154,6,22.222,9.677,13.043,3.0,1.0,13.0,95.0,2.0,4.0,0.0,50,2.74,23.158,22.0,5.0,0.0,11.0,11.0,2.0,0.0,3.045,493.0,2.0
2026-07-22 08:06:47,64.27,chiabobo,21.014,47.9,2.0,12,0.0,4.103,13,29.032,23.636,13.462,4.0,5.0,29.0,138.0,3.0,3.0,0.0,68.571,4.854,25.362,35.0,7.0,2.0,24.0,11.0,1.0,0.0,3.457,493.0,5.0
2026-04-23 08:45:49,80.0,potatoedtoast,23.009,60.981,2.0,11,1.0,4.077,12,32,23.81,17.391,3.0,8.0,26.0,113.0,2.0,2.0,1.0,76.19,10.87,18.584,21.0,4.0,2.0,16.0,5.0,1.0,0.0,3.238,494.0,10.0
2026-04-25 07:02:20,78.73,potatoedtoast,29.245,63.067,1.0,6,0.0,4.548,12,33.333,30,27.451,7.0,2.0,31.0,106.0,3.0,2.0,0.0,78.261,15.663,21.698,23.0,0.0,0.0,18.0,5.0,1.0,0.0,4.043,494.0,13.0
2026-05-01 06:24:58,84.19,potatoedtoast,23.333,59.988,3.0,4,1.0,4.238,7,21.429,21.622,25.641,4.0,2.0,21.0,90.0,2.0,3.0,0.0,92.857,10.526,15.556,14.0,3.0,0.0,13.0,1.0,1.0,0.0,3.786,494.0,8.0
2026-05-05 07:20:36,82.94,potatoedtoast,26.882,85.453,2.0,3,0.0,3.32,16,0,22.5,42.105,10.0,1.0,25.0,93.0,3.0,3.0,0.0,87.5,5.797,25.806,24.0,5.0,0.0,21.0,3.0,0.0,0.0,3.125,494.0,4.0
2026-05-08 04:37:09,87.61,potatoedtoast,33.628,57.853,0.0,9,1.0,4.658,9,21.739,44.186,29.787,1.0,0.0,38.0,113.0,3.0,2.0,0.0,84,19.318,22.124,25.0,2.0,0.0,21.0,4.0,1.0,0.0,3.92,494.0,17.0
2026-05-19 09:12:20,86.13,potatoedtoast,29.412,64.435,2.0,5,0.0,4.5,10,20,29.545,32.558,5.0,5.0,30.0,102.0,4.0,1.0,0.0,80.952,16.049,20.588,21.0,4.0,2.0,17.0,4.0,0.0,0.0,3.667,494.0,13.0
2026-06-04 11:30:02,83.575,potatoedtoast,26.126,50.153,1.0,2,1.0,4.448,8,12.5,40.909,18.605,5.0,4.0,29.0,111.0,4.0,2.0,0.0,84,9.302,22.523,25.0,1.0,0.0,21.0,4.0,0.0,0.0,4.0,494.0,8.0
2026-06-08 08:42:08,83.402,potatoedtoast,26.119,55.479,1.0,8,1.0,4.371,15,44.828,25,16.981,4.0,6.0,35.0,134.0,3.0,3.0,0.0,92.593,9.346,20.149,27.0,3.0,1.0,25.0,2.0,0.0,0.0,3.889,494.0,10.0
2026-06-09 06:10:04,82.693,potatoedtoast,27.536,49.693,1.0,6,1.0,4.684,9,43.333,26.923,19.643,3.0,6.0,38.0,138.0,1.0,4.0,0.0,95,16.102,14.493,20.0,3.0,1.0,19.0,1.0,0.0,0.0,4.2,494.0,19.0
2026-07-08 05:48:36,80.928,potatoedtoast,31.532,71.52,2.0,6,0.0,4.257,14,40,29.268,30,4.0,3.0,35.0,111.0,2.0,3.0,0.0,88.462,14.118,23.423,26.0,2.0,2.0,23.0,3.0,0.0,0.0,3.692,494.0,12.0
2026-07-28 08:00:35,92.164,AppuruPai,28.155,67.055,2.0,3,1.0,4.448,10,37.5,18.367,36.957,4.0,5.0,29.0,103.0,3.0,2.0,0.0,65.625,11.268,31.068,32.0,4.0,2.0,21.0,11.0,3.0,0.0,3.531,495.0,8.0
2026-07-29 04:35:02,89.59,AppuruPai,43.59,88.371,4.0,10,2.0,4.559,19,54.167,34.247,50.847,5.0,9.0,68.0,156.0,1.0,2.0,2.0,82.456,21.212,36.538,57.0,9.0,5.0,47.0,10.0,2.0,0.0,3.737,495.0,21.0
2026-07-29 21:01:21,88.965,AppuruPai,30.631,83.508,3.0,8,0.0,3.676,16,21.053,29.545,35.417,5.0,9.0,34.0,111.0,3.0,3.0,0.0,88.462,12.941,23.423,26.0,5.0,2.0,23.0,3.0,0.0,1.0,3.192,495.0,11.0
2026-07-30 04:09:15,89.455,AppuruPai,38.333,96.749,2.0,9,0.0,3.674,27,51.351,23.256,42.5,6.0,13.0,46.0,120.0,3.0,2.0,0.0,69.767,20.779,35.833,43.0,8.0,4.0,30.0,13.0,4.0,0.0,2.628,495.0,16.0
2026-07-31 04:36:03,90.305,AppuruPai,34.146,69.95,1.0,1,0.0,4.321,9,38.462,29.412,37.143,3.0,4.0,28.0,82.0,3.0,2.0,0.0,76,15.789,30.488,25.0,4.0,1.0,19.0,6.0,1.0,0.0,3.4,495.0,9.0
2026-08-04 04:58:34,91.064,AppuruPai,35.514,83.43,2.0,6,2.0,4.079,17,31.25,41.463,32,5.0,4.0,38.0,107.0,3.0,2.0,0.0,77.778,14.085,33.645,36.0,5.0,1.0,28.0,8.0,0.0,0.0,3.722,495.0,10.0
2026-08-04 07:16:29,90.454,AppuruPai,40.984,96.875,2.0,7,0.0,4.3,19,42.308,27.451,55.556,6.0,14.0,50.0,122.0,3.0,2.0,0.0,80.488,20.988,33.607,41.0,6.0,1.0,33.0,8.0,2.0,1.0,3.439,495.0,17.0
2026-08-06 07:55:09,89.939,AppuruPai,40.164,95.562,4.0,1,0.0,4.184,16,45.833,28.571,48.98,5.0,9.0,49.0,122.0,1.0,4.0,0.0,78.261,17.105,37.705,46.0,5.0,0.0,36.0,10.0,5.0,0.0,3.348,495.0,13.0
2026-08-08 15:58:25,90.107,AppuruPai,41.667,112.327,5.0,6,0.0,3.84,23,40,34,50,11.0,6.0,50.0,120.0,3.0,3.0,0.0,75,25,33.333,40.0,13.0,2.0,30.0,10.0,4.0,0.0,2.95,495.0,20.0
2026-08-13 08:14:24,92.218,AppuruPai,40.65,84.706,3.0,8,0.0,4.48,16,28,34.694,53.061,7.0,4.0,50.0,123.0,3.0,2.0,0.0,74.468,19.737,38.211,47.0,10.0,5.0,35.0,12.0,1.0,0.0,3.404,495.0,15.0
2026-05-20 05:42:45,70.544,lotte_616,15.385,65.924,5.0,7,0.0,2.5,12,15,20,12.195,8.0,3.0,14.0,91.0,4.0,2.0,0.0,75,6.329,13.187,12.0,5.0,1.0,9.0,3.0,0.0,1.0,2.0,496.0,5.0
2026-05-23 22:05:11,79.65,lotte_616,12.195,33.38,2.0,9,3.0,4.0,6,10.714,14.583,10.638,2.0,3.0,15.0,123.0,1.0,4.0,0.0,60.87,1,18.699,23.0,3.0,2.0,14.0,9.0,0.0,1.0,4.13,496.0,1.0
2026-05-24 06:20:49,71.605,lotte_616,15.447,61.434,6.0,8,1.0,3.316,11,15.789,17.857,12.5,9.0,0.0,19.0,123.0,3.0,3.0,0.0,85.714,0.98,17.073,21.0,9.0,1.0,18.0,3.0,0.0,0.0,3.238,496.0,1.0
2026-05-30 20:52:51,77.887,lotte_616,14.0,35.616,1.0,3,1.0,4.286,6,18.182,13.889,11.905,2.0,3.0,14.0,100.0,1.0,4.0,0.0,63.158,2.469,19,19.0,2.0,0.0,12.0,7.0,1.0,0.0,4.053,496.0,2.0
2026-05-31 04:15:32,75.407,lotte_616,11.881,38.811,1.0,13,0.0,3.0,8,16.667,13.953,7.5,2.0,5.0,12.0,101.0,3.0,3.0,0.0,55.556,2.41,17.822,18.0,4.0,2.0,10.0,8.0,2.0,0.0,2.167,496.0,2.0
2026-06-01 21:08:47,75.661,lotte_616,14.634,41.636,1.0,11,0.0,3.556,9,17.647,15.686,12.727,2.0,1.0,18.0,123.0,2.0,4.0,0.0,68.182,2.97,17.886,22.0,5.0,3.0,15.0,7.0,1.0,0.0,2.864,496.0,3.0
2026-06-22 15:19:23,75.824,lotte_616,15.238,32.687,0.0,4,2.0,4.062,4,19.048,10.526,17.391,1.0,1.0,16.0,105.0,2.0,3.0,0.0,46.154,5.063,24.762,26.0,3.0,2.0,12.0,14.0,1.0,0.0,3.154,496.0,4.0
2026-06-29 18:14:41,74.781,lotte_616,15.789,39.316,2.0,7,0.0,3.833,8,21.053,14.894,14.583,2.0,5.0,18.0,114.0,2.0,3.0,0.0,60,3.371,21.93,25.0,7.0,5.0,15.0,10.0,1.0,0.0,2.96,496.0,3.0
2026-07-18 06:38:20,72.777,lotte_616,20.619,69.031,3.0,4,1.0,3.65,11,10.526,15.625,28.261,8.0,0.0,20.0,97.0,4.0,1.0,0.0,75,2.74,24.742,24.0,8.0,3.0,18.0,6.0,0.0,0.0,2.917,496.0,2.0
2026-08-01 06:30:22,74.785,lotte_616,21.552,67.756,4.0,6,0.0,3.32,16,18.182,22.222,22.5,8.0,5.0,25.0,116.0,3.0,3.0,0.0,70.968,3.529,26.724,31.0,8.0,3.0,22.0,9.0,1.0,0.0,2.839,496.0,3.0
2026-04-25 07:02:20,60.0,afwcal,9.483,10.847,0.0,10,5.0,5.273,1,11.111,4.651,12.727,1.0,0.0,11.0,116.0,1.0,4.0,0.0,20,3.947,34.483,40.0,4.0,2.0,8.0,32.0,3.0,0.0,3.925,497.0,3.0
2026-04-26 06:18:03,52.6,afwcal,9.574,23.075,1.0,8,0.0,4.333,3,7.143,11.628,8.108,3.0,0.0,9.0,94.0,3.0,2.0,0.0,15.789,8,20.213,19.0,3.0,0.0,3.0,16.0,2.0,0.0,2.421,497.0,6.0
2026-04-27 10:01:40,58.29,afwcal,12.097,19.907,0.0,8,2.0,4.867,2,21.053,12.5,8.163,3.0,2.0,15.0,124.0,3.0,2.0,0.0,25,5.952,32.258,40.0,6.0,3.0,10.0,30.0,3.0,0.0,3.675,497.0,5.0
2026-06-04 11:30:02,55.16,afwcal,8.036,6.197,0.0,5,4.0,5.778,0,7.407,11.538,3.03,0.0,1.0,9.0,112.0,3.0,3.0,0.0,20.69,3.614,25.893,29.0,2.0,1.0,6.0,23.0,2.0,0.0,4.138,497.0,3.0
2026-04-30 14:04:12,75.0,kotkowski,4.396,13.923,0.0,7,0.0,3.0,3,15.789,2.326,0,0.0,2.0,4.0,91.0,0.0,5.0,0.0,5.556,3.636,39.56,36.0,1.0,0.0,2.0,34.0,8.0,0.0,3.167,498.0,2.0
2026-08-09 21:16:39,35.0,dreamflyaway,4.717,7.164,0.0,2,1.0,4.8,1,14.286,2.381,2.326,0.0,0.0,5.0,106.0,2.0,3.0,0.0,25,0,18.868,20.0,5.0,1.0,5.0,15.0,3.0,0.0,3.2,500.0,0.0
2026-04-30 04:58:40,50.0,pxmacaiah,9.333,24.243,0.0,6,0.0,3.571,4,9.091,17.143,0,3.0,1.0,7.0,75.0,2.0,3.0,0.0,38.889,0,24,18.0,7.0,2.0,7.0,11.0,2.0,0.0,2.556,501.0,0.0
2026-05-05 07:20:36,70.75,pxmacaiah,1.075,3.299,0.0,8,0.0,3.0,1,7.143,0,0,0.0,0.0,1.0,93.0,2.0,4.0,0.0,11.111,0,9.677,9.0,2.0,4.0,1.0,8.0,0.0,0.0,2.0,501.0,0.0
2026-05-05 18:33:41,66.2,pxmacaiah,12.632,37.421,1.0,11,1.0,3.667,7,28.571,10.256,9.524,5.0,1.0,12.0,95.0,3.0,2.0,0.0,66.667,0,18.947,18.0,3.0,1.0,12.0,6.0,0.0,0.0,3.278,501.0,0.0
2026-05-06 15:44:30,69.75,pxmacaiah,12.121,34.435,1.0,15,1.0,3.167,8,12.5,5.263,17.778,4.0,1.0,12.0,99.0,3.0,3.0,0.0,54.545,0,22.222,22.0,1.0,1.0,12.0,10.0,1.0,0.0,2.864,501.0,0.0
2026-05-13 04:52:40,71.39,pxmacaiah,9.901,26.279,0.0,9,0.0,3.4,6,4.762,14.894,6.061,1.0,0.0,10.0,101.0,2.0,3.0,0.0,47.368,1.22,18.812,19.0,4.0,1.0,9.0,10.0,3.0,0.0,3.0,501.0,1.0
2026-06-06 08:23:49,74.1,pxmacaiah,11.712,24.658,1.0,10,3.0,4.385,6,11.111,9.091,14.894,1.0,1.0,13.0,111.0,1.0,4.0,0.0,52.174,1.136,20.721,23.0,2.0,1.0,12.0,11.0,4.0,0.0,3.609,501.0,1.0
2026-06-07 17:50:16,69.378,pxmacaiah,13.684,29.34,0.0,4,1.0,4.077,6,18.75,13.333,11.765,0.0,4.0,13.0,95.0,2.0,4.0,0.0,61.111,2.597,18.947,18.0,2.0,0.0,11.0,7.0,3.0,0.0,3.111,501.0,2.0
2026-07-07 04:02:22,68.582,pxmacaiah,13.043,40.326,2.0,1,1.0,3.5,6,26.316,11.429,7.895,3.0,2.0,12.0,92.0,0.0,5.0,0.0,52.632,2.74,20.652,19.0,4.0,0.0,10.0,9.0,1.0,0.0,3.368,501.0,2.0
2026-07-29 04:35:02,67.795,pxmacaiah,9.6,19.472,0.0,4,1.0,4.25,3,19.231,4.167,9.804,1.0,1.0,12.0,125.0,3.0,2.0,0.0,42.308,1.01,20.8,26.0,0.0,0.0,11.0,15.0,0.0,0.0,3.808,501.0,1.0
2026-04-30 04:58:40,75.0,Bewm,17.949,68.537,2.0,6,0.0,2.786,9,14.286,17.949,20,8.0,0.0,14.0,78.0,3.0,2.0,0.0,86.667,1.587,19.231,15.0,6.0,1.0,13.0,2.0,0.0,0.0,2.6,502.0,1.0
2026-05-01 06:24:58,95.18,Bewm,8.642,30.861,0.0,7,0.0,2.857,6,13.333,5.405,10.345,0.0,3.0,7.0,81.0,0.0,5.0,0.0,77.778,0,11.111,9.0,1.0,0.0,7.0,2.0,2.0,0.0,2.556,502.0,0.0
2026-05-02 10:06:25,82.62,Bewm,18.045,63.64,5.0,8,0.0,3.5,12,30.435,15.094,15.789,6.0,5.0,24.0,133.0,4.0,2.0,0.0,77.419,0,23.308,31.0,8.0,2.0,24.0,7.0,1.0,0.0,3.226,502.0,0.0
2026-05-02 12:26:40,83.55,Bewm,14.912,35.204,1.0,4,2.0,4.176,4,11.765,13.043,17.647,2.0,2.0,17.0,114.0,4.0,2.0,0.0,73.913,0,20.175,23.0,1.0,2.0,17.0,6.0,0.0,0.0,3.826,502.0,0.0
2026-05-05 07:20:36,79.9,Bewm,16.346,48.027,2.0,8,0.0,3.765,7,5.556,20.455,16.667,6.0,2.0,17.0,104.0,4.0,2.0,0.0,66.667,1.25,23.077,24.0,6.0,1.0,16.0,8.0,1.0,0.0,3.083,502.0,1.0
2026-04-30 14:04:12,75.0,micmic112,6.481,14.378,1.0,10,1.0,4.286,1,10,4,7.895,1.0,0.0,7.0,108.0,1.0,4.0,0.0,18.519,2.469,25,27.0,7.0,5.0,5.0,22.0,2.0,0.0,2.222,503.0,2.0
2026-07-12 07:09:01,103.516,MaikaSasaki,46.364,127.66,4.0,10,0.0,3.51,27,41.176,43.75,51.111,15.0,7.0,51.0,110.0,4.0,2.0,0.0,86.486,26.027,33.636,37.0,3.0,0.0,32.0,5.0,0.0,1.0,3.622,505.0,19.0
2026-07-12 09:18:12,104.326,MaikaSasaki,42.857,129.564,3.0,6,0.0,3.373,33,45.161,39.13,45.238,6.0,17.0,51.0,119.0,4.0,2.0,0.0,89.286,28.571,23.529,28.0,11.0,2.0,25.0,3.0,0.0,1.0,2.964,505.0,26.0
2026-07-12 13:52:16,106.878,MaikaSasaki,54.167,164.195,11.0,5,0.0,3.385,37,36.364,49.057,68.889,15.0,17.0,65.0,120.0,3.0,3.0,0.0,94.444,36.905,30,36.0,2.0,0.0,34.0,2.0,0.0,5.0,3.583,505.0,31.0
2026-07-14 13:58:57,109.141,MaikaSasaki,44.776,112.13,7.0,10,0.0,4.017,25,37.931,43.103,51.064,7.0,15.0,60.0,134.0,1.0,5.0,0.0,94.872,24.211,29.104,39.0,9.0,2.0,37.0,2.0,0.0,2.0,3.385,505.0,23.0
2026-07-15 10:55:21,107.188,MaikaSasaki,54.31,147.787,6.0,3,0.0,3.698,30,65.217,55.102,47.727,10.0,13.0,63.0,116.0,1.0,5.0,0.0,80.952,39.189,36.207,42.0,4.0,1.0,34.0,8.0,2.0,2.0,3.333,505.0,29.0
2026-07-16 04:32:28,109.181,MaikaSasaki,40.0,92.979,3.0,3,1.0,4.237,13,38.889,33.333,47.368,6.0,4.0,38.0,95.0,3.0,1.0,0.0,86.207,19.697,30.526,29.0,5.0,0.0,25.0,4.0,1.0,0.0,4.103,505.0,13.0
2026-07-16 06:58:43,109.205,MaikaSasaki,51.095,99.976,2.0,5,0.0,4.543,18,39.286,40.909,63.077,7.0,10.0,70.0,137.0,2.0,2.0,2.0,87.805,35.417,29.927,41.0,1.0,1.0,36.0,5.0,2.0,2.0,4.244,505.0,34.0
2026-07-16 12:40:55,109.581,MaikaSasaki,45.07,124.286,3.0,9,0.0,3.641,32,36.667,46.875,47.917,12.0,13.0,64.0,142.0,5.0,1.0,0.0,86.957,25,32.394,46.0,9.0,2.0,40.0,6.0,1.0,3.0,3.5,505.0,24.0
2026-07-29 21:01:21,109.739,MaikaSasaki,46.61,113.198,4.0,11,0.0,3.836,20,50,50.847,38.462,12.0,5.0,55.0,118.0,2.0,4.0,0.0,85.366,25.974,34.746,41.0,6.0,1.0,35.0,6.0,2.0,1.0,3.366,505.0,20.0
2026-08-11 05:09:55,109.158,MaikaSasaki,45.536,114.95,4.0,6,0.0,3.922,19,57.895,36,51.163,5.0,11.0,51.0,112.0,2.0,3.0,0.0,89.744,21.918,34.821,39.0,5.0,0.0,35.0,4.0,2.0,1.0,3.564,505.0,16.0
2026-05-23 22:05:11,93.0,yosiiz,10.345,34.714,2.0,6,2.0,3.444,5,5.882,13.158,9.375,2.0,0.0,9.0,87.0,1.0,4.0,0.0,58.333,2.667,13.793,12.0,2.0,0.0,7.0,5.0,2.0,0.0,3.583,507.0,2.0
2026-05-31 19:17:09,74.44,yosiiz,7.273,14.874,1.0,8,2.0,4.5,2,9.091,8.333,5,1.0,1.0,8.0,110.0,0.0,5.0,0.0,35,1.111,18.182,20.0,2.0,1.0,7.0,13.0,2.0,0.0,3.7,507.0,1.0
2026-05-09 13:52:15,65.0,McAlbertHabolea,8.772,17.757,1.0,15,0.0,4.2,2,25,9.091,5.172,1.0,1.0,10.0,114.0,2.0,4.0,0.0,38.095,2.151,18.421,21.0,3.0,1.0,8.0,13.0,2.0,0.0,3.143,508.0,2.0
2026-05-28 15:49:45,62.18,McAlbertHabolea,7.258,27.193,4.0,10,0.0,3.444,5,9.524,8.696,5.263,5.0,0.0,9.0,124.0,3.0,3.0,0.0,38.095,0.971,16.935,21.0,7.0,2.0,8.0,13.0,2.0,0.0,2.952,508.0,1.0
2026-05-31 19:17:09,66.72,McAlbertHabolea,7.619,25.188,1.0,6,1.0,3.375,4,3.704,15.385,2.564,3.0,1.0,8.0,105.0,4.0,1.0,0.0,38.889,1.149,17.143,18.0,8.0,4.0,7.0,11.0,0.0,0.0,3.111,508.0,1.0
2026-06-06 13:57:43,68.64,McAlbertHabolea,13.592,42.258,2.0,4,2.0,3.357,9,22.222,17.308,3.03,2.0,3.0,14.0,103.0,4.0,1.0,0.0,47.826,3.75,22.33,23.0,5.0,0.0,11.0,12.0,1.0,0.0,3.565,508.0,3.0
2026-06-09 18:09:55,71.24,McAlbertHabolea,5.882,16.595,2.0,9,3.0,4.429,3,4.167,7.843,4.545,3.0,0.0,7.0,119.0,2.0,4.0,0.0,37.5,0.971,13.445,16.0,7.0,3.0,6.0,10.0,2.0,0.0,2.812,508.0,1.0
2026-07-01 11:19:15,68.19,McAlbertHabolea,12.579,29.75,1.0,7,1.0,4.35,8,18.182,13.333,10.39,6.0,0.0,20.0,159.0,5.0,1.0,0.0,60,1.55,18.868,30.0,6.0,2.0,18.0,12.0,0.0,0.0,3.633,508.0,2.0
2026-07-02 18:06:06,70.147,McAlbertHabolea,9.783,26.605,0.0,3,1.0,3.444,6,4.348,10.714,12.195,0.0,4.0,9.0,92.0,2.0,4.0,0.0,50,4.878,10.87,10.0,0.0,1.0,5.0,5.0,3.0,0.0,2.5,508.0,4.0
2026-07-04 14:16:30,69.89,McAlbertHabolea,15.254,41.855,3.0,9,4.0,4.167,7,15.385,17.073,13.725,5.0,1.0,18.0,118.0,3.0,2.0,0.0,51.852,4.396,22.881,27.0,5.0,2.0,14.0,13.0,1.0,0.0,3.815,508.0,4.0
2026-05-21 14:04:49,95.0,AkechiAnna,39.394,100.428,4.0,6,0.0,4.154,13,42.857,31.707,45.455,7.0,5.0,39.0,99.0,3.0,2.0,0.0,90.909,24.675,22.222,22.0,4.0,0.0,20.0,2.0,0.0,0.0,3.455,510.0,19.0
2026-05-13 13:42:26,80.0,angelair,4.274,20.718,1.0,10,1.0,2.0,5,10.526,3.846,2.174,2.0,3.0,5.0,117.0,0.0,6.0,0.0,33.333,0.952,10.256,12.0,4.0,2.0,4.0,8.0,1.0,0.0,2.833,512.0,1.0
2026-05-20 10:47:35,76.42,angelair,7.778,12.494,0.0,10,0.0,5.143,2,15.789,2.778,8.571,0.0,1.0,7.0,90.0,1.0,5.0,0.0,60,1.25,11.111,10.0,1.0,1.0,6.0,4.0,0.0,0.0,4.1,512.0,1.0
2026-06-01 21:08:47,68.03,angelair,5.042,12.983,1.0,9,4.0,4.333,2,13.333,6.383,1.754,3.0,0.0,6.0,119.0,3.0,3.0,0.0,41.667,0.935,10.084,12.0,2.0,1.0,5.0,7.0,0.0,0.0,3.083,512.0,1.0
2026-05-16 21:48:55,65.0,Kacz,11.765,41.267,3.0,7,6.0,3.5,10,20,12.766,8.772,3.0,5.0,14.0,119.0,1.0,4.0,0.0,25,5.063,33.613,40.0,5.0,3.0,10.0,30.0,1.0,0.0,3.475,513.0,4.0
2026-05-17 04:49:43,80.0,JCas38,14.062,38.947,1.0,7,0.0,3.833,10,13.793,8,20.408,4.0,1.0,18.0,128.0,2.0,4.0,0.0,65.385,0.98,20.312,26.0,3.0,2.0,17.0,9.0,1.0,0.0,3.423,514.0,1.0
2026-05-22 11:58:12,85.0,PsycheTaxi,13.768,64.614,7.0,10,1.0,2.684,14,20,17.857,4.255,11.0,3.0,19.0,138.0,5.0,1.0,0.0,84.211,2.521,13.768,19.0,9.0,1.0,16.0,3.0,1.0,0.0,2.0,515.0,3.0
2026-06-29 18:14:41,50.0,superzinc,9.524,32.848,2.0,6,0.0,3.25,5,6.25,8.571,12.121,3.0,2.0,8.0,84.0,4.0,1.0,0.0,71.429,3.896,8.333,7.0,2.0,0.0,5.0,2.0,0.0,1.0,2.429,517.0,3.0
2026-07-02 18:06:06,76.28,superzinc,13.861,26.17,1.0,5,1.0,4.429,6,9.524,10.526,19.048,1.0,3.0,14.0,101.0,2.0,4.0,0.0,66.667,4.651,14.851,15.0,3.0,0.0,10.0,5.0,0.0,0.0,3.933,517.0,4.0
2026-07-12 13:52:16,70.3,superzinc,10.227,18.503,0.0,7,1.0,4.444,3,11.111,12.195,7.895,1.0,1.0,9.0,88.0,2.0,4.0,0.0,75,3.75,9.091,8.0,0.0,0.0,6.0,2.0,1.0,0.0,4.0,517.0,3.0
2026-07-14 21:14:03,66.96,superzinc,10.345,37.232,3.0,15,2.0,3.133,9,3.846,10.909,12.5,3.0,6.0,15.0,145.0,3.0,3.0,0.0,60.87,0.82,15.862,23.0,2.0,2.0,14.0,9.0,2.0,0.0,2.913,517.0,1.0
2026-07-22 08:06:47,69.91,superzinc,11.888,23.307,0.0,15,0.0,4.353,4,3.571,15.385,12,2.0,2.0,17.0,143.0,1.0,5.0,0.0,68.182,1.653,15.385,22.0,5.0,2.0,15.0,7.0,1.0,0.0,3.5,517.0,2.0
2026-07-26 08:56:27,68.58,superzinc,10.417,27.781,2.0,5,1.0,4.0,6,3.333,14.286,9.804,4.0,3.0,15.0,144.0,2.0,4.0,0.0,82.353,0.787,11.806,17.0,4.0,1.0,14.0,3.0,0.0,0.0,3.765,517.0,1.0
2026-06-02 17:45:59,75.0,kombofuud,29.167,64.22,1.0,9,1.0,4.2,12,26.087,25.532,34,5.0,2.0,35.0,120.0,3.0,2.0,0.0,70.588,12.791,28.333,34.0,3.0,3.0,24.0,10.0,1.0,0.0,3.5,518.0,11.0
2026-06-09 06:10:04,83.6,kombofuud,17.895,25.456,0.0,6,0.0,4.882,3,27.778,18.919,12.5,1.0,0.0,17.0,95.0,1.0,4.0,0.0,66.667,8.75,15.789,15.0,2.0,1.0,10.0,5.0,3.0,0.0,3.733,518.0,7.0
2026-06-12 07:12:19,72.91,kombofuud,16.129,27.55,1.0,14,2.0,4.8,4,14.286,15.789,17.143,4.0,1.0,25.0,155.0,2.0,4.0,0.0,50,9.302,16.774,26.0,1.0,1.0,13.0,13.0,0.0,1.0,4.038,518.0,12.0
2026-06-04 02:37:05,60.0,Ryuujin,9.848,26.429,1.0,4,3.0,3.846,6,10.526,11.29,7.843,2.0,4.0,13.0,132.0,2.0,4.0,0.0,34.286,1.031,26.515,35.0,7.0,2.0,12.0,23.0,8.0,0.0,2.771,519.0,1.0
2026-06-04 17:59:53,68.24,Ryuujin,8.696,29.792,3.0,12,2.0,3.167,7,18.519,9.804,3.333,4.0,1.0,12.0,138.0,1.0,5.0,0.0,40,0,21.739,30.0,13.0,4.0,12.0,18.0,3.0,0.0,2.933,519.0,0.0
2026-08-06 21:12:37,72.4,Ryuujin,13.281,25.008,1.0,15,2.0,4.294,4,10,15.094,12.727,1.0,2.0,17.0,128.0,3.0,3.0,0.0,42.424,3.158,25.781,33.0,5.0,5.0,14.0,19.0,1.0,0.0,3.061,519.0,3.0
2026-07-18 06:38:20,128.947,konomi,54.839,132.185,3.0,4,0.0,4.118,25,54.545,60.784,49.02,3.0,14.0,68.0,124.0,0.0,5.0,0.0,78.431,38.356,41.129,51.0,6.0,2.0,40.0,11.0,3.0,0.0,3.765,520.0,28.0
2026-07-19 10:39:25,126.445,konomi,63.063,145.68,3.0,3,0.0,4.371,25,73.913,66.667,55.769,10.0,8.0,70.0,111.0,4.0,1.0,0.0,82,47.541,45.045,50.0,4.0,2.0,41.0,9.0,2.0,2.0,4.14,520.0,29.0
2026-07-20 05:49:04,125.602,konomi,68.696,188.685,1.0,6,0.0,3.595,41,76.19,70.588,62.791,15.0,23.0,79.0,115.0,3.0,2.0,0.0,86.275,54.688,44.348,51.0,5.0,1.0,44.0,7.0,1.0,0.0,3.667,520.0,35.0
2026-07-29 04:35:02,126.659,konomi,56.0,139.346,2.0,4,0.0,3.829,29,61.538,54.167,54.902,6.0,17.0,70.0,125.0,3.0,2.0,0.0,73.438,37.705,51.2,64.0,4.0,3.0,47.0,17.0,3.0,1.0,3.484,520.0,23.0
2026-07-30 14:13:06,126.24,konomi,67.391,177.726,3.0,5,0.0,3.828,43,72,66.154,66.667,10.0,27.0,93.0,138.0,2.0,4.0,0.0,83.333,46.667,56.522,78.0,8.0,2.0,65.0,13.0,3.0,0.0,3.667,520.0,28.0
2026-08-01 10:34:49,126.037,konomi,66.443,161.377,5.0,3,0.0,4.111,40,65.217,68.182,65,13.0,16.0,99.0,149.0,5.0,1.0,0.0,86.667,45.946,50.336,75.0,7.0,2.0,65.0,10.0,3.0,2.0,3.827,520.0,34.0
2026-08-08 15:58:25,126.542,konomi,57.5,178.013,4.0,6,0.0,3.159,46,64.516,54.348,55.814,7.0,30.0,69.0,120.0,4.0,2.0,0.0,76.364,41.538,45.833,55.0,9.0,4.0,42.0,13.0,5.0,2.0,2.855,520.0,27.0
2026-08-08 22:03:21,126.867,konomi,57.851,150.559,5.0,4,0.0,3.886,28,65,57.895,54.545,11.0,10.0,70.0,121.0,2.0,3.0,0.0,81.481,38.806,44.628,54.0,5.0,1.0,44.0,10.0,1.0,0.0,3.944,520.0,26.0
2026-08-11 16:15:35,124.899,konomi,59.091,175.037,6.0,7,0.0,3.354,39,65.385,61.905,52.381,18.0,20.0,65.0,110.0,3.0,3.0,0.0,83.019,36.842,48.182,53.0,4.0,1.0,44.0,9.0,3.0,2.0,3.0,520.0,21.0
2026-08-13 08:14:24,124.365,konomi,69.231,168.95,6.0,4,0.0,4.02,38,58.621,73.469,70.769,15.0,19.0,99.0,143.0,4.0,1.0,0.0,87.5,46.032,55.944,80.0,11.0,3.0,70.0,10.0,1.0,1.0,3.612,520.0,29.0
2026-07-29 04:35:02,65.0,Unknown17,18.033,32.909,0.0,2,0.0,4.455,6,8.333,34,6.25,2.0,0.0,22.0,122.0,1.0,3.0,1.0,80.769,1.042,21.311,26.0,4.0,0.0,21.0,5.0,0.0,0.0,4.385,521.0,1.0
2026-07-30 04:09:15,68.31,Unknown17,15.748,31.192,0.0,4,1.0,4.15,7,22.222,14.286,13.725,3.0,0.0,20.0,127.0,2.0,3.0,0.0,85,2.804,15.748,20.0,2.0,0.0,17.0,3.0,0.0,0.0,4.4,521.0,3.0
2026-07-31 04:36:03,69.24,Unknown17,16.304,41.948,1.0,3,0.0,3.867,7,11.111,25,9.302,2.0,2.0,15.0,92.0,2.0,3.0,0.0,82.353,1.333,18.478,17.0,2.0,0.0,14.0,3.0,0.0,0.0,3.882,521.0,1.0
2026-08-01 06:30:22,71.07,Unknown17,15.534,38.492,2.0,2,0.0,3.812,6,18.182,13.953,15.789,4.0,1.0,16.0,103.0,2.0,4.0,0.0,86.667,3.409,14.563,15.0,6.0,1.0,13.0,2.0,0.0,0.0,3.267,521.0,3.0
2026-08-03 07:17:26,71.98,Unknown17,20.0,43.094,1.0,5,2.0,4.174,10,37.5,16,14.634,6.0,3.0,23.0,115.0,2.0,4.0,0.0,100,3.158,17.391,20.0,3.0,0.0,20.0,0.0,0.0,0.0,4.1,521.0,3.0
2026-08-04 04:58:34,72.45,Unknown17,20.183,53.58,1.0,7,1.0,3.773,10,25,19.149,19.565,4.0,5.0,22.0,109.0,4.0,0.0,1.0,91.304,1.163,21.101,23.0,4.0,0.0,21.0,2.0,0.0,0.0,3.609,521.0,1.0
2026-08-06 07:55:09,71.865,Unknown17,18.248,44.461,2.0,11,2.0,4.16,10,6.897,27.451,15.789,4.0,2.0,25.0,137.0,3.0,1.0,1.0,88.462,1.802,18.978,26.0,5.0,1.0,23.0,3.0,1.0,0.0,3.769,521.0,2.0
2026-08-08 01:30:10,72.769,Unknown17,12.844,27.382,0.0,9,1.0,4.0,5,17.857,10,12.195,1.0,0.0,14.0,109.0,0.0,5.0,0.0,85.714,2.105,12.844,14.0,3.0,0.0,12.0,2.0,1.0,0.0,3.929,521.0,2.0
2026-08-11 05:09:55,70.54,Unknown17,18.333,41.296,1.0,5,0.0,4.045,7,25,19.565,11.905,2.0,3.0,22.0,120.0,2.0,3.0,0.0,84.615,0,21.667,26.0,2.0,0.0,22.0,4.0,0.0,0.0,3.846,521.0,0.0
2026-06-06 13:57:43,60.0,ophircs,7.477,20.841,1.0,5,3.0,3.625,3,16.667,4.444,5.263,2.0,1.0,8.0,107.0,2.0,3.0,0.0,28.571,2.326,19.626,21.0,5.0,2.0,6.0,15.0,1.0,0.0,3.429,522.0,2.0
2026-06-12 14:16:44,68.84,ophircs,0.8,0.824,0.0,8,1.0,5.0,0,4,0,0,0.0,0.0,1.0,125.0,0.0,6.0,0.0,4,0,20,25.0,7.0,4.0,1.0,24.0,6.0,0.0,2.44,522.0,0.0
2026-06-29 18:14:41,55.74,ophircs,2.222,0.899,0.0,8,0.0,6.5,0,6.25,0,2.632,0.0,0.0,2.0,90.0,2.0,3.0,0.0,0,2.817,21.111,19.0,3.0,2.0,0.0,19.0,5.0,0.0,2.526,522.0,2.0
2026-06-12 14:16:44,50.0,ilovebushes,6.294,11.185,0.0,7,1.0,4.667,3,10.345,5.172,5.357,3.0,0.0,9.0,143.0,3.0,3.0,0.0,36.364,0.826,15.385,22.0,1.0,0.0,8.0,14.0,0.0,0.0,3.682,524.0,1.0
2026-06-29 18:14:41,53.03,ilovebushes,10.526,24.031,1.0,7,0.0,4.083,5,5.263,12.766,10.417,2.0,1.0,12.0,114.0,2.0,3.0,0.0,50,5,12.281,14.0,3.0,0.0,7.0,7.0,2.0,0.0,3.571,524.0,5.0
2026-07-02 18:06:06,59.34,ilovebushes,11.881,24.416,1.0,5,0.0,4.25,5,4.762,13.158,14.286,2.0,0.0,12.0,101.0,2.0,4.0,0.0,62.5,2.353,15.842,16.0,0.0,0.0,10.0,6.0,1.0,0.0,3.75,524.0,2.0
2026-07-24 04:59:24,60.0,peashooter,25.234,54.956,1.0,8,0.0,4.296,11,21.429,26,25.581,3.0,5.0,27.0,107.0,2.0,3.0,0.0,76,9.756,23.364,25.0,5.0,1.0,19.0,6.0,1.0,0.0,3.6,526.0,8.0
2026-07-03 21:07:23,60.0,ryanteous123,10.227,13.664,1.0,1,1.0,5.667,1,5.263,8.571,14.706,1.0,1.0,9.0,88.0,2.0,3.0,0.0,56.25,0,18.182,16.0,4.0,0.0,9.0,7.0,2.0,0.0,4.75,528.0,0.0
2026-07-29 04:35:02,43.29,ryanteous123,20.0,37.887,1.0,4,0.0,4.52,8,15.385,22.917,19.608,2.0,3.0,25.0,125.0,3.0,2.0,0.0,77.778,4.082,21.6,27.0,1.0,1.0,21.0,6.0,1.0,0.0,4.148,528.0,4.0
2026-07-30 04:09:15,56.39,ryanteous123,25.197,42.661,1.0,4,0.0,4.531,10,25.926,24.49,25.49,2.0,1.0,32.0,127.0,2.0,3.0,0.0,84.375,5.263,25.197,32.0,2.0,0.0,27.0,5.0,0.0,0.0,3.969,528.0,5.0
2026-07-31 21:46:36,62.54,ryanteous123,20.312,47.45,1.0,15,0.0,4.0,12,14.286,21.053,23.256,5.0,4.0,26.0,128.0,5.0,1.0,0.0,82.143,3,21.875,28.0,2.0,2.0,23.0,5.0,0.0,0.0,3.786,528.0,3.0
2026-08-02 15:57:30,66.17,ryanteous123,13.208,22.547,0.0,8,1.0,4.571,3,11.111,19.444,9.302,1.0,5.0,14.0,106.0,2.0,3.0,0.0,61.111,3.409,16.981,18.0,2.0,0.0,11.0,7.0,2.0,0.0,3.611,528.0,3.0
2026-08-04 04:58:34,65.26,ryanteous123,23.364,43.189,1.0,6,0.0,4.52,6,25,24.39,22,1.0,3.0,25.0,107.0,3.0,2.0,0.0,75,5.063,26.168,28.0,1.0,0.0,21.0,7.0,2.0,0.0,4.107,528.0,4.0
2026-08-06 21:12:37,68.012,ryanteous123,25.397,66.723,4.0,10,0.0,3.625,18,18.519,27.778,26.667,5.0,6.0,32.0,126.0,3.0,3.0,0.0,96.296,6.061,21.429,27.0,2.0,0.0,26.0,1.0,0.0,1.0,3.704,528.0,6.0
2026-08-08 15:58:25,70.806,ryanteous123,22.222,56.13,2.0,2,2.0,3.885,12,28.571,15.556,25,3.0,8.0,26.0,117.0,1.0,5.0,0.0,82.143,3.371,23.932,28.0,4.0,1.0,23.0,5.0,0.0,0.0,3.214,528.0,3.0
2026-08-08 22:03:21,70.631,ryanteous123,23.967,49.902,2.0,4,1.0,4.483,7,15,24.561,27.273,5.0,1.0,29.0,121.0,2.0,3.0,0.0,91.304,8.163,19.008,23.0,3.0,0.0,21.0,2.0,1.0,0.0,4.522,528.0,8.0
2026-07-06 04:37:30,50.0,thenoblesse,10.791,23.348,1.0,8,1.0,4.4,5,4.167,11.475,12.963,4.0,0.0,15.0,139.0,4.0,2.0,0.0,55,3.361,14.388,20.0,6.0,3.0,11.0,9.0,0.0,0.0,3.15,529.0,4.0
2026-07-07 04:02:22,61.51,thenoblesse,9.649,21.219,0.0,4,3.0,4.182,6,14.815,2.439,13.043,1.0,1.0,11.0,114.0,4.0,1.0,0.0,36.842,4.211,16.667,19.0,3.0,1.0,7.0,12.0,2.0,0.0,3.632,529.0,4.0
2026-07-08 01:31:50,62.41,thenoblesse,14.286,33.265,3.0,3,0.0,4.533,4,16.667,17.073,10.87,3.0,0.0,15.0,105.0,1.0,4.0,0.0,55,4.706,19.048,20.0,3.0,1.0,11.0,9.0,2.0,0.0,3.3,529.0,4.0
2026-07-12 07:09:01,62.74,thenoblesse,7.273,33.275,4.0,10,3.0,2.625,6,17.647,4.167,6.667,5.0,1.0,8.0,110.0,4.0,2.0,0.0,46.667,1.053,13.636,15.0,6.0,2.0,7.0,8.0,0.0,0.0,2.533,529.0,1.0
2026-07-12 09:18:12,67.73,thenoblesse,11.029,36.952,4.0,10,1.0,3.467,7,11.538,12.5,9.259,6.0,0.0,15.0,136.0,4.0,2.0,0.0,65,1.724,14.706,20.0,6.0,1.0,13.0,7.0,1.0,0.0,2.8,529.0,2.0
2026-07-15 10:55:21,69.16,thenoblesse,13.483,29.119,0.0,7,0.0,3.917,3,13.043,3.03,24.242,2.0,1.0,12.0,89.0,4.0,2.0,0.0,61.111,1.408,20.225,18.0,1.0,1.0,11.0,7.0,2.0,0.0,3.278,529.0,1.0
2026-07-16 04:32:28,72.999,thenoblesse,12.651,41.598,5.0,10,6.0,3.714,11,15.789,8.824,15,6.0,4.0,21.0,166.0,4.0,1.0,1.0,58.065,2.222,18.675,31.0,8.0,1.0,18.0,13.0,1.0,0.0,3.419,529.0,3.0
2026-07-16 18:15:42,74.125,thenoblesse,14.0,51.743,3.0,5,1.0,2.643,11,16,12.5,13.953,5.0,4.0,14.0,100.0,2.0,4.0,0.0,61.905,1.266,21,21.0,9.0,3.0,13.0,8.0,0.0,0.0,2.143,529.0,1.0
2026-07-18 06:38:20,75.365,thenoblesse,12.222,47.559,2.0,3,2.0,3.273,7,5.263,10.811,17.647,5.0,0.0,11.0,90.0,4.0,1.0,0.0,52.941,2.74,18.889,17.0,3.0,0.0,9.0,8.0,1.0,0.0,3.235,529.0,2.0
2026-07-18 11:44:30,76.669,thenoblesse,13.084,47.709,5.0,3,1.0,3.429,7,16.667,15.217,10.204,5.0,2.0,14.0,107.0,1.0,5.0,0.0,70,0,18.692,20.0,8.0,0.0,14.0,6.0,1.0,0.0,3.6,529.0,0.0
2026-07-13 14:30:10,90.0,Gonzaloh,53.543,106.869,0.0,6,0.0,4.426,21,75,57.143,30.952,7.0,13.0,68.0,127.0,2.0,3.0,0.0,75,34.328,47.244,60.0,5.0,0.0,45.0,15.0,5.0,0.0,4.067,534.0,23.0
2026-07-16 06:58:43,106.0,Gonzaloh,56.204,134.977,4.0,6,0.0,4.156,31,75.862,60,44.444,8.0,13.0,77.0,137.0,4.0,2.0,0.0,81.356,37.179,43.066,59.0,5.0,2.0,48.0,11.0,0.0,1.0,3.915,534.0,29.0
2026-07-18 06:38:20,109.35,Gonzaloh,41.791,93.175,0.0,7,0.0,4.232,21,75,39.286,26,3.0,8.0,56.0,134.0,3.0,2.0,0.0,78.723,21.839,35.075,47.0,8.0,2.0,37.0,10.0,5.0,0.0,3.809,534.0,19.0
2026-07-28 08:00:35,105.03,Gonzaloh,48.921,120.96,3.0,4,0.0,4.206,27,80,37.931,46.429,6.0,15.0,68.0,139.0,1.0,3.0,1.0,80,28.571,39.568,55.0,9.0,1.0,44.0,11.0,2.0,0.0,3.836,534.0,24.0
2026-08-01 10:34:49,104.85,Gonzaloh,53.374,121.458,4.0,4,1.0,4.287,28,78.947,50,40.351,8.0,16.0,87.0,163.0,1.0,3.0,2.0,71.831,39.13,43.558,71.0,4.0,1.0,51.0,20.0,6.0,0.0,3.775,534.0,36.0
2026-08-03 07:17:26,105.46,Gonzaloh,44.615,121.938,7.0,8,1.0,3.707,26,78.947,46.774,28.571,13.0,9.0,58.0,130.0,2.0,4.0,0.0,67.347,30.864,37.692,49.0,5.0,2.0,33.0,16.0,3.0,1.0,3.224,534.0,25.0
2026-08-04 04:58:34,103.872,Gonzaloh,51.145,118.823,1.0,6,0.0,3.91,30,80.952,51.923,39.655,6.0,12.0,67.0,131.0,2.0,2.0,1.0,75.51,36.585,37.405,49.0,5.0,2.0,37.0,12.0,4.0,0.0,3.51,534.0,30.0
2026-08-04 07:16:29,104.831,Gonzaloh,53.279,123.743,4.0,7,1.0,4.246,24,69.231,47.059,51.111,11.0,9.0,65.0,122.0,3.0,2.0,0.0,76.19,41.25,34.426,42.0,6.0,2.0,32.0,10.0,1.0,0.0,3.762,534.0,33.0
2026-08-06 07:55:09,105.613,Gonzaloh,52.679,154.112,6.0,4,0.0,3.644,28,76.19,45.238,48.98,13.0,2.0,59.0,112.0,2.0,3.0,0.0,82.692,26.667,46.429,52.0,2.0,1.0,43.0,9.0,1.0,1.0,3.385,534.0,16.0
2026-07-15 18:09:02,67.0,sirG,29.167,73.027,4.0,8,3.0,4.286,14,35.714,15.909,37.097,6.0,4.0,35.0,120.0,3.0,2.0,0.0,92.593,10.753,22.5,27.0,0.0,1.0,25.0,2.0,1.0,1.0,4.074,535.0,10.0
2026-07-25 10:58:47,59.44,elecitlax,14.504,24.35,1.0,4,4.0,5.053,6,5.263,19.231,13.333,2.0,2.0,19.0,131.0,5.0,1.0,0.0,72,0.943,19.084,25.0,2.0,1.0,18.0,7.0,0.0,0.0,4.56,536.0,1.0
2026-07-29 21:01:21,57.88,elecitlax,6.78,21.254,1.0,11,1.0,3.375,4,0,10.169,5.128,2.0,1.0,8.0,118.0,2.0,4.0,0.0,66.667,0,10.169,12.0,4.0,2.0,8.0,4.0,1.0,0.0,2.667,536.0,0.0
2026-08-01 06:30:22,62.44,elecitlax,8.621,22.521,1.0,6,2.0,3.7,5,0,11.111,10,2.0,1.0,10.0,116.0,3.0,3.0,0.0,52.632,0,16.379,19.0,6.0,0.0,10.0,9.0,1.0,0.0,3.263,536.0,0.0
2026-08-04 04:58:34,64.08,elecitlax,10.784,17.818,0.0,1,0.0,4.818,4,0,9.091,16.279,2.0,0.0,11.0,102.0,1.0,4.0,0.0,75,2.222,11.765,12.0,1.0,0.0,9.0,3.0,0.0,0.0,4.417,536.0,2.0
2026-08-05 16:03:30,62.39,elecitlax,11.348,20.31,1.0,20,1.0,4.438,5,5.263,15.254,9.524,2.0,0.0,16.0,141.0,2.0,4.0,0.0,70.588,3.226,12.057,17.0,3.0,1.0,12.0,5.0,1.0,0.0,3.471,536.0,4.0
2026-08-06 21:12:37,59.613,elecitlax,16.406,32.328,1.0,15,0.0,4.286,8,10,18.868,16.364,1.0,4.0,21.0,128.0,3.0,3.0,0.0,87.5,0,18.75,24.0,3.0,0.0,21.0,3.0,0.0,0.0,4.292,536.0,0.0
2026-08-08 15:58:25,60.97,elecitlax,10.0,10.417,0.0,6,1.0,5.5,1,5,6,16,0.0,0.0,12.0,120.0,3.0,3.0,0.0,78.571,0.943,11.667,14.0,0.0,1.0,11.0,3.0,1.0,0.0,4.571,536.0,1.0
2026-08-11 16:15:35,59.023,elecitlax,12.5,30.473,1.0,9,1.0,3.875,7,16.667,6.667,18.421,6.0,0.0,16.0,128.0,3.0,3.0,0.0,70,1.852,15.625,20.0,0.0,2.0,14.0,6.0,1.0,1.0,3.55,536.0,2.0
2026-08-13 01:24:25,60.329,elecitlax,14.286,28.444,1.0,12,4.0,4.333,8,15.789,12.308,15.873,7.0,1.0,21.0,147.0,4.0,2.0,0.0,62.069,2.542,19.728,29.0,5.0,3.0,18.0,11.0,0.0,0.0,3.966,536.0,3.0
2026-08-14 14:06:42,61.426,elecitlax,15.385,31.355,0.0,3,0.0,4.438,6,9.091,13.636,18.367,3.0,2.0,16.0,104.0,1.0,4.0,0.0,92.857,3.333,13.462,14.0,3.0,0.0,13.0,1.0,0.0,0.0,3.857,536.0,3.0
2026-07-25 04:25:03,85.0,brettyoshi9,19.802,42.816,0.0,7,1.0,4.25,8,17.391,19.355,21.277,4.0,3.0,20.0,101.0,2.0,3.0,0.0,52.941,2.985,33.663,34.0,6.0,3.0,18.0,16.0,0.0,0.0,3.735,537.0,2.0
2026-07-30 04:09:15,73.02,brettyoshi9,13.684,42.998,1.0,11,1.0,3.231,9,8,12.5,18.421,4.0,4.0,13.0,95.0,2.0,3.0,0.0,52.632,3.947,20,19.0,0.0,1.0,10.0,9.0,2.0,0.0,2.526,537.0,3.0
2026-08-08 01:30:10,76.94,brettyoshi9,20.909,35.473,0.0,9,1.0,4.826,8,28,16.667,21.622,1.0,6.0,23.0,110.0,3.0,2.0,0.0,64.516,3.797,28.182,31.0,7.0,2.0,20.0,11.0,0.0,0.0,3.903,537.0,3.0
2026-08-03 07:17:26,70.0,Bench,20.0,49.461,2.0,5,1.0,4.0,9,20.833,8,34.146,5.0,3.0,23.0,115.0,2.0,4.0,0.0,76,4.444,21.739,25.0,3.0,0.0,19.0,6.0,2.0,0.0,3.36,538.0,4.0
2026-08-04 04:58:34,76.8,Bench,15.929,39.464,1.0,6,5.0,4.0,7,26.667,16.667,11.364,2.0,4.0,18.0,113.0,2.0,3.0,0.0,66.667,2.247,21.239,24.0,3.0,1.0,16.0,8.0,2.0,0.0,3.75,538.0,2.0
2026-08-06 07:55:09,74.64,Bench,12.605,18.81,0.0,5,1.0,5.2,3,6.667,14.894,12.281,2.0,0.0,15.0,119.0,3.0,2.0,0.0,59.091,2.062,18.487,22.0,2.0,1.0,13.0,9.0,0.0,0.0,4.045,538.0,2.0
2026-08-06 21:12:37,67.17,Bench,16.667,47.832,4.0,10,1.0,3.476,11,22.222,14.815,15.556,6.0,3.0,21.0,126.0,3.0,3.0,0.0,76.923,1,20.635,26.0,6.0,2.0,20.0,6.0,0.0,0.0,3.192,538.0,1.0
2026-08-11 05:09:55,70.55,Bench,15.0,30.909,0.0,5,0.0,4.278,6,18.75,19.565,7.143,3.0,3.0,18.0,120.0,2.0,3.0,0.0,76.19,2.02,17.5,21.0,3.0,0.0,16.0,5.0,1.0,0.0,3.857,538.0,2.0
2026-08-13 08:14:24,69.95,Bench,21.678,52.177,2.0,4,4.0,4.258,13,24.138,16.327,24.615,3.0,5.0,31.0,143.0,4.0,1.0,0.0,81.818,3.636,23.077,33.0,5.0,0.0,27.0,6.0,0.0,0.0,3.909,538.0,4.0
2026-08-14 14:06:42,80.0,joljol,26.957,49.727,1.0,1,0.0,4.419,8,19.048,27.907,29.412,4.0,4.0,31.0,115.0,4.0,1.0,0.0,83.333,12.088,20.87,24.0,2.0,1.0,20.0,4.0,3.0,0.0,3.708,540.0,11.0
2026-08-07 08:19:11,90.0,Jax,26.087,44.779,0.0,4,1.0,4.556,10,31.25,32.759,14.583,4.0,1.0,36.0,138.0,3.0,3.0,0.0,80,11.111,21.739,30.0,1.0,1.0,24.0,6.0,1.0,0.0,4.167,541.0,12.0
2026-08-08 22:03:21,75.36,Jax,28.873,57.442,0.0,6,1.0,4.39,13,21.212,27.119,36,4.0,3.0,41.0,142.0,2.0,2.0,1.0,67.647,16.667,23.944,34.0,1.0,2.0,23.0,11.0,2.0,0.0,3.618,541.0,18.0
2026-08-09 08:47:47,77.98,Jax,34.965,69.902,3.0,8,0.0,4.42,18,33.333,45.614,25.424,6.0,5.0,50.0,143.0,1.0,4.0,1.0,76.316,20,26.573,38.0,6.0,1.0,29.0,9.0,1.0,0.0,3.921,541.0,21.0
2026-08-13 08:14:24,80.89,Jax,45.528,98.583,3.0,8,0.0,4.25,19,44,42.857,48.98,8.0,5.0,56.0,123.0,3.0,2.0,0.0,91.892,25.581,30.081,37.0,4.0,0.0,34.0,3.0,0.0,2.0,4.324,541.0,22.0
2026-08-14 14:06:42,85.7,Jax,30.357,63.214,0.0,4,0.0,3.912,13,31.25,40,21.569,4.0,6.0,34.0,112.0,2.0,3.0,0.0,56.25,20,28.571,32.0,4.0,2.0,18.0,14.0,5.0,0.0,2.75,541.0,16.0
2026-08-14 21:08:41,86.32,Jax,37.762,81.978,1.0,15,0.0,3.981,23,43.478,29.31,43.548,5.0,9.0,54.0,143.0,2.0,4.0,0.0,79.487,22.115,27.273,39.0,2.0,2.0,31.0,8.0,2.0,0.0,3.462,541.0,23.0
2026-08-08 01:30:10,85.0,DeerParkBoss,39.815,73.203,0.0,4,1.0,4.581,12,30.435,45.455,36.667,1.0,7.0,43.0,108.0,2.0,3.0,0.0,75,11.667,44.444,48.0,3.0,0.0,36.0,12.0,2.0,0.0,4.083,542.0,7.0
2026-08-08 22:03:21,89.43,DeerParkBoss,35.537,68.257,1.0,6,1.0,4.581,13,52,28.302,34.884,4.0,7.0,43.0,121.0,2.0,3.0,0.0,69.565,14.667,38.017,46.0,5.0,2.0,32.0,14.0,6.0,0.0,3.652,542.0,11.0
2026-08-09 21:16:39,87.2,DeerParkBoss,53.153,111.143,2.0,2,0.0,4.186,19,52.381,54.762,52.083,5.0,8.0,59.0,111.0,2.0,3.0,0.0,87.273,19.643,49.55,55.0,6.0,0.0,48.0,7.0,1.0,0.0,3.764,542.0,11.0
2026-08-13 01:24:25,94.48,DeerParkBoss,44.203,92.991,2.0,7,0.0,4.148,28,50,49.123,35.849,8.0,14.0,61.0,138.0,2.0,4.0,0.0,83.636,18.072,39.855,55.0,5.0,3.0,46.0,9.0,3.0,0.0,3.364,542.0,15.0
2026-08-14 14:06:42,95.89,DeerParkBoss,41.176,97.486,2.0,4,0.0,3.837,23,28.571,40,47.917,8.0,7.0,49.0,119.0,4.0,1.0,0.0,81.633,12.857,41.176,49.0,5.0,0.0,40.0,9.0,0.0,0.0,3.694,542.0,9.0
2026-08-14 21:08:41,96.97,DeerParkBoss,33.636,103.819,7.0,8,0.0,3.568,19,5.556,35.556,42.553,11.0,8.0,37.0,110.0,3.0,3.0,0.0,77.143,13.333,31.818,35.0,7.0,1.0,27.0,8.0,4.0,1.0,3.029,542.0,10.0
2026-08-08 22:03:21,50.0,kazuyasouma1,1.0,1.923,0.0,3,1.0,4.0,0,5.263,0,0,0.0,0.0,1.0,100.0,1.0,4.0,0.0,5.556,0,18,18.0,3.0,0.0,1.0,17.0,1.0,0.0,3.722,543.0,0.0
2026-08-09 21:16:39,56.76,kazuyasouma1,2.941,6.182,0.0,5,1.0,4.333,1,6.667,2.326,2.273,1.0,0.0,3.0,102.0,1.0,4.0,0.0,20,0,14.706,15.0,2.0,2.0,3.0,12.0,0.0,0.0,2.933,543.0,0.0
2026-08-13 08:14:24,55.47,kazuyasouma1,2.542,2.367,0.0,5,2.0,5.667,0,14.286,0,0,0.0,0.0,3.0,118.0,1.0,4.0,0.0,14.286,0,17.797,21.0,2.0,0.0,3.0,18.0,0.0,0.0,3.905,543.0,0.0
2026-08-08 22:03:21,90.0,myst,46.512,100.62,3.0,9,1.0,4.233,17,41.667,45.763,50,8.0,6.0,60.0,129.0,5.0,0.0,0.0,91.429,29.787,27.132,35.0,5.0,1.0,32.0,3.0,0.0,0.0,3.743,544.0,28.0
2026-08-09 08:47:47,101.42,myst,40.972,99.147,7.0,11,1.0,4.271,22,41.667,43.75,37.5,11.0,8.0,59.0,144.0,3.0,2.0,1.0,89.189,24.299,25.694,37.0,11.0,1.0,33.0,4.0,0.0,0.0,3.297,544.0,26.0
2026-08-14 21:08:41,98.31,myst,39.535,113.922,7.0,11,2.0,3.627,25,39.13,50.98,29.091,13.0,7.0,51.0,129.0,2.0,4.0,0.0,78.947,23.077,29.457,38.0,6.0,1.0,30.0,8.0,3.0,0.0,2.895,544.0,21.0
2026-08-13 08:14:24,82.5,Balexi,20.769,53.109,3.0,7,1.0,4.074,10,25,12.903,29.545,5.0,4.0,27.0,130.0,5.0,0.0,0.0,58.621,9.901,22.308,29.0,6.0,5.0,17.0,12.0,0.0,0.0,3.345,546.0,10.0
2026-08-14 14:06:42,76.6,Balexi,25.0,70.103,2.0,4,1.0,3.429,16,43.75,15.556,27.451,5.0,7.0,28.0,112.0,2.0,3.0,0.0,67.742,8.642,27.679,31.0,5.0,1.0,21.0,10.0,2.0,0.0,2.71,546.0,7.0
2026-08-14 21:08:41,83.3,Balexi,16.783,40.816,2.0,15,0.0,3.958,10,17.391,12.069,20.968,3.0,4.0,24.0,143.0,2.0,4.0,0.0,41.026,7.692,27.273,39.0,1.0,3.0,16.0,23.0,2.0,1.0,3.077,546.0,8.0
2026-08-11 05:09:55,80.0,haisesz,10.577,26.664,0.0,4,4.0,3.636,5,23.81,8.889,5.263,1.0,2.0,11.0,104.0,0.0,5.0,0.0,26.667,4.054,28.846,30.0,2.0,1.0,8.0,22.0,1.0,0.0,3.567,547.0,3.0
