Timestamp,Rank,Player name,Guess rate,Usefulness,erigs,0/8s,7/8s,avg/8,# 3/8s or below,OP guess rate,ED guess rate,IN guess rate,Lives taken,Lives saved,Total hit,Total songs,WIN,LOSE,TIE,Player ID
2026-05-11 14:04:11,4.307,atsui,18.116,1.958,0,15,3,5.76,2,20,20,13.953,2,1,25,138,3,3,0,1
2026-05-12 14:05:09,4.291,atsui,21.168,4.304,2,31,0,4.0,11,18.519,19.403,25.581,4,6,29,137,4,2,0,1
2026-05-18 11:01:47,4.475,atsui,21.538,3.377,1,23,1,4.786,8,13.793,20.968,28.205,3,4,28,130,4,1,1,1
2026-05-18 15:08:53,4.747,atsui,16.058,2.33,1,32,1,5.364,3,29.032,6.557,20,3,0,22,137,1,4,1,1
2026-05-19 14:12:22,4.465,atsui,26.19,4.901,0,23,0,4.697,13,23.077,20,37.5,6,3,33,126,3,3,0,1
2026-05-20 08:34:07,4.463,atsui,19.708,2.791,0,18,0,5.296,7,21.875,20.253,15.385,1,4,27,137,2,4,0,1
2026-05-20 14:25:13,4.298,atsui,19.697,2.606,1,30,2,5.077,6,19.355,14.815,25.532,2,1,26,132,3,2,0,1
2026-05-22 14:23:24,4.399,atsui,19.048,3.105,0,12,5,5.0,8,21.429,15,22.222,2,3,28,147,2,3,1,1
2026-05-25 12:49:49,4.324,atsui,18.841,3.178,1,21,0,4.808,6,29.268,13.846,15.625,3,1,26,138,4,2,0,1
2026-05-27 11:00:45,4.506,atsui,16.901,2.999,0,19,0,5.042,5,15.152,15.789,21.212,2,1,24,142,4,2,0,1
2026-04-25 06:26:43,23.612,watashiii,67.722,25.283,17,17,0,3.729,55,75.676,63.889,67.347,19,32,107,158,3,3,0,4
2026-04-26 04:32:57,23.612,watashiii,66.923,22.95,11,11,0,3.943,37,74.194,72.308,50,14,21,87,130,3,3,0,4
2026-04-28 05:07:35,23.614,watashiii,71.094,27.286,24,13,1,2.736,67,80,70.312,64.706,27,37,91,128,3,3,0,4
2026-05-06 05:45:40,23.608,watashiii,73.759,27.507,13,6,0,3.567,57,84.375,73.016,67.391,16,31,104,141,2,4,0,4
2026-05-07 07:15:21,23.418,watashiii,67.883,23.836,14,18,0,3.269,56,79.412,71.667,53.488,16,34,93,137,3,3,0,4
2026-05-09 06:27:18,23.412,watashiii,74.016,24.523,21,9,0,3.426,46,71.875,77.049,70.588,25,18,94,127,3,3,0,4
2026-05-16 04:37:10,23.412,watashiii,73.864,29.608,15,8,0,2.738,48,89.474,70.833,66.667,18,30,65,88,1,4,0,4
2026-06-03 04:26:23,22.886,watashiii,76.51,23.287,19,16,0,3.789,60,92.683,76.364,64.151,24,28,114,149,3,2,0,4
2026-06-05 06:23:16,22.972,watashiii,59.868,19.154,9,18,0,4.0,38,72.34,60.274,40.625,11,24,91,152,1,5,0,4
2026-06-06 04:57:28,22.618,watashiii,74.468,26.41,10,11,0,3.895,48,82.5,74.194,66.667,22,18,105,141,5,0,1,4
2026-03-31 10:11:52,17.296,Shag,36.641,8.321,2,17,0,4.625,14,62.963,43.75,7.5,4,6,48,131,3,3,0,6
2026-05-01 11:41:50,12.963,Hejsan,37.313,9.412,8,28,0,3.9,22,73.333,24.59,30.233,12,9,50,134,4,1,1,8
2026-05-02 23:23:31,13.24,Hejsan,36.458,8.522,3,24,0,3.771,18,83.333,23.077,30.769,11,8,35,96,2,3,0,8
2026-05-05 14:09:04,13.139,Hejsan,41.86,9.236,6,41,1,4.569,23,68.75,32.051,30.435,8,14,72,172,2,2,1,8
2026-05-06 21:00:14,13.127,Hejsan,51.515,14.392,10,18,0,4.221,28,77.143,35.294,50,14,8,68,132,4,2,0,8
2026-05-08 18:02:51,13.333,Hejsan,51.908,9.998,3,18,0,4.5,25,70.27,42,47.727,8,5,68,131,2,3,0,8
2026-05-09 10:11:56,13.234,Hejsan,40.132,10.907,5,19,4,4.475,18,61.765,36.364,29.268,7,4,61,152,1,5,0,8
2026-05-14 21:21:37,12.863,Hejsan,39.86,10.586,3,16,0,4.351,11,68.75,33.333,28.571,7,6,57,143,3,2,0,8
2026-05-20 22:26:33,12.953,Hejsan,37.748,9.108,9,34,0,3.544,28,64.103,25.806,32,13,7,57,151,3,3,0,8
2026-05-22 21:04:09,12.942,Hejsan,41.88,11.426,9,21,1,3.898,24,59.259,45.833,26.19,10,10,49,117,2,3,0,8
2026-05-26 13:56:18,12.846,Hejsan,38.793,9.426,7,29,0,3.822,22,62.963,26.923,37.838,9,9,45,116,4,2,0,8
2026-04-25 06:26:43,21.707,shadowpandax,62.722,17.629,7,21,1,4.472,43,75.61,67.532,45.098,11,29,106,169,1,4,1,9
2026-04-26 04:32:57,21.409,shadowpandax,73.457,22.272,10,18,0,4.118,46,89.286,73.684,65.517,15,22,119,162,4,1,1,9
2026-05-23 06:57:28,21.71,shadowpandax,67.273,19.374,11,14,0,4.162,31,88.889,81.25,43.182,14,13,74,110,5,0,0,9
2026-05-25 07:30:37,22.201,shadowpandax,74.242,25.855,13,23,0,3.235,64,90.909,80.882,54.762,18,34,98,132,0,6,0,9
2026-05-26 18:30:52,21.628,shadowpandax,73.846,23.914,9,11,0,3.479,56,88,81.538,52.5,19,32,96,130,2,4,0,9
2026-05-27 04:53:54,21.435,shadowpandax,74.096,22.11,12,16,0,4.138,52,81.818,76.623,62.222,16,28,123,166,4,1,1,9
2026-05-30 04:57:21,21.725,shadowpandax,69.925,24.146,10,15,0,3.828,49,90.625,75.806,43.59,15,17,93,133,1,5,0,9
2026-05-30 09:01:45,21.347,shadowpandax,74.615,25.121,12,18,0,3.691,49,91.304,79.412,56.41,20,27,97,130,6,0,0,9
2026-06-04 23:57:00,21.913,shadowpandax,76.19,20.83,16,16,0,3.705,57,82.051,80,65.116,24,30,112,147,4,2,0,9
2026-06-05 06:23:16,22.121,shadowpandax,67.683,19.898,4,16,0,4.18,50,83.784,70.13,52,10,25,111,164,3,2,1,9
2026-05-06 18:46:33,12.87,KaoriMaeda,37.838,8.46,5,36,0,4.054,20,51.282,31.081,37.143,7,9,56,148,1,5,0,12
2026-05-09 10:11:56,12.517,KaoriMaeda,41.758,6.745,0,29,0,5.382,12,66.667,37.647,26.923,2,11,76,182,5,0,1,12
2026-05-12 14:05:09,12.977,KaoriMaeda,34.756,7.291,5,41,1,4.07,24,35.484,31.818,40,8,12,57,164,4,2,0,12
2026-05-13 16:03:02,13.165,KaoriMaeda,39.13,9.411,5,26,0,4.5,19,43.243,37.705,37.5,8,8,54,138,3,2,1,12
2026-05-14 14:18:15,13.245,KaoriMaeda,47.368,12.451,4,29,2,4.069,33,51.429,41.429,53.191,14,16,72,152,3,2,1,12
2026-05-17 15:14:41,13.33,KaoriMaeda,36.646,9.004,4,26,1,4.797,23,42.857,41.667,23.404,6,8,59,161,1,5,0,12
2026-05-19 14:12:22,12.983,KaoriMaeda,38.667,8.603,4,34,0,4.31,20,47.059,32.877,41.86,9,9,58,150,1,4,1,12
2026-05-25 14:28:52,12.713,KaoriMaeda,41.29,8.69,3,30,0,4.641,22,56.41,32.432,42.857,8,10,64,155,3,3,0,12
2026-05-26 13:56:18,12.715,KaoriMaeda,37.594,7.946,7,30,0,4.12,18,38.71,46.667,23.81,7,7,50,133,1,5,0,12
2026-06-05 14:41:15,12.357,KaoriMaeda,41.333,8.126,3,28,0,4.71,18,55.556,35.714,38.636,8,8,62,150,4,2,0,12
2026-05-25 14:28:52,22.259,ArronChu,68.182,26.206,19,9,0,3.12,50,78.947,72.222,56.757,22,26,75,110,0,6,0,14
2026-05-26 18:30:52,21.72,ArronChu,68.354,22.208,17,18,0,3.648,56,70,73.134,60.784,21,31,108,158,5,0,1,14
2026-05-27 04:53:54,22.165,ArronChu,59.701,18.349,7,14,1,4.025,40,55,73.134,42.553,8,25,80,134,2,4,0,14
2026-05-28 18:22:53,21.994,ArronChu,62.416,17.25,12,22,0,3.462,54,64.706,70.588,48.936,14,33,93,149,2,4,0,14
2026-05-30 21:04:03,21.828,ArronChu,70.435,23.567,9,9,0,3.358,49,68.182,77.049,59.375,17,25,81,115,3,3,0,14
2026-05-31 11:11:49,21.831,ArronChu,63.566,22.182,24,19,0,3.073,56,64.706,63.333,62.857,31,24,82,129,3,3,0,14
2026-06-01 05:57:19,21.828,ArronChu,61.146,18.012,21,26,0,3.406,58,65.217,71.875,42.553,24,31,96,157,4,2,0,14
2026-06-01 13:46:50,22.006,ArronChu,57.759,18.661,14,17,0,3.328,42,56,66.071,45.714,16,20,67,116,2,4,0,14
2026-06-02 14:21:12,21.824,ArronChu,73.134,28.039,11,11,0,3.663,56,92,79.661,56,20,25,98,134,4,2,0,14
2026-06-06 14:12:19,22.013,ArronChu,65.217,22.746,18,19,0,3.444,51,65.714,64.912,65.217,25,24,90,138,2,4,0,14
2026-05-18 06:06:48,16.351,yahallonyanpasu,42.982,19.193,15,17,4,3.082,31,53.846,48.387,19.231,17,13,49,114,4,2,0,16
2026-05-20 08:34:07,16.531,yahallonyanpasu,42.336,14.829,12,18,3,3.31,38,65.625,36.709,30.769,16,17,58,137,2,4,0,16
2026-05-21 07:13:01,16.365,yahallonyanpasu,43.089,15.975,17,26,1,2.792,37,44,46.429,38.095,23,12,53,123,3,3,0,16
2026-05-22 21:04:09,16.362,yahallonyanpasu,44.0,14.635,8,18,0,3.227,30,66.667,43.902,25,13,10,44,100,4,1,0,16
2026-05-23 06:57:28,16.644,yahallonyanpasu,42.282,13.0,8,25,2,3.857,34,51.351,39.344,39.216,11,13,63,149,2,3,0,16
2026-05-25 07:30:37,16.545,yahallonyanpasu,39.394,12.714,7,21,0,3.462,31,57.143,41.935,23.81,9,12,52,132,5,1,0,16
2026-05-27 04:53:54,16.907,yahallonyanpasu,39.85,14.787,7,13,1,3.642,32,34.783,42.857,37.5,11,16,53,133,2,4,0,16
2026-05-29 07:43:45,16.716,yahallonyanpasu,44.118,13.569,18,30,1,3.017,42,58.333,43.478,29.032,23,15,60,136,3,3,0,16
2026-05-31 06:42:17,16.907,yahallonyanpasu,44.304,14.75,7,20,2,3.971,35,56.667,48.101,30.612,13,17,70,158,3,3,0,16
2026-06-05 08:39:16,16.718,yahallonyanpasu,42.177,12.544,14,29,0,3.677,35,51.163,40.845,33.333,19,13,62,147,4,2,0,16
2026-05-17 07:27:17,15.5,Jlin2,54.31,12.322,10,21,0,3.635,34,56.41,56.25,48.276,15,15,63,116,0,4,1,19
2026-05-23 06:57:28,15.021,Jlin2,55.652,14.018,2,9,0,4.234,26,70,52.083,48.649,10,10,64,115,3,2,0,19
2026-05-30 09:01:45,15.154,Jlin2,50.943,11.337,4,24,0,4.642,23,51.163,49.351,53.846,7,13,81,159,1,4,1,19
2026-06-05 06:23:16,14.803,Jlin2,53.659,14.694,4,16,0,4.42,34,67.568,50.649,48,14,8,88,164,3,2,1,19
2026-05-09 06:27:18,14.415,kar72,50.331,12.598,6,23,0,4.053,34,55.556,55,38.636,9,20,76,151,3,3,0,20
2026-05-12 18:15:50,14.414,kar72,49.63,10.577,4,29,0,4.149,27,47.368,54.098,44.444,6,9,67,135,3,1,1,20
2026-05-14 07:57:04,14.597,kar72,44.571,9.461,3,42,0,4.462,36,66.667,47.143,28.788,6,21,78,175,3,3,0,20
2026-05-14 21:21:37,14.597,kar72,46.897,9.716,1,17,0,4.853,14,57.576,54.839,30,6,3,68,145,3,2,0,20
2026-05-15 07:01:20,14.677,kar72,45.033,11.608,8,47,0,3.132,47,41.176,51.25,35.135,16,27,68,151,2,4,0,20
2026-05-16 04:37:10,14.499,kar72,50.0,11.748,7,27,0,4.463,22,62.963,42.857,50,9,6,54,108,3,2,0,20
2026-05-18 06:06:48,14.694,kar72,41.935,10.383,4,17,0,4.481,20,55.556,33.333,44.186,7,6,52,124,3,3,0,20
2026-05-31 06:42:17,14.677,kar72,51.656,13.082,2,22,0,4.423,28,58.333,54.93,40.909,12,8,78,151,3,3,0,20
2026-06-04 07:25:31,14.663,kar72,44.586,10.165,12,45,0,3.5,41,55.556,49.275,30.769,18,12,70,157,2,3,1,20
2026-06-05 06:23:16,14.578,kar72,52.318,12.699,1,11,0,4.532,24,55.263,63.077,35.417,6,8,79,151,3,2,1,20
2026-04-12 04:56:46,17.537,PoolNoodle,56.725,18.117,14,29,1,3.804,53,50,50.617,70.37,19,26,97,171,3,3,0,21
2026-04-19 04:54:10,17.534,PoolNoodle,55.747,10.988,1,12,1,5.258,20,70.455,48.684,53.704,5,8,97,174,2,4,0,21
2026-04-19 07:32:45,17.321,PoolNoodle,52.857,13.836,15,32,0,3.311,46,51.163,48.276,61.538,21,23,74,140,1,5,0,21
2026-04-19 09:37:53,16.926,PoolNoodle,54.545,13.309,2,15,0,4.424,23,53.125,49.02,63.158,7,11,66,121,4,1,0,21
2026-05-15 07:01:20,17.234,PoolNoodle,48.98,11.895,10,43,0,3.347,43,56.667,45.07,50,13,29,72,147,2,4,0,21
2026-05-16 04:37:10,17.05,PoolNoodle,57.0,20.94,14,16,0,3.123,39,50,46.341,72.973,21,11,57,100,3,2,0,21
2026-06-01 05:57:19,17.224,PoolNoodle,57.042,12.841,9,24,2,4.0,40,58.14,47.692,73.529,18,13,81,142,4,2,0,21
2026-06-03 04:26:23,17.404,PoolNoodle,47.414,13.821,5,15,1,3.618,29,52,41.935,55.172,9,18,55,116,4,1,0,21
2026-06-03 06:38:37,17.703,PoolNoodle,45.0,12.428,2,24,0,3.944,27,50,41.176,45.455,6,18,54,120,2,4,0,21
2026-06-05 08:39:16,17.524,PoolNoodle,41.732,9.449,7,29,0,4.264,22,40.541,42.857,41.176,10,11,53,127,2,4,0,21
2026-01-01 22:39:32,11.122,Shuuka,47.778,11.873,5,17,0,3.953,22,64,39.024,45.833,9,13,43,90,3,2,0,23
2026-01-03 10:38:36,11.244,Shuuka,35.294,8.835,2,11,2,4.611,15,50,32.143,29.167,3,8,36,102,2,2,0,23
2026-01-07 01:49:38,11.276,Shuuka,29.457,7.805,7,35,0,3.737,21,45.714,16.071,34.211,10,10,38,129,3,3,0,23
2026-01-12 05:30:57,11.264,Shuuka,33.654,9.668,3,18,0,3.857,17,48.148,32.432,25,7,8,35,104,3,2,0,23
2026-01-17 05:38:38,11.38,Shuuka,26.364,6.504,2,14,1,4.345,11,36.842,23.077,26.923,4,2,29,110,4,1,0,23
2026-01-17 16:40:47,11.724,Shuuka,29.508,7.949,4,27,1,4.056,18,46.154,24.074,26.19,6,5,36,122,3,2,0,23
2026-01-17 16:42:16,11.724,Shuuka,29.508,7.949,4,27,1,4.056,18,46.154,24.074,26.19,6,5,36,122,3,2,0,23
2026-01-04 14:34:40,11.687,80s,32.061,7.067,4,27,0,4.143,20,45.714,30.189,23.256,6,5,42,131,2,3,0,25
2026-01-12 05:30:57,11.575,80s,45.161,12.641,4,5,0,3.881,22,47.619,40.909,50,9,6,42,93,3,2,0,25
2026-01-14 17:31:59,11.677,80s,33.594,8.5,5,27,1,4.0,20,35.484,28.333,40.541,6,12,43,128,3,2,0,25
2026-01-29 13:10:54,11.776,80s,29.63,7.425,2,14,0,3.95,19,30,28.358,31.579,10,3,40,135,2,3,1,25
2026-05-25 07:30:37,14.822,asleep,46.212,12.616,5,21,0,3.754,30,50,51.613,35.714,8,17,61,132,5,1,0,26
2026-05-25 14:28:52,15.193,asleep,49.324,11.884,4,20,1,4.411,33,48.718,59.701,33.333,10,17,73,148,5,1,0,26
2026-05-27 11:00:45,15.562,asleep,36.875,8.829,1,27,0,4.559,20,38.462,45.07,24,6,9,59,160,2,4,0,26
2026-05-27 14:37:10,15.361,asleep,44.848,12.428,12,41,0,3.973,36,50,50,35.593,14,19,74,165,2,4,0,26
2026-05-30 04:57:21,15.182,asleep,40.0,8.167,1,18,0,4.944,17,55.556,39.437,34.783,4,5,54,135,3,3,0,26
2026-05-30 09:01:45,15.184,asleep,41.538,11.803,6,43,0,4.049,34,39.535,43.689,38.776,11,15,81,195,1,4,1,26
2026-05-30 21:04:03,14.913,asleep,42.969,11.446,5,14,0,3.964,28,35.294,41.379,52.778,8,14,55,128,4,2,0,26
2026-05-31 06:42:17,15.562,asleep,50.296,12.95,6,20,1,4.624,29,53.191,52.778,44,13,14,85,169,3,2,1,26
2026-06-05 06:23:16,15.181,asleep,43.137,9.872,3,11,1,4.742,17,44.737,43.478,41.304,5,5,66,153,4,2,0,26
2026-06-05 08:39:16,15.367,asleep,40.625,9.204,6,39,1,4.154,29,47.222,47.887,26.415,10,15,65,160,4,2,0,26
2026-05-13 13:44:45,17.255,Deafness,52.991,15.317,6,11,0,4.226,25,57.692,53.061,50,12,8,62,117,4,2,0,27
2026-05-18 21:53:11,17.44,Deafness,56.962,15.088,14,33,0,3.722,48,64.286,63.492,43.396,20,19,90,158,3,3,0,27
2026-05-20 22:26:33,17.445,Deafness,51.592,14.94,12,34,0,2.951,56,52.632,56.522,44,17,37,81,157,3,3,0,27
2026-05-23 06:57:28,17.451,Deafness,57.937,14.591,5,17,0,4.247,26,67.742,61.818,45,9,13,73,126,1,4,0,27
2026-05-26 08:23:25,17.169,Deafness,62.264,16.897,4,21,3,4.111,44,72.973,62.687,54.545,11,27,99,159,3,2,1,27
2026-05-27 11:00:45,17.252,Deafness,47.887,12.76,2,19,0,4.235,23,45.455,52.632,39.394,4,16,68,142,4,2,0,27
2026-05-29 07:43:45,17.453,Deafness,54.676,15.551,15,30,0,3.026,52,65.517,55.072,46.341,22,24,76,139,2,4,0,27
2026-05-30 04:57:21,17.27,Deafness,56.25,17.069,8,25,0,4.152,43,69.444,57.831,45.614,11,24,99,176,5,1,0,27
2026-05-31 06:42:17,17.252,Deafness,58.791,14.781,5,28,0,4.561,38,65.306,60.227,48.889,11,22,107,182,2,3,1,27
2026-06-05 06:23:16,17.546,Deafness,62.745,19.027,4,11,0,4.135,43,65.789,65.217,56.522,8,27,96,153,4,2,0,27
2026-05-30 04:57:21,19.001,FORTNAYT,54.887,13.57,3,15,0,4.438,28,87.5,51.613,33.333,8,6,73,133,1,5,0,28
2026-05-30 09:01:45,18.646,FORTNAYT,50.694,13.119,6,31,0,4.411,27,54.545,48.571,51.22,10,14,73,144,3,3,0,28
2026-06-01 05:57:19,19.001,FORTNAYT,56.349,17.848,17,25,0,3.042,44,80,54.688,29.63,20,22,71,126,3,3,0,28
2026-06-03 04:26:23,18.659,FORTNAYT,56.863,16.532,5,15,0,3.569,30,71.429,73.333,27.778,6,19,58,102,3,2,0,28
2026-06-03 06:38:37,18.758,FORTNAYT,60.959,19.657,12,23,0,3.551,48,68.421,71.875,38.636,21,24,89,146,3,3,0,28
2026-06-04 07:25:31,18.75,FORTNAYT,53.488,13.234,21,52,0,3.402,56,75.556,50.704,39.286,25,25,92,172,3,2,1,28
2026-06-04 23:57:00,18.851,FORTNAYT,56.463,12.468,7,25,0,4.145,36,66.667,57.534,42.857,10,21,83,147,1,5,0,28
2026-06-05 14:41:15,18.489,FORTNAYT,60.667,15.831,7,23,0,4.033,41,86.667,67.105,31.818,10,21,91,150,3,3,0,28
2026-06-06 04:57:28,18.499,FORTNAYT,55.405,18.005,9,12,0,4.402,30,60.976,59.016,45.652,15,17,82,148,3,3,0,28
2026-06-06 07:47:40,18.502,FORTNAYT,59.119,17.25,12,24,0,3.83,46,74.359,62.821,38.095,14,26,94,159,3,2,1,28
2026-03-30 04:38:23,13.751,revel,48.921,14.267,6,15,0,4.309,27,51.282,48.485,47.059,7,19,68,139,3,3,0,30
2026-05-23 06:57:28,15.5,SakurabaRola,46.032,11.208,4,17,0,4.397,20,41.935,49.091,45,8,8,58,126,1,4,0,31
2026-05-30 04:57:21,15.139,SakurabaRola,42.222,9.322,2,18,1,4.754,22,50,35.211,50,3,8,57,135,3,3,0,31
2026-06-01 18:21:54,15.141,SakurabaRola,39.053,7.611,1,36,1,4.667,23,43.59,35.714,41.304,4,14,66,169,1,3,2,31
2026-06-04 18:25:20,14.896,SakurabaRola,48.299,13.447,9,22,0,3.887,37,56.41,51.515,35.714,14,14,71,147,3,3,0,31
2026-06-05 06:23:16,14.907,SakurabaRola,42.105,11.169,4,18,0,4.422,20,44.681,43.836,34.375,7,8,64,152,1,5,0,31
2026-06-05 17:50:16,14.456,SakurabaRola,42.453,11.337,7,21,0,3.6,24,51.724,37.778,40.625,10,11,45,106,2,3,0,31
2026-06-06 04:57:28,14.216,SakurabaRola,48.649,12.721,3,12,1,4.722,22,51.22,42.623,54.348,7,14,72,148,3,3,0,31
2026-03-25 10:07:16,15.732,beanman87,49.645,11.882,7,15,1,4.429,29,54.545,39.583,55.102,9,12,70,141,3,3,0,32
2026-04-01 14:00:26,15.726,beanman87,43.2,13.285,6,18,2,4.389,21,57.143,33.333,47.5,10,5,54,125,2,4,0,32
2026-04-22 06:15:10,15.505,beanman87,50.515,16.847,6,8,2,3.959,23,58.065,44.737,50,14,7,49,97,4,1,0,32
2026-05-16 04:37:10,15.845,beanman87,51.754,13.65,6,15,0,3.898,25,55.556,45.614,61.905,12,7,59,114,3,2,0,32
2026-05-20 08:34:07,16.06,beanman87,50.0,15.504,13,21,1,3.754,38,52.632,47.761,51.515,16,13,69,138,3,3,0,32
2026-05-21 14:29:56,18.537,Tsui,56.287,15.221,12,30,1,4.128,38,67.568,58.537,43.75,22,14,94,167,3,2,1,33
2026-05-26 13:56:18,18.631,Tsui,45.378,13.9,11,33,1,3.093,36,60,45.312,37.143,17,13,54,119,5,1,0,33
2026-05-27 14:37:10,18.981,Tsui,55.921,19.667,17,29,0,3.141,59,82.143,64.706,32.143,19,29,85,152,3,2,1,33
2026-05-28 18:22:53,19.076,Tsui,55.224,19.073,17,28,0,2.959,51,70.37,56.667,44.681,23,22,74,134,3,3,0,33
2026-05-29 18:24:54,19.077,Tsui,53.939,14.668,9,29,0,3.854,43,61.538,60,41.071,13,23,89,165,2,4,0,33
2026-06-01 18:21:54,18.889,Tsui,53.529,13.652,10,33,0,4.099,41,61.364,61.25,32.609,16,17,91,170,5,0,1,33
2026-06-02 14:21:12,19.334,Tsui,54.815,15.55,4,14,0,4.351,29,62.162,63.158,36.585,6,13,74,135,3,3,0,33
2026-06-03 14:14:56,19.31,Tsui,62.162,15.035,13,18,1,3.681,35,70,73.913,40,16,16,69,111,5,1,0,33
2026-06-05 14:41:15,19.665,Tsui,64.972,15.835,4,28,0,4.174,49,87.755,65.333,43.396,9,28,115,177,3,2,1,33
2026-06-06 14:12:19,19.731,Tsui,55.224,16.914,8,21,0,3.676,43,68.75,59.42,33.333,13,15,74,134,4,2,0,33
2026-04-20 22:24:29,19.664,YuriMeguri,65.741,21.189,13,15,0,3.028,44,83.871,69.767,44.118,18,27,71,108,1,4,0,34
2026-06-05 17:50:16,19.334,YuriMeguri,57.0,18.73,15,24,0,3.018,39,61.111,63.636,47.368,19,12,57,100,5,0,0,34
2026-01-06 14:13:54,12.237,Akaze,26.415,4.895,2,32,4,5.286,10,42.105,20,23.913,2,6,42,159,2,4,0,35
2026-03-19 04:19:23,11.989,Akaze,33.846,7.184,2,13,0,4.841,11,47.368,26.923,30,4,2,44,130,2,4,0,35
2026-03-22 07:43:08,11.585,anonimus_opinion,38.0,8.958,0,16,1,4.807,16,48.485,34.286,36.17,3,8,57,150,2,3,1,36
2026-03-30 04:38:23,11.482,anonimus_opinion,37.5,7.904,1,19,0,4.944,14,52.632,31.081,34.375,4,8,54,144,4,2,0,36
2026-04-11 07:24:55,11.697,anonimus_opinion,44.828,10.228,0,6,0,4.692,17,52.381,52.542,27.778,5,5,52,116,4,2,0,36
2026-04-19 04:54:10,11.916,anonimus_opinion,44.134,7.303,1,15,1,5.38,8,66.667,41.772,31.034,2,2,79,179,5,1,0,36
2026-04-25 06:26:43,12.349,anonimus_opinion,41.935,9.686,2,26,1,4.795,26,51.163,44.578,31.667,5,17,78,186,3,1,2,36
2026-04-28 05:07:35,12.561,anonimus_opinion,38.76,9.016,3,20,0,3.96,20,64,35.484,28.571,8,7,50,129,3,3,0,36
2026-04-30 07:23:58,12.566,anonimus_opinion,40.769,6.947,3,20,0,4.698,17,44.828,43.548,33.333,5,5,53,130,1,5,0,36
2026-05-16 04:37:10,12.122,anonimus_opinion,42.537,8.77,2,27,0,4.421,20,47.826,41.026,42.424,6,9,57,134,2,2,1,36
2026-05-23 06:57:28,12.122,anonimus_opinion,46.087,10.336,1,9,1,4.396,19,63.333,52.083,24.324,6,9,53,115,3,2,0,36
2026-05-25 14:28:52,12.24,anonimus_opinion,49.032,11.655,6,30,0,4.382,29,69.231,47.297,33.333,10,18,76,155,3,3,0,36
2026-05-18 15:08:53,11.7,claydoll1091,37.179,10.094,5,33,0,3.966,29,32.5,46.97,28,12,13,58,156,3,2,1,37
2026-05-18 21:53:11,11.792,claydoll1091,33.858,9.44,8,23,0,3.674,24,33.333,41.379,22.222,12,8,43,127,4,2,0,37
2026-05-19 14:12:22,11.967,claydoll1091,37.143,10.956,6,35,0,3.692,31,22.5,53.571,29.545,11,14,52,140,4,1,1,37
2026-05-20 18:28:10,12.229,claydoll1091,28.058,7.239,4,35,2,4.154,18,20.588,45,11.111,7,6,39,139,3,3,0,37
2026-05-24 19:25:18,12.233,claydoll1091,31.852,7.49,4,22,1,4.558,16,39.13,36.842,23.636,6,2,43,135,4,2,0,37
2026-05-27 11:00:45,12.426,claydoll1091,33.75,8.339,2,27,2,4.574,16,30.769,46.479,18,6,6,54,160,2,4,0,37
2026-05-27 14:37:10,12.237,claydoll1091,31.944,8.453,5,35,1,3.978,23,43.333,31.667,25.926,11,7,46,144,4,2,0,37
2026-05-28 13:55:32,12.393,claydoll1091,29.221,5.727,5,47,0,3.844,24,29.032,34.848,22.807,6,12,45,154,4,2,0,37
2026-06-01 18:21:54,12.571,claydoll1091,34.568,8.524,5,30,1,4.232,26,16.667,45.946,30.769,8,15,56,162,2,3,1,37
2026-06-02 14:21:12,12.477,claydoll1091,29.63,4.231,0,14,0,5.55,6,24.324,38.596,21.951,0,2,40,135,3,3,0,37
2026-05-30 21:04:03,15.625,Diukes,51.754,17.336,7,12,0,3.407,34,55.172,63.636,26.667,12,22,59,114,2,4,0,38
2026-05-31 11:11:49,15.452,Diukes,37.838,9.871,9,29,0,3.821,31,39.024,50.746,15,12,9,56,148,3,2,1,38
2026-06-01 13:46:50,15.551,Diukes,46.154,12.286,7,17,0,3.796,25,46.154,57.627,25,10,15,54,117,5,1,0,38
2026-06-01 18:21:54,15.897,Diukes,55.034,17.406,16,23,0,3.561,44,51.515,72.222,29.545,20,17,82,149,2,4,0,38
2026-06-03 18:55:58,15.733,Diukes,54.762,16.632,11,21,0,3.754,39,54.167,66.667,35.897,17,18,69,126,3,3,0,38
2026-06-04 23:57:00,15.741,Diukes,39.375,11.837,12,35,1,3.492,35,45.238,51.471,18,15,17,63,160,4,2,0,38
2026-06-05 14:41:15,15.93,Diukes,42.675,10.954,7,33,2,4.164,28,29.73,60.759,19.512,10,16,67,157,1,4,1,38
2026-06-05 17:50:16,15.676,Diukes,38.462,10.852,5,24,0,3.45,23,29.412,55.102,21.053,8,13,40,104,3,2,0,38
2026-06-06 07:47:40,15.855,Diukes,48.485,14.164,3,14,0,3.688,37,56.667,62.687,14.286,6,18,64,132,4,2,0,38
2026-06-06 14:12:19,16.021,Diukes,49.219,13.95,5,20,0,3.778,29,75,43.137,29.73,11,13,63,128,2,4,0,38
2026-04-21 18:25:22,7.0,FUCK_AMQ,20.115,2.678,1,43,1,5.057,7,27.66,16.438,18.519,5,3,35,174,2,4,0,40
2026-01-17 10:53:12,15.144,koroshiya,46.154,15.133,8,18,1,4.091,28,54.286,56.164,17.143,11,11,66,143,2,3,1,41
2026-01-23 10:40:06,15.144,koroshiya,43.966,9.765,0,11,0,4.529,16,40,55.556,29.73,7,3,51,116,4,2,0,41
2026-02-02 20:29:58,15.215,koroshiya,49.102,14.828,5,21,2,4.293,32,55.263,61.842,26.415,10,14,82,167,3,3,0,41
2026-02-27 19:13:22,15.091,koroshiya,45.455,11.173,3,16,0,4.26,19,51.515,55.319,23.333,9,5,50,110,4,0,1,41
2026-03-02 11:58:43,15.517,koroshiya,52.482,16.718,11,21,1,4.162,29,50,70.149,23.684,16,10,74,141,4,2,0,41
2026-03-20 19:13:56,15.718,koroshiya,50.34,12.825,5,22,0,4.446,21,55.556,64.179,25,12,5,74,147,3,3,0,41
2026-03-22 07:43:08,15.7,koroshiya,41.333,11.268,4,16,1,4.565,20,36.364,50,31.915,6,8,62,150,2,3,1,41
2026-05-14 21:21:37,15.607,koroshiya,53.793,14.184,3,17,1,4.41,24,75.758,66.129,24,6,14,78,145,3,2,0,41
2026-05-15 17:46:44,15.701,koroshiya,44.231,13.065,7,17,0,3.565,28,54.167,47.917,31.25,16,9,46,104,3,2,0,41
2026-05-24 19:25:18,15.898,koroshiya,47.024,11.768,6,30,0,4.38,35,41.379,64.103,27.869,9,19,79,168,1,4,1,41
2026-01-12 05:30:57,13.5,Nicole,44.086,11.085,2,5,0,4.073,18,47.619,43.182,42.857,6,6,41,93,3,2,0,44
2026-03-27 19:09:40,13.611,Nicole,32.692,7.061,1,27,2,4.647,17,36.111,32.812,30.357,6,7,51,156,2,4,0,44
2026-04-01 14:00:26,13.374,Nicole,36.22,11.396,7,22,0,4.63,17,54.545,32.075,26.829,10,5,46,127,2,4,0,44
2026-05-07 07:15:21,13.134,Nicole,36.313,8.655,4,29,1,4.215,26,45.714,32.967,35.849,5,11,65,179,3,2,1,44
2026-05-10 12:17:28,12.236,Orfey,29.851,7.907,4,28,0,4.0,18,29.167,27.586,32.692,9,7,40,134,4,2,0,46
2026-05-11 18:11:15,12.436,Orfey,40.206,8.873,3,12,0,4.538,13,45.455,43.137,29.167,4,5,39,97,2,4,0,46
2026-05-13 16:03:02,12.244,Orfey,41.844,11.577,3,20,1,3.983,29,61.111,33.898,36.957,14,7,59,141,5,1,0,46
2026-05-15 17:46:44,12.618,Orfey,34.821,10.819,9,23,0,3.333,23,46.429,30,32.353,12,8,39,112,1,4,0,46
2026-05-16 13:47:04,12.045,Orfey,31.081,8.232,3,29,0,4.37,19,44,32.5,20.93,6,8,46,148,2,4,0,46
2026-05-17 15:14:41,11.876,Orfey,34.783,8.08,5,21,0,4.982,18,50,30.263,28.889,7,8,56,161,3,3,0,46
2026-05-27 11:00:45,11.876,Orfey,37.748,9.838,2,16,1,4.351,20,53.333,39.189,25.532,6,3,57,151,3,3,0,46
2026-05-28 10:37:26,11.871,Orfey,36.0,9.944,7,33,1,3.444,26,47.826,39.726,17.241,13,5,45,125,4,2,0,46
2026-05-29 13:51:29,12.056,Orfey,33.962,7.219,4,24,0,3.556,20,50,35,22.5,7,7,36,106,3,3,0,46
2026-06-05 06:23:16,12.039,Orfey,33.987,8.473,3,11,1,4.712,17,39.474,33.333,30.435,4,6,52,153,4,2,0,46
2026-05-02 09:39:52,10.999,Renzou,27.66,7.803,6,25,0,4.179,14,42.857,19.355,27.273,8,2,39,141,3,3,0,47
2026-05-06 23:26:01,10.992,Renzou,39.865,10.183,13,43,1,3.525,30,51.429,27.273,48.936,21,3,59,148,5,1,0,47
2026-05-09 06:27:18,11.373,Renzou,45.946,11.29,8,21,0,4.294,24,46.667,52.941,36,12,8,68,148,4,2,0,47
2026-05-14 21:21:37,11.373,Renzou,43.448,8.957,1,17,0,4.857,15,54.545,45.161,34,3,3,63,145,3,2,0,47
2026-05-16 04:37:10,11.457,Renzou,39.815,6.335,1,27,0,5.116,12,59.259,34.694,31.25,5,3,43,108,3,2,0,47
2026-05-23 06:57:28,11.663,Renzou,48.718,10.845,4,19,1,4.544,17,41.379,50.909,51.515,9,5,57,117,4,1,0,47
2026-05-25 07:30:37,11.943,Renzou,29.412,8.239,4,25,0,3.943,16,30.303,26.531,32.432,4,8,35,119,5,1,0,47
2026-05-30 04:57:21,12.321,Renzou,41.481,11.401,3,18,0,4.482,23,44.444,43.662,36.957,5,9,56,135,3,3,0,47
2026-05-31 06:42:17,12.321,Renzou,41.772,8.586,2,20,0,4.833,15,60,40.506,32.653,9,5,66,158,3,3,0,47
2026-06-06 04:57:28,12.332,Renzou,46.497,10.65,4,15,0,5.068,19,44.444,41.429,57.143,9,8,73,157,3,2,1,47
2026-01-24 11:00:37,18.021,accelerator11,51.695,14.978,6,15,0,3.705,31,84.615,47.17,35.897,10,19,61,118,0,6,0,49
2026-01-29 16:37:47,17.443,accelerator11,48.936,14.845,12,20,0,3.239,27,88,44.444,24.242,16,10,46,94,4,1,0,49
2026-01-31 08:22:55,17.715,accelerator11,49.655,16.275,11,17,0,4.111,34,78.947,37.143,43.243,12,19,72,145,4,0,1,49
2026-02-04 12:07:51,18.113,accelerator11,47.333,15.3,11,31,0,3.577,42,78.125,44.776,31.373,14,20,71,150,2,4,0,49
2026-06-03 04:26:23,17.936,accelerator11,52.033,15.949,11,19,3,3.797,33,87.879,41.304,36.364,13,15,64,123,2,3,0,49
2026-06-03 06:38:37,17.845,accelerator11,51.938,17.675,9,14,0,3.403,37,82.143,42.623,45,20,14,67,129,4,2,0,49
2026-06-03 18:55:58,18.019,accelerator11,42.763,11.788,8,29,0,3.985,33,74.194,38.75,26.829,9,16,65,152,3,2,1,49
2026-06-05 06:23:16,18.098,accelerator11,54.305,17.948,8,11,1,4.049,36,94.737,46.154,33.333,13,16,82,151,3,2,1,49
2026-06-05 17:50:16,18.188,accelerator11,47.727,14.008,10,27,0,3.317,41,69.565,45.902,39.583,15,22,63,132,4,1,0,49
2026-06-06 04:57:28,18.745,accelerator11,48.507,16.321,7,12,2,4.415,30,64.706,45.614,39.535,9,14,65,134,0,6,0,49
2026-04-22 10:47:24,16.637,Sniparook,49.112,13.876,8,28,0,3.94,41,38.235,64.789,37.5,12,18,83,169,4,1,1,50
2026-04-23 10:37:04,16.904,Sniparook,51.705,13.715,8,34,0,4.011,40,48.649,60.714,40,13,20,91,176,2,2,2,50
2026-04-24 04:52:40,16.889,Sniparook,56.618,15.598,8,25,0,3.429,49,61.111,60,47.5,10,31,77,136,1,4,1,50
2026-04-26 04:32:57,16.622,Sniparook,51.429,15.023,7,13,1,4.389,32,51.429,56.897,44.681,13,11,72,140,4,1,1,50
2026-05-16 04:37:10,16.88,Sniparook,62.963,17.016,7,22,0,3.894,46,67.857,67.647,51.282,13,28,85,135,1,3,1,50
2026-05-16 10:16:26,16.54,Sniparook,53.216,13.82,4,19,0,4.198,38,45.652,59.036,50,6,19,91,171,3,3,0,50
2026-05-18 06:06:48,16.552,Sniparook,52.381,15.182,12,24,0,4.351,31,57.692,57.971,42.308,16,11,77,147,2,4,0,50
2026-05-31 06:42:17,16.38,Sniparook,52.98,14.557,6,22,0,4.287,31,47.222,60.563,45.455,12,10,80,151,3,3,0,50
2026-06-03 04:26:23,16.366,Sniparook,58.333,16.401,8,13,0,3.968,32,50,68.627,48.571,8,17,63,108,3,2,0,50
2026-06-06 04:57:28,16.449,Sniparook,57.325,14.344,4,15,1,4.756,27,53.333,61.429,54.762,10,13,90,157,3,2,1,50
2026-05-18 11:01:47,14.468,Chata,48.592,14.983,15,31,0,3.087,45,46.429,49.18,49.057,19,17,69,142,2,3,1,51
2026-05-19 14:12:22,14.394,Chata,45.238,11.463,6,23,0,4.07,28,46.154,46.667,42.5,13,13,57,126,3,3,0,51
2026-05-20 14:25:13,14.392,Chata,40.517,7.782,2,23,1,4.426,18,26.087,40.351,50,5,10,47,116,2,3,0,51
2026-05-21 14:29:56,14.296,Chata,46.0,10.612,5,24,1,4.464,28,45.946,46.269,45.652,9,12,69,150,3,3,0,51
2026-05-24 13:57:54,14.29,Chata,46.296,12.02,11,23,0,3.86,24,50,43.75,50,14,9,50,108,4,1,0,51
2026-05-25 12:49:49,14.562,Chata,41.667,12.438,9,21,0,3.74,25,47.222,38.596,40.741,10,11,50,120,3,3,0,51
2026-05-26 08:23:25,14.57,Chata,44.318,10.569,7,22,3,4.603,25,53.659,41.772,41.071,7,10,78,176,2,3,1,51
2026-05-27 11:00:45,14.482,Chata,50.355,13.871,9,20,0,4.479,19,40,56.716,47.727,10,5,71,141,3,3,0,51
2026-05-30 09:01:45,14.485,Chata,44.654,8.937,4,24,0,4.831,16,51.163,37.662,51.282,6,5,71,159,1,4,1,51
2026-06-01 13:46:50,14.219,Chata,47.541,11.629,7,17,0,3.983,25,54.545,42,48.718,11,8,58,122,2,3,1,51
2026-05-08 18:02:51,16.789,Thaleko,57.377,14.249,7,13,1,3.986,30,81.25,50,47.059,11,14,70,122,4,1,0,52
2026-05-09 10:11:56,17.082,Thaleko,46.386,14.563,6,26,0,4.299,32,62.857,39.506,46,12,15,77,166,1,2,3,52
2026-05-14 14:18:15,16.971,Thaleko,56.028,14.479,5,31,0,4.127,35,54.839,54.167,60.526,15,15,79,141,5,1,0,52
2026-05-14 21:21:37,17.367,Thaleko,53.913,16.9,7,16,0,4.161,20,63.333,55.319,44.737,11,5,62,115,3,2,0,52
2026-05-16 10:16:26,17.471,Thaleko,52.713,17.047,8,13,0,3.794,32,53.333,50.877,54.762,10,17,68,129,3,3,0,52
2026-05-18 11:01:47,17.466,Thaleko,57.759,16.618,13,18,0,3.254,38,58.333,60.345,52.941,17,22,67,116,1,4,1,52
2026-05-22 21:04:09,17.176,Thaleko,47.333,13.771,12,35,0,3.761,38,55.556,51.515,35.417,17,19,71,150,1,4,0,52
2026-05-25 12:49:49,16.875,Thaleko,47.826,12.528,3,21,0,3.727,32,56.098,44.615,43.75,9,16,66,138,4,2,0,52
2026-05-27 11:00:45,17.065,Thaleko,53.901,13.266,4,20,0,4.553,22,60,59.701,40.909,6,10,76,141,3,3,0,52
2026-05-29 18:24:54,17.068,Thaleko,50.0,16.352,12,27,0,3.507,42,51.613,53.623,43.478,14,20,73,146,5,1,0,52
2026-04-28 14:08:03,13.869,Lika,36.066,9.576,5,29,0,3.977,23,26.667,29.412,51.22,8,14,44,122,2,2,1,58
2026-04-29 09:20:39,13.864,Lika,34.146,8.125,8,33,0,3.738,22,33.333,33.898,35.294,8,10,42,123,1,5,0,58
2026-04-29 18:16:04,13.481,Lika,33.793,7.991,8,34,0,3.612,26,39.474,28.788,36.585,11,11,49,145,1,5,0,58
2026-05-02 09:39:52,13.102,Lika,30.303,9.637,8,22,2,4.2,17,33.333,31.429,25.714,8,7,40,132,1,5,0,58
2026-05-04 18:44:00,12.721,Lika,37.008,10.201,7,18,1,3.894,22,40,34.328,40,11,9,47,127,2,3,0,58
2026-05-10 12:17:28,12.619,Lika,33.871,10.682,8,16,0,3.69,23,43.478,33.333,28.947,11,8,42,124,2,4,0,58
2026-05-11 10:54:27,12.43,Lika,31.008,9.157,11,31,0,3.35,26,33.333,26.316,35.556,13,10,40,129,1,4,1,58
2026-05-14 14:18:15,12.145,Lika,33.553,7.567,3,29,0,4.529,20,28.571,32.857,38.298,10,6,51,152,3,2,1,58
2026-05-28 10:37:26,12.236,Lika,23.0,7.226,6,28,0,3.652,14,13.636,12.766,45.161,10,4,23,100,0,6,0,58
2026-05-31 11:11:49,11.665,Lika,42.029,10.808,8,22,0,3.897,30,42.424,48.529,29.73,15,9,58,138,3,2,1,58
2026-05-14 07:57:04,11.495,neoburnz,52.874,12.357,9,39,0,4.348,38,50,58.824,48.438,14,17,92,174,5,1,0,59
2026-05-15 17:46:44,11.495,neoburnz,39.286,8.922,2,33,0,3.864,23,51.852,34.921,36.364,10,13,44,112,2,3,0,59
2026-05-17 09:37:26,11.323,neoburnz,50.549,13.38,3,10,0,4.065,20,43.75,52.083,51.852,10,4,46,91,3,3,0,59
2026-05-20 14:25:13,11.317,neoburnz,42.857,8.822,5,28,0,4.204,22,34.375,44.643,47.368,8,10,54,126,5,0,0,59
2026-05-24 13:57:54,11.765,neoburnz,41.667,8.859,3,29,0,4.111,21,31.818,49.02,37.143,4,13,45,108,3,2,0,59
2026-05-26 13:56:18,11.858,neoburnz,40.323,8.789,7,28,0,4.02,18,43.75,27.083,52.273,8,7,50,124,2,4,0,59
2026-06-01 18:21:54,11.687,neoburnz,44.118,9.583,5,33,0,4.453,29,50,51.25,26.087,11,8,75,170,5,0,1,59
2026-06-03 14:14:56,12.13,neoburnz,48.171,9.271,6,44,0,4.0,31,56.25,45.455,44,14,15,79,164,2,3,1,59
2026-06-03 18:55:58,12.051,neoburnz,40.299,8.13,3,24,1,4.537,18,33.333,36.364,51.22,7,12,54,134,2,4,0,59
2026-06-05 17:50:16,11.886,neoburnz,48.361,10.242,3,23,0,4.017,27,46.875,50.98,46.154,9,16,59,122,1,4,0,59
2026-04-28 14:08:03,8.309,Yokipi,27.869,5.16,2,29,0,4.706,11,33.333,19.608,34.146,4,5,34,122,2,2,1,64
2026-04-29 18:16:04,8.304,Yokipi,28.276,5.85,4,34,0,3.878,20,28.947,18.182,43.902,7,7,41,145,1,5,0,64
2026-04-30 14:25:20,7.949,Yokipi,30.0,5.69,5,36,0,4.356,19,30.233,23.077,40.476,6,8,45,150,3,2,1,64
2026-05-01 21:20:47,8.06,Yokipi,39.216,10.944,5,30,0,3.4,36,37.209,30,52,15,13,60,153,3,2,1,64
2026-05-05 18:37:55,8.141,Yokipi,22.727,5.101,2,21,0,4.0,11,26.923,10.169,48,5,5,25,110,4,2,0,64
2026-05-11 08:22:11,8.337,Yokipi,29.927,4.799,2,36,0,4.463,17,38.462,20.968,36.111,6,6,41,137,3,3,0,64
2026-05-12 09:38:12,8.319,Yokipi,25.714,3.365,1,39,0,4.611,9,43.243,12.676,34.375,4,5,36,140,3,3,0,64
2026-05-18 11:01:47,8.319,Yokipi,29.688,5.633,4,28,0,4.5,13,26.087,21.818,40,6,5,38,128,3,2,1,64
2026-05-19 14:12:22,8.404,Yokipi,29.365,5.673,2,23,0,4.703,14,26.923,21.667,42.5,6,3,37,126,3,3,0,64
2026-05-21 07:13:01,8.402,Yokipi,33.043,5.811,3,21,0,4.711,11,30.303,27.586,50,5,5,38,115,2,4,0,64
2026-01-17 00:37:47,11.901,Baguett,46.023,10.154,9,39,0,3.765,39,77.273,37.931,31.111,12,25,81,176,1,3,2,65
2026-02-02 00:40:03,11.704,Baguett,36.538,6.9,3,39,0,4.825,20,69.231,27.273,23.529,5,6,57,156,1,5,0,65
2026-02-07 22:12:56,11.281,Baguett,43.609,9.153,3,20,0,4.345,20,67.647,35.714,34.884,7,13,58,133,2,4,0,65
2026-02-09 18:53:08,11.071,Baguett,38.053,10.586,6,17,0,3.953,20,61.905,33.333,31.707,9,11,43,113,4,1,0,65
2026-02-16 18:20:23,11.385,Baguett,43.293,9.064,5,34,0,3.845,39,69.444,38.554,31.111,7,17,71,164,3,3,0,65
2026-03-01 17:42:33,11.38,Baguett,50.413,10.85,2,24,0,4.098,28,61.538,50,44.186,4,21,61,121,2,3,0,65
2026-03-12 22:28:14,11.274,Baguett,36.709,8.072,2,34,0,4.414,22,51.613,32.53,34.091,7,9,58,158,2,4,0,65
2026-04-18 16:41:41,11.069,Baguett,49.242,13.858,8,19,0,4.0,29,67.742,46.774,38.462,12,14,65,132,3,3,0,65
2026-05-09 21:18:01,11.089,Baguett,38.235,12.09,6,17,1,3.962,25,63.333,31.746,30.233,11,12,52,136,4,2,0,65
2026-05-17 15:14:41,11.279,Baguett,47.205,10.552,4,21,2,4.763,26,67.5,39.474,42.222,6,17,76,161,3,3,0,65
2026-02-04 13:43:18,10.225,bamboo,31.405,7.438,0,26,0,3.921,19,48.276,27.586,23.529,5,8,38,121,2,4,0,66
2026-03-05 09:50:08,10.007,bamboo,33.099,6.895,4,37,2,4.34,16,30.556,29.825,38.776,7,10,47,142,2,4,0,66
2026-03-22 07:43:08,9.8,bamboo,31.333,7.246,2,16,1,4.936,11,27.273,24.286,44.681,5,8,47,150,2,3,1,66
2026-03-30 04:38:23,9.71,bamboo,26.241,5.067,0,20,0,4.865,10,28.947,21.538,31.579,2,2,37,141,1,5,0,66
2026-04-06 04:10:38,9.309,bamboo,28.261,6.645,4,25,0,4.154,17,36.667,13.725,36.842,5,6,39,138,1,5,0,66
2026-04-14 05:05:01,8.904,bamboo,32.0,6.697,3,20,0,4.725,14,40.541,27.869,29.63,5,2,40,125,4,1,0,66
2026-04-29 09:20:39,9.196,bamboo,30.882,5.404,3,35,0,4.429,17,33.333,28.571,31.915,4,11,42,136,4,2,0,66
2026-05-02 09:39:52,9.392,bamboo,32.576,7.463,3,22,0,4.674,12,33.333,28.571,40,7,5,43,132,1,5,0,66
2026-05-05 14:09:04,9.008,bamboo,25.806,4.663,1,28,0,4.906,9,27.273,23.913,26.667,5,0,32,124,2,3,0,66
2026-05-12 18:15:50,8.915,bamboo,30.328,4.189,2,21,1,5.135,7,32.353,25,36.111,5,3,37,122,3,1,1,66
2026-04-14 05:05:01,9.0,DKing20,17.708,3.219,0,17,1,4.588,5,20,15.217,20,2,2,17,96,2,3,0,67
2026-05-07 07:15:21,8.88,DKing20,21.774,3.018,0,15,0,5.222,6,41.935,14.815,15.385,1,1,27,124,1,5,0,67
2026-05-15 07:01:20,8.414,DKing20,18.75,1.927,0,41,0,5.37,7,36.667,12.121,16.667,5,0,27,144,2,4,0,67
2026-05-16 04:37:10,8.158,DKing20,22.222,2.378,0,27,1,5.917,5,37.037,14.286,21.875,2,0,24,108,3,2,0,67
2026-05-04 18:44:00,7.86,EruisKawaii,18.75,3.029,0,20,0,4.857,5,30,15.909,13.158,1,4,21,112,0,5,0,68
2026-02-04 13:43:18,11.876,Jube,28.099,6.805,3,26,0,4.0,14,48.276,20.69,23.529,7,5,34,121,2,4,0,69
2026-01-17 22:50:02,11.854,MahiruShiina,28.571,7.375,7,36,1,3.775,20,35.714,32.308,19.149,12,4,40,140,4,2,0,70
2026-02-27 19:13:22,12.039,MahiruShiina,25.0,6.611,2,13,1,4.286,9,50,19.565,25,4,4,21,84,2,3,0,70
2026-03-28 15:30:09,11.934,MahiruShiina,36.364,6.419,3,20,0,5.023,12,54.545,26,34.211,4,7,44,121,1,5,0,70
2026-04-03 06:41:19,11.535,MahiruShiina,39.241,9.025,5,26,2,5.0,17,44.118,30.263,50,7,8,62,158,5,1,0,70
2026-04-13 04:24:01,11.936,MahiruShiina,25.564,7.764,2,13,0,4.059,16,12.903,27.941,32.353,6,4,34,133,2,3,1,70
2026-04-14 05:05:01,11.84,MahiruShiina,33.858,7.263,1,19,0,4.488,13,42.857,33.333,23.077,7,4,43,127,2,3,0,70
2026-05-02 23:23:31,11.736,MahiruShiina,31.148,7.293,8,32,0,4.053,15,30.769,32.258,29.412,10,5,38,122,1,3,1,70
2026-06-05 17:50:16,11.532,MahiruShiina,31.356,6.527,3,24,1,4.27,17,44.828,24.49,30,7,7,37,118,3,2,0,70
2026-06-06 04:57:28,11.725,MahiruShiina,32.432,8.073,2,12,4,4.854,15,29.268,27.869,41.304,8,7,48,148,3,3,0,70
2026-06-06 14:12:19,11.728,MahiruShiina,27.857,7.347,6,26,1,4.256,12,21.622,29.851,30.556,7,6,39,140,4,2,0,70
2026-04-19 09:37:53,10.379,ruuka,33.663,6.507,0,12,0,4.676,9,47.826,30.233,28.571,1,6,34,101,1,4,0,72
2026-04-28 14:08:03,10.116,ruuka,29.204,7.817,4,28,0,3.788,17,28,25.424,37.931,10,4,33,113,1,3,1,72
2026-05-02 23:23:31,9.922,ruuka,27.419,4.994,1,38,0,4.441,14,52,17.742,27.027,4,5,34,124,1,2,2,72
2026-05-04 06:27:59,9.84,ruuka,30.534,5.675,2,27,0,4.125,15,45.455,16.667,39.474,4,9,40,131,2,4,0,72
2026-05-09 06:27:18,9.657,ruuka,30.702,6.14,1,15,1,4.486,12,37.037,24.528,35.294,2,6,35,114,2,4,0,72
2026-05-09 10:11:56,9.481,ruuka,29.605,4.437,0,19,0,5.422,6,47.059,23.377,26.829,1,2,45,152,1,5,0,72
2026-05-16 13:47:04,9.301,ruuka,23.232,5.693,0,13,0,4.261,9,25,21.875,26.087,2,4,23,99,3,3,0,72
2026-06-02 14:21:12,9.298,ruuka,35.2,7.119,1,11,2,5.091,11,47.619,28.889,28.947,6,5,44,125,4,2,0,72
2026-06-05 14:41:15,9.482,ruuka,44.633,8.265,5,28,0,4.797,20,57.143,42.667,35.849,10,2,79,177,3,2,1,72
2026-06-06 07:47:40,9.549,ruuka,31.061,8.298,6,14,0,4.195,18,40,20.896,42.857,7,6,41,132,4,2,0,72
2026-03-25 22:25:20,15.52,comfv,33.588,7.596,1,21,0,4.636,14,77.778,26.866,13.514,4,5,44,131,2,4,0,76
2026-03-26 13:51:53,15.52,comfv,39.024,9.039,1,27,0,4.562,21,80,25.333,31.481,8,9,64,164,4,2,0,76
2026-03-27 19:09:40,15.511,comfv,33.775,7.39,3,31,0,4.765,17,73.077,30,20,7,5,51,151,4,2,0,76
2026-04-01 14:00:26,15.754,comfv,40.0,11.127,5,18,0,4.7,17,89.286,31.579,17.5,8,5,50,125,2,4,0,76
2026-04-02 18:30:27,15.538,comfv,48.12,11.558,6,21,0,4.422,21,89.189,41.935,14.706,8,7,64,133,2,3,0,76
2026-04-05 17:46:11,15.412,comfv,51.773,14.12,8,19,1,4.329,30,88.889,38.095,27.273,11,15,73,141,3,2,0,76
2026-04-09 00:14:04,15.532,comfv,51.205,14.767,10,16,1,4.035,39,91.892,40.244,38.298,13,15,85,166,5,1,0,76
2026-04-10 21:38:08,15.961,comfv,46.584,12.536,2,21,1,4.347,30,86.957,30.435,30.435,9,14,75,161,4,2,0,76
2026-05-28 10:37:26,16.185,comfv,37.594,9.411,8,36,0,3.92,22,81.481,22.727,32.5,11,16,50,133,6,0,0,76
2026-06-03 06:38:37,16.814,comfv,45.736,13.364,5,14,0,3.78,27,85.714,39.344,27.5,16,6,59,129,4,2,0,76
2026-03-27 19:09:40,9.566,neptune,35.256,7.846,2,27,1,4.636,18,36.111,28.125,42.857,10,6,55,156,2,4,0,77
2026-03-28 22:07:01,9.345,neptune,32.143,6.533,3,18,0,4.889,8,27.027,36.957,31.034,6,2,36,112,2,3,0,77
2026-03-30 04:38:23,9.223,neptune,30.128,4.887,0,20,0,5.426,11,36.364,24.096,37.5,2,4,47,156,4,2,0,77
2026-04-09 00:14:04,9.418,neptune,30.935,5.988,1,18,0,4.744,12,42.424,25,31.579,5,3,43,139,2,3,1,77
2026-04-09 18:12:32,9.303,neptune,41.481,7.836,2,24,0,4.625,18,51.351,38.889,36.364,6,2,56,135,3,1,1,77
2026-04-20 22:24:29,9.512,neptune,28.788,6.578,5,28,0,4.132,16,36,25.424,29.167,9,4,38,132,1,4,0,77
2026-05-09 21:18:01,9.186,neptune,26.891,6.765,1,24,0,4.531,11,39.13,26.866,17.241,3,8,32,119,2,4,0,77
2026-05-17 07:27:17,8.977,neptune,31.667,5.46,3,37,1,4.184,14,43.478,26.786,31.707,7,3,38,120,3,2,0,77
2026-05-20 22:26:33,9.09,neptune,30.38,6.119,2,33,0,3.833,25,29.73,33.333,25.581,5,11,48,158,6,0,0,77
2026-05-24 19:25:18,9.706,neptune,32.143,6.678,2,30,3,4.833,18,37.931,24.359,39.344,3,11,54,168,1,4,1,77
2026-04-27 05:23:52,11.411,doomchicken,38.739,9.197,8,20,2,3.442,22,42.857,38.182,35.714,12,7,43,111,3,3,0,78
2026-05-04 06:27:59,11.404,doomchicken,44.915,12.364,9,26,0,3.264,33,39.394,42.308,54.545,18,10,53,118,3,3,0,78
2026-05-06 05:45:40,11.41,doomchicken,34.615,6.906,1,1,0,4.972,10,43.478,27.273,42.308,3,4,36,104,3,3,0,78
2026-05-09 06:27:18,11.403,doomchicken,42.105,9.469,3,15,0,4.271,19,62.963,35.849,35.294,5,5,48,114,2,4,0,78
2026-05-16 04:37:10,11.403,doomchicken,28.846,5.386,0,22,0,4.467,8,42.857,20.408,29.63,2,5,30,104,3,2,0,78
2026-05-17 07:27:17,11.573,doomchicken,38.889,8.088,5,24,0,3.829,17,40.909,38.462,37.931,9,4,35,90,3,2,0,78
2026-05-25 07:30:37,11.664,doomchicken,29.412,8.074,3,25,1,3.943,15,36.364,26.531,27.027,4,10,35,119,5,1,0,78
2026-05-27 04:53:54,12.046,doomchicken,30.827,6.232,0,13,0,4.805,12,30.435,32.857,27.5,2,7,41,133,2,4,0,78
2026-06-03 06:38:37,11.852,doomchicken,36.364,8.268,4,25,2,4.519,17,31.25,34.848,42.222,9,7,52,143,3,3,0,78
2026-06-06 04:57:28,11.859,doomchicken,41.135,11.016,2,11,0,4.534,19,45,32.258,51.282,10,4,58,141,5,0,1,78
2026-05-26 08:23:25,12.142,JuliAless64,40.341,6.747,2,22,0,5.141,15,58.537,27.848,44.643,3,5,71,176,2,3,1,79
2026-05-27 04:53:54,12.054,JuliAless64,36.09,8.13,0,13,0,4.542,17,34.783,42.857,25,3,10,48,133,2,4,0,79
2026-05-30 09:01:45,11.871,JuliAless64,45.283,8.592,3,24,1,4.889,16,58.14,44.156,33.333,3,8,72,159,1,4,1,79
2026-05-30 21:04:03,11.604,JuliAless64,45.217,11.287,3,9,0,4.058,21,54.545,39.344,50,11,4,52,115,3,3,0,79
2026-05-31 06:42:17,12.054,JuliAless64,41.758,7.13,1,28,2,5.224,16,57.143,38.636,31.111,4,5,76,182,2,3,1,79
2026-06-03 04:26:23,11.521,JuliAless64,33.621,6.408,0,15,0,4.513,10,60,25.806,27.586,4,10,39,116,4,1,0,79
2026-06-03 06:38:37,11.788,JuliAless64,41.781,10.554,2,23,0,4.066,25,34.211,35.938,56.818,12,7,61,146,3,3,0,79
2026-06-04 23:57:00,11.78,JuliAless64,45.0,11.153,9,35,0,3.889,33,45.238,44.118,46,13,13,72,160,4,2,0,79
2026-06-06 04:57:28,11.968,JuliAless64,36.567,7.653,1,12,0,5.306,14,41.176,29.825,41.86,5,9,49,134,0,6,0,79
2026-06-06 07:47:40,11.439,JuliAless64,39.766,9.359,5,24,0,4.279,30,41.86,42.222,31.579,6,16,68,171,2,3,1,79
2026-05-14 07:57:04,11.087,moosepi,38.506,5.559,1,39,0,5.209,18,52.381,35.294,32.812,7,5,67,174,5,1,0,80
2026-05-17 07:27:17,11.087,moosepi,35.556,5.593,1,24,0,4.312,12,40.909,35.897,31.034,6,2,32,90,3,2,0,80
2026-05-18 06:06:48,11.178,moosepi,38.095,7.111,2,24,0,5.143,14,57.692,34.783,32.692,7,4,56,147,2,4,0,80
2026-05-21 07:13:01,10.997,moosepi,37.273,8.326,8,23,0,4.293,15,54.545,30.769,36.111,9,4,41,110,2,4,0,80
2026-05-23 06:57:28,10.817,moosepi,43.697,9.632,3,18,0,4.558,15,51.515,45.283,33.333,7,5,52,119,0,5,0,80
2026-05-27 11:00:45,10.335,moosepi,35.625,8.74,4,27,0,4.632,14,41.026,42.254,22,5,8,57,160,2,4,0,80
2026-05-31 06:42:17,10.335,moosepi,39.241,9.261,3,20,0,4.645,21,63.333,34.177,32.653,8,8,62,158,3,3,0,80
2026-06-03 04:26:23,10.143,moosepi,38.235,9.14,4,15,0,4.077,14,38.095,44.444,30.556,6,2,39,102,3,2,0,80
2026-06-03 06:38:37,10.246,moosepi,37.762,6.377,2,25,0,4.963,9,50,36.364,31.111,6,5,54,143,3,3,0,80
2026-06-04 07:25:31,10.253,moosepi,35.172,6.106,7,42,0,4.333,18,40,35.294,30.952,10,9,51,145,3,3,0,80
2026-02-02 09:29:42,9.486,Pile,29.452,6.118,5,32,0,3.93,21,52.632,22.581,19.565,7,9,43,146,6,0,0,81
2026-03-07 00:48:43,10.154,Pile,38.194,8.176,3,23,0,4.491,17,65,26.761,30.303,4,9,55,144,3,3,0,81
2026-04-21 10:13:47,10.131,Pile,40.336,7.732,3,17,1,4.938,12,65.714,41.176,12.121,5,4,48,119,3,2,0,81
2026-05-20 08:34:07,10.242,Pile,30.147,6.395,1,23,0,4.39,16,48.571,28.358,14.706,6,5,41,136,2,4,0,81
2026-03-04 14:45:10,9.874,ShiinaMahiru,31.977,5.49,3,43,0,4.891,13,42.5,27.273,30.909,4,7,55,172,3,2,1,82
2026-03-06 05:51:01,9.965,ShiinaMahiru,36.306,6.816,2,21,0,5.035,13,45.714,31.169,37.778,5,6,57,157,3,3,0,82
2026-04-20 05:13:11,9.933,ShiinaMahiru,39.216,8.06,0,12,0,4.583,15,43.59,33.803,44.186,7,8,60,153,4,1,1,82
2026-05-03 13:50:06,10.254,ShiinaMahiru,26.984,6.082,2,24,0,4.206,15,36.364,23.81,23.333,8,2,34,126,4,1,0,82
2026-05-22 14:23:24,13.164,Milar,43.443,12.173,5,24,0,3.887,28,80.645,26.786,37.143,9,11,53,122,4,2,0,83
2026-05-24 13:57:54,13.338,Milar,44.144,10.05,7,26,0,4.102,23,76.923,40.385,24.242,8,8,49,111,2,3,0,83
2026-05-25 14:28:52,13.243,Milar,41.509,9.808,6,31,0,4.424,28,70.732,32.877,28.889,13,8,66,159,4,2,0,83
2026-05-26 18:30:52,13.427,Milar,43.056,11.676,4,17,0,4.048,29,67.391,29.032,36.111,7,18,62,144,2,3,1,83
2026-05-28 16:09:41,13.343,Milar,42.969,13.293,8,27,2,3.527,31,74.074,38.095,28.947,15,9,55,128,4,2,0,83
2026-05-31 11:11:49,13.527,Milar,47.826,12.212,8,22,0,3.848,35,66.667,48.529,29.73,16,12,66,138,3,2,1,83
2026-06-01 13:46:50,13.601,Milar,51.639,12.887,6,17,1,3.857,30,72.727,46,41.026,10,13,63,122,2,3,1,83
2026-06-02 14:21:12,13.508,Milar,45.926,11.234,3,14,0,4.694,21,59.459,43.86,36.585,4,9,62,135,3,3,0,83
2026-06-05 17:50:16,13.483,Milar,41.27,8.127,3,28,0,4.288,22,67.742,31.667,34.286,5,11,52,126,1,4,0,83
2026-06-06 14:12:19,12.959,Milar,39.062,9.381,3,20,0,4.14,19,70,21.569,29.73,5,7,50,128,2,4,0,83
2026-05-26 08:23:25,13.585,Alkios,39.024,8.291,3,16,0,4.75,21,60.465,33.824,28.302,5,9,64,164,3,2,1,84
2026-05-27 11:00:45,13.684,Alkios,35.915,8.814,3,19,0,4.529,14,57.576,32.895,21.212,6,5,51,142,4,2,0,84
2026-05-28 10:37:26,13.876,Alkios,42.466,8.972,7,41,0,4.048,24,75,38.235,26.087,10,12,62,146,2,4,0,84
2026-05-28 16:09:41,13.699,Alkios,39.007,10.307,6,42,0,3.964,26,69.697,36.364,22.642,9,13,55,141,3,3,0,84
2026-05-29 07:43:45,13.688,Alkios,34.752,9.495,11,37,0,3.143,32,61.538,30.667,25,15,15,49,141,3,3,0,84
2026-05-29 13:51:29,13.697,Alkios,45.07,10.176,12,32,1,3.609,37,69.697,39.394,34.884,15,16,64,142,4,2,0,84
2026-05-29 18:24:54,13.889,Alkios,35.714,9.319,5,30,1,4.036,25,66.667,22.727,28.571,10,12,55,154,2,4,0,84
2026-05-31 11:11:49,13.722,Alkios,35.252,8.482,6,28,0,3.98,23,57.143,34.328,22.727,9,13,49,139,2,4,0,84
2026-06-03 18:55:58,13.555,Alkios,42.958,10.492,6,28,2,4.328,26,70,42.667,21.622,15,8,61,142,3,2,1,84
2026-06-06 14:12:19,13.64,Alkios,43.571,11.118,5,26,0,4.115,26,67.568,31.343,41.667,10,13,61,140,4,2,0,84
2026-01-24 06:26:17,8.89,Animerod,19.318,2.936,0,20,0,4.765,4,16.667,20.455,19.231,0,2,17,88,1,3,0,85
2026-05-23 06:57:28,8.647,Animerod,26.174,5.605,4,25,2,4.718,12,37.838,19.672,25.49,6,1,39,149,2,3,0,85
2026-06-04 23:57:00,8.523,Animerod,17.692,3.67,2,30,1,4.348,8,25,18.333,10.526,3,5,23,130,3,3,0,85
2026-04-17 17:36:21,3.5,Aryssiel,13.592,1.798,0,15,0,5.357,3,25,2.174,21.622,1,1,14,103,2,3,0,86
2026-03-06 10:48:41,9.546,Beokros,27.152,4.0,3,47,3,4.854,13,37.5,21.429,25.455,6,6,41,151,3,3,0,87
2026-03-24 10:46:54,9.553,Beokros,21.212,3.861,1,48,1,4.743,12,25.641,16.867,25.581,3,8,35,165,3,2,1,87
2026-04-03 13:50:59,9.661,Beokros,28.676,6.531,3,38,1,4.385,17,41.667,27.778,19.565,6,7,39,136,4,2,0,87
2026-04-17 14:03:23,9.857,Beokros,36.8,6.847,5,32,0,4.022,18,45.714,28,40,7,10,46,125,3,1,1,87
2026-05-02 23:23:31,10.064,Beokros,29.839,7.042,5,38,0,4.027,18,48,30.645,16.216,8,6,37,124,1,2,2,87
2026-05-06 23:26:01,9.974,Beokros,22.156,2.612,1,56,1,5.135,8,28.205,19.178,21.818,5,1,37,167,2,4,0,87
2026-05-11 10:54:27,9.785,Beokros,34.848,7.159,4,31,1,4.152,20,54.286,22.222,34.884,8,8,46,132,5,0,1,87
2026-05-15 17:46:44,10.245,Beokros,28.467,4.999,1,27,2,4.795,16,51.613,22.857,19.444,3,6,39,137,5,0,0,87
2026-05-18 11:01:47,11.204,Beokros,22.535,5.082,2,31,0,3.875,16,28.571,22.951,18.868,6,4,32,142,2,3,1,87
2026-05-28 16:09:41,11.123,Beokros,23.179,5.449,4,42,0,4.257,12,23.077,22.222,24.528,5,6,35,151,3,3,0,87
2026-04-02 13:54:01,9.198,Emdiel,23.256,6.739,3,25,0,4.1,13,33.333,20.339,20,7,6,30,129,2,4,0,88
2026-04-05 17:46:11,8.987,Emdiel,29.787,6.406,3,19,3,4.905,12,35.556,23.81,33.333,4,6,42,141,3,2,0,88
2026-04-16 18:35:33,9.104,Emdiel,31.288,6.397,3,21,1,4.686,15,41.071,25.373,27.5,4,6,51,163,2,2,2,88
2026-04-19 14:28:30,9.115,Emdiel,32.903,7.692,5,33,1,4.51,20,45.714,23.611,37.5,10,7,51,155,4,2,0,88
2026-04-20 13:47:22,9.321,Emdiel,26.974,6.203,5,30,0,4.341,15,38.095,22.034,23.529,9,4,41,152,5,1,0,88
2026-04-23 10:37:04,9.726,Emdiel,27.027,6.196,1,24,0,4.4,12,36.667,24.39,22.5,3,6,30,111,1,5,0,88
2026-04-28 14:08:03,9.31,Emdiel,29.091,7.081,2,21,0,4.125,15,44,22.917,27.027,7,5,32,110,2,3,0,88
2026-05-16 13:47:04,9.212,Emdiel,25.253,8.155,4,13,0,3.92,12,25,31.25,8.696,5,1,25,99,3,3,0,88
2026-05-30 21:04:03,9.208,Emdiel,31.579,7.593,1,12,1,4.111,17,41.379,23.636,36.667,4,9,36,114,2,4,0,88
2026-06-03 18:55:58,9.012,Emdiel,30.597,7.216,4,24,0,4.488,17,29.63,28.788,34.146,8,5,41,134,2,4,0,88
2026-02-10 18:27:03,7.717,Keizan,24.845,4.473,3,39,4,4.725,12,29.73,25.316,20,4,4,40,161,3,3,0,90
2026-02-17 21:05:31,7.723,Keizan,18.11,3.634,2,27,3,4.826,7,34.375,11.538,13.953,4,4,23,127,2,3,0,90
2026-02-19 20:56:12,7.608,Keizan,25.217,5.115,5,28,0,4.517,10,54.167,18.519,16.216,5,2,29,115,4,2,0,90
2026-02-22 17:23:05,7.826,Keizan,23.563,6.86,7,24,3,4.122,20,42.424,23.81,12.281,10,10,41,174,5,1,0,90
2026-02-24 21:10:41,8.282,Keizan,26.897,6.077,9,29,0,4.154,16,40.541,25.333,15.152,10,4,39,145,4,2,0,90
2026-03-02 19:23:01,8.539,Keizan,22.951,3.576,0,32,1,4.857,7,39.13,19.697,18.182,1,5,28,122,1,5,0,90
2026-03-10 19:04:37,8.113,Keizan,23.214,4.871,1,13,1,4.692,8,33.333,24,14.286,4,2,26,112,2,4,0,90
2026-03-16 19:05:41,7.895,Keizan,28.571,5.308,0,18,0,4.971,11,46.875,25,14.815,4,5,34,119,0,6,0,90
2026-04-20 18:43:30,7.258,Keizan,22.222,2.78,0,29,3,5.433,6,48.387,17.46,9.756,1,3,30,135,3,3,0,90
2026-04-25 14:37:20,11.797,Baikinman,34.028,7.951,5,25,0,3.918,22,70,26.027,21.951,6,8,49,144,2,4,0,91
2026-05-01 21:20:47,11.595,Baikinman,43.243,9.474,2,18,0,4.031,28,71.111,18.966,46.667,10,17,64,148,3,3,0,91
2026-05-03 13:50:06,11.579,Baikinman,37.778,9.857,9,31,0,4.039,21,64.706,25,34.146,9,10,51,135,3,2,0,91
2026-05-06 21:00:14,11.683,Baikinman,40.426,9.858,5,24,0,4.561,22,73.333,28.333,35.294,7,13,57,141,1,4,1,91
2026-05-14 21:21:37,11.399,Baikinman,42.857,10.035,4,12,2,5.0,16,76.316,29.091,30,4,8,57,133,2,3,0,91
2026-05-18 21:53:11,11.296,Baikinman,28.244,7.362,6,27,1,3.811,18,51.613,22.642,19.149,8,8,37,131,3,3,0,91
2026-05-20 22:26:33,11.292,Baikinman,42.384,9.978,8,34,0,3.562,30,76.923,29.032,32,13,10,64,151,3,3,0,91
2026-05-22 21:04:09,11.281,Baikinman,45.37,11.048,6,13,0,4.082,20,73.333,26.531,48.276,9,8,49,108,4,1,0,91
2026-05-24 13:57:54,11.579,Baikinman,30.556,5.398,3,23,1,4.697,10,75,25,17.857,5,3,33,108,4,1,0,91
2026-05-30 21:04:03,11.867,Baikinman,41.611,10.516,5,21,2,4.21,27,74.286,21.667,42.593,10,14,62,149,3,3,0,91
2026-03-19 19:00:40,10.001,Kuterin,26.144,6.067,2,25,1,4.45,17,41.935,21.538,22.807,7,3,40,153,3,3,0,92
2026-04-05 17:46:11,9.995,Kuterin,24.528,5.482,2,15,0,4.885,7,36.842,25,17.949,3,3,26,106,2,3,0,92
2026-04-11 13:56:22,9.871,Kuterin,26.797,6.788,2,17,0,4.634,14,31.818,27.586,21.569,5,5,41,153,3,3,0,92
2026-05-14 14:18:15,9.865,Kuterin,21.97,5.263,3,30,1,4.448,12,47.826,20.29,10,7,0,29,132,2,4,0,92
2026-05-15 17:46:44,9.64,Kuterin,16.071,5.651,3,33,0,3.056,14,18.519,14.286,18.182,12,2,18,112,2,3,0,92
2026-05-25 12:49:49,9.425,Kuterin,34.328,8.894,4,15,0,4.0,20,65.625,20.833,33.333,10,8,46,134,4,2,0,92
2026-05-28 16:09:41,9.628,Kuterin,29.078,7.91,8,42,2,4.073,17,39.394,32.727,18.868,11,3,41,141,3,3,0,92
2026-05-31 11:11:49,9.616,Kuterin,23.741,6.425,5,28,1,3.818,19,39.286,20.896,18.182,7,6,33,139,2,4,0,92
2026-06-01 18:21:54,9.414,Kuterin,28.395,5.734,3,30,2,4.717,16,44.444,20.27,28.846,6,8,46,162,2,3,1,92
2026-06-04 18:25:20,9.303,Kuterin,27.976,6.634,2,40,0,4.255,23,30.952,30.137,22.642,6,15,47,168,2,4,0,92
2026-04-30 14:25:20,7.915,chaabdu92,28.667,4.453,2,36,1,4.651,12,41.86,23.077,23.81,3,7,43,150,3,2,1,97
2026-05-01 11:41:50,8.039,chaabdu92,29.927,7.167,5,27,0,4.0,18,43.75,26.786,24.49,9,6,41,137,4,1,1,97
2026-05-12 14:05:09,8.328,chaabdu92,22.628,5.247,6,31,1,3.871,12,37.037,23.881,11.628,7,4,31,137,4,2,0,97
2026-05-13 13:44:45,8.529,chaabdu92,31.148,6.745,3,13,2,4.921,11,48.387,29.091,19.444,4,3,38,122,1,5,0,97
2026-05-14 14:18:15,8.135,chaabdu92,30.263,7.113,2,29,1,4.457,20,48.571,27.143,21.277,8,7,46,152,3,2,1,97
2026-05-17 09:37:26,8.229,chaabdu92,32.231,6.188,1,12,2,4.744,11,51.613,25,26.667,1,6,39,121,3,3,0,97
2026-05-17 21:31:48,8.235,chaabdu92,30.189,5.502,0,13,0,4.375,9,42.857,26.531,27.778,3,6,32,106,1,5,0,97
2026-05-19 14:12:22,7.83,chaabdu92,28.0,5.472,3,34,0,4.619,13,44.118,27.397,16.279,5,4,42,150,1,4,1,97
2026-05-22 14:23:24,7.534,chaabdu92,31.724,6.301,5,31,0,4.87,14,54.286,30.435,14.634,5,6,46,145,2,4,0,97
2026-06-05 08:39:16,7.344,chaabdu92,30.405,5.215,3,33,2,4.822,13,47.368,26.316,20.588,5,4,45,148,2,4,0,97
2026-03-01 17:42:33,9.534,Comete,46.259,8.552,4,27,0,4.426,23,68.421,41.27,34.783,4,12,68,147,4,1,0,98
2026-03-02 11:58:43,9.823,Comete,32.353,6.68,1,22,0,4.795,10,51.282,27.778,20.93,3,3,44,136,1,5,0,98
2026-03-05 20:48:03,9.434,Comete,39.869,7.126,6,36,1,4.607,18,58.621,36.585,33.333,6,10,61,153,5,1,0,98
2026-03-12 22:28:14,9.732,Comete,35.593,8.254,1,22,0,4.19,19,60,24.444,30.233,5,9,42,118,3,3,0,98
2026-03-15 00:14:27,9.723,Comete,50.0,10.568,1,14,1,4.387,23,73.529,38.983,45.161,6,7,62,124,4,1,0,98
2026-03-19 11:00:41,9.723,Comete,40.741,8.229,5,28,0,4.091,22,51.351,40,31.579,9,8,55,135,6,0,0,98
2026-03-23 19:15:16,10.281,Comete,43.137,8.279,1,14,0,4.386,15,62.963,38,32,3,7,44,102,2,3,0,98
2026-03-24 10:46:54,10.182,Comete,38.889,7.556,3,30,0,4.607,20,72.5,23.214,29.167,7,12,56,144,5,1,0,98
2026-03-24 13:55:04,10.551,Comete,40.351,8.691,6,29,0,3.739,26,55.882,34.783,32.353,9,8,46,114,3,3,0,98
2026-03-30 21:39:33,10.544,Comete,41.317,7.116,3,32,1,4.594,26,67.442,36.486,26,8,10,69,167,3,2,1,98
2026-04-29 13:52:18,10.5,IrinaShidou,29.078,5.858,2,26,1,4.659,12,30.435,31.507,24.444,3,8,41,141,3,3,0,100
2026-05-02 23:23:31,10.04,IrinaShidou,33.333,6.538,5,31,0,4.459,13,54.545,26,30.769,9,3,37,111,2,3,0,100
2026-05-03 13:50:06,9.94,IrinaShidou,29.365,5.585,2,29,0,4.595,13,33.333,31.373,23.81,3,6,37,126,3,2,0,100
2026-05-04 13:50:06,10.047,IrinaShidou,30.612,5.104,2,32,0,5.044,6,46.154,15.385,33.929,5,1,45,147,3,3,0,100
2026-05-04 18:44:00,10.035,IrinaShidou,32.143,5.698,1,20,0,4.528,10,33.333,29.545,34.211,3,5,36,112,0,5,0,100
2026-05-05 14:09:04,10.035,IrinaShidou,35.036,5.386,1,21,0,5.021,8,38.889,29.688,40.541,2,4,48,137,1,3,1,100
2026-05-06 23:26:01,9.344,IrinaShidou,22.222,3.57,4,47,1,4.719,8,21.429,22.059,22.917,4,5,32,144,1,5,0,100
2026-05-07 14:18:37,8.931,IrinaShidou,34.459,6.94,3,31,3,4.471,18,51.111,26.667,27.907,6,9,51,148,5,1,0,100
2026-05-14 21:21:37,8.931,IrinaShidou,36.232,4.665,1,14,0,5.76,3,60,26.154,31.579,2,0,50,138,2,3,0,100
2026-05-15 17:46:44,8.845,IrinaShidou,33.577,6.55,2,27,0,4.587,18,51.613,24.286,36.111,8,6,46,137,5,0,0,100
2026-02-22 07:42:23,8.866,MoltenAshes,29.286,5.737,1,22,1,4.902,12,45.946,22.059,25.714,7,3,41,140,4,2,0,102
2026-04-06 04:10:38,9.099,MoltenAshes,23.881,3.726,1,27,0,5.062,8,36.667,16.364,24.49,5,2,32,134,3,3,0,102
2026-04-25 09:12:57,9.087,MoltenAshes,29.661,5.525,3,15,0,5.0,9,36,23.214,35.135,6,3,35,118,3,3,0,102
2026-05-01 04:08:42,9.083,MoltenAshes,23.077,2.297,1,43,0,5.133,6,37.931,18.033,20,1,3,30,130,1,5,0,102
2026-05-04 06:27:59,8.644,MoltenAshes,25.503,4.894,4,32,0,4.237,15,36.585,16.393,27.66,6,4,38,149,5,1,0,102
2026-05-06 05:45:40,9.088,MoltenAshes,30.189,6.205,1,7,1,4.969,9,40,31.373,16,4,1,32,106,3,3,0,102
2026-05-09 10:11:56,9.107,MoltenAshes,30.263,6.464,3,19,0,5.109,9,44.118,32.468,14.634,5,3,46,152,1,5,0,102
2026-05-17 07:27:17,8.673,MoltenAshes,25.0,4.232,2,46,0,4.324,13,45.161,15.254,23.913,9,2,34,136,2,2,1,102
2026-06-03 06:38:37,8.664,MoltenAshes,30.833,6.074,1,24,0,4.703,12,36.111,31.373,24.242,5,1,37,120,2,4,0,102
2026-03-30 04:38:23,13.219,mrwolf2,38.129,10.542,5,15,1,4.509,22,46.154,33.333,38.235,7,9,53,139,3,3,0,103
2026-04-03 06:41:19,13.254,mrwolf2,39.873,11.05,8,26,2,4.762,22,38.235,43.421,35.417,12,9,63,158,5,1,0,103
2026-04-09 07:20:05,13.662,mrwolf2,39.091,11.291,9,24,0,3.465,25,38.095,42.857,35,11,10,43,110,1,5,0,103
2026-04-14 18:31:24,13.274,mrwolf2,35.714,9.008,4,18,0,4.25,16,48,30.909,34.375,7,7,40,112,1,5,0,103
2026-04-19 04:54:10,12.873,mrwolf2,32.558,7.196,2,11,4,5.179,13,39.024,30.137,31.034,5,2,56,172,2,4,0,103
2026-04-26 04:32:57,12.685,mrwolf2,41.538,9.845,3,11,1,4.611,17,51.613,40,35.294,5,2,54,130,3,3,0,103
2026-05-08 18:02:51,12.687,mrwolf2,40.984,10.318,5,13,2,4.06,22,43.75,35.714,47.059,11,9,50,122,4,1,0,103
2026-05-27 04:53:54,12.983,mrwolf2,40.268,9.013,1,9,0,4.6,19,54.286,38.889,30.952,8,5,60,149,3,2,1,103
2026-05-28 16:09:41,13.075,mrwolf2,27.152,8.16,4,42,0,3.512,23,26.923,31.944,20.755,6,17,41,151,3,3,0,103
2026-05-30 04:57:21,13.076,mrwolf2,37.5,8.868,4,25,1,4.758,20,47.222,38.554,29.825,7,10,66,176,5,1,0,103
2026-03-20 22:04:30,7.271,joey,27.407,6.261,4,29,1,4.027,22,31.579,22.059,34.483,6,11,37,135,2,4,0,104
2026-03-23 04:20:46,7.087,joey,21.678,2.895,0,16,1,5.387,5,15.789,23.188,25,2,0,31,143,6,0,0,104
2026-03-28 22:07:01,7.643,joey,26.923,5.327,2,27,1,5.0,10,30.769,23.077,28.205,3,5,35,130,1,4,0,104
2026-03-30 04:38:23,7.37,joey,26.95,7.135,3,20,1,4.368,14,26.316,20,39.474,4,4,38,141,1,5,0,104
2026-05-01 04:08:42,6.995,joey,23.846,5.088,9,43,1,3.968,13,34.483,22.951,17.5,9,1,31,130,1,5,0,104
2026-05-06 21:00:14,6.635,joey,26.515,6.153,3,18,1,4.686,13,25.714,23.529,30.435,4,7,35,132,4,2,0,104
2026-05-14 21:21:37,6.838,joey,20.0,3.905,0,17,2,5.069,7,12.121,19.355,26,2,2,29,145,3,2,0,104
2026-05-16 04:37:10,6.922,joey,28.148,4.72,1,22,1,5.053,11,28.571,23.529,35.897,5,3,38,135,1,3,1,104
2026-05-17 21:31:48,6.572,joey,31.008,6.379,5,16,0,4.45,12,35.714,23.81,39.474,7,2,40,129,4,2,0,104
2026-06-04 23:57:00,6.741,joey,29.932,5.096,2,25,3,4.773,14,28.205,32.877,25.714,4,7,44,147,1,5,0,104
2026-01-31 16:22:08,7.766,Zeal_Kido,26.506,5.934,5,45,0,4.159,20,27.027,26.667,25.926,8,10,44,166,3,3,0,105
2026-02-13 00:43:49,7.769,Zeal_Kido,19.355,3.738,1,41,1,4.4,15,28.889,14.062,17.391,3,5,30,155,2,2,2,105
2026-03-07 00:48:43,7.767,Zeal_Kido,25.0,4.859,2,23,1,4.722,12,42.5,14.085,27.273,3,3,36,144,3,3,0,105
2026-05-09 10:03:51,7.744,Zeal_Kido,20.261,2.81,8,59,1,3.613,17,28.205,25,9.259,11,4,31,153,3,3,0,105
2026-05-18 06:06:48,7.708,Zeal_Kido,19.259,3.881,1,18,2,4.846,8,13.793,13.433,33.333,2,1,26,135,3,3,0,105
2026-06-03 04:26:23,7.727,Zeal_Kido,22.414,4.27,0,15,0,4.577,10,40,16.129,20.69,4,4,26,116,4,1,0,105
2026-04-20 05:13:11,10.45,cafezinho,33.846,6.701,2,7,1,4.773,8,45.161,26.23,36.842,5,0,44,130,2,4,0,106
2026-04-20 22:24:29,10.45,cafezinho,41.129,9.359,6,31,1,3.98,21,50,40,37.143,8,6,51,124,4,1,0,106
2026-04-28 05:07:35,10.554,cafezinho,29.286,5.871,0,20,1,4.073,15,40,27.536,26.087,4,6,41,140,3,3,0,106
2026-05-01 04:08:42,10.547,cafezinho,36.207,8.545,10,31,0,3.476,21,42.857,34.545,35,14,6,42,116,5,1,0,106
2026-05-01 21:20:47,10.891,cafezinho,41.135,9.723,4,23,0,3.879,29,47.5,35.593,42.857,8,14,58,141,3,3,0,106
2026-05-06 21:00:14,10.889,cafezinho,37.857,8.55,2,20,0,4.415,19,42.105,38.333,33.333,5,8,53,140,4,1,1,106
2026-05-17 07:27:17,11.156,cafezinho,41.667,9.017,9,37,0,3.8,23,60.87,37.5,36.585,14,7,50,120,3,2,0,106
2026-05-17 21:31:48,11.254,cafezinho,40.566,9.627,3,13,0,3.884,18,52.381,30.612,47.222,4,9,43,106,1,5,0,106
2026-05-24 19:25:18,10.882,cafezinho,33.577,7.203,3,16,0,4.609,15,40.741,32.258,31.25,7,1,46,137,3,3,0,106
2026-05-27 04:53:54,10.86,cafezinho,32.836,5.959,2,14,1,5.159,10,50,29.851,29.787,2,2,44,134,2,4,0,106
2026-01-17 10:39:09,3.0,Cindergoat,10.563,1.004,1,55,0,4.267,7,15.152,7.937,10.87,3,4,15,142,1,5,0,107
2026-01-20 11:16:49,2.522,Cindergoat,15.267,3.175,2,33,0,3.85,9,23.333,14.754,10,3,3,20,131,5,1,0,107
2026-01-24 06:26:17,2.98,Cindergoat,10.667,1.0,0,25,4,5.812,2,11.111,9.722,11.765,1,1,16,150,2,3,1,107
2026-01-27 05:46:13,6.729,Legitted,24.503,4.821,3,29,0,4.595,11,38.636,22.535,11.111,7,4,37,151,3,2,1,112
2026-02-08 11:33:44,7.123,Legitted,34.328,5.423,4,30,0,4.696,12,50,32.812,16.667,5,4,46,134,4,2,0,112
2026-02-17 09:16:51,7.306,Legitted,29.143,4.626,2,44,0,5.196,9,46.154,28.049,18.519,4,3,51,175,3,3,0,112
2026-02-19 20:56:12,7.336,Legitted,31.304,6.648,2,28,0,4.139,17,45.833,31.481,21.622,4,8,36,115,4,2,0,112
2026-02-21 05:13:59,7.52,Legitted,37.903,7.104,0,7,1,4.83,13,51.515,38.983,21.875,5,3,47,124,4,2,0,112
2026-02-28 11:06:18,7.722,Legitted,33.333,5.365,2,30,1,5.304,9,37.209,36.709,23.913,4,7,56,168,3,2,1,112
2026-03-05 09:50:08,7.808,Legitted,29.268,5.112,2,28,0,4.5,9,34.483,36.364,15.385,4,4,36,123,3,3,0,112
2026-03-12 22:28:14,7.815,Legitted,31.013,7.661,4,34,2,4.224,19,29.032,40.964,13.636,8,7,49,158,2,4,0,112
2026-03-30 21:39:33,7.626,Legitted,44.311,7.304,6,32,1,4.703,22,51.163,41.892,42,9,14,74,167,3,2,1,112
2026-04-25 06:26:43,7.705,Legitted,34.32,4.609,1,21,1,5.81,7,43.902,32.468,29.412,1,5,58,169,1,4,1,112
2026-04-18 07:38:54,8.083,Maki04,35.294,7.092,0,13,2,5.091,15,51.064,32.941,25.455,5,5,66,187,2,3,1,113
2026-04-19 09:37:53,7.963,Maki04,26.05,3.704,0,22,1,5.387,6,36.667,15.385,32.432,1,4,31,119,0,5,0,113
2026-04-21 10:13:47,7.459,Maki04,27.737,5.743,1,26,1,4.763,10,56.757,18.75,13.889,3,6,38,137,3,2,0,113
2026-05-02 23:23:31,7.547,Maki04,23.596,5.149,2,19,0,3.857,10,43.478,16.667,16.667,5,2,21,89,3,2,0,113
2026-05-06 23:26:01,7.65,Maki04,27.083,4.438,2,47,1,4.462,14,42.857,19.118,29.167,4,6,39,144,1,5,0,113
2026-05-12 18:15:50,7.247,Maki04,30.631,5.67,4,21,0,4.735,7,40.741,23.077,34.375,4,3,34,111,4,1,0,113
2026-05-30 04:57:21,7.547,Maki04,30.882,4.578,0,8,2,5.405,6,46.429,27.143,26.316,4,1,42,136,3,3,0,113
2026-06-03 04:26:23,7.546,Maki04,27.778,3.657,0,13,5,5.167,7,22.727,37.255,17.143,0,1,30,108,3,2,0,113
2026-06-04 18:25:20,7.635,Maki04,36.242,6.235,2,24,0,4.926,18,46.809,33.846,27.027,5,3,54,149,4,2,0,113
2026-06-06 04:57:28,7.813,Maki04,29.851,4.666,1,12,1,5.8,9,38.235,24.561,30.233,2,2,40,134,0,6,0,113
2026-05-16 13:47:04,7.655,Mayottatoki,23.649,3.777,0,29,0,5.257,5,40,23.75,13.953,3,1,35,148,2,4,0,114
2026-05-20 18:28:10,7.489,Mayottatoki,32.09,5.628,0,21,2,4.558,12,34.615,34.328,26.829,2,3,43,134,2,4,0,114
2026-05-24 13:57:54,7.31,Mayottatoki,27.049,3.826,2,38,1,5.03,8,41.379,21.154,24.39,2,2,33,122,1,4,0,114
2026-05-25 14:28:52,7.033,Mayottatoki,31.447,5.022,1,31,2,5.04,14,39.024,32.877,22.222,7,4,50,159,4,2,0,114
2026-05-26 18:30:52,7.218,Mayottatoki,36.076,6.473,1,18,1,4.807,13,45,35.821,29.412,4,4,57,158,5,0,1,114
2026-06-01 13:46:50,7.662,Mayottatoki,30.172,5.462,1,17,0,4.514,14,44,23.214,31.429,4,4,35,116,2,4,0,114
2026-06-01 18:21:54,7.48,Mayottatoki,30.201,5.652,1,23,0,4.556,15,33.333,31.944,25,2,6,45,149,2,4,0,114
2026-06-03 04:26:23,7.313,Mayottatoki,34.259,5.716,3,13,0,5.108,11,40.909,31.373,34.286,3,1,37,108,3,2,0,114
2026-06-03 18:55:58,7.397,Mayottatoki,28.358,4.307,0,24,1,5.053,10,25.926,25.758,34.146,2,7,38,134,2,4,0,114
2026-06-05 17:50:16,7.228,Mayottatoki,36.0,5.69,2,21,0,4.833,11,47.826,36.585,27.778,6,2,36,100,1,4,0,114
2026-05-22 14:23:24,8.163,Saiki,28.689,6.45,3,24,0,4.486,15,41.935,28.571,17.143,6,4,35,122,4,2,0,115
2026-05-22 21:04:09,8.334,Saiki,22.0,5.365,3,35,1,4.364,16,38.889,15.152,18.75,7,6,33,150,1,4,0,115
2026-05-26 13:56:18,8.054,Saiki,28.448,7.341,7,29,0,3.788,17,29.63,32.692,21.622,9,4,33,116,4,2,0,115
2026-05-26 18:30:52,8.233,Saiki,26.087,5.323,3,16,0,4.861,10,30.233,21.667,28.571,5,5,36,138,2,4,0,115
2026-05-27 14:37:10,8.056,Saiki,17.763,6.129,7,29,1,3.519,16,17.857,14.706,21.429,7,8,27,152,3,2,1,115
2026-05-30 21:04:03,8.151,Saiki,18.421,4.41,3,12,0,4.571,8,20.69,16.364,20,4,2,21,114,2,4,0,115
2026-06-03 14:14:56,7.977,Saiki,18.293,2.669,2,44,1,4.8,9,29.167,13.636,14,3,4,30,164,2,3,1,115
2026-06-03 18:55:58,7.898,Saiki,23.134,6.147,2,24,1,4.226,17,29.63,24.242,17.073,5,9,31,134,2,4,0,115
2026-06-04 18:25:20,7.732,Saiki,22.727,5.451,3,32,1,4.314,15,36.842,18.333,17.857,6,7,35,154,3,3,0,115
2026-06-05 17:50:16,7.742,Saiki,32.075,9.308,5,21,1,3.412,20,41.379,33.333,21.875,10,8,34,106,2,3,0,115
2026-05-18 11:01:47,6.929,Fumiii,25.0,4.308,1,18,0,4.241,10,25,25.862,23.529,4,3,29,116,1,4,1,119
2026-05-18 21:53:11,6.649,Fumiii,22.951,5.292,5,25,0,4.036,11,18.75,23.913,25,7,2,28,122,2,4,0,119
2026-05-20 14:25:13,6.467,Fumiii,22.581,4.004,2,37,0,4.714,11,25.926,14.545,30.952,4,3,28,124,1,4,0,119
2026-05-21 14:29:56,6.188,Fumiii,23.699,2.975,1,33,0,5.561,6,38.889,13.953,29.412,3,0,41,173,4,1,1,119
2026-05-22 21:04:09,6.457,Fumiii,27.778,3.186,0,13,1,5.167,4,30,24.49,31.034,0,2,30,108,4,1,0,119
2026-05-24 13:57:54,6.748,Fumiii,25.41,4.416,3,38,0,4.903,11,27.586,15.385,36.585,4,6,31,122,1,4,0,119
2026-05-26 18:30:52,6.467,Fumiii,24.615,4.226,1,11,2,4.875,8,28,24.615,22.5,4,0,32,130,2,4,0,119
2026-06-03 18:55:58,6.284,Fumiii,30.986,3.942,0,28,1,5.409,9,26.667,33.333,29.73,7,2,44,142,3,2,1,119
2026-06-04 23:57:00,6.371,Fumiii,25.385,5.134,4,30,0,4.364,10,15.625,26.667,31.579,6,5,33,130,3,3,0,119
2026-06-05 17:50:16,6.36,Fumiii,33.607,6.221,4,23,1,4.439,13,40.625,29.412,33.333,7,3,41,122,1,4,0,119
2026-05-20 14:25:13,9.982,HiHi,38.636,6.763,3,30,0,4.49,16,35.484,40.741,38.298,6,5,51,132,3,2,0,120
2026-05-20 18:28:10,10.09,HiHi,30.645,7.435,4,21,1,4.289,16,37.838,28,27.027,7,7,38,124,3,3,0,120
2026-05-21 07:13:01,10.092,HiHi,34.545,6.275,2,23,1,4.579,11,45.455,34.615,27.778,2,9,38,110,2,4,0,120
2026-05-23 06:57:28,9.905,HiHi,36.134,6.824,2,18,1,4.837,9,36.364,43.396,24.242,2,6,43,119,0,5,0,120
2026-05-24 19:25:18,9.404,HiHi,33.333,7.56,3,22,0,4.578,17,52.174,33.333,25.455,6,7,45,135,4,2,0,120
2026-05-25 07:30:37,9.616,HiHi,26.891,5.813,1,25,0,4.375,12,24.242,26.531,29.73,2,4,32,119,5,1,0,120
2026-05-29 07:43:45,10.01,HiHi,32.911,7.304,5,43,0,3.75,30,43.59,35.211,20.833,8,16,52,158,4,2,0,120
2026-05-29 18:24:54,10.197,HiHi,32.192,8.709,5,27,0,4.043,20,32.258,34.783,28.261,9,8,47,146,5,1,0,120
2026-06-03 18:55:58,10.572,HiHi,35.526,7.749,4,29,1,4.481,21,45.161,31.25,36.585,6,6,54,152,3,2,1,120
2026-06-04 18:25:20,10.651,HiHi,23.81,5.536,5,40,0,4.475,16,23.81,20.548,28.302,7,6,40,168,2,4,0,120
2026-04-14 18:31:24,7.747,Janoxx,22.321,3.32,0,18,1,5.0,4,48,14.545,15.625,1,2,25,112,1,5,0,121
2026-04-16 00:39:38,7.334,Janoxx,16.807,2.235,1,27,0,5.5,4,34.375,10,11.111,3,0,20,119,2,3,0,121
2026-04-16 18:35:33,7.241,Janoxx,22.222,4.664,2,17,0,4.735,10,35.185,16.667,11.111,5,3,34,153,2,3,1,121
2026-04-17 14:03:23,7.139,Janoxx,22.727,3.812,2,35,1,4.32,9,66.667,12.727,6.452,4,3,25,110,3,1,1,121
2026-04-25 14:37:20,7.341,Janoxx,23.926,5.413,6,33,1,4.282,14,36.111,20.988,19.565,11,2,39,163,4,2,0,121
2026-04-27 18:57:55,7.525,Janoxx,18.919,3.647,0,30,2,4.75,10,26.667,17.949,15,3,5,28,148,4,2,0,121
2026-05-01 21:20:47,7.724,Janoxx,24.183,5.076,1,30,0,4.027,15,25.581,23.333,24,7,5,37,153,3,2,1,121
2026-05-02 23:23:31,7.812,Janoxx,22.131,5.315,4,32,0,3.889,14,30.769,20.968,17.647,4,7,27,122,1,3,1,121
2026-05-06 18:46:33,7.606,Janoxx,16.216,2.496,1,36,1,4.833,5,28.205,10.811,14.286,2,2,24,148,1,5,0,121
2026-05-15 17:46:44,7.224,Janoxx,22.936,4.568,1,20,0,4.36,13,47.826,14.583,18.421,2,5,25,109,2,3,0,121
2026-04-28 14:08:03,5.842,Konsumenci,21.495,4.115,0,28,2,4.435,9,55,20,3.125,5,0,23,107,2,3,0,123
2026-05-01 14:47:12,5.73,Konsumenci,17.544,4.034,2,20,2,4.45,7,39.13,10.909,13.889,3,4,20,114,4,2,0,123
2026-05-02 23:23:31,5.938,Konsumenci,17.708,2.733,0,24,0,4.588,7,38.889,13.462,11.538,4,2,17,96,2,3,0,123
2026-05-06 18:46:33,5.822,Konsumenci,19.014,2.209,0,35,1,5.296,5,38.235,11.268,16.216,3,0,27,142,2,4,0,123
2026-05-22 21:04:09,5.606,Konsumenci,28.205,4.969,2,21,1,4.848,9,48.148,16.667,28.571,4,3,33,117,2,3,0,123
2026-05-24 19:25:18,5.494,Konsumenci,27.007,5.186,0,16,1,4.703,14,55.556,17.742,22.917,4,3,37,137,3,3,0,123
2026-05-30 21:04:03,5.469,Konsumenci,21.094,4.605,1,14,2,4.481,11,38.235,13.793,16.667,2,4,27,128,4,2,0,123
2026-06-01 13:46:50,5.665,Konsumenci,29.008,5.695,4,17,2,4.579,12,47.5,15.094,28.947,6,4,38,131,2,3,1,123
2026-06-03 14:14:56,5.574,Konsumenci,18.421,2.918,1,24,1,4.762,6,44.828,9.091,9.756,3,4,21,114,2,3,1,123
2026-06-05 17:50:16,5.482,Konsumenci,23.485,5.722,5,27,2,3.806,15,43.478,22.951,14.583,6,5,31,132,4,1,0,123
2026-04-21 00:49:52,13.006,LelPop,37.333,10.001,4,24,0,3.893,30,31.818,44.286,30.556,8,8,56,150,2,4,0,124
2026-04-22 06:15:10,12.827,LelPop,35.043,8.049,1,18,0,4.537,13,45.714,36,21.875,3,6,41,117,2,3,0,124
2026-04-23 05:08:06,12.729,LelPop,38.462,9.319,4,25,2,3.76,28,46.154,43.396,29.412,7,19,50,130,3,2,0,124
2026-04-24 04:52:40,12.834,LelPop,44.444,13.122,12,28,1,3.368,41,47.5,50,32.558,16,15,68,153,4,1,1,124
2026-04-25 06:26:43,13.124,LelPop,43.704,10.611,4,12,0,4.712,17,48.276,50,26.471,8,7,59,135,3,2,1,124
2026-04-26 04:32:57,13.231,LelPop,40.972,8.275,3,18,0,5.085,12,50,40.351,34.043,5,6,59,144,0,6,0,124
2026-04-27 05:23:52,12.662,LelPop,36.719,8.736,9,35,0,3.553,24,50,36.364,30,11,9,47,128,2,4,0,124
2026-04-28 05:07:35,12.492,LelPop,45.714,13.509,8,20,0,3.344,37,48,47.826,41.304,14,18,64,140,3,3,0,124
2026-05-01 04:08:42,12.484,LelPop,32.759,7.189,9,31,0,3.684,16,42.857,30.909,30,12,4,38,116,5,1,0,124
2026-06-06 04:57:28,12.844,LelPop,47.134,10.077,3,15,1,5.081,16,51.111,47.143,42.857,5,9,74,157,3,2,1,124
2026-05-17 07:27:17,9.0,paperyoshi10,27.941,6.294,6,46,0,3.763,20,67.742,16.949,15.217,9,9,38,136,2,2,1,125
2026-05-28 13:55:32,8.802,apurplenose,26.95,4.968,3,41,0,3.947,19,31.707,32.203,14.634,6,8,38,141,3,3,0,128
2026-05-28 18:22:53,8.799,apurplenose,37.838,8.555,3,16,1,3.857,19,34.783,36.538,41.667,6,6,42,111,5,1,0,128
2026-05-29 18:24:54,9.137,apurplenose,40.136,9.202,2,24,2,4.119,22,42.424,41.791,36.17,6,14,59,147,3,3,0,128
2026-05-30 09:01:45,9.146,apurplenose,27.778,5.373,4,31,2,5.225,8,36.364,21.429,31.707,7,1,40,144,3,3,0,128
2026-06-01 18:21:54,9.142,apurplenose,36.686,7.579,3,36,2,4.581,25,35.897,35.714,39.13,7,11,62,169,1,3,2,128
2026-06-02 14:21:12,8.958,apurplenose,34.328,7.897,1,11,0,4.783,13,32,35.593,34,5,5,46,134,4,2,0,128
2026-06-03 14:14:56,9.142,apurplenose,32.8,5.63,3,30,0,4.439,15,35.135,36.957,26.19,7,7,41,125,2,4,0,128
2026-06-03 18:55:58,8.946,apurplenose,34.921,7.254,4,21,1,4.659,15,33.333,34.921,35.897,8,4,44,126,3,3,0,128
2026-06-04 18:25:20,8.954,apurplenose,36.735,7.591,3,22,0,4.519,19,46.154,37.879,26.19,7,6,54,147,3,3,0,128
2026-06-05 17:50:16,8.962,apurplenose,43.0,7.684,2,21,0,4.558,15,60.87,34.146,41.667,6,7,43,100,1,4,0,128
2026-05-16 04:37:10,11.054,peeku,33.654,7.652,2,22,0,4.143,14,60.714,24.49,22.222,5,6,35,104,3,2,0,129
2026-05-16 10:16:26,11.215,peeku,29.457,6.26,1,13,0,4.632,10,43.333,21.053,30.952,2,3,38,129,3,3,0,129
2026-05-20 08:34:07,11.21,peeku,42.276,9.238,1,12,0,4.385,23,54.545,45.614,24.242,10,5,52,123,5,1,0,129
2026-05-20 22:26:33,11.566,peeku,42.667,11.125,11,29,0,3.391,37,55.263,44.444,30.612,15,14,64,150,0,6,0,129
2026-05-23 06:57:28,11.044,peeku,40.268,8.631,3,25,0,4.55,22,51.351,47.541,23.529,6,9,60,149,2,3,0,129
2026-05-26 08:23:25,10.948,peeku,39.623,7.101,2,21,0,5.048,15,48.649,40.299,32.727,6,5,63,159,3,2,1,129
2026-05-27 11:00:45,11.027,peeku,39.437,10.512,2,19,0,4.321,19,57.576,36.842,27.273,6,9,56,142,4,2,0,129
2026-05-31 06:42:17,11.027,peeku,45.033,11.452,5,22,0,4.529,23,55.556,39.437,45.455,11,6,68,151,3,3,0,129
2026-06-05 06:23:16,11.206,peeku,42.683,9.207,1,16,0,4.886,18,59.459,38.961,36,9,3,70,164,3,2,1,129
2026-06-06 07:47:40,11.295,peeku,41.667,9.479,2,14,0,4.218,25,53.333,41.791,31.429,6,4,55,132,4,2,0,129
2026-04-11 13:56:22,7.613,ChrisLefko,30.37,5.655,1,13,1,5.098,8,53.659,18.868,21.951,4,2,41,135,4,2,0,133
2026-04-12 04:56:46,7.818,ChrisLefko,25.185,4.657,0,21,2,4.794,12,51.515,21.569,11.765,3,1,34,135,4,2,0,133
2026-04-28 14:08:03,8.006,ChrisLefko,20.492,3.132,1,29,4,5.0,5,36.667,13.725,17.073,2,2,25,122,2,2,1,133
2026-05-01 04:08:42,8.001,ChrisLefko,26.619,4.858,4,38,1,4.0,19,62.162,15.254,11.628,9,4,37,139,4,2,0,133
2026-05-01 14:47:12,8.191,ChrisLefko,17.6,3.192,1,21,0,4.818,8,44.828,10.526,7.692,2,4,22,125,2,4,0,133
2026-05-11 14:04:11,8.004,ChrisLefko,21.711,3.751,2,30,3,5.242,5,56.25,11.842,13.636,2,3,33,152,3,3,0,133
2026-05-13 13:44:45,7.994,ChrisLefko,23.77,3.916,2,13,1,5.517,5,61.29,10.909,11.111,2,2,29,122,1,5,0,133
2026-05-16 04:37:10,7.615,ChrisLefko,32.593,5.053,1,22,1,5.045,11,60.714,29.412,17.949,3,4,44,135,1,3,1,133
2026-05-17 15:14:41,7.253,ChrisLefko,28.571,4.565,0,26,1,5.457,11,59.524,23.611,8.511,1,8,46,161,1,5,0,133
2026-05-28 10:37:26,6.885,ChrisLefko,24.658,3.851,2,41,0,4.694,9,71.875,10.294,13.043,3,3,36,146,2,4,0,133
2026-05-17 07:27:17,6.54,Jakemonkey,27.857,3.578,2,38,0,4.872,12,30,22.642,31.915,5,1,39,140,4,0,1,134
2026-05-18 21:53:11,6.902,Jakemonkey,25.954,4.113,1,27,0,4.647,8,35.484,32.075,12.766,2,6,34,131,3,3,0,134
2026-05-20 08:34:07,6.898,Jakemonkey,30.081,5.569,1,12,0,4.838,10,45.455,21.053,30.303,3,5,37,123,5,1,0,134
2026-05-20 22:26:33,7.255,Jakemonkey,26.667,4.489,1,29,0,4.225,16,39.474,22.222,22.449,1,8,40,150,0,6,0,134
2026-05-27 04:53:54,6.731,Jakemonkey,39.157,6.796,3,16,1,5.215,12,50,37.662,31.111,6,3,65,166,4,1,1,134
2026-06-01 05:57:19,7.002,Jakemonkey,31.847,3.798,0,26,1,5.08,11,50,25,23.404,3,5,50,157,4,2,0,134
2026-06-01 18:21:54,7.181,Jakemonkey,29.012,4.466,1,30,0,5.085,12,44.444,25.676,23.077,2,6,47,162,2,3,1,134
2026-06-03 04:26:23,7.087,Jakemonkey,21.569,3.998,0,15,0,4.682,6,38.095,17.778,16.667,3,2,22,102,3,2,0,134
2026-06-05 06:23:16,7.185,Jakemonkey,27.815,4.051,0,11,1,5.381,6,42.105,26.154,18.75,0,2,42,151,3,2,1,134
2026-06-05 17:50:16,7.27,Jakemonkey,32.787,4.622,1,23,0,4.8,10,46.875,33.333,20.513,5,4,40,122,1,4,0,134
2026-01-07 14:00:01,4.151,benevelante,20.0,3.393,0,7,1,4.895,6,19.231,22.222,16.667,2,2,19,95,0,5,0,139
2026-01-19 13:49:48,3.593,benevelante,22.917,3.716,1,39,1,4.879,10,38.235,13.699,27.027,5,3,33,144,5,1,0,139
2026-01-27 19:12:40,4.037,benevelante,22.148,3.712,1,20,1,5.03,9,31.25,15.278,26.667,4,4,33,149,5,1,0,139
2026-01-29 13:10:54,4.462,benevelante,22.581,3.269,0,17,2,5.286,9,30.435,18.462,25,3,1,28,124,4,2,0,139
2026-05-01 14:47:12,6.746,Gua,33.6,9.126,6,21,0,3.81,23,51.724,29.825,25.641,6,11,42,125,2,4,0,141
2026-05-04 13:50:06,6.563,Gua,27.891,7.48,5,27,3,4.293,16,34.286,25.714,26.19,8,5,41,147,3,3,0,141
2026-05-05 14:09:04,6.55,Gua,30.4,9.209,8,21,0,3.974,18,22.222,37.288,25.641,8,7,38,125,3,2,0,141
2026-05-12 14:05:09,6.633,Gua,23.077,4.339,2,38,1,4.273,12,30.303,20.513,21.875,6,4,33,143,3,3,0,141
2026-05-16 13:47:04,6.646,Gua,20.202,5.789,1,13,1,4.05,8,25,18.75,21.739,3,5,20,99,3,3,0,141
2026-05-18 15:08:53,6.643,Gua,25.0,5.169,2,33,0,4.615,13,27.5,19.697,30,4,7,39,156,3,2,1,141
2026-05-20 18:28:10,6.74,Gua,28.682,6.393,3,29,1,4.486,14,28.571,28.302,29.268,4,8,37,129,4,2,0,141
2026-05-24 13:57:54,6.917,Gua,20.492,3.776,2,38,3,4.76,9,13.793,23.077,21.951,4,3,25,122,1,4,0,141
2026-05-25 14:28:52,6.633,Gua,23.27,3.302,2,31,1,5.514,9,31.707,23.288,15.556,3,3,37,159,4,2,0,141
2026-05-29 13:51:29,6.822,Gua,26.05,5.611,6,30,0,3.903,16,50,28.125,10.811,9,6,31,119,3,3,0,141
2026-05-26 18:30:52,4.654,mahzrunner,28.462,6.148,2,11,2,4.541,12,40,24.615,27.5,9,0,37,130,2,4,0,143
2026-05-27 11:00:45,4.478,mahzrunner,20.53,3.46,1,16,1,5.258,3,16.667,18.919,25.532,2,0,31,151,3,3,0,143
2026-05-28 10:37:26,4.473,mahzrunner,26.316,5.536,5,36,0,4.4,15,25.926,21.212,35,8,3,35,133,6,0,0,143
2026-05-28 16:09:41,5.0,mahzrunner,29.412,5.591,3,29,0,4.575,14,30.769,20.69,38.462,6,2,40,136,2,4,0,143
2026-05-28 18:22:53,4.829,mahzrunner,24.638,3.013,1,20,0,5.118,5,16.667,23.529,32.5,2,1,34,138,2,4,0,143
2026-05-29 18:24:54,4.651,mahzrunner,23.973,4.117,1,27,0,4.8,8,38.71,20.29,19.565,3,1,35,146,5,1,0,143
2026-05-30 21:04:03,4.995,mahzrunner,28.125,6.455,3,14,1,4.417,14,26.471,25.862,33.333,5,5,36,128,4,2,0,143
2026-06-03 14:14:56,5.158,mahzrunner,32.456,6.104,5,24,0,4.297,13,48.276,25,29.268,7,3,37,114,2,3,1,143
2026-06-03 18:55:58,5.08,mahzrunner,25.0,4.578,2,29,1,4.868,11,25.806,22.5,29.268,4,3,38,152,3,2,1,143
2026-06-05 17:50:16,5.154,mahzrunner,24.038,4.341,1,24,0,4.4,9,35.294,12.245,34.211,2,8,25,104,3,2,0,143
2026-01-18 10:29:54,5.518,liljakatsuragi,23.622,3.773,1,21,3,4.933,9,33.333,18.462,25.714,2,3,30,127,3,2,0,144
2026-02-21 05:13:59,5.629,liljakatsuragi,22.556,3.948,0,14,1,5.067,7,25.926,16.923,29.268,4,2,30,133,2,3,1,144
2026-03-11 10:35:17,5.514,liljakatsuragi,22.481,3.466,0,17,1,5.172,7,33.333,15.517,23.684,3,3,29,129,2,4,0,144
2026-04-06 04:10:38,5.306,liljakatsuragi,23.881,4.346,1,27,1,4.688,10,30,25.455,18.367,5,4,32,134,3,3,0,144
2026-04-14 05:05:01,5.295,liljakatsuragi,24.107,3.702,1,13,0,5.296,6,54.545,15,20,3,2,27,112,2,2,1,144
2026-04-16 06:43:37,5.307,liljakatsuragi,26.543,3.306,0,46,1,4.605,14,47.727,14.062,24.074,2,5,43,162,3,3,0,144
2026-04-19 07:32:45,5.323,liljakatsuragi,23.529,3.564,2,23,1,4.357,9,28,9.434,39.024,2,3,28,119,4,2,0,144
2026-04-28 05:07:35,5.527,liljakatsuragi,18.954,2.757,0,23,0,4.897,8,35.294,13.433,15.385,1,4,29,153,3,3,0,144
2026-05-04 06:27:59,5.538,liljakatsuragi,24.219,4.254,3,29,0,4.516,10,25.714,28.302,17.5,6,5,31,128,2,4,0,144
2026-06-04 07:25:31,5.331,liljakatsuragi,24.828,2.35,0,42,1,5.278,8,37.143,22.059,19.048,3,1,36,145,3,3,0,144
2026-01-20 11:16:49,6.538,tapumomo,23.404,4.324,2,40,0,4.333,14,37.143,18.571,19.444,6,3,33,141,4,2,0,146
2026-01-20 19:15:46,6.747,tapumomo,25.397,5.166,5,23,1,4.844,9,19.231,28.169,24.138,7,2,32,126,1,5,0,146
2026-01-27 02:46:22,6.299,tapumomo,23.944,2.615,1,34,1,5.588,5,24.242,18.75,31.111,1,3,34,142,1,4,1,146
2026-04-13 04:24:01,6.018,tapumomo,27.097,5.043,1,20,1,5.048,9,29.032,28.09,22.857,2,1,42,155,4,1,1,146
2026-04-21 18:25:22,6.33,tapumomo,27.407,3.732,0,24,0,5.0,8,28.125,25,30.233,4,4,37,135,3,3,0,146
2026-05-02 23:23:31,6.33,tapumomo,28.261,5.739,4,26,1,4.346,9,38.889,20,34.483,7,1,26,92,2,2,0,146
2026-01-27 02:46:22,3.547,thjalago,21.186,3.362,0,25,2,4.72,7,29.167,16.071,23.684,3,1,25,118,4,2,0,147
2026-05-30 21:04:03,4.609,uy5gf,21.477,2.766,0,21,0,5.531,8,34.286,6.667,29.63,2,3,32,149,3,3,0,148
2026-05-31 11:11:49,4.619,uy5gf,20.155,3.294,1,19,1,4.885,8,20.588,23.333,14.286,5,1,26,129,3,3,0,148
2026-04-30 07:23:58,7.294,Zozo,31.538,4.298,2,20,0,5.122,9,31.034,24.194,43.59,4,2,41,130,1,5,0,149
2026-05-06 23:26:01,6.897,Zozo,29.054,5.049,2,43,1,4.186,17,40,19.697,34.043,8,6,43,148,5,1,0,149
2026-05-16 04:37:10,7.287,Zozo,27.612,3.165,0,27,0,5.378,5,30.435,20.513,42.424,1,2,37,134,2,2,1,149
2026-05-18 06:06:48,7.288,Zozo,26.613,5.433,2,17,0,5.03,10,37.037,14.815,34.884,4,3,33,124,3,3,0,149
2026-05-23 06:57:28,7.269,Zozo,30.909,4.681,1,14,1,5.441,8,38.889,25,34.091,5,1,34,110,5,0,0,149
2026-05-24 19:25:18,7.751,Zozo,24.074,5.161,1,32,2,4.692,15,22.857,15.584,38,5,6,39,162,3,2,1,149
2026-05-30 09:01:45,7.848,Zozo,22.051,4.058,2,43,1,4.93,9,27.907,21.359,18.367,3,5,43,195,1,4,1,149
2026-05-31 06:42:17,7.848,Zozo,32.544,4.519,0,20,1,5.6,7,44.681,22.222,36,3,5,55,169,3,2,1,149
2026-06-05 08:39:16,7.673,Zozo,33.125,6.74,3,39,1,4.415,21,36.111,29.577,35.849,7,9,53,160,4,2,0,149
2026-06-06 04:57:28,7.865,Zozo,28.662,4.211,0,15,3,5.689,7,22.222,27.143,38.095,4,1,45,157,3,2,1,149
2026-04-19 09:37:53,3.0,Bommie,8.911,1.898,1,12,1,5.0,3,8.696,6.977,11.429,1,1,9,101,1,4,0,150
2026-05-16 04:37:10,3.0,Sayuriii,8.654,0.863,0,22,0,5.667,1,25,2.041,3.704,1,0,9,104,3,2,0,154
2026-03-18 14:41:23,2.973,Unborned,17.91,1.387,0,17,1,6.417,2,42.857,8.197,10.526,1,0,24,134,3,3,0,155
2026-03-20 22:04:30,2.966,Unborned,17.037,1.915,1,29,0,5.609,5,36.842,10.294,6.897,1,3,23,135,2,4,0,155
2026-03-25 22:25:20,2.769,Unborned,21.233,3.852,0,14,2,5.194,9,36.111,13.333,20,3,2,31,146,5,1,0,155
2026-04-11 07:24:55,3.176,Unborned,17.606,3.201,1,14,3,5.32,5,27.5,16.901,6.452,3,1,25,142,1,5,0,155
2026-04-14 05:05:01,2.789,Unborned,20.536,2.189,0,13,2,5.565,3,36.364,16.667,16.667,0,1,23,112,2,2,1,155
2026-05-09 10:03:51,2.801,Unborned,19.118,1.537,1,51,0,4.615,9,33.333,14.286,14.894,1,4,26,136,3,3,0,155
2026-05-11 14:04:11,2.855,Unborned,16.34,2.698,0,25,1,5.16,4,27.778,11.594,14.583,1,2,25,153,5,1,0,155
2026-05-18 11:01:47,3.25,Unborned,15.625,2.806,3,28,1,4.95,6,34.783,9.091,14,4,2,20,128,3,2,1,155
2026-05-29 18:24:54,3.342,Unborned,18.182,2.318,1,29,2,5.4,5,38.462,11.429,12.5,2,1,30,165,2,4,0,155
2026-06-04 23:57:00,3.138,Unborned,25.85,2.877,0,25,1,5.474,8,30.769,23.288,25.714,3,2,38,147,1,5,0,155
2026-02-09 18:53:08,2.525,legrandort,16.102,2.59,1,20,0,4.895,4,14.706,16.327,17.143,2,2,19,118,3,2,0,159
2026-04-24 14:02:24,2.657,legrandort,16.197,1.872,1,43,1,5.391,4,31.034,12.857,11.628,2,1,23,142,3,2,0,159
2026-05-05 14:09:04,2.784,legrandort,16.279,2.018,0,21,0,5.619,5,20.588,21.053,5.263,1,2,21,129,3,1,1,159
2026-05-09 21:37:31,3.031,legrandort,16.279,1.099,1,74,1,5.321,8,22.857,15.385,13.559,1,4,28,172,4,2,0,159
2026-05-16 13:47:04,3.246,legrandort,10.317,1.361,0,13,7,5.385,1,11.111,5.797,17.949,0,0,13,126,3,3,0,159
2026-05-22 21:04:09,3.226,legrandort,18.447,2.247,1,13,0,5.789,3,42.424,10,3.333,2,0,19,103,2,3,0,159
2026-05-26 13:56:18,3.114,legrandort,12.931,1.859,1,29,3,4.867,4,22.222,11.538,8.108,1,2,15,116,4,2,0,159
2026-05-28 13:55:32,3.335,legrandort,16.058,1.524,0,36,0,5.227,4,21.739,12.5,18,0,2,22,137,1,5,0,159
2026-05-07 14:18:37,6.85,Skychael,25.731,4.679,2,36,2,4.932,15,39.583,17.143,24.528,7,4,44,171,3,1,2,160
2026-05-08 18:02:51,7.04,Skychael,27.869,4.133,1,13,0,5.059,6,28.125,30.357,23.529,3,1,34,122,4,1,0,160
2026-05-11 10:54:27,6.85,Skychael,28.788,6.296,7,31,0,4.316,16,28.571,29.63,27.907,11,4,38,132,5,0,1,160
2026-05-13 13:44:45,7.548,Skychael,26.496,4.531,0,11,1,5.258,8,46.154,22.449,19.048,5,0,31,117,4,2,0,160
2026-05-18 11:01:47,7.725,Skychael,31.25,5.479,4,28,1,4.55,12,30.435,34.545,28,6,3,40,128,3,2,1,160
2026-05-26 13:56:18,7.811,Skychael,27.068,5.692,5,30,0,4.194,12,29.032,25,28.571,5,8,36,133,1,5,0,160
2026-05-28 10:37:26,7.45,Skychael,24.06,4.355,1,36,1,4.562,11,29.63,24.242,20,5,4,32,133,6,0,0,160
2026-05-29 13:51:29,7.988,Skychael,25.547,5.134,4,36,0,3.857,18,32.258,22.581,25,6,8,35,137,2,4,0,160
2026-06-01 13:46:50,7.808,Skychael,30.534,5.326,1,17,2,4.725,13,30,32.075,28.947,2,7,40,131,2,3,1,160
2026-06-05 14:41:15,7.73,Skychael,34.667,5.764,1,23,0,4.942,14,40,35.526,29.545,4,4,52,150,3,3,0,160
2026-04-21 00:49:52,2.396,gw13,14.865,1.433,0,18,0,5.727,1,21.053,13.636,11.364,1,0,22,148,2,4,0,166
2026-04-23 05:08:06,2.148,gw13,20.952,2.207,0,21,0,5.273,5,27.778,19.231,20,1,0,22,105,4,1,0,166
2026-04-24 04:52:40,2.527,gw13,15.441,2.942,2,18,1,4.571,8,14.286,12.308,22.222,4,1,21,136,3,3,0,166
2026-01-18 05:07:20,5.178,Lightning,20.0,1.995,1,28,2,5.364,3,25,11.538,30,2,1,22,110,1,4,0,168
2026-01-29 16:37:47,4.834,Lightning,18.095,2.496,0,19,0,5.105,6,36.364,11.628,15,2,1,19,105,0,4,1,168
2026-01-31 08:22:55,4.369,Lightning,22.314,1.505,0,14,3,6.37,0,32,15.789,25.641,0,0,27,121,2,2,1,168
2026-02-22 04:59:06,4.362,Lightning,18.605,3.014,1,25,0,4.792,6,16.129,18.519,20.455,4,2,24,129,5,1,0,168
2026-03-18 14:41:23,4.818,Lightning,21.25,2.816,1,24,0,5.647,7,34.146,18.841,14,1,4,34,160,4,2,0,168
2026-06-04 23:57:00,5.049,Lightning,17.5,1.934,0,35,1,5.393,4,21.429,14.706,18,2,0,28,160,4,2,0,168
2026-06-06 04:57:28,5.277,Lightning,18.243,1.459,0,12,4,6.407,1,24.39,14.754,17.391,3,0,27,148,3,3,0,168
2026-05-13 16:03:02,3.547,yashadox,17.293,2.121,0,23,1,5.391,2,17.241,16.418,18.919,0,1,23,133,3,3,0,169
2026-05-14 14:18:15,3.562,yashadox,16.788,2.368,1,24,1,5.522,4,36.364,7.463,16.216,2,1,23,137,1,4,1,169
2026-05-15 17:46:44,3.288,yashadox,21.154,3.26,0,17,1,4.909,7,37.5,16.667,15.625,3,2,22,104,3,2,0,169
2026-05-20 18:28:10,3.46,yashadox,15.827,2.373,0,35,1,5.227,7,17.647,21.667,6.667,0,3,22,139,3,3,0,169
2026-05-22 21:04:09,3.464,yashadox,20.0,2.191,1,35,0,5.7,5,38.889,18.182,8.333,2,1,30,150,1,4,0,169
2026-05-25 12:49:49,3.179,yashadox,25.373,3.619,0,15,0,4.941,7,43.75,15.278,30,0,2,34,134,4,2,0,169
2026-05-25 14:28:52,3.347,yashadox,14.545,1.323,0,9,0,5.938,3,36.842,12.963,5.405,1,0,16,110,0,6,0,169
2026-05-30 21:04:03,2.807,yashadox,20.0,2.515,0,9,1,5.217,1,22.727,19.672,18.75,0,2,23,115,3,3,0,169
2026-06-03 18:55:58,2.81,yashadox,19.737,2.337,0,29,0,5.567,5,25.806,16.25,21.951,1,2,30,152,3,2,1,169
2026-06-05 17:50:16,2.885,yashadox,19.492,3.196,1,24,0,5.0,9,24.138,30.612,2.5,3,2,23,118,3,2,0,169
2026-04-17 14:03:23,0.4,JustAWeirdo,12.676,0.884,0,48,0,5.611,1,9.677,8.065,20.408,1,0,18,142,3,1,1,171
2026-01-27 05:46:13,4.0,oolli,12.121,0.991,0,39,1,5.95,2,17.308,12.121,6.383,1,0,20,165,3,3,0,172
2026-02-04 13:43:18,4.009,oolli,14.754,2.682,1,16,0,4.611,5,12,14.706,17.241,3,1,18,122,3,3,0,172
2026-01-05 07:23:46,-0.427,TateyamaAyano,8.176,0.664,1,58,0,5.538,1,15.909,4.545,6.122,1,0,13,159,4,2,0,174
2026-02-08 11:33:44,-0.183,TateyamaAyano,11.333,1.319,0,40,3,5.059,3,20.588,4.167,15.909,2,1,17,150,2,4,0,174
2026-05-17 09:37:26,-0.42,TateyamaAyano,12.281,1.275,0,10,0,6.0,1,25.926,7.143,9.677,1,0,14,114,4,2,0,174
2026-05-07 07:15:21,6.117,Kirox,24.818,4.134,2,18,0,4.882,7,26.471,28.333,18.605,2,0,34,137,3,3,0,175
2026-05-11 08:22:11,6.111,Kirox,24.731,3.656,1,22,0,4.522,7,40.909,23.529,10,2,5,23,93,1,5,0,175
2026-05-11 18:11:15,5.753,Kirox,31.959,6.5,3,12,0,4.774,8,40.909,31.373,25,3,2,31,97,2,4,0,175
2026-05-12 18:15:50,5.569,Kirox,26.277,3.316,1,32,0,5.5,7,35.294,26.761,15.625,2,3,36,137,2,3,0,175
2026-05-18 21:53:11,5.472,Kirox,25.984,4.945,3,23,0,4.545,11,33.333,24.138,22.222,5,5,33,127,4,2,0,175
2026-05-22 21:04:09,5.647,Kirox,29.0,6.012,1,18,0,4.276,13,37.037,24.39,28.125,4,4,29,100,4,1,0,175
2026-05-26 08:23:25,5.919,Kirox,30.189,4.1,0,21,0,5.521,8,37.838,25.373,30.909,2,2,48,159,3,2,1,175
2026-06-04 07:25:31,5.999,Kirox,24.841,3.888,2,45,0,4.385,17,38.889,20.29,21.154,6,3,39,157,2,3,1,175
2026-06-04 18:25:20,5.914,Kirox,25.85,3.889,1,22,1,5.132,9,43.59,19.697,19.048,2,2,38,147,3,3,0,175
2026-06-05 08:39:16,5.922,Kirox,29.375,4.479,2,39,0,4.936,12,50,22.535,24.528,4,4,47,160,4,2,0,175
2026-05-15 07:01:20,7.427,Spitzell,26.389,4.669,5,41,0,4.5,15,40,22.727,22.917,6,6,38,144,2,4,0,176
2026-04-19 14:28:30,10.318,oh95,30.37,5.246,1,29,1,4.951,12,45.946,26.866,19.355,2,7,41,135,2,4,0,177
2026-05-04 18:44:00,10.125,oh95,38.168,7.037,2,22,0,4.76,14,56.098,26.923,34.211,4,10,50,131,3,2,0,177
2026-05-06 23:26:01,10.215,oh95,30.405,6.307,5,43,0,3.933,20,40,27.273,27.66,8,9,45,148,5,1,0,177
2026-05-16 04:37:10,10.6,oh95,35.577,7.987,2,22,0,4.162,13,71.429,20.408,25.926,3,8,37,104,3,2,0,177
2026-05-17 09:37:26,10.771,oh95,29.825,5.863,1,10,1,4.765,9,48.148,21.429,29.032,3,3,34,114,4,2,0,177
2026-05-17 15:14:41,10.959,oh95,30.435,4.677,0,26,1,5.531,12,47.619,22.222,27.66,0,7,49,161,1,5,0,177
2026-05-19 14:12:22,10.595,oh95,36.0,7.719,5,34,0,4.444,18,50,32.877,30.233,7,7,54,150,1,4,1,177
2026-05-20 08:34:07,10.311,oh95,27.941,6.612,3,23,0,4.316,14,48.571,22.388,17.647,6,9,38,136,2,4,0,177
2026-05-21 14:29:56,10.087,oh95,32.0,4.459,1,24,0,5.375,9,48.649,25.373,28.261,2,6,48,150,3,3,0,177
2026-05-24 13:57:54,10.081,oh95,25.0,3.481,0,29,1,4.926,8,36.364,25.49,17.143,2,4,27,108,3,2,0,177
2026-01-06 14:13:54,24.138,Eryth,70.068,27.08,21,21,0,3.612,59,76.471,75,57.778,25,29,103,147,2,4,0,178
2026-01-07 14:00:01,23.928,Eryth,73.684,27.01,14,7,0,3.143,45,84.615,77.778,54.167,20,27,70,95,0,5,0,178
2026-01-09 14:00:22,23.365,Eryth,72.519,26.792,20,15,0,3.558,50,84,74.286,61.111,29,18,95,131,3,3,0,178
2026-01-12 05:30:57,23.35,Eryth,71.545,24.914,12,17,0,3.25,54,84,73.333,60.526,13,43,88,123,0,4,1,178
2026-02-02 13:53:19,22.912,Eryth,64.789,21.883,7,22,0,3.761,50,77.778,65.278,55.814,13,28,92,142,3,3,0,178
2026-02-04 13:43:18,22.896,Eryth,75.41,28.793,22,16,0,2.88,64,72,83.824,58.621,29,34,92,122,3,3,0,178
2026-02-11 13:43:55,22.901,Eryth,63.566,26.586,10,18,0,3.171,51,71.875,66.667,50,16,30,82,129,4,2,0,178
2026-02-14 14:04:22,23.111,Eryth,62.5,25.415,17,21,0,3.329,51,59.259,70,55.102,23,21,85,136,3,3,0,178
2026-02-20 14:01:01,23.116,Eryth,78.431,25.648,18,14,0,3.767,60,84.444,80.556,66.667,25,28,120,153,5,1,0,178
2026-03-07 13:52:35,23.527,Eryth,73.913,29.421,16,13,0,3.044,47,80.769,79.545,54.545,22,21,68,92,3,2,0,178
2026-01-20 00:30:42,7.768,Floth,25.175,4.301,3,27,1,4.944,11,20.455,26.786,27.907,6,6,36,143,3,3,0,179
2026-02-06 18:13:10,7.772,Floth,23.333,5.486,2,9,0,4.357,10,25,17.308,30.556,5,2,28,120,2,4,0,179
2026-03-01 17:42:33,7.58,Floth,19.643,4.04,4,20,3,4.682,8,23.333,15.789,24,4,2,22,112,3,2,0,179
2026-03-04 14:45:10,7.669,Floth,20.635,5.546,3,29,2,4.077,12,24,13.333,29.268,7,4,26,126,3,3,0,179
2026-03-15 00:14:27,7.67,Floth,20.339,5.108,0,24,0,4.167,12,32.143,12.5,21.429,3,6,24,118,0,5,0,179
2026-05-15 17:46:44,7.108,Floth,14.607,1.974,0,28,1,4.769,2,20,6.818,23.333,1,0,13,89,0,5,0,179
2026-05-17 07:27:17,6.024,Floth,18.116,3.621,2,52,2,3.88,12,16.129,16.949,20.833,5,4,25,138,1,3,1,179
2026-05-30 04:57:21,5.803,Floth,20.588,2.289,0,8,4,5.821,2,32.143,12.857,26.316,2,0,28,136,3,3,0,179
2026-06-01 13:46:50,5.802,Floth,23.932,3.485,0,17,0,4.893,6,26.923,20.339,28.125,2,2,28,117,5,1,0,179
2026-06-05 17:50:16,6.225,Floth,15.574,2.519,1,23,3,4.789,6,12.5,21.569,10.256,5,0,19,122,1,4,0,179
2026-02-22 04:59:06,3.294,psirockin,10.577,1.777,0,13,1,4.818,4,14.286,9.091,9.375,1,1,11,104,2,4,0,180
2026-02-23 11:23:01,3.039,psirockin,15.723,2.562,1,22,1,4.8,7,11.111,19.178,14.634,3,0,25,159,2,4,0,180
2026-02-25 09:17:06,3.039,psirockin,19.76,3.224,1,31,3,4.97,7,20.588,22.989,13.043,2,4,33,167,5,1,0,180
2026-04-06 18:07:46,3.305,psirockin,15.217,2.318,0,21,2,5.381,4,21.053,11.475,15.385,1,3,21,138,3,3,0,180
2026-01-04 14:34:40,7.0,Yolowolf75,17.647,2.986,1,25,0,4.722,5,54.167,9.091,2.941,4,0,18,102,2,3,0,181
2026-04-22 06:15:10,5.877,redeyes,22.449,2.658,0,12,0,5.773,2,38.095,15.385,24,1,0,22,98,3,2,0,191
2026-04-23 05:08:06,5.985,redeyes,26.154,4.648,2,25,0,4.618,13,34.615,20.755,27.451,5,6,34,130,3,2,0,191
2026-04-24 04:52:40,6.106,redeyes,24.39,3.551,1,13,0,4.833,7,15.789,23.944,30.303,1,3,30,123,3,3,0,191
2026-04-25 06:26:43,6.097,redeyes,25.316,3.879,0,17,1,5.4,5,37.838,18.056,26.531,2,1,40,158,3,3,0,191
2026-04-25 21:35:54,6.097,redeyes,27.273,4.303,1,22,0,4.758,11,21.739,29.825,26.829,4,2,33,121,2,4,0,191
2026-04-26 04:32:57,5.885,redeyes,25.385,4.68,0,11,5,5.091,8,29.032,24.615,23.529,2,4,33,130,3,3,0,191
2026-04-28 05:07:35,5.887,redeyes,23.438,5.285,1,13,0,4.133,14,33.333,18.75,23.529,4,5,30,128,3,3,0,191
2026-05-16 04:37:10,5.881,redeyes,26.119,3.433,0,27,0,5.257,6,30.435,23.077,30.303,4,0,35,134,2,2,1,191
2026-05-17 07:27:17,5.88,redeyes,19.565,3.298,2,52,0,4.333,11,22.581,22.034,14.583,3,4,27,138,1,3,1,191
2026-05-31 06:42:17,5.671,redeyes,23.077,2.543,0,28,6,5.929,5,22.449,20.455,28.889,2,1,42,182,2,3,1,191
2026-03-10 19:04:37,16.0,Math1234,44.275,9.922,0,16,0,4.379,21,58.621,41.667,38.095,7,14,58,131,4,2,0,194
2026-05-24 19:25:18,16.24,Math1234,49.383,13.034,7,32,0,4.188,36,57.143,57.143,32,11,16,80,162,3,2,1,194
2026-05-07 07:15:21,4.236,BijouKoseki,18.436,2.456,0,29,0,5.364,6,22.857,18.681,15.094,2,3,33,179,3,2,1,199
2026-05-11 10:54:27,4.336,BijouKoseki,14.729,1.939,0,31,0,5.053,6,29.63,7.018,15.556,2,2,19,129,1,4,1,199
2026-05-16 10:16:26,4.056,BijouKoseki,18.462,4.22,2,12,0,4.792,7,11.429,18.75,25.806,5,2,24,130,5,1,0,199
2026-05-25 07:30:37,4.782,BijouKoseki,18.939,2.562,0,23,0,5.28,7,22.727,17.647,19.048,1,0,25,132,0,6,0,199
2026-05-25 12:49:49,4.216,BijouKoseki,14.167,2.576,2,21,0,5.059,4,22.222,8.772,14.815,3,2,17,120,3,3,0,199
2026-05-28 10:37:26,4.224,BijouKoseki,11.0,1.148,1,28,0,6.0,2,18.182,4.255,16.129,1,0,11,100,0,6,0,199
2026-05-30 09:01:45,3.656,BijouKoseki,23.611,3.111,0,31,2,5.676,5,27.273,18.571,29.268,1,4,34,144,3,3,0,199
2026-05-31 11:11:49,3.653,BijouKoseki,15.217,1.567,0,22,1,5.571,4,9.091,17.647,16.216,2,1,21,138,3,2,1,199
2026-06-01 05:57:19,3.656,BijouKoseki,18.254,2.494,0,25,0,4.783,5,22.857,15.625,18.519,2,2,23,126,3,3,0,199
2026-06-04 07:25:31,3.748,BijouKoseki,17.105,1.947,2,43,0,5.231,7,28.571,12.5,13.043,3,3,26,152,3,3,0,199
2026-01-20 00:30:42,7.479,rorf,17.931,3.493,2,29,4,4.923,9,17.391,21.667,12.821,4,4,26,145,4,2,0,201
2026-01-22 14:29:28,7.675,rorf,23.214,4.001,2,21,0,4.538,9,21.622,31.915,10.714,4,2,26,112,1,5,0,201
2026-01-29 00:15:00,7.28,rorf,25.49,4.03,2,41,0,4.615,12,30.233,20.833,28.947,3,7,39,153,3,3,0,201
2026-02-05 15:04:09,7.29,rorf,28.477,5.325,3,24,2,5.163,12,25.581,29.577,29.73,3,2,43,151,3,3,0,201
2026-02-19 20:56:12,7.306,rorf,18.261,2.7,1,28,2,4.905,6,29.167,16.667,13.514,2,2,21,115,4,2,0,201
2026-02-22 17:23:05,7.499,rorf,16.154,3.46,0,13,2,4.571,9,12.5,11.429,27.778,1,8,21,130,1,5,0,201
2026-03-01 17:42:33,7.1,rorf,26.446,3.278,1,24,0,5.25,7,26.923,26.923,25.581,2,2,32,121,2,3,0,201
2026-03-02 11:58:43,6.998,rorf,17.647,4.049,2,22,1,4.958,6,25.641,11.111,18.605,4,1,24,136,1,5,0,201
2026-03-07 00:48:43,6.593,rorf,24.603,4.485,1,14,2,4.806,7,27.778,17.308,31.579,4,1,31,126,3,3,0,201
2026-03-16 13:43:54,6.569,rorf,21.212,5.481,4,39,2,3.679,14,35.714,15.254,20,5,7,28,132,1,5,0,201
2026-05-12 14:05:09,3.621,Torradinhas,18.293,3.37,3,41,0,4.533,11,19.355,15.909,22.222,4,2,30,164,4,2,0,214
2026-05-12 18:15:50,3.869,Torradinhas,19.811,3.055,0,24,0,4.952,5,29.032,18.182,12.903,2,1,21,106,1,4,0,214
2026-01-17 05:38:38,4.854,ShelterRin,18.692,3.446,0,7,0,5.1,6,34.783,12.963,16.667,3,1,20,107,1,4,0,217
2026-04-12 04:56:46,4.542,ShelterRin,20.0,3.186,1,21,0,5.222,5,21.212,15.686,23.529,2,1,27,135,4,2,0,217
2026-04-18 21:12:03,4.741,ShelterRin,25.203,4.087,0,19,0,4.419,10,24.242,12.727,45.714,4,10,31,123,4,1,0,217
2026-04-19 07:32:45,5.06,ShelterRin,19.286,2.491,1,32,0,4.963,6,20.93,12.069,28.205,2,3,27,140,1,5,0,217
2026-05-02 23:23:31,4.657,ShelterRin,20.833,3.909,2,36,1,4.56,10,33.333,14.062,25,3,3,25,120,4,0,1,217
2026-05-03 13:50:06,5.063,ShelterRin,21.481,2.567,0,31,0,5.345,5,32.353,20,14.634,1,3,29,135,3,2,0,217
2026-05-04 06:27:59,5.174,ShelterRin,23.664,3.511,1,27,1,4.548,9,30.303,25,15.789,1,6,31,131,2,4,0,217
2026-05-09 21:37:31,4.97,ShelterRin,21.019,1.407,1,73,0,4.97,5,14.286,16.901,31.373,2,4,33,157,2,4,0,217
2026-05-17 07:27:17,4.766,ShelterRin,24.138,3.409,3,21,1,4.821,7,28.205,20.833,24.138,4,0,28,116,0,4,1,217
2026-05-25 07:30:37,4.367,ShelterRin,16.807,3.408,2,25,0,4.85,5,18.182,10.204,24.324,2,2,20,119,5,1,0,217
2026-04-19 04:54:10,7.529,Neumann,34.078,6.655,1,15,3,5.328,11,50,25.316,34.483,6,3,61,179,5,1,0,221
2026-04-19 09:37:53,7.876,Neumann,27.027,4.56,0,16,0,5.1,8,46.667,25.532,11.765,2,3,30,111,3,2,0,221
2026-04-19 14:28:30,7.97,Neumann,37.037,7.631,2,29,1,4.56,17,45.946,29.851,41.935,5,7,50,135,2,4,0,221
2026-04-21 13:51:52,7.789,Neumann,21.374,4.721,2,27,0,4.25,9,25.926,18.033,23.256,4,2,28,131,3,3,0,221
2026-04-21 18:25:22,7.792,Neumann,38.519,7.877,4,24,0,4.288,20,40.625,35,41.86,10,9,52,135,3,3,0,221
2026-04-22 06:15:10,7.788,Neumann,35.714,6.853,0,18,0,4.8,10,52.778,17.308,44.737,4,4,45,126,3,2,0,221
2026-04-22 10:47:24,7.868,Neumann,30.286,6.245,4,36,0,4.66,14,33.333,33.75,22.642,9,4,53,175,4,1,1,221
2026-04-23 15:00:23,8.135,Neumann,32.919,7.133,6,31,2,4.811,14,37.5,24.706,45.455,8,5,53,161,5,1,0,221
2026-04-25 06:26:43,8.499,Neumann,31.646,7.146,4,17,0,4.92,14,45.946,25,30.612,5,4,50,158,3,3,0,221
2026-04-29 13:52:18,8.499,Neumann,31.613,7.084,2,22,1,4.449,17,34.483,31.25,30.435,6,6,49,155,5,1,0,221
2026-05-31 06:42:17,2.706,VuhrCulls,9.272,0.69,0,22,4,6.429,1,11.111,8.451,9.091,0,0,14,151,3,3,0,223
2026-06-01 05:57:19,2.87,VuhrCulls,21.831,2.171,1,24,3,5.71,5,34.884,13.846,20.588,4,1,31,142,4,2,0,223
2026-06-03 04:26:23,2.853,VuhrCulls,22.764,2.841,1,19,2,5.643,4,36.364,15.217,20.455,2,3,28,123,2,3,0,223
2026-06-03 06:38:37,2.768,VuhrCulls,9.589,0.779,0,23,3,5.857,0,7.895,9.375,11.364,0,0,14,146,3,3,0,223
2026-06-04 07:25:31,2.76,VuhrCulls,12.102,1.254,0,45,2,5.158,4,16.667,10.145,11.538,0,3,19,157,2,3,1,223
2026-06-04 18:25:20,2.675,VuhrCulls,12.5,1.728,0,40,1,5.476,6,9.524,12.329,15.094,1,3,21,168,2,4,0,223
2026-06-05 06:23:16,2.493,VuhrCulls,17.647,2.968,1,11,3,5.556,6,15.789,18.841,17.391,3,0,27,153,4,2,0,223
2026-06-05 14:41:15,2.672,VuhrCulls,16.418,1.468,0,27,1,6.0,2,25,15.493,9.677,2,0,22,134,1,3,1,223
2026-06-05 17:50:16,2.506,VuhrCulls,12.0,3.444,2,24,0,3.5,8,27.778,11.364,5.263,5,1,12,100,5,0,0,223
2026-06-06 04:57:28,3.373,VuhrCulls,14.894,2.644,0,11,4,5.429,4,20,9.677,17.949,2,2,21,141,5,0,1,223
2026-04-09 18:12:32,0.89,MythAndroid,13.675,1.996,0,17,3,5.125,3,30.435,12.245,6.667,2,0,16,117,3,2,0,225
2026-05-02 23:23:31,1.003,MythAndroid,11.29,1.55,1,38,1,5.357,4,28,8.065,5.405,3,0,14,124,1,2,2,225
2026-05-08 18:02:51,0.898,MythAndroid,16.296,1.772,1,25,3,5.864,3,22.222,13.636,15.152,2,1,22,135,2,2,1,225
2026-05-15 17:46:44,0.906,MythAndroid,13.462,1.709,0,17,3,5.214,3,45.833,0,9.375,1,0,14,104,3,2,0,225
2026-05-22 21:04:09,11.919,Dry,30.097,8.1,6,13,1,4.161,14,39.394,32.5,16.667,8,4,31,103,2,3,0,228
2026-05-26 18:30:52,11.828,Dry,33.333,7.391,1,16,0,4.522,18,39.535,31.667,28.571,2,9,46,138,2,4,0,228
2026-05-28 18:22:53,11.648,Dry,31.532,8.829,7,16,0,3.6,17,30.435,34.615,27.778,9,8,35,111,5,1,0,228
2026-05-29 18:24:54,11.994,Dry,33.117,8.034,5,30,0,4.196,21,43.59,34.848,22.449,9,8,51,154,2,4,0,228
2026-05-30 21:04:03,11.824,Dry,33.594,10.298,6,14,0,3.814,24,32.353,32.759,36.111,9,12,43,128,4,2,0,228
2026-06-01 18:21:54,11.989,Dry,28.188,7.443,5,23,1,4.048,21,36.364,29.167,20.455,9,5,42,149,2,4,0,228
2026-06-02 14:21:12,11.822,Dry,32.09,8.285,0,11,2,4.581,17,32,35.593,28,7,7,43,134,4,2,0,228
2026-06-04 18:25:20,12.011,Dry,24.675,7.183,6,32,0,3.895,21,28.947,21.667,25,9,9,38,154,3,3,0,228
2026-06-05 17:50:16,12.021,Dry,34.746,9.718,8,24,1,3.683,25,44.828,36.735,25,10,9,41,118,3,2,0,228
2026-06-06 07:47:40,12.2,Dry,33.333,9.182,7,24,1,4.07,27,39.535,37.778,15.789,7,13,57,171,2,3,1,228
2026-05-28 18:22:53,5.041,BigSmo,26.846,4.67,2,22,0,4.425,13,35.294,19.118,31.915,3,3,40,149,2,4,0,230
2026-05-29 13:51:29,4.877,BigSmo,24.648,3.983,4,32,0,4.571,14,30.303,21.212,25.581,7,3,35,142,4,2,0,230
2026-05-29 18:24:54,5.07,BigSmo,23.288,5.418,4,27,1,4.529,12,38.71,17.391,21.739,8,1,34,146,5,1,0,230
2026-06-01 18:21:54,5.418,BigSmo,23.077,2.642,1,36,1,5.667,5,28.205,17.857,28.261,1,4,39,169,1,3,2,230
2026-06-02 14:21:12,5.231,BigSmo,27.778,5.344,1,10,2,5.175,9,32.5,25.397,26.829,4,3,40,144,1,5,0,230
2026-06-03 04:26:23,4.888,BigSmo,30.201,3.267,0,16,0,5.667,5,26.829,21.818,41.509,4,2,45,149,3,2,0,230
2026-06-03 14:14:56,4.973,BigSmo,33.333,4.699,2,18,1,4.865,10,30,39.13,28.571,4,3,37,111,5,1,0,230
2026-06-03 18:55:58,5.329,BigSmo,25.397,4.967,2,21,0,4.875,11,33.333,19.048,30.769,5,6,32,126,3,3,0,230
2026-06-04 18:25:20,5.337,BigSmo,22.819,2.598,0,24,0,5.765,6,38.298,12.308,21.622,2,2,34,149,4,2,0,230
2026-06-05 17:50:16,5.501,BigSmo,24.242,5.21,2,27,0,4.188,15,30.435,18.033,29.167,6,5,32,132,4,1,0,230
2026-05-10 12:17:28,1.789,Serozero,19.355,3.558,1,16,0,4.875,8,21.739,20.635,15.789,2,3,24,124,2,4,0,236
2026-05-12 09:38:12,1.591,Serozero,20.261,2.995,1,43,0,4.516,11,31.429,13.415,25,5,3,31,153,3,2,1,236
2026-05-13 13:44:45,1.683,Serozero,19.298,2.687,0,6,1,5.545,3,20.69,15.254,26.923,1,1,22,114,4,2,0,236
2026-05-16 04:37:10,1.884,Serozero,17.593,2.502,1,27,3,5.684,4,22.222,14.286,18.75,3,1,19,108,3,2,0,236
2026-05-17 07:27:17,2.093,Serozero,15.0,2.589,1,37,1,4.222,8,13.043,16.071,14.634,5,1,18,120,3,2,0,236
2026-05-17 09:37:26,2.195,Serozero,16.667,3.281,1,14,2,4.955,6,25,10.606,21.053,3,2,22,132,2,4,0,236
2026-05-18 06:06:48,2.008,Serozero,14.074,1.652,0,18,0,5.632,2,13.793,13.433,15.385,1,0,19,135,3,3,0,236
2026-05-21 14:29:56,2.024,Serozero,19.653,2.483,0,33,3,5.441,7,25,18.605,17.647,1,1,34,173,4,1,1,236
2026-05-27 04:53:54,2.298,Serozero,18.792,3.523,1,9,0,5.214,7,17.143,19.444,19.048,4,1,28,149,3,2,1,236
2026-06-03 04:26:23,2.386,Serozero,20.805,2.638,1,16,4,5.581,7,21.951,18.182,22.642,3,0,31,149,3,2,0,236
2026-05-09 21:18:01,8.436,Progenitor,26.718,6.246,4,22,1,4.829,11,32.432,30.159,12.903,7,3,35,131,4,2,0,238
2026-05-10 12:17:28,8.628,Progenitor,24.161,4.83,1,20,1,4.417,13,25.714,28.788,16.667,3,7,36,149,3,3,0,238
2026-05-11 10:54:27,8.642,Progenitor,27.132,5.571,3,31,0,4.143,16,44.444,24.561,20,7,6,35,129,1,4,1,238
2026-05-12 09:38:12,8.356,Progenitor,27.815,3.602,1,44,0,4.643,12,40,25.676,21.429,3,2,42,151,1,4,1,238
2026-05-12 18:15:50,8.083,Progenitor,25.472,4.84,3,24,0,4.63,9,32.258,27.273,16.129,4,2,27,106,1,4,0,238
2026-05-22 14:23:24,7.804,Progenitor,28.966,3.979,0,31,0,5.357,10,42.857,33.333,9.756,1,4,42,145,2,4,0,238
2026-05-22 21:04:09,7.622,Progenitor,29.915,5.063,0,21,0,4.771,10,44.444,31.25,19.048,2,5,35,117,2,3,0,238
2026-05-28 16:09:41,7.527,Progenitor,24.503,6.58,6,42,0,3.946,18,42.308,25,15.094,7,9,37,151,3,3,0,238
2026-06-02 14:21:12,7.529,Progenitor,31.2,5.371,0,11,1,5.308,8,42.857,22.222,28.947,4,2,39,125,4,2,0,238
2026-06-05 17:50:16,7.717,Progenitor,24.038,5.086,4,24,0,4.32,8,41.176,24.49,15.789,7,0,25,104,3,2,0,238
2026-05-18 21:53:11,7.06,yasashiikumo,29.114,3.664,1,33,2,5.087,9,35.714,38.095,13.208,2,3,46,158,3,3,0,241
2026-05-19 14:12:22,7.065,yasashiikumo,25.0,3.759,1,20,1,5.029,7,29.412,27.869,17.073,2,3,34,136,3,3,0,241
2026-05-20 14:25:13,7.073,yasashiikumo,39.655,6.028,2,23,1,4.783,13,34.783,47.368,30.556,3,6,46,116,2,3,0,241
2026-05-20 22:26:33,6.975,yasashiikumo,23.333,4.123,2,29,0,4.229,12,36.842,28.571,6.122,3,3,35,150,0,6,0,241
2026-05-21 14:29:56,6.449,yasashiikumo,30.539,4.507,2,30,2,5.255,10,40.541,30.488,22.917,5,4,51,167,3,2,1,241
2026-05-22 21:04:09,6.543,yasashiikumo,31.356,4.682,1,24,0,5.027,10,45.455,36.364,14.634,1,3,37,118,2,3,0,241
2026-05-26 13:56:18,6.451,yasashiikumo,21.849,3.595,2,33,0,4.462,7,35,23.438,11.429,3,0,26,119,5,1,0,241
2026-05-27 14:37:10,6.803,yasashiikumo,23.026,4.117,2,29,0,4.714,11,32.143,27.941,12.5,4,4,35,152,3,2,1,241
2026-05-29 13:51:29,6.898,yasashiikumo,25.21,4.903,5,30,0,4.067,13,33.333,32.812,8.108,8,2,30,119,3,3,0,241
2026-06-05 17:50:16,6.901,yasashiikumo,30.159,5.055,2,28,0,4.684,14,45.161,35,8.571,5,3,38,126,1,4,0,241
2026-01-17 10:39:09,6.155,KNotAnyMore,23.529,2.942,5,54,0,3.438,18,23.333,19.643,28,8,7,32,136,4,2,0,244
2026-01-17 10:39:09,1.999,Shadow,16.176,1.64,2,54,0,3.955,10,13.333,12.5,22,7,1,22,136,4,2,0,247
2026-04-17 07:29:19,2.231,Shadow,14.085,1.674,0,33,2,5.25,4,23.077,7.407,14.286,0,1,20,142,1,5,0,247
2026-04-17 14:03:23,1.767,Shadow,13.934,2.399,2,38,1,4.294,6,18.519,10.345,16.216,2,2,17,122,1,4,0,247
2026-04-19 09:37:53,1.427,Shadow,14.679,2.891,0,14,2,5.0,4,19.355,8,21.429,3,3,16,109,4,1,0,247
2026-04-29 09:20:39,1.749,Shadow,11.429,1.503,0,18,1,4.583,4,4,5.882,27.586,2,1,12,105,2,4,0,247
2026-05-25 12:49:49,1.516,Shadow,12.687,1.591,0,15,1,5.294,2,18.75,5.556,23.333,0,1,17,134,4,2,0,247
2026-05-28 13:55:32,1.72,Shadow,10.949,1.491,0,36,1,4.733,6,13.043,6.25,16,2,1,15,137,1,5,0,247
2026-01-20 11:16:49,12.231,eternity,33.333,10.351,10,25,0,3.25,23,50,32.727,21.622,15,8,40,120,3,3,0,248
2026-03-16 13:43:54,12.229,eternity,31.731,9.554,10,19,1,3.545,17,44,37.778,14.706,13,5,33,104,4,2,0,248
2026-03-16 16:08:49,12.472,eternity,32.867,8.355,8,27,1,3.553,26,46.875,34.375,21.277,11,10,47,143,2,4,0,248
2026-03-28 22:07:01,12.259,eternity,36.17,10.507,3,12,2,3.941,16,48.276,43.243,14.286,8,7,34,94,3,2,0,248
2026-04-25 06:26:43,11.365,md22,34.409,7.308,2,26,2,5.016,16,39.535,39.759,23.333,7,8,64,186,3,1,2,250
2026-04-26 04:32:57,11.537,md22,33.333,4.814,2,18,2,5.542,5,37.5,38.596,23.404,2,0,48,144,0,6,0,250
2026-04-27 05:23:52,11.005,md22,31.818,5.796,5,26,0,4.257,12,48.387,28.261,21.212,5,6,35,110,1,5,0,250
2026-05-16 04:37:10,10.644,md22,37.594,7.649,7,25,3,4.88,16,45.455,31.818,41.176,7,5,50,133,3,2,0,250
2026-05-18 06:06:48,10.819,md22,21.93,3.713,0,17,1,5.08,5,23.077,25.806,11.538,3,2,25,114,4,2,0,250
2026-06-03 06:38:37,10.991,md22,35.664,8.77,7,25,0,4.49,17,37.5,28.788,44.444,10,6,51,143,3,3,0,250
2026-06-04 23:57:00,10.998,md22,28.462,7.125,5,30,0,3.865,17,21.875,31.667,28.947,8,6,37,130,3,3,0,250
2026-06-05 14:41:15,10.987,md22,35.333,5.513,1,23,1,5.038,11,46.667,42.105,15.909,3,4,53,150,3,3,0,250
2026-06-05 17:50:16,10.997,md22,36.508,7.267,4,28,1,4.326,20,32.258,36.667,40,7,4,46,126,1,4,0,250
2026-06-06 07:47:40,10.475,md22,35.22,6.866,1,24,0,4.607,17,43.59,41.026,16.667,3,10,56,159,3,2,1,250
2026-01-02 13:57:28,1.378,Rhummy,10.526,1.218,0,13,1,6.0,1,20,6.522,10.345,1,0,10,95,4,1,0,253
2026-01-17 00:37:47,1.711,Rhummy,7.955,1.186,2,39,3,5.0,3,13.636,4.598,8.889,2,0,14,176,1,3,2,253
2026-05-17 21:31:48,1.514,Rhummy,7.547,1.685,1,13,2,4.25,3,19.048,4.082,5.556,2,1,8,106,1,5,0,253
2026-01-01 22:39:32,2.376,Patoche49,20.0,1.815,0,17,1,5.833,3,24,17.073,20.833,2,0,18,90,3,2,0,259
2026-01-17 22:50:02,2.494,Patoche49,18.71,2.02,1,37,0,5.517,5,34.211,15.068,11.364,2,1,29,155,5,1,0,259
2026-01-29 16:37:47,2.949,Patoche49,13.953,1.834,0,38,0,4.944,4,21.875,15.385,6.667,3,1,18,129,2,2,1,259
2026-03-16 13:43:54,2.926,Patoche49,18.519,1.841,1,46,1,5.44,1,26.923,11.667,22.449,2,0,25,135,3,3,0,259
2026-04-19 09:37:53,2.928,Patoche49,17.431,1.974,0,14,1,5.684,1,29.032,12,14.286,3,0,19,109,4,1,0,259
2026-05-09 21:37:31,3.247,Patoche49,18.286,1.576,2,88,1,4.5,8,19.048,18.519,17.308,4,5,32,175,2,3,1,259
2026-05-28 13:55:32,3.145,Patoche49,19.481,2.243,0,47,0,4.833,8,22.581,25.758,10.526,0,6,30,154,4,2,0,259
2026-01-11 19:25:15,5.894,AnotherWish,29.104,5.523,2,24,1,4.615,13,34.211,26.531,27.66,5,6,39,134,1,5,0,260
2026-02-17 21:05:31,5.41,AnotherWish,27.273,5.262,3,30,1,4.643,11,36.585,27.586,20,6,6,42,154,3,2,0,260
2026-03-10 10:21:36,5.536,AnotherWish,18.841,4.498,2,26,3,4.346,12,22.581,18.841,15.789,4,3,26,138,4,1,1,260
2026-04-17 14:03:23,5.826,AnotherWish,15.044,3.282,2,29,2,3.588,7,20.833,5.882,23.684,4,3,17,113,1,3,1,260
2026-05-09 21:37:31,5.604,AnotherWish,18.59,2.579,6,69,2,3.828,15,17.857,23.75,10.417,8,5,29,156,3,2,1,260
2026-05-25 14:28:52,5.721,AnotherWish,13.636,2.44,0,9,4,4.733,4,26.316,5.556,18.919,0,4,15,110,0,6,0,260
2026-05-06 21:00:14,4.2,Tvaz,27.143,4.813,1,20,0,4.921,9,52.632,20,14.286,3,4,38,140,4,1,1,263
2026-05-11 14:04:11,4.492,Tvaz,20.915,3.594,1,25,0,5.094,6,47.222,14.493,10.417,1,3,32,153,5,1,0,263
2026-05-12 18:15:50,4.889,Tvaz,23.77,3.238,1,21,1,5.207,6,41.176,17.308,16.667,4,2,29,122,3,1,1,263
2026-05-17 21:31:48,5.081,Tvaz,20.0,3.14,0,17,0,4.952,5,37.931,14.894,10.345,1,4,21,105,3,3,0,263
2026-05-18 21:53:11,5.1,Tvaz,22.137,4.447,3,27,0,4.414,12,48.387,16.981,10.638,5,5,29,131,3,3,0,263
2026-05-20 22:26:33,5.095,Tvaz,19.62,4.817,7,33,1,3.645,14,43.243,8.974,18.605,8,3,31,158,6,0,0,263
2026-05-22 21:04:09,5.665,Tvaz,23.0,4.261,0,18,0,4.522,9,33.333,21.951,15.625,3,3,23,100,4,1,0,263
2026-05-26 13:56:18,5.958,Tvaz,18.548,2.891,1,28,0,4.739,6,40.625,8.333,13.636,2,3,23,124,2,4,0,263
2026-06-03 14:14:56,5.772,Tvaz,21.93,4.457,4,24,2,4.28,10,51.724,15.909,7.317,7,1,25,114,2,3,1,263
2026-06-06 14:12:19,5.689,Tvaz,17.91,2.997,0,21,0,5.042,8,46.875,4.348,18.182,1,3,24,134,4,2,0,263
2026-04-18 21:12:03,5.5,LaggyGlassySky,21.429,4.119,1,23,3,4.3,13,20.513,21.538,22.222,4,6,30,140,2,2,1,265
2026-05-06 23:26:01,5.491,LaggyGlassySky,27.273,5.5,4,44,2,4.231,16,30.556,22.951,30.435,9,6,39,143,4,2,0,265
2026-02-21 05:13:59,15.837,civiltwlight,55.072,16.014,3,21,0,3.868,35,68.966,56.338,42.105,10,18,76,138,3,2,1,268
2026-02-21 07:37:52,15.94,civiltwlight,58.17,17.227,7,28,1,4.101,39,81.818,57.746,42.857,13,15,89,153,2,3,1,268
2026-02-21 09:56:08,15.831,civiltwlight,65.957,19.286,11,13,0,3.86,44,84,79.032,42.593,20,15,93,141,4,2,0,268
2026-02-22 07:42:23,16.021,civiltwlight,57.576,17.531,9,14,0,4.0,33,72.727,53.333,51.282,12,14,76,132,4,2,0,268
2026-02-22 17:23:05,16.206,civiltwlight,50.955,14.614,6,27,1,3.712,40,70.37,54.651,31.818,12,14,80,157,4,2,0,268
2026-02-23 11:23:01,16.206,civiltwlight,55.245,17.464,13,29,0,3.342,44,67.391,58.333,35.135,21,19,79,143,5,1,0,268
2026-02-25 09:17:06,16.398,civiltwlight,50.847,12.696,8,33,0,4.1,38,76.087,47.059,32.609,11,16,90,177,2,3,1,268
2026-02-27 06:33:50,16.673,civiltwlight,54.478,14.309,5,14,0,4.219,28,70,58.621,30.556,10,18,73,134,1,4,1,268
2026-03-02 11:58:43,16.385,civiltwlight,46.324,15.457,9,22,0,3.984,27,69.231,46.296,25.581,12,12,63,136,1,5,0,268
2026-03-04 14:45:10,15.99,civiltwlight,54.054,16.981,12,29,0,3.538,44,77.778,48.485,43.478,19,21,80,148,2,3,1,268
2026-02-13 00:43:49,2.5,icefeed2,12.025,1.508,1,52,1,5.263,3,26.471,4,14.286,2,0,19,158,0,5,1,269
2026-03-15 00:14:27,1.912,icefeed2,15.652,2.343,0,28,1,5.056,3,35.714,10.909,6.25,0,3,18,115,2,3,0,269
2026-05-12 18:15:50,1.917,icefeed2,24.088,3.784,2,32,2,5.152,9,38.235,18.31,21.875,4,3,33,137,2,3,0,269
2026-04-09 18:12:32,1.226,mitsorubi,9.804,0.745,0,21,2,6.2,0,16,6.383,10,0,0,10,102,1,3,1,271
2026-04-11 13:56:22,1.004,mitsorubi,8.511,1.025,0,19,1,6.167,2,7.895,6.452,12.195,1,0,12,141,2,4,0,271
2026-04-12 10:13:20,0.791,mitsorubi,10.309,1.886,1,12,2,5.4,2,7.692,8.333,17.391,1,0,10,97,3,2,0,271
2026-04-18 21:12:03,0.913,mitsorubi,10.714,2.665,3,27,0,4.0,5,19.231,8.475,7.407,3,3,12,112,2,2,1,271
2026-05-29 18:24:54,13.05,Mami,40.0,8.525,4,29,0,4.364,24,58.974,38.571,28.571,7,5,66,165,2,4,0,274
2026-05-30 09:01:45,12.862,Mami,37.949,9.862,3,43,0,4.162,28,46.512,41.748,22.449,6,18,74,195,1,4,1,274
2026-05-30 21:04:03,12.603,Mami,43.624,10.681,4,21,0,4.277,32,57.143,45,33.333,7,19,65,149,3,3,0,274
2026-06-01 13:46:50,12.611,Mami,42.748,10.137,7,17,0,4.196,23,52.5,41.509,34.211,9,11,56,131,2,3,1,274
2026-06-03 18:55:58,12.534,Mami,47.887,10.596,3,28,1,4.426,28,53.333,54.667,29.73,14,8,68,142,3,2,1,274
2026-06-04 18:25:20,12.619,Mami,34.524,9.435,7,40,1,3.983,27,42.857,35.616,26.415,12,19,58,168,2,4,0,274
2026-06-05 08:39:16,12.436,Mami,39.865,8.981,7,33,1,4.271,25,52.632,42.105,20.588,10,9,59,148,2,4,0,274
2026-06-05 14:41:15,12.258,Mami,44.667,11.57,6,28,1,4.209,28,47.222,47.143,38.636,9,19,67,150,4,2,0,274
2026-06-05 17:50:16,12.437,Mami,31.0,5.087,1,21,1,4.806,11,56.522,31.707,13.889,3,6,31,100,1,4,0,274
2026-06-06 04:57:28,11.91,Mami,44.681,10.14,0,11,1,4.698,17,50,45.161,38.462,8,5,63,141,5,0,1,274
2026-01-18 10:29:54,10.582,Kryuell,31.69,6.813,3,25,0,4.333,18,41.935,35.938,19.149,6,8,45,142,2,3,0,275
2026-01-24 06:26:17,10.484,Kryuell,42.361,7.785,1,18,0,4.443,19,58.065,36.986,40,4,6,61,144,4,2,0,275
2026-01-26 19:25:39,10.685,Kryuell,30.097,4.375,1,17,0,5.355,6,37.931,31.25,19.231,4,1,31,103,4,1,0,275
2026-01-27 05:46:13,10.92,Kryuell,35.333,7.285,3,29,0,4.415,18,46,31.429,26.667,8,10,53,150,3,3,0,275
2026-01-29 16:37:47,10.975,Kryuell,27.966,6.881,2,38,0,3.576,19,58.333,22.414,16.667,2,14,33,118,2,3,0,275
2026-02-02 20:29:58,10.881,Kryuell,40.385,9.76,1,20,0,4.619,19,47.619,43.939,29.167,8,1,63,156,3,3,0,275
2026-02-08 19:05:51,10.886,Kryuell,42.537,9.243,5,30,1,4.07,25,64.516,38.462,31.579,9,12,57,134,4,2,0,275
2026-05-20 14:25:13,11.079,Kryuell,25.806,4.775,4,37,0,4.688,11,37.037,21.818,23.81,5,4,32,124,1,4,0,275
2026-05-21 14:29:56,10.788,Kryuell,37.838,6.861,2,21,0,4.839,19,58.333,34.247,25.641,2,8,56,148,1,5,0,275
2026-05-22 14:23:24,10.413,Kryuell,27.869,5.583,0,24,0,4.588,13,45.161,25,17.143,3,6,34,122,4,2,0,275
2026-05-25 12:49:49,10.24,hmsuis,33.333,6.941,3,21,0,4.4,13,61.111,17.544,29.63,4,7,40,120,3,3,0,276
2026-05-26 08:23:25,10.249,hmsuis,41.477,8.309,4,22,1,4.904,17,53.659,36.709,39.286,5,12,73,176,2,3,1,276
2026-05-27 14:37:10,10.161,hmsuis,29.091,4.229,1,41,0,5.146,12,50,27.778,18.644,2,4,48,165,2,4,0,276
2026-05-28 10:37:26,9.992,hmsuis,30.0,6.432,3,28,0,4.2,13,45.455,21.277,32.258,7,7,30,100,0,6,0,276
2026-05-28 16:09:41,9.461,hmsuis,29.078,6.151,4,42,0,4.512,17,39.394,27.273,24.528,7,5,41,141,3,3,0,276
2026-05-28 18:22:53,9.449,hmsuis,37.838,7.364,2,16,0,4.167,17,39.13,32.692,44.444,4,6,42,111,5,1,0,276
2026-05-30 09:01:45,9.789,hmsuis,37.5,8.115,5,31,0,4.889,16,54.545,31.429,34.146,10,0,54,144,3,3,0,276
2026-05-31 11:11:49,9.786,hmsuis,35.135,6.281,3,29,0,4.481,19,46.341,34.328,25,5,6,52,148,3,2,1,276
2026-06-04 07:25:31,9.885,hmsuis,28.289,4.128,2,43,0,4.512,16,42.857,20.312,26.087,9,3,43,152,3,3,0,276
2026-06-06 14:12:19,9.869,hmsuis,37.143,7.634,1,26,0,4.5,16,54.054,26.866,38.889,5,8,52,140,4,2,0,276
2026-05-16 13:47:04,9.937,chemist,22.047,5.051,1,21,2,4.536,9,37.931,20.339,12.821,2,5,28,127,4,2,0,277
2026-05-17 15:14:41,10.121,chemist,32.759,6.758,2,5,0,5.053,9,48.485,27.66,25,3,3,38,116,4,2,0,277
2026-05-18 15:08:53,10.303,chemist,30.657,6.693,0,32,0,4.357,19,41.935,29.508,24.444,7,8,42,137,1,4,1,277
2026-05-20 18:28:10,10.031,chemist,26.357,7.911,6,29,1,4.0,18,34.286,28.302,17.073,8,5,34,129,4,2,0,277
2026-05-24 19:25:18,10.201,chemist,33.929,6.446,2,30,1,4.93,17,41.379,33.333,31.148,6,2,57,168,1,4,1,277
2026-05-28 18:22:53,9.936,chemist,27.612,6.678,3,28,1,3.811,19,22.222,30,27.66,9,2,37,134,3,3,0,277
2026-05-29 18:24:54,9.937,chemist,22.449,4.43,3,24,0,4.758,8,36.364,19.403,17.021,4,3,33,147,3,3,0,277
2026-05-30 04:57:21,9.946,chemist,26.136,4.68,1,25,0,5.283,10,33.333,31.325,14.035,2,4,46,176,5,1,0,277
2026-05-31 06:42:17,9.936,chemist,42.604,9.909,4,20,1,4.833,22,57.447,37.5,36,7,7,72,169,3,2,1,277
2026-06-04 18:25:20,10.392,chemist,29.87,7.029,3,32,0,4.109,24,47.368,28.333,19.643,6,10,46,154,3,3,0,277
2026-04-12 10:13:20,21.688,akatsukl,70.0,26.288,10,11,0,3.444,35,78.261,71.429,60,13,18,63,90,3,2,0,282
2026-04-14 05:05:01,21.784,akatsukl,66.316,21.917,11,7,1,3.619,33,75,69.231,52.174,17,13,63,95,2,3,0,282
2026-04-17 17:36:21,21.681,akatsuki,66.019,25.112,14,15,1,2.897,50,95,71.739,43.243,17,25,68,103,2,3,0,282
2026-04-21 10:13:47,21.578,akatsuki,64.865,24.437,11,16,0,3.306,43,72,73.077,47.059,15,22,72,111,4,1,0,282
2026-04-21 13:51:52,21.895,akatsuki,67.2,25.088,18,18,0,3.274,52,70.588,81.481,43.243,27,19,84,125,3,3,0,282
2026-04-30 07:23:58,21.887,akatsuki,68.254,24.037,24,13,0,3.035,57,85.294,66.667,56.098,29,24,86,126,3,3,0,282
2026-05-05 14:09:04,21.882,akatsuki,68.992,24.209,19,21,0,3.472,52,70.588,80.702,50,25,20,89,129,3,1,1,282
2026-05-16 13:47:04,22.092,akatsuki,71.429,27.745,12,13,0,3.422,52,72.222,78.261,58.974,23,22,90,126,3,3,0,282
2026-05-17 09:37:26,22.074,akatsuki,78.07,26.205,12,10,0,3.573,45,88.889,83.929,58.065,16,21,89,114,4,2,0,282
2026-05-22 14:23:24,22.265,akatsuki,70.748,22.566,15,12,0,3.558,57,76.19,73.333,62.222,18,37,104,147,2,3,1,282
2026-02-04 12:07:51,6.004,miiarad,28.671,5.176,2,31,0,4.805,12,34.211,26.562,26.829,4,6,41,143,3,2,1,285
2026-03-25 10:07:16,6.105,miiarad,20.896,3.39,0,15,1,5.25,7,25.714,18.75,20,6,3,28,134,1,5,0,285
2026-04-29 18:16:04,5.626,miiarad,22.759,3.869,2,34,0,4.333,12,28.947,24.242,14.634,2,9,33,145,1,5,0,285
2026-05-03 13:50:06,5.176,miiarad,19.802,3.546,1,19,0,4.75,5,29.167,19.565,12.903,2,3,20,101,1,4,0,285
2026-05-27 14:37:10,4.829,miiarad,25.0,5.185,3,35,0,4.639,12,36.667,21.667,22.222,7,5,36,144,4,2,0,285
2026-05-28 13:55:32,5.031,miiarad,27.273,5.555,7,47,0,3.881,20,16.129,40.909,17.544,10,5,42,154,4,2,0,285
2026-05-28 18:22:53,5.255,miiarad,28.261,3.943,1,20,0,4.923,7,26.667,29.412,27.5,3,3,39,138,2,4,0,285
2026-06-06 14:12:19,5.031,miiarad,27.536,5.342,1,19,0,4.737,11,37.143,19.298,30.435,2,6,38,138,2,4,0,285
2026-05-30 09:01:45,7.498,Lakumix,26.923,5.271,0,18,1,4.857,10,39.13,26.471,20.513,5,1,35,130,6,0,0,286
2026-05-30 21:04:03,8.026,Lakumix,28.188,7.003,6,21,3,4.476,18,37.143,18.333,33.333,9,5,42,149,3,3,0,286
2026-05-31 11:11:49,8.034,Lakumix,20.863,4.927,5,28,0,4.379,12,25,17.91,22.727,8,3,29,139,2,4,0,286
2026-06-01 13:46:50,7.868,Lakumix,30.534,6.117,4,17,0,4.625,15,32.5,30.189,28.947,8,3,40,131,2,3,1,286
2026-06-03 06:38:37,7.791,Lakumix,19.167,5.125,3,24,1,4.391,10,25,11.765,24.242,6,3,23,120,2,4,0,286
2026-06-03 14:14:56,7.631,Lakumix,31.2,5.678,4,30,0,4.385,14,29.73,32.609,30.952,6,7,39,125,2,4,0,286
2026-06-05 06:23:16,7.433,Lakumix,28.477,8.264,4,11,2,4.442,18,23.684,30.769,29.167,6,7,43,151,3,2,1,286
2026-06-05 08:39:16,7.517,Lakumix,29.921,7.384,8,29,1,4.263,16,27.027,32.143,29.412,10,5,38,127,2,4,0,286
2026-06-05 14:41:15,7.341,Lakumix,28.662,5.762,4,33,1,4.822,14,35.135,27.848,24.39,6,4,45,157,1,4,1,286
2026-06-06 14:12:19,7.088,Lakumix,22.464,4.643,1,19,1,4.645,10,20,21.053,26.087,5,2,31,138,2,4,0,286
2026-02-15 19:18:05,7.737,Provenance,22.523,5.615,2,21,0,3.8,14,33.333,18.519,23.077,7,3,25,111,4,2,0,289
2026-02-21 05:13:59,7.938,Provenance,29.839,4.657,1,7,0,5.324,6,30.303,27.119,34.375,4,1,37,124,4,2,0,289
2026-02-22 04:59:06,8.136,Provenance,27.143,5.304,1,27,0,4.395,15,41.935,10.938,40,6,5,38,140,1,5,0,289
2026-02-26 01:09:58,7.765,Provenance,30.827,6.408,2,18,0,4.585,15,29.032,29.508,34.146,6,7,41,133,1,5,0,289
2026-03-01 07:10:28,7.399,Provenance,21.053,5.581,5,31,2,4.594,13,28.947,24.194,11.538,7,3,32,152,3,2,1,289
2026-03-04 05:02:33,7.499,Provenance,29.286,4.987,2,14,1,5.073,12,57.143,25.61,21.622,7,0,41,140,3,2,1,289
2026-03-07 00:48:43,7.575,Provenance,31.111,6.378,3,28,0,4.571,10,53.125,21.212,29.73,3,7,42,135,5,1,0,289
2026-03-12 22:28:14,7.94,Provenance,27.215,5.693,2,33,0,4.651,12,34.286,24.675,26.087,4,5,43,158,3,3,0,289
2026-03-15 00:14:27,7.958,Provenance,25.424,4.776,0,24,0,4.467,11,42.857,20.833,19.048,0,4,30,118,0,5,0,289
2026-03-20 22:04:30,7.498,Provenance,31.373,6.576,4,35,0,4.062,25,52.778,25.926,22.222,5,13,48,153,3,3,0,289
2026-01-26 00:05:52,4.643,ss_r_white_pony,20.455,3.18,1,25,1,5.0,7,15.152,21.053,23.81,4,1,27,132,3,3,0,291
2026-02-14 14:04:22,4.65,ss_r_white_pony,16.912,3.334,1,21,0,4.913,5,11.111,21.667,14.286,2,1,23,136,3,3,0,291
2026-03-05 20:48:03,4.655,ss_r_white_pony,25.14,3.149,3,37,1,5.422,7,40,19.192,25,3,4,45,179,3,2,1,291
2026-03-06 10:48:41,4.756,ss_r_white_pony,21.127,2.433,0,47,0,5.067,4,21.053,8.197,39.535,2,4,30,142,2,4,0,291
2026-03-19 11:00:41,4.551,ss_r_white_pony,24.845,2.975,1,43,0,5.35,12,30,28.169,16,5,4,40,161,2,3,1,291
2026-03-22 14:22:46,4.456,ss_r_white_pony,15.323,2.192,1,39,0,5.0,4,8,17.544,16.667,4,3,19,124,3,2,0,291
2026-04-02 13:54:01,4.556,ss_r_white_pony,16.279,3.28,1,22,0,5.143,6,25.926,13.333,14.286,3,2,21,129,4,2,0,291
2026-04-12 10:13:20,4.74,ss_r_white_pony,12.222,4.418,2,11,2,3.727,5,8.696,2.381,32,3,1,11,90,3,2,0,291
2026-04-21 00:49:52,4.833,ss_r_white_pony,18.182,2.328,0,15,0,5.273,3,15.385,21.429,15.385,1,2,22,121,2,4,0,291
2026-04-23 10:37:04,4.638,ss_r_white_pony,22.517,4.14,3,27,1,5.147,9,26.471,25.373,16,6,2,34,151,4,1,1,291
2026-04-26 04:32:57,6.642,FeyFey,17.361,2.891,2,18,5,5.64,4,25,15.789,12.766,2,0,25,144,0,6,0,292
2026-04-27 05:23:52,6.114,FeyFey,19.091,2.82,2,26,1,4.762,5,22.581,19.565,15.152,3,2,21,110,1,5,0,292
2026-04-28 05:07:35,5.756,FeyFey,18.605,2.785,1,20,0,4.833,4,16,16.129,23.81,2,2,24,129,3,3,0,292
2026-05-06 05:45:40,5.76,FeyFey,23.404,3.307,0,6,0,5.424,5,31.25,23.81,17.391,1,2,33,141,2,4,0,292
2026-05-09 06:27:18,5.572,FeyFey,16.667,4.041,3,15,3,4.368,6,18.519,13.208,20.588,3,1,19,114,2,4,0,292
2026-05-12 14:05:09,5.572,FeyFey,19.512,3.178,2,41,0,4.625,10,12.903,21.591,20,3,4,32,164,4,2,0,292
2026-05-26 18:30:52,5.757,FeyFey,22.917,4.491,1,17,2,4.909,10,30.435,20.968,16.667,3,7,33,144,2,3,1,292
2026-05-29 07:43:45,5.675,FeyFey,20.144,4.046,1,30,0,3.929,14,24.138,18.841,19.512,6,5,28,139,2,4,0,292
2026-06-05 17:50:16,5.501,FeyFey,22.0,5.261,3,24,0,3.818,12,33.333,20.455,18.421,4,3,22,100,5,0,0,292
2026-06-06 07:47:40,6.365,FeyFey,18.239,2.686,0,24,1,5.276,7,20.513,19.231,14.286,1,3,29,159,3,2,1,292
2026-05-13 13:44:45,23.827,channina,84.211,32.562,18,6,0,3.427,56,96.552,84.746,69.231,28,21,96,114,4,2,0,301
2026-05-14 21:21:37,24.025,channina,71.329,26.558,15,16,0,3.725,40,75,81.159,52.381,20,23,102,143,3,2,0,301
2026-05-17 15:14:41,24.114,channina,80.172,31.055,18,5,0,3.581,51,87.879,85.106,66.667,23,18,93,116,4,2,0,301
2026-05-22 14:23:24,24.305,channina,78.03,28.782,20,13,1,3.117,66,78.125,81.538,71.429,28,30,103,132,3,2,1,301
2026-05-27 04:53:54,24.384,channina,79.195,28.504,20,9,0,3.661,60,80,86.111,66.667,29,27,118,149,3,2,1,301
2026-05-27 11:00:45,24.471,channina,78.808,32.438,21,16,0,3.454,65,96.667,83.784,59.574,26,29,119,151,3,3,0,301
2026-05-30 04:57:21,24.466,channina,83.824,32.285,18,8,0,3.596,66,96.429,90,63.158,22,41,114,136,3,3,0,301
2026-06-02 14:21:12,24.465,channina,76.389,27.503,11,10,0,3.8,57,90,79.365,58.537,17,41,110,144,1,5,0,301
2026-06-03 04:26:23,24.108,channina,79.661,26.26,19,12,0,3.468,54,85.714,86.667,68.889,19,31,94,118,0,5,0,301
2026-06-06 07:47:40,23.641,channina,82.308,31.027,24,14,0,3.178,70,92.857,87.302,66.667,31,30,107,130,2,4,0,301
2026-04-19 07:32:45,9.883,kaededayo,31.818,6.98,6,35,0,3.619,21,48.649,19.608,31.818,11,4,42,132,5,1,0,307
2026-04-25 21:35:54,10.318,kaededayo,31.818,4.94,3,34,0,4.905,11,60.714,18.462,33.333,6,2,42,132,1,5,0,307
2026-05-02 23:23:31,9.901,kaededayo,32.258,5.982,2,38,0,4.375,17,60,25.806,24.324,7,4,40,124,1,2,2,307
2026-05-09 21:18:01,9.806,kaededayo,30.645,7.298,2,15,0,4.447,12,53.571,19.672,31.429,4,5,38,124,2,4,0,307
2026-05-14 07:57:04,9.609,kaededayo,35.632,4.473,2,39,0,5.468,10,59.524,27.941,28.125,6,2,62,174,5,1,0,307
2026-05-17 07:27:17,9.609,kaededayo,42.857,7.165,6,38,0,4.35,20,60,30.189,42.553,11,7,60,140,4,0,1,307
2026-05-18 06:06:48,10.027,kaededayo,38.095,5.412,1,24,0,5.446,10,69.231,27.536,36.538,4,0,56,147,2,4,0,307
2026-05-29 07:43:45,9.829,kaededayo,36.076,6.595,4,43,0,4.07,26,56.41,32.394,25,9,11,57,158,4,2,0,307
2026-05-31 06:42:17,9.829,kaededayo,37.363,6.072,0,28,2,5.309,15,51.02,34.091,28.889,2,6,68,182,2,3,1,307
2026-06-01 05:57:19,10.027,kaededayo,40.559,6.8,3,33,0,4.5,19,63.158,31.343,34.211,6,8,58,143,1,5,0,307
2026-05-29 13:51:29,11.249,beautiful,42.857,10.766,11,30,0,3.353,31,61.111,48.438,24.324,16,13,51,119,3,3,0,311
2026-06-01 05:57:19,11.249,beautiful,47.183,8.09,2,24,1,4.493,27,74.419,40,26.471,8,8,67,142,4,2,0,311
2026-06-01 13:46:50,11.413,beautiful,44.444,10.29,4,17,0,4.019,20,53.846,42.373,40.625,9,7,52,117,5,1,0,311
2026-06-02 14:21:12,11.759,beautiful,36.111,7.113,2,10,0,5.096,10,47.5,36.508,24.39,5,2,52,144,1,5,0,311
2026-06-03 04:26:23,11.417,beautiful,42.276,7.974,2,19,0,4.75,15,63.636,28.261,40.909,3,7,52,123,2,3,0,311
2026-06-03 14:14:56,11.333,beautiful,40.351,7.464,4,24,0,4.152,17,62.069,40.909,24.39,7,9,46,114,2,3,1,311
2026-06-04 07:25:31,11.255,beautiful,43.421,8.834,7,43,1,3.773,34,66.667,37.5,30.435,15,18,66,152,3,3,0,311
2026-06-05 14:41:15,11.239,beautiful,40.127,7.009,2,33,0,4.81,14,59.459,39.241,24.39,2,16,63,157,1,4,1,311
2026-06-06 04:57:28,10.985,beautiful,36.567,7.048,1,12,1,5.449,11,38.235,43.86,25.581,4,6,49,134,0,6,0,311
2026-06-06 14:12:19,10.456,beautiful,38.06,8.606,3,21,1,4.353,19,53.125,36.232,27.273,6,9,51,134,4,2,0,311
2026-04-24 04:52:40,4.766,HakuiKoyori,11.765,1.672,1,28,2,5.056,4,17.5,4.286,18.605,2,1,18,153,4,1,1,316
2026-04-25 06:26:43,5.11,HakuiKoyori,17.16,1.162,0,21,7,6.621,2,19.512,14.286,19.608,1,0,29,169,1,4,1,316
2026-04-30 07:23:58,4.766,HakuiKoyori,19.048,2.843,0,13,1,4.875,7,26.471,19.608,12.195,2,3,24,126,3,3,0,316
2026-05-04 06:27:59,4.761,HakuiKoyori,14.844,2.063,1,29,0,5.263,5,17.143,15.094,12.5,1,4,19,128,2,4,0,316
2026-05-16 04:37:10,4.54,HakuiKoyori,16.296,1.061,0,22,2,6.318,1,14.286,14.706,20.513,1,1,22,135,1,3,1,316
2026-05-17 07:27:17,4.128,HakuiKoyori,10.145,1.457,2,52,0,5.0,4,12.903,10.169,8.333,2,0,14,138,1,3,1,316
2026-05-27 04:53:54,3.914,HakuiKoyori,20.805,3.393,1,9,3,5.29,5,25.714,20.833,16.667,1,2,31,149,3,2,1,316
2026-05-30 21:04:03,4.014,HakuiKoyori,14.035,2.492,0,12,1,5.0,5,13.793,10.909,20,1,2,16,114,2,4,0,316
2026-06-01 05:57:19,4.014,HakuiKoyori,11.111,2.173,1,25,3,4.143,6,2.857,7.812,29.63,1,3,14,126,3,3,0,316
2026-06-03 06:38:37,3.827,HakuiKoyori,14.729,1.962,0,14,2,5.158,1,17.857,14.754,12.5,0,4,19,129,4,2,0,316
2026-01-01 22:39:32,8.019,Hyo,29.661,5.902,3,22,0,4.429,16,42.424,21.739,28.205,5,5,35,118,2,3,0,317
2026-01-03 00:30:48,7.924,Hyo,24.627,5.482,2,28,1,4.182,16,30.952,21.818,21.622,4,7,33,134,2,4,0,317
2026-01-05 00:32:24,7.721,Hyo,23.438,4.132,2,38,1,4.5,10,32.143,18.966,23.81,7,2,30,128,4,2,0,317
2026-01-17 10:53:12,7.936,Hyo,23.596,5.951,2,26,1,4.667,16,38.636,17.284,20.755,8,4,42,178,6,0,0,317
2026-01-25 09:22:33,7.186,Nephirea,23.944,3.165,0,17,2,5.382,6,31.707,22.059,18.182,3,1,34,142,4,2,0,318
2026-05-25 12:49:49,7.412,Nephirea,22.5,4.441,0,21,1,4.407,9,22.222,19.298,29.63,0,7,27,120,3,3,0,318
2026-06-03 14:14:56,7.421,Nephirea,32.0,5.339,2,30,0,4.45,15,35.135,28.261,33.333,6,7,40,125,2,4,0,318
2026-01-31 08:22:55,5.0,YunnN,25.0,3.425,0,6,1,5.519,3,27.586,19.608,32.143,0,2,27,108,3,2,0,320
2026-04-22 15:13:20,5.128,YunnN,20.548,3.232,2,27,1,5.167,9,19.355,20.548,21.429,3,3,30,146,2,4,0,320
2026-04-28 14:08:03,4.887,YunnN,27.273,7.512,2,16,0,3.917,13,25,31.429,24.242,5,5,24,88,5,0,0,320
2026-01-22 09:18:28,6.5,jaimeywea,23.602,4.91,4,42,0,4.763,12,45.946,18.421,14.583,6,5,38,161,2,4,0,321
2026-01-27 05:46:13,6.249,jaimeywea,23.841,3.009,1,29,0,5.194,6,40.909,18.31,13.889,4,0,36,151,3,2,1,321
2026-01-31 08:22:55,6.366,jaimeywea,19.841,3.179,0,14,0,5.08,4,30.303,20,10.526,0,2,25,126,1,3,1,321
2026-03-05 09:50:08,6.141,jaimeywea,26.471,3.915,2,23,0,4.917,7,42.857,21.429,20,3,1,36,136,4,2,0,321
2026-03-27 05:20:46,6.366,jaimeywea,25.0,3.278,2,43,1,4.472,12,28.947,20.635,27.907,4,6,36,144,3,3,0,321
2026-04-12 04:56:46,6.358,jaimeywea,29.655,5.347,2,23,1,4.907,11,28,30.488,28.947,6,1,43,145,3,3,0,321
2026-05-24 13:57:54,6.359,jaimeywea,25.225,2.9,1,26,0,5.357,5,26.923,28.846,18.182,2,1,28,111,2,3,0,321
2026-06-03 04:26:23,6.244,jaimeywea,36.913,3.758,0,16,0,5.564,6,43.902,40,28.302,0,1,55,149,3,2,0,321
2026-02-01 10:15:38,2.405,Catge,15.517,1.635,0,23,1,5.111,2,20,6.557,28.571,0,2,18,116,2,4,0,322
2026-03-16 13:43:54,2.197,Catge,18.519,1.629,0,46,1,5.52,1,34.615,8.333,22.449,2,0,25,135,3,3,0,322
2026-04-19 07:32:45,2.199,Catge,12.605,1.066,0,23,0,5.333,1,8,11.321,17.073,1,0,15,119,4,2,0,322
2026-04-23 15:00:23,2.414,Catge,17.808,2.107,1,26,0,5.846,3,25,13.924,20.93,1,2,26,146,3,3,0,322
2026-04-27 05:23:52,2.399,Catge,15.455,2.354,1,26,2,4.647,5,29.032,6.522,15.152,3,2,17,110,1,5,0,322
2026-05-09 06:27:18,1.962,Catge,14.57,1.475,0,23,3,5.636,2,22.222,10,18.182,1,1,22,151,3,3,0,322
2026-05-11 08:22:11,1.962,Catge,13.274,1.456,0,28,0,5.4,4,26.087,9.091,12.5,1,3,15,113,5,1,0,322
2026-05-12 14:05:09,2.393,Catge,15.179,1.71,1,10,1,5.529,3,21.053,13.115,15.625,2,1,17,112,1,5,0,322
2026-06-01 05:57:19,1.944,Catge,19.745,1.798,0,26,1,5.742,5,30.435,12.5,19.149,0,3,31,157,4,2,0,322
2026-06-05 08:39:16,2.156,Catge,12.598,1.316,1,29,1,6.125,3,18.919,14.286,2.941,1,2,16,127,2,4,0,322
2026-05-04 18:44:00,6.648,Swapin,23.664,3.607,1,22,2,5.194,8,24.39,25,21.053,1,6,31,131,3,2,0,325
2026-05-06 18:46:33,6.739,Swapin,25.352,3.824,1,35,0,4.917,9,55.882,14.085,18.919,6,0,36,142,2,4,0,325
2026-05-09 21:37:31,6.549,Swapin,20.571,2.689,8,88,0,3.944,14,28.571,16.049,21.154,12,1,36,175,2,3,1,325
2026-05-12 18:15:50,6.46,Swapin,19.811,2.57,0,24,0,5.238,4,41.935,6.818,16.129,2,2,21,106,1,4,0,325
2026-05-15 17:46:44,6.173,Swapin,31.206,5.027,2,33,0,4.886,13,63.636,19.178,25.714,4,5,44,141,3,2,0,325
2026-05-18 21:53:11,6.369,Swapin,27.559,5.271,2,23,1,4.429,14,48.485,24.138,13.889,4,9,35,127,4,2,0,325
2026-05-20 18:28:10,6.555,Swapin,21.705,3.88,1,29,1,4.893,8,20,26.415,17.073,1,6,28,129,4,2,0,325
2026-05-22 21:04:09,6.735,Swapin,26.271,4.077,1,24,0,5.065,8,57.576,15.909,12.195,2,5,31,118,2,3,0,325
2026-06-01 18:21:54,6.638,Swapin,30.769,5.219,4,36,1,5.077,13,48.718,23.81,28.261,5,5,52,169,1,3,2,325
2026-06-03 18:55:58,6.441,Swapin,19.841,2.277,1,21,1,5.72,3,25,19.048,17.949,1,1,25,126,3,3,0,325
2026-01-02 00:57:04,5.606,pomo,22.603,4.368,5,32,2,4.848,12,22.5,17.647,31.579,6,3,33,146,2,4,0,326
2026-01-07 14:00:01,5.381,pomo,21.014,3.261,0,21,0,5.241,6,25.641,19.048,19.444,3,2,29,138,5,0,0,326
2026-01-14 17:31:59,5.933,pomo,19.38,3.628,2,26,0,4.52,7,37.037,12.698,17.949,2,4,25,129,2,3,0,326
2026-01-29 00:15:00,5.828,pomo,36.719,7.13,3,21,0,4.298,17,36.585,27.778,51.515,9,7,47,128,5,1,0,326
2026-02-02 00:40:03,6.251,pomo,23.188,5.706,5,35,2,4.438,11,23.256,17.241,32.432,8,1,32,138,3,3,0,326
2026-03-28 22:07:01,6.239,pomo,29.787,7.702,3,12,1,4.321,12,24.138,35.135,28.571,6,4,28,94,3,2,0,326
2026-04-02 18:30:27,6.346,pomo,26.316,4.313,2,21,0,5.229,8,27.027,24.194,29.412,2,6,35,133,2,3,0,326
2026-04-17 14:03:23,6.223,pomo,17.213,3.06,1,38,0,4.048,10,25.926,12.069,18.919,3,3,21,122,1,4,0,326
2026-04-19 14:28:30,5.904,pomo,29.032,5.304,3,33,0,4.956,10,37.143,22.222,33.333,5,2,45,155,4,2,0,326
2026-01-24 06:26:17,6.999,Flato,28.148,6.241,3,24,0,4.079,13,60.606,17.91,17.143,3,7,38,135,3,3,0,327
2026-01-26 00:05:52,7.004,Flato,31.967,6.793,5,23,0,4.615,14,58.333,25.862,25,5,8,39,122,2,4,0,327
2026-01-26 19:25:39,6.778,Flato,19.492,3.68,1,26,2,4.957,6,38.71,16.071,6.452,3,1,23,118,2,2,1,327
2026-01-27 02:46:22,6.783,Flato,28.873,3.953,3,34,0,5.293,7,39.394,21.875,31.111,3,3,41,142,1,4,1,327
2026-01-27 19:12:40,6.499,Flato,27.273,4.951,1,16,1,4.636,8,41.667,23.81,23.529,6,1,33,121,4,2,0,327
2026-01-30 19:32:32,6.716,Flato,33.884,4.991,1,18,0,5.024,10,64,21.311,34.286,3,6,41,121,2,4,0,327
2026-01-31 23:17:02,6.49,Flato,28.8,6.011,2,16,1,4.417,15,65.517,23.881,3.448,11,0,36,125,4,2,0,327
2026-02-07 22:12:56,6.679,Flato,32.353,7.382,7,26,1,4.364,15,59.259,26.154,25,11,1,44,136,3,3,0,327
2026-02-13 00:43:49,6.664,Flato,26.4,5.709,4,28,0,4.182,16,44.444,20.755,16.667,6,5,33,125,4,1,1,327
2026-03-04 05:02:33,6.973,Flato,30.827,4.142,0,16,1,5.293,8,60.714,21.127,26.471,2,4,41,133,1,4,1,327
2026-01-04 06:10:39,4.166,tskr,21.264,3.14,2,47,1,4.973,7,22.857,18.824,24.074,4,2,37,174,3,2,1,328
2026-01-12 05:30:57,4.263,tskr,17.241,3.084,0,13,1,4.75,7,20.833,18,14.286,2,1,20,116,2,3,0,328
2026-01-29 13:10:54,4.159,tskr,16.923,2.442,1,17,1,5.227,5,19.231,15.942,17.143,3,1,22,130,2,3,1,328
2026-02-04 12:07:51,4.046,tskr,18.881,3.595,3,31,1,5.0,7,13.158,17.188,26.829,5,2,27,143,3,2,1,328
2026-03-06 10:48:41,4.134,tskr,19.118,2.226,0,41,0,5.077,6,12.903,12.121,35.897,1,2,26,136,3,3,0,328
2026-03-17 10:03:05,4.143,tskr,25.517,3.405,2,37,0,5.324,7,32.609,20.339,25,6,0,37,145,3,2,1,328
2026-03-19 11:00:41,4.239,tskr,24.444,4.864,6,28,1,4.394,10,27.027,21.667,26.316,6,3,33,135,6,0,0,328
2026-03-22 07:43:08,4.847,tskr,18.667,3.569,1,14,3,5.286,4,18.919,17.188,20.408,2,1,28,150,2,4,0,328
2026-05-16 04:37:10,4.645,tskr,12.5,2.678,1,8,0,4.364,4,15.789,10.417,14.286,2,1,11,88,1,4,0,328
2026-03-12 22:28:14,9.233,_nadeshiko,24.051,3.849,1,34,3,4.947,7,35.484,21.687,20.455,2,5,38,158,2,4,0,330
2026-03-27 05:20:46,9.022,_nadeshiko,30.405,6.147,8,45,2,3.578,23,62.857,27.119,12.963,12,9,45,148,3,3,0,330
2026-04-14 18:31:24,9.025,_nadeshiko,33.077,5.918,0,15,3,4.767,11,60.606,28.571,14.706,4,3,43,130,4,2,0,330
2026-04-27 05:23:52,9.228,_nadeshiko,34.234,8.334,8,20,0,3.5,21,71.429,23.636,17.857,11,5,38,111,3,3,0,330
2026-05-06 21:00:14,9.221,_nadeshiko,36.296,8.501,5,18,1,4.49,14,65.116,21.311,25.806,7,4,49,135,2,4,0,330
2026-05-17 09:37:26,9.001,_nadeshiko,30.579,6.444,2,12,1,4.703,11,54.839,26.667,13.333,4,4,37,121,3,3,0,330
2026-05-21 14:29:56,9.007,_nadeshiko,29.054,5.275,3,21,3,4.86,10,50,30.137,7.692,3,4,43,148,1,5,0,330
2026-05-27 11:00:45,8.611,_nadeshiko,26.25,6.868,2,27,4,4.5,14,51.282,25.352,8,6,5,42,160,2,4,0,330
2026-05-28 10:37:26,8.396,_nadeshiko,37.671,7.71,6,41,0,4.145,19,75,33.824,17.391,10,4,55,146,2,4,0,330
2026-06-05 08:39:16,8.197,_nadeshiko,31.973,7.341,6,29,1,4.298,20,60.465,26.761,6.061,11,4,47,147,4,2,0,330
2026-01-02 00:57:04,3.0,Mangalodon,15.909,1.925,1,41,5,5.321,6,28.571,14.815,7.547,2,2,28,176,3,2,1,332
2026-01-29 16:37:47,4.219,xeyz,23.404,4.321,2,20,0,4.318,7,28,30.556,12.121,3,3,22,94,4,1,0,335
2026-04-17 14:03:23,4.538,xeyz,12.5,1.834,1,22,0,4.7,2,17.391,11.905,6.667,1,1,10,80,2,3,0,335
2026-05-04 18:44:00,4.424,xeyz,18.75,2.661,2,27,3,5.333,4,30.435,16.129,16.279,2,0,24,128,2,2,1,335
2026-05-09 21:37:31,4.418,xeyz,21.019,2.292,6,73,0,4.424,11,20,23.944,17.647,7,2,33,157,2,4,0,335
2026-05-15 17:46:44,4.196,xeyz,21.348,2.724,0,28,0,4.895,3,53.333,15.909,13.333,0,1,19,89,0,5,0,335
2026-05-20 18:28:10,3.137,xeyz,15.672,2.338,0,21,2,5.143,6,23.077,13.433,14.634,4,1,21,134,2,4,0,335
2026-05-28 16:09:41,2.924,xeyz,13.475,2.012,0,42,2,5.211,6,18.182,10.909,13.208,2,2,19,141,3,3,0,335
2026-05-28 18:22:53,2.912,xeyz,17.164,3.109,1,28,0,4.565,8,37.037,15,8.511,3,2,23,134,3,3,0,335
2026-06-05 17:50:16,2.913,xeyz,17.0,1.961,0,21,2,5.529,4,21.739,14.634,16.667,2,1,17,100,1,4,0,335
2026-02-02 09:29:42,5.687,fiftypercentweeb,23.669,3.172,2,41,0,4.975,11,45.652,15.584,15.217,2,6,40,169,1,3,2,336
2026-02-08 11:33:44,5.486,fiftypercentweeb,28.777,3.378,0,29,0,5.225,10,52,17.241,12.903,2,5,40,139,2,4,0,336
2026-02-13 00:43:49,5.109,fiftypercentweeb,21.711,4.591,6,45,0,4.212,10,25.714,20.69,20.339,6,2,33,152,4,2,0,336
2026-02-22 07:42:23,5.296,fiftypercentweeb,17.606,2.628,0,14,0,5.36,5,44.828,5.97,17.391,0,3,25,142,1,5,0,336
2026-02-25 09:17:06,4.91,fiftypercentweeb,26.752,3.658,1,27,1,5.381,8,34.286,24.051,25.581,3,5,42,157,2,3,1,336
2026-02-27 06:33:50,4.807,fiftypercentweeb,24.786,3.744,1,13,0,5.276,3,48.387,18,13.889,4,1,29,117,5,1,0,336
2026-05-27 04:53:54,5.174,fiftypercentweeb,24.627,3.348,1,14,1,5.667,4,40,16.418,29.787,1,1,33,134,2,4,0,336
2026-05-29 07:43:45,4.993,fiftypercentweeb,20.567,3.443,1,37,0,4.31,10,53.846,14.667,10,4,4,29,141,3,3,0,336
2026-05-31 06:42:17,5.174,fiftypercentweeb,21.519,4.362,2,20,4,5.059,9,50,16.456,12.245,2,2,34,158,3,3,0,336
2026-06-01 05:57:19,5.002,fiftypercentweeb,23.077,2.841,0,33,0,5.182,8,39.474,10.448,28.947,2,4,33,143,1,5,0,336
2026-01-05 07:23:46,3.487,ranny,13.208,2.089,2,58,1,4.095,10,18.182,16.667,4.082,4,3,21,159,4,2,0,338
2026-01-19 07:43:44,3.698,ranny,13.281,3.233,2,21,0,4.118,7,16.667,15.714,5.882,4,1,17,128,4,2,0,338
2026-01-24 06:26:17,3.896,ranny,13.072,1.829,0,25,1,5.0,4,25.926,12.5,6.522,2,0,20,153,2,3,1,338
2026-01-25 09:22:33,3.788,ranny,18.125,1.226,0,28,2,6.345,1,40,13.58,5.128,0,0,29,160,3,3,0,338
2026-04-10 07:34:26,3.779,ranny,19.753,2.253,1,31,1,5.812,3,17.143,23.684,15.686,1,1,32,162,3,1,1,338
2026-04-14 07:36:39,3.989,ranny,14.894,1.294,0,24,1,6.048,1,22.581,11.594,14.634,0,2,21,141,1,5,0,338
2026-04-16 06:43:37,3.622,ranny,10.458,1.198,0,33,0,4.875,5,21.622,7.246,6.383,2,1,16,153,4,2,0,338
2026-06-04 07:25:31,3.822,ranny,13.953,1.865,3,52,2,5.167,6,26.667,1.408,19.643,4,2,24,172,3,2,1,338
2026-06-05 06:23:16,3.931,ranny,12.5,2.544,1,18,4,5.211,5,14.894,9.589,15.625,4,0,19,152,1,5,0,338
2026-06-06 07:47:40,3.55,ranny,13.846,1.679,0,14,2,5.444,2,28.571,11.111,7.692,0,1,18,130,2,4,0,338
2026-05-08 18:02:51,2.835,inta,14.167,3.003,1,20,2,4.824,6,18.519,17.647,7.143,2,4,17,120,1,4,0,343
2026-05-09 10:03:51,2.542,inta,20.261,2.042,3,59,0,4.226,12,20.513,21.667,18.519,7,5,31,153,3,3,0,343
2026-05-11 08:22:11,3.097,inta,14.599,1.501,1,36,1,5.6,4,17.949,16.129,8.333,3,0,20,137,3,3,0,343
2026-05-12 09:38:12,2.785,inta,15.441,1.99,2,30,1,5.0,5,25.641,17.46,0,3,2,21,136,4,2,0,343
2026-05-14 21:21:37,2.976,inta,14.783,3.759,2,16,2,5.0,4,20,14.894,10.526,4,0,17,115,3,2,0,343
2026-05-15 07:01:20,3.081,inta,10.596,1.552,1,47,2,4.625,7,5.882,10,16.216,2,2,16,151,2,4,0,343
2026-05-16 10:16:26,2.887,inta,11.111,1.32,0,19,3,5.842,2,17.391,9.639,7.143,1,1,19,171,3,3,0,343
2026-05-17 09:37:26,2.899,inta,17.582,1.843,0,10,0,5.625,2,56.25,6.25,14.815,0,1,16,91,3,3,0,343
2026-05-18 15:08:53,2.893,inta,13.816,1.476,0,24,2,5.714,3,34.286,9.211,4.878,1,1,21,152,5,1,0,343
2026-05-21 07:13:01,3.251,inta,12.195,1.237,0,26,0,5.333,1,20,12.5,7.143,1,2,15,123,3,3,0,343
2026-03-27 05:20:46,4.057,Naizuri,24.306,3.205,2,43,0,4.543,12,39.474,17.46,20.93,5,4,35,144,3,3,0,344
2026-04-16 06:43:37,4.05,Naizuri,23.529,2.656,1,26,0,5.0,7,36.667,16.667,22.857,2,2,28,119,2,4,0,344
2026-04-19 07:32:45,3.898,Naizuri,23.571,2.626,0,32,1,4.97,6,32.558,15.517,25.641,2,3,33,140,1,5,0,344
2026-05-02 23:23:31,3.507,Naizuri,18.333,2.369,0,36,0,5.136,5,41.667,12.5,12.5,2,4,22,120,4,0,1,344
2026-05-24 19:25:18,3.902,Naizuri,24.691,3.979,2,32,0,5.225,10,51.429,20.779,12,4,1,40,162,3,2,1,344
2026-05-27 04:53:54,4.003,Naizuri,31.928,3.698,0,16,1,5.698,4,54.545,24.675,22.222,5,0,53,166,4,1,1,344
2026-05-29 07:43:45,4.3,Naizuri,20.567,3.403,0,37,0,4.276,11,46.154,18.667,7.5,4,6,29,141,3,3,0,344
2026-06-01 18:21:54,4.308,Naizuri,33.529,5.902,2,33,0,4.912,18,59.091,33.75,8.696,6,11,57,170,5,0,1,344
2026-06-04 07:25:31,4.793,Naizuri,26.897,3.126,3,42,0,5.103,8,45.714,23.529,16.667,5,1,39,145,3,3,0,344
2026-06-04 23:57:00,4.793,Naizuri,32.759,4.229,1,14,0,5.184,7,53.571,27.451,24.324,5,0,38,116,3,2,0,344
2026-04-15 10:03:16,11.125,Selaph,36.667,7.729,4,26,1,4.873,14,55.882,30.769,31.373,6,5,55,150,4,2,0,347
2026-04-18 07:38:54,11.313,Selaph,36.538,8.114,1,12,1,4.965,13,44.828,32.222,40.541,5,5,57,156,4,2,0,347
2026-04-22 06:15:10,11.495,Selaph,44.444,11.243,1,18,1,4.231,19,48.571,44,40.625,4,9,52,117,2,3,0,347
2026-05-06 05:45:40,11.402,Selaph,43.262,10.104,0,6,0,4.459,23,40.625,46.032,41.304,2,9,61,141,2,4,0,347
2026-05-11 14:04:11,11.21,Selaph,35.849,6.126,0,32,1,5.018,14,36.111,39.189,30.612,2,11,57,159,1,5,0,347
2026-05-12 09:38:12,10.871,Selaph,37.908,7.152,7,43,0,4.017,25,45.714,37.805,30.556,9,10,58,153,3,2,1,347
2026-05-23 06:57:28,10.958,Selaph,47.273,9.356,1,14,1,4.788,15,66.667,41.667,45.455,8,4,52,110,5,0,0,347
2026-05-26 08:23:25,11.415,Selaph,38.012,9.05,5,19,2,4.538,21,51.163,36.047,28.571,8,8,65,171,2,3,1,347
2026-05-27 04:53:54,11.324,Selaph,40.361,6.067,1,16,1,5.328,9,47.727,36.364,40,5,1,67,166,4,1,1,347
2026-05-31 06:42:17,11.324,Selaph,40.828,7.819,2,20,1,5.116,18,53.191,38.889,32,5,11,69,169,3,2,1,347
2026-02-27 06:33:50,5.161,Heleos,21.212,4.046,2,20,3,5.036,6,33.333,18.333,12.121,3,2,28,132,1,4,1,348
2026-03-02 06:44:58,4.894,Heleos,25.0,2.446,0,14,0,6.034,4,34.483,27.778,12.121,2,0,29,116,3,3,0,348
2026-03-04 05:02:33,4.902,Heleos,24.167,2.852,0,14,0,5.414,6,38.095,14.754,31.579,1,3,29,120,4,2,0,348
2026-03-06 05:51:01,5.094,Heleos,15.484,2.098,1,19,3,5.667,3,15.625,16.176,14.545,2,0,24,155,2,4,0,348
2026-03-27 05:20:46,4.895,Heleos,19.531,2.82,1,37,0,4.24,10,25,20.755,13.953,5,4,25,128,2,4,0,348
2026-04-20 05:13:11,4.707,Heleos,25.0,3.785,0,9,1,5.25,7,43.75,20,18.919,3,2,36,144,3,3,0,348
2026-04-21 00:49:52,4.707,Heleos,16.547,3.056,0,21,0,4.783,8,25,16.667,9.302,4,1,23,139,6,0,0,348
2026-04-23 05:08:06,5.282,Heleos,21.667,3.437,1,22,0,4.462,8,34.783,17.647,20.69,3,1,26,120,2,3,0,348
2026-05-16 04:37:10,5.198,Heleos,27.82,2.625,1,25,1,5.919,5,39.394,18.182,35.294,1,2,37,133,3,2,0,348
2026-06-05 17:50:16,5.386,Heleos,19.811,3.771,1,21,0,4.476,7,34.483,17.778,9.375,5,1,21,106,2,3,0,348
2026-03-28 22:07:01,3.48,Porte,14.961,1.769,0,18,1,5.368,1,25,7.273,16.667,0,1,19,127,4,1,0,349
2026-03-30 21:39:33,3.768,Porte,20.312,2.579,0,23,4,5.269,7,33.333,8.475,27.273,2,3,26,128,3,3,0,349
2026-04-20 22:24:29,3.767,Porte,13.934,1.874,0,20,1,4.882,3,18.75,8.511,16.279,0,2,17,122,2,3,0,349
2026-04-25 21:35:54,3.657,Porte,19.008,1.983,0,22,1,5.348,3,21.739,21.053,14.634,0,2,23,121,2,4,0,349
2026-05-01 21:20:47,3.471,Porte,13.475,1.984,0,23,0,5.0,5,20,10.169,11.905,2,1,19,141,3,3,0,349
2026-05-09 21:37:31,3.469,Porte,21.512,2.714,9,74,0,4.297,15,31.429,20.513,16.949,12,3,37,172,4,2,0,349
2026-05-10 12:17:28,3.648,Porte,22.388,3.659,0,28,1,4.833,7,20.833,20.69,25,2,5,30,134,4,2,0,349
2026-05-17 09:37:26,3.837,Porte,16.484,3.217,0,10,2,4.667,5,25,12.5,18.519,2,3,15,91,3,3,0,349
2026-05-17 21:31:48,3.831,Porte,19.286,3.309,1,24,1,4.704,8,30,14.754,18.367,2,4,27,140,4,2,0,349
2026-06-04 23:57:00,4.027,Porte,19.728,1.53,0,25,3,5.862,2,23.077,19.178,17.143,0,1,29,147,1,5,0,349
2026-02-13 00:43:49,7.476,Solosion,16.8,2.14,1,28,1,5.19,4,27.778,13.208,11.111,2,1,21,125,4,1,1,353
2026-03-07 00:48:43,7.787,Solosion,23.478,3.886,1,27,0,5.074,6,33.333,21.818,16.667,3,0,27,115,1,5,0,353
2026-03-28 22:07:01,7.423,Solosion,30.303,5.361,1,11,0,4.933,6,37.5,25.532,32.143,2,3,30,99,1,4,0,353
2026-04-09 18:12:32,7.107,Solosion,31.852,5.471,2,24,1,4.907,9,48.649,25.926,25,6,1,43,135,3,1,1,353
2026-04-25 21:35:54,7.307,Solosion,24.242,3.876,3,34,1,5.0,8,46.429,15.385,23.077,5,3,32,132,1,5,0,353
2026-05-09 21:37:31,6.906,Solosion,22.857,2.392,3,88,0,4.175,14,30.952,18.519,23.077,5,7,40,175,2,3,1,353
2026-05-15 17:46:44,6.811,Solosion,25.688,6.069,4,20,1,4.143,12,26.087,27.083,23.684,7,3,28,109,2,3,0,353
2026-05-22 21:04:09,6.623,Solosion,29.0,7.29,1,18,0,3.966,16,37.037,19.512,34.375,8,6,29,100,4,1,0,353
2026-06-01 18:21:54,6.927,Solosion,33.951,7.01,6,30,0,4.673,19,47.222,29.73,30.769,7,6,55,162,2,3,1,353
2026-06-04 23:57:00,6.823,Solosion,26.923,5.375,2,30,1,4.257,12,21.875,30,26.316,4,7,35,130,3,3,0,353
2026-01-29 13:10:54,7.017,Isekaijoucho,20.769,4.111,1,17,0,4.63,8,15.385,23.188,20,5,3,27,130,2,3,1,356
2026-05-27 14:37:10,1.229,chommy,13.816,3.277,2,29,3,4.095,10,10.714,11.765,17.857,2,3,21,152,3,2,1,357
2026-05-28 13:55:32,1.324,chommy,9.929,2.384,4,41,2,3.643,7,4.878,10.169,14.634,6,0,14,141,3,3,0,357
2026-05-29 13:51:29,1.32,chommy,19.811,3.048,0,24,0,4.143,10,26.923,10,25,2,4,21,106,3,3,0,357
2026-05-29 18:24:54,1.303,chommy,17.576,2.971,1,29,2,5.103,8,23.077,14.286,17.857,2,3,29,165,2,4,0,357
2026-06-01 13:46:50,1.116,chommy,17.949,3.174,1,17,0,4.81,7,23.077,6.78,34.375,1,4,21,117,5,1,0,357
2026-06-01 18:21:54,1.463,chommy,12.941,1.662,0,33,5,5.636,6,6.818,21.25,4.348,4,1,22,170,5,0,1,357
2026-06-02 14:21:12,1.906,chommy,18.519,2.429,0,14,5,5.68,2,10.811,26.316,14.634,1,0,25,135,3,3,0,357
2026-06-03 14:14:56,1.881,chommy,21.622,3.664,3,18,2,4.833,7,26.667,17.391,22.857,6,1,24,111,5,1,0,357
2026-06-05 14:41:15,2.235,chommy,17.514,2.302,1,28,4,5.581,7,14.286,13.333,26.415,1,3,31,177,3,2,1,357
2026-06-06 14:12:19,2.3,chommy,16.418,2.691,0,21,1,5.182,7,12.5,18.841,15.152,2,2,22,134,4,2,0,357
2026-06-05 08:39:16,8.794,mangoss,30.405,5.067,2,33,1,4.844,15,42.105,28.947,20.588,6,4,45,148,2,4,0,358
2026-05-09 21:18:01,8.476,Theaddist,29.412,6.547,2,17,1,4.6,13,50,23.81,23.256,4,3,40,136,4,2,0,361
2026-05-20 14:25:13,1.0,I_dont_like_loli,10.959,0.777,0,32,4,6.0,1,22.581,7.576,8.163,0,1,16,146,1,4,0,364
2026-02-22 17:23:05,7.0,2G70,26.115,5.676,3,27,1,4.463,15,40.741,24.419,20.455,3,5,41,157,4,2,0,365
2026-05-04 18:44:00,7.234,2G70,22.293,5.489,4,29,1,4.229,15,33.333,20,16.279,7,4,35,157,3,2,0,365
2026-03-26 10:19:38,5.643,AitsukiNakuru,25.157,3.17,2,47,1,5.1,13,31.707,18.519,32.432,4,3,40,159,3,3,0,366
2026-05-09 10:03:51,5.649,AitsukiNakuru,25.294,3.023,7,77,1,3.884,23,27.027,23.377,26.786,11,5,43,170,4,2,0,366
2026-05-20 14:25:13,5.865,AitsukiNakuru,29.452,4.461,2,32,0,4.907,12,29.032,25.758,34.694,3,7,43,146,1,4,0,366
2026-01-19 07:43:44,2.023,PotassiumF,21.656,2.716,1,19,0,5.353,7,22.222,20.225,24.39,1,2,34,157,2,4,0,367
2026-03-24 13:55:04,1.768,PotassiumF,15.789,2.388,2,29,0,4.778,6,17.647,10.87,20.588,2,2,18,114,3,3,0,367
2026-05-09 10:03:51,1.761,PotassiumF,18.382,1.694,2,51,1,4.4,8,15.152,19.643,19.149,3,3,25,136,3,3,0,367
2026-05-09 10:03:51,3.363,arpia97,15.924,1.972,3,71,0,3.64,13,25.641,12.698,12.727,5,7,25,157,2,4,0,368
2026-05-11 08:22:11,3.159,arpia97,20.388,2.881,1,18,0,4.905,7,36.364,16.981,14.286,5,1,21,103,3,3,0,368
2026-05-12 09:38:12,3.181,arpia97,19.286,2.046,1,39,0,5.037,4,37.838,12.676,12.5,1,5,27,140,3,3,0,368
2026-05-14 07:57:04,3.182,arpia97,23.563,4.093,3,39,6,5.171,11,28.571,25,18.75,9,1,41,174,5,1,0,368
2026-05-18 11:01:47,3.182,arpia97,21.538,4.519,4,23,4,4.214,9,34.483,20.968,12.821,6,4,28,130,4,1,1,368
2026-05-20 08:34:07,3.463,arpia97,16.667,3.034,1,21,4,5.043,8,26.316,13.433,12.121,4,1,23,138,3,3,0,368
2026-05-20 14:25:13,3.483,arpia97,20.968,4.149,2,37,3,4.5,11,37.037,18.182,14.286,4,4,26,124,1,4,0,368
2026-05-21 07:13:01,3.195,arpia97,24.348,2.725,1,21,1,5.5,4,30.303,20.69,25,2,1,28,115,2,4,0,368
2026-05-28 10:37:26,2.999,arpia97,20.301,4.401,5,36,0,4.593,11,22.222,21.212,17.5,7,3,27,133,6,0,0,368
2026-06-01 05:57:19,3.567,arpia97,15.873,2.936,1,25,1,4.2,6,31.429,9.375,11.111,4,2,20,126,3,3,0,368
2026-05-17 15:14:41,10.268,florenz,37.5,6.13,2,26,1,5.404,11,58.537,29.231,30.435,8,2,57,152,4,2,0,369
2026-05-18 15:08:53,10.433,florenz,32.692,6.002,2,33,0,4.706,13,57.5,27.273,20,5,9,51,156,3,2,1,369
2026-05-20 14:25:13,10.526,florenz,33.871,7.261,3,37,0,4.167,20,66.667,29.091,19.048,6,10,42,124,1,4,0,369
2026-05-22 14:23:24,10.256,florenz,37.241,5.681,0,31,0,5.056,13,68.571,31.884,19.512,0,7,54,145,2,4,0,369
2026-05-24 13:57:54,10.081,florenz,35.246,6.965,5,38,0,4.465,16,68.966,26.923,21.951,6,6,43,122,1,4,0,369
2026-05-25 14:28:52,9.807,florenz,42.767,8.027,3,31,0,4.75,23,78.049,30.137,31.111,7,7,68,159,4,2,0,369
2026-05-28 13:55:32,9.99,florenz,35.461,7.211,5,41,0,3.68,29,56.098,33.898,17.073,7,15,50,141,3,3,0,369
2026-06-02 14:21:12,9.987,florenz,41.6,8.006,1,11,0,5.077,12,57.143,40,26.316,3,4,52,125,4,2,0,369
2026-06-05 14:41:15,10.169,florenz,36.667,6.814,3,28,1,4.873,13,72.222,27.143,22.727,6,5,55,150,4,2,0,369
2026-06-06 07:47:40,10.35,florenz,35.088,7.424,3,24,0,4.5,22,53.488,28.889,28.947,4,10,60,171,2,3,1,369
2026-01-01 22:39:32,5.237,Andrey_K,16.438,2.641,1,9,2,4.833,4,20,17.143,11.111,1,1,12,73,0,5,0,370
2026-01-03 10:38:36,4.658,Andrey_K,21.795,3.232,1,21,0,5.588,6,37.838,18.824,11.765,2,2,34,156,2,4,0,370
2026-01-17 10:39:09,4.448,Andrey_K,23.529,3.243,7,54,0,3.25,19,43.333,12.5,24,11,5,32,136,4,2,0,370
2026-03-22 14:22:46,4.676,Andrey_K,27.407,5.465,2,32,0,4.514,15,44.118,21.311,22.5,11,2,37,135,2,3,0,370
2026-04-17 14:03:23,4.555,Andrey_K,21.25,5.476,4,22,0,3.412,10,34.783,19.048,6.667,6,3,17,80,2,3,0,370
2026-04-18 21:12:03,4.443,Andrey_K,21.014,3.566,3,30,1,4.655,8,38.889,13.115,17.073,4,2,29,138,2,2,1,370
2026-04-20 13:47:22,4.44,Andrey_K,26.606,6.016,4,25,1,4.759,10,39.286,21.154,24.138,7,5,29,109,1,5,0,370
2026-05-16 13:47:04,4.012,Andrey_K,21.26,5.133,2,21,1,4.704,8,20.69,25.424,15.385,5,2,27,127,4,2,0,370
2026-05-24 19:25:18,4.233,Andrey_K,21.429,3.305,1,30,1,5.472,10,34.483,17.949,19.672,1,5,36,168,1,4,1,370
2026-05-31 11:11:49,3.916,Andrey_K,26.357,4.799,1,19,0,4.588,14,32.353,23.333,25.714,7,3,34,129,3,3,0,370
2026-03-27 05:20:46,5.568,harges,27.027,4.192,5,45,0,4.25,15,45.714,22.034,20.37,8,5,40,148,3,3,0,373
2026-03-30 04:38:23,5.571,harges,26.282,3.66,0,20,2,5.634,7,42.424,22.892,20,2,3,41,156,4,2,0,373
2026-04-09 07:20:05,5.765,harges,31.544,6.346,6,30,1,4.298,18,45.833,28.986,28.571,8,5,47,149,2,4,0,373
2026-04-16 06:43:37,5.539,harges,36.601,7.228,5,33,0,3.554,31,45.946,31.884,36.17,6,26,56,153,4,2,0,373
2026-04-19 07:32:45,5.758,harges,25.758,5.064,4,35,0,3.882,16,45.946,17.647,18.182,8,3,34,132,5,1,0,373
2026-04-22 06:15:10,6.189,harges,31.959,7.231,2,8,0,4.935,10,41.935,28.947,25,4,3,31,97,4,1,0,373
2026-04-23 05:08:06,6.513,harges,28.07,4.512,1,34,0,4.562,13,28.571,27.66,28.205,3,5,32,114,1,4,0,373
2026-05-16 04:37:10,6.22,harges,31.579,7.904,5,15,0,4.139,14,41.667,28.07,23.81,6,6,36,114,3,2,0,373
2026-05-18 06:06:48,6.423,harges,36.29,8.465,3,17,0,4.644,18,44.444,25.926,44.186,6,8,45,124,3,3,0,373
2026-05-21 07:13:01,6.403,harges,35.652,5.968,2,21,0,4.78,12,48.485,25.862,41.667,5,7,41,115,2,4,0,373
2026-01-29 00:15:00,3.0,qwecocacola,25.0,3.746,1,29,3,4.838,14,35.897,22.535,18.421,5,4,37,148,2,4,0,376
2026-01-31 23:17:02,2.773,qwecocacola,19.2,2.786,0,16,2,5.0,4,41.379,14.925,6.897,4,1,24,125,4,2,0,376
2026-02-02 00:40:03,2.985,qwecocacola,19.38,3.723,1,30,4,5.0,9,35.135,10.526,17.143,5,2,25,129,5,1,0,376
2026-02-03 20:22:50,3.452,qwecocacola,20.155,2.995,0,20,0,4.769,6,33.333,21.311,7.895,2,3,26,129,4,2,0,376
2026-02-04 12:07:51,3.669,qwecocacola,13.333,1.515,0,31,1,5.7,4,28.125,7.463,11.765,1,1,20,150,2,4,0,376
2026-02-04 13:43:18,3.456,qwecocacola,18.033,3.614,1,16,0,4.364,8,20,17.647,17.241,5,2,22,122,3,3,0,376
2026-02-07 10:29:10,3.461,qwecocacola,16.154,2.107,1,33,0,5.381,5,31.818,7.273,18.868,1,1,21,130,2,4,0,376
2026-03-04 14:45:10,3.234,qwecocacola,14.189,1.536,1,29,1,5.762,2,22.222,7.576,17.391,2,0,21,148,2,3,1,376
2026-03-21 14:05:45,3.149,qwecocacola,10.4,1.915,1,19,1,5.154,3,3.704,9.524,17.143,2,1,13,125,2,3,0,376
2026-02-06 18:13:10,0.4,erzakuran,4.167,0.364,0,9,2,5.8,0,9.375,1.923,2.778,0,0,5,120,2,4,0,378
2026-03-01 17:42:33,6.659,CipherKai,37.762,6.117,2,25,0,4.593,14,44.444,33.333,38.298,6,5,54,143,2,3,0,379
2026-03-15 19:01:50,6.672,CipherKai,38.776,7.34,0,9,1,4.877,16,50.98,24.138,44.737,7,5,57,147,4,2,0,379
2026-03-16 16:08:49,6.85,CipherKai,32.867,5.927,3,27,0,4.213,16,28.125,29.688,40.426,4,12,47,143,2,4,0,379
2026-04-16 00:39:38,6.664,CipherKai,32.673,6.731,2,14,0,4.424,13,48.276,28.571,23.333,8,1,33,101,3,2,0,379
2026-04-18 07:38:54,6.756,CipherKai,28.571,3.084,0,10,3,6.0,2,30.952,26.316,30.233,0,1,46,161,4,1,1,379
2026-04-21 00:49:52,7.058,CipherKai,40.288,8.15,1,21,0,4.321,18,47.222,33.333,44.186,7,3,56,139,6,0,0,379
2026-05-30 04:57:21,7.654,CipherKai,30.882,3.924,0,8,0,5.571,4,39.286,27.143,31.579,2,1,42,136,3,3,0,379
2026-05-30 09:01:45,7.653,CipherKai,35.385,5.633,1,18,0,5.152,6,47.826,30.882,35.897,4,2,46,130,6,0,0,379
2026-06-01 05:57:19,7.654,CipherKai,32.867,5.266,3,33,0,4.702,14,42.105,25.373,36.842,5,6,47,143,1,5,0,379
2026-06-03 04:26:23,7.848,CipherKai,35.593,4.503,0,12,0,5.19,6,39.286,31.111,37.778,1,2,42,118,0,5,0,379
2026-03-28 15:30:09,2.803,Shiku,21.488,2.341,1,20,3,5.846,2,42.424,18,7.895,3,0,26,121,1,5,0,382
2026-03-28 22:07:01,2.348,Shiku,14.141,2.12,1,11,0,5.5,2,29.167,6.383,14.286,2,0,14,99,1,4,0,382
2026-04-18 21:12:03,2.006,Shiku,23.913,3.041,0,19,0,5.0,5,44,17.5,14.815,4,1,22,92,2,3,0,382
2026-04-25 21:35:54,1.912,Shiku,17.391,1.85,0,34,1,5.458,4,40.625,7.692,14.634,2,2,24,138,5,1,0,382
2026-05-03 13:50:06,2.336,Shiku,17.323,2.147,0,22,0,5.545,5,48,11.111,7.692,5,0,22,127,2,3,0,382
2026-05-05 14:09:04,2.243,Shiku,18.978,1.855,0,21,1,5.692,2,30.556,15.625,13.514,0,0,26,137,1,3,1,382
2026-05-06 21:00:14,2.039,Shiku,24.444,2.421,0,18,0,5.667,2,46.512,13.115,16.129,0,0,33,135,2,4,0,382
2026-05-15 17:46:44,1.809,Shiku,27.007,3.973,1,27,1,5.135,10,70.968,11.429,19.444,4,3,37,137,5,0,0,382
2026-05-18 21:53:11,2.854,Shiku,23.418,2.669,0,33,2,5.378,8,47.619,12.698,16.981,2,1,37,158,3,3,0,382
2026-06-06 14:12:19,2.859,Shiku,18.571,2.582,1,26,0,5.385,4,37.838,8.955,16.667,2,1,26,140,4,2,0,382
2026-05-18 06:06:48,20.764,Miki_Hoshii,64.444,23.314,12,18,1,3.471,50,89.655,62.687,48.718,19,30,87,135,3,3,0,384
2026-05-21 07:13:01,20.781,Miki_Hoshii,68.852,17.078,10,16,0,3.845,43,100,59.259,57.895,15,24,84,122,5,1,0,384
2026-05-24 13:57:54,21.165,Miki_Hoshii,59.259,17.65,13,28,0,3.406,40,82.759,66.667,32.432,13,22,64,108,1,4,0,384
2026-05-25 12:49:49,20.883,Miki_Hoshii,64.754,19.821,10,11,0,3.608,45,78.788,69.231,45.946,15,25,79,122,1,5,0,384
2026-05-26 08:23:25,20.506,Miki_Hoshii,67.073,20.861,14,16,0,3.936,49,83.721,64.706,56.604,18,24,110,164,3,2,1,384
2026-05-28 13:55:32,20.612,Miki_Hoshii,56.934,15.951,25,36,0,2.987,52,73.913,64.062,40,30,19,78,137,1,5,0,384
2026-05-28 16:09:41,20.224,Miki_Hoshii,50.0,14.985,11,29,0,3.662,37,65.385,55.172,36.538,14,18,68,136,2,4,0,384
2026-05-28 18:22:53,20.04,Miki_Hoshii,63.043,19.283,18,20,0,3.356,51,80,60.294,55,21,26,87,138,2,4,0,384
2026-06-02 14:21:12,19.85,Miki_Hoshii,63.2,18.456,7,11,0,4.342,29,76.19,64.444,47.368,12,11,79,125,4,2,0,384
2026-06-04 18:25:20,20.042,Miki_Hoshii,69.799,22.896,26,24,0,3.567,62,87.234,66.154,54.054,29,22,104,149,4,2,0,384
2026-05-24 13:57:54,7.303,ponbot,30.894,5.581,3,32,0,4.553,14,56.25,21.569,22.5,4,6,38,123,4,1,0,387
2026-05-25 07:30:37,7.606,ponbot,26.515,5.444,1,23,1,4.486,11,36.364,23.529,26.19,6,0,35,132,0,6,0,387
2026-05-25 14:28:52,6.993,ponbot,23.226,3.088,1,30,1,5.639,7,38.462,18.919,16.667,3,5,36,155,3,3,0,387
2026-05-26 13:56:18,6.995,ponbot,26.724,5.123,2,29,0,4.387,12,37.037,17.308,32.432,4,6,31,116,4,2,0,387
2026-05-28 13:55:32,7.2,ponbot,31.69,5.932,5,42,0,3.844,20,40.541,19.672,40.909,12,3,45,142,4,2,0,387
2026-05-29 07:43:45,7.415,ponbot,28.676,4.773,2,30,0,4.436,18,50,20.29,22.581,3,12,39,136,3,3,0,387
2026-05-29 13:51:29,7.409,ponbot,31.132,5.005,2,24,0,4.091,13,46.154,30,22.5,4,4,33,106,3,3,0,387
2026-05-31 11:11:49,7.39,ponbot,28.378,5.768,5,29,0,4.452,16,41.463,23.881,22.5,6,5,42,148,3,2,1,387
2026-06-01 05:57:19,7.409,ponbot,27.273,4.811,3,33,2,4.59,14,42.105,16.418,31.579,7,6,39,143,1,5,0,387
2026-06-05 14:41:15,7.105,ponbot,32.768,4.759,2,28,1,5.241,10,46.939,26.667,28.302,5,2,58,177,3,2,1,387
2026-01-04 11:41:01,0.337,Tsuni,12.195,1.541,0,13,1,5.533,3,22.581,10.345,5.882,1,1,15,123,3,3,0,388
2026-01-17 10:39:09,0.007,Tsuni,11.268,1.239,2,56,2,4.062,8,15.789,9.091,10.526,3,4,16,142,2,3,1,388
2026-01-18 12:22:26,-0.124,Tsuni,11.905,2.175,0,27,0,4.6,5,10.526,10.169,17.241,4,2,15,126,3,3,0,388
2026-01-19 13:49:48,-0.154,Tsuni,10.924,1.47,0,22,1,5.308,3,22.581,6.154,8.696,1,2,13,119,4,2,0,388
2026-01-20 11:16:49,0.054,Tsuni,10.833,2.427,1,25,1,4.154,7,10.714,10.909,10.811,2,3,13,120,3,3,0,388
2026-01-22 14:29:28,0.051,Tsuni,9.821,1.162,1,21,2,5.455,1,8.108,12.766,7.143,1,0,11,112,1,5,0,388
2026-03-24 13:55:04,-0.369,Tsuni,9.924,0.752,0,34,5,5.846,2,10,12.5,5.405,0,1,13,131,4,2,0,388
2026-04-21 18:25:22,-0.167,Tsuni,9.333,0.757,0,32,1,6.071,2,7.895,8.065,12,1,1,14,150,4,2,0,388
2026-05-14 21:21:37,2.443,Kyuuuu,14.685,4.345,4,16,0,4.667,5,15.625,14.493,14.286,4,1,21,143,3,2,0,393
2026-05-16 04:37:10,2.535,Kyuuuu,7.955,1.332,0,8,0,4.429,2,15.789,8.333,0,0,1,7,88,1,4,0,393
2026-05-16 10:16:26,1.968,Kyuuuu,12.308,3.609,2,12,1,4.375,7,11.429,10.938,16.129,4,2,16,130,5,1,0,393
2026-05-17 21:31:48,2.696,Kyuuuu,13.178,1.266,0,16,0,5.706,3,21.429,9.524,13.158,3,0,17,129,4,2,0,393
2026-05-20 22:26:33,2.871,Kyuuuu,13.333,2.478,2,29,0,4.45,7,18.421,11.111,12.245,5,1,20,150,0,6,0,393
2026-05-22 21:04:09,2.315,Kyuuuu,23.148,3.557,2,13,1,5.08,4,23.333,22.449,24.138,2,2,25,108,4,1,0,393
2026-05-23 06:57:28,2.615,Kyuuuu,11.111,2.284,2,17,4,5.286,3,9.677,12.727,10,2,1,14,126,1,4,0,393
2026-05-25 12:49:49,2.33,Kyuuuu,17.213,2.304,0,11,2,5.381,5,24.242,15.385,13.514,1,2,21,122,1,5,0,393
2026-05-27 11:00:45,1.958,Kyuuuu,11.348,1.973,0,20,7,5.125,3,13.333,10.448,11.364,1,2,16,141,3,3,0,393
2026-05-28 10:37:26,1.961,Kyuuuu,9.589,1.125,1,41,2,5.429,3,18.75,4.412,10.87,1,1,14,146,2,4,0,393
2026-05-03 13:50:06,7.0,Komari,25.743,6.15,1,19,1,4.0,11,29.167,21.739,29.032,3,7,26,101,1,4,0,394
2026-04-06 04:10:38,0.692,LordGrond,7.971,1.141,0,25,1,5.364,3,10,3.922,10.526,0,2,11,138,1,5,0,395
2026-04-14 05:05:01,0.286,LordGrond,7.874,0.319,0,19,1,6.8,0,14.286,6.061,3.846,0,0,10,127,2,3,0,395
2026-04-23 05:08:06,0.181,LordGrond,11.504,1.429,1,20,3,5.462,2,4.167,10.417,17.073,2,0,13,113,2,3,0,395
2026-04-24 04:52:40,0.027,LordGrond,9.559,0.883,0,25,0,5.769,2,8.333,5,17.5,1,0,13,136,1,4,1,395
2026-04-27 05:23:52,-0.263,LordGrond,10.156,0.825,0,35,1,5.615,1,18.182,10.606,5,0,2,13,128,2,4,0,395
2026-04-28 05:07:35,-0.437,LordGrond,9.286,1.6,1,20,0,4.923,4,16,5.797,10.87,2,0,13,140,3,3,0,395
2026-05-01 04:08:42,-0.445,LordGrond,12.069,1.376,1,31,0,5.071,2,14.286,9.091,15,2,0,14,116,5,1,0,395
2026-05-06 23:26:01,-0.077,LordGrond,9.459,0.796,0,43,0,5.571,1,11.429,4.545,14.894,1,0,14,148,5,1,0,395
2026-05-16 04:37:10,0.316,LordGrond,8.772,1.42,1,15,2,5.5,2,19.444,3.509,4.762,2,0,10,114,3,2,0,395
2026-06-04 23:57:00,0.504,LordGrond,19.048,2.619,1,16,2,5.464,7,20.513,10.769,30.233,5,2,28,147,4,2,0,395
2026-05-27 04:53:54,5.428,kabao,26.119,3.965,0,14,0,5.429,8,30,29.851,19.149,1,2,35,134,2,4,0,398
2026-05-27 14:37:10,5.26,kabao,32.0,5.267,1,43,1,4.911,18,57.895,23.684,26.23,2,7,56,175,2,3,1,398
2026-05-28 10:37:26,5.179,kabao,26.4,5.568,3,33,0,4.061,15,52.174,21.918,17.241,6,2,33,125,4,2,0,398
2026-05-28 13:55:32,5.357,kabao,22.695,3.057,2,41,0,4.562,9,29.268,18.644,21.951,3,3,32,141,3,3,0,398
2026-05-29 13:51:29,5.354,kabao,18.868,3.517,3,24,0,4.0,8,34.615,15,12.5,3,3,20,106,3,3,0,398
2026-06-03 04:26:23,5.337,kabao,27.778,2.701,0,13,1,5.767,4,40.909,27.451,20,0,2,30,108,3,2,0,398
2026-06-03 06:38:37,5.419,kabao,32.867,6.435,3,25,1,4.83,11,53.125,28.788,24.444,6,3,47,143,3,3,0,398
2026-06-04 18:25:20,5.426,kabao,30.612,5.626,3,22,0,4.844,13,51.282,30.303,11.905,5,4,45,147,3,3,0,398
2026-06-06 07:47:40,5.435,kabao,28.462,5.016,0,14,1,4.757,11,50,22.222,23.077,3,1,37,130,2,4,0,398
2026-06-06 14:12:19,5.258,kabao,21.875,4.37,1,20,1,4.607,8,35,11.765,21.622,2,5,28,128,2,4,0,398
2026-04-17 17:36:21,0.031,ElJuanchi,11.009,1.095,0,17,2,5.833,1,16.667,8.889,10,0,1,12,109,4,1,0,399
2026-04-25 14:37:20,0.339,ElJuanchi,10.135,1.334,0,32,3,5.133,3,6.667,8.974,15,1,1,15,148,3,3,0,399
2026-05-04 18:44:00,0.345,ElJuanchi,16.429,1.082,0,30,1,6.217,1,19.355,10.938,22.222,0,0,23,140,1,3,1,399
2026-05-17 21:31:48,-0.071,ElJuanchi,11.429,1.369,0,24,2,5.312,3,20,9.836,8.163,0,1,16,140,4,2,0,399
2026-05-20 14:25:13,0.136,ElJuanchi,16.379,1.249,0,22,1,5.895,2,29.167,6.522,19.565,0,1,19,116,3,2,0,399
2026-05-20 22:26:33,0.232,ElJuanchi,13.245,2.023,0,34,0,4.6,5,17.949,12.903,10,2,3,20,151,3,3,0,399
2026-05-22 21:04:09,0.221,ElJuanchi,13.592,1.046,0,13,0,6.5,2,24.242,10,6.667,1,1,14,103,2,3,0,399
2026-05-24 13:57:54,0.122,ElJuanchi,14.414,1.172,0,26,4,5.812,3,15.385,15.385,12.121,0,1,16,111,2,3,0,399
2026-06-04 23:57:00,0.019,ElJuanchi,16.875,1.724,0,35,0,5.556,5,19.048,14.706,18,1,1,27,160,4,2,0,399
2026-06-05 14:41:15,0.226,ElJuanchi,21.333,2.949,1,23,3,5.344,6,30,18.421,20.455,3,0,32,150,3,3,0,399
2026-05-10 12:17:28,4.238,Vr0003,23.134,4.322,2,28,1,4.581,9,25,31.034,13.462,2,6,31,134,4,2,0,400
2026-05-15 17:46:44,4.432,Vr0003,22.115,5.638,4,21,0,4.043,9,52.381,16.667,8.696,4,5,23,104,4,1,0,400
2026-05-17 15:14:41,5.005,Vr0003,25.466,4.647,0,21,3,5.341,11,27.5,28.947,17.778,2,7,41,161,3,3,0,400
2026-05-17 21:31:48,5.005,Vr0003,20.952,3.49,2,17,0,4.909,4,27.586,21.277,13.793,3,2,22,105,3,3,0,400
2026-05-20 14:25:13,5.024,Vr0003,28.448,4.823,2,23,2,4.758,12,39.13,22.807,30.556,5,4,33,116,2,3,0,400
2026-05-20 18:28:10,4.92,Vr0003,20.161,4.111,2,21,3,4.76,7,24.324,18,18.919,5,2,25,124,3,3,0,400
2026-05-20 22:26:33,4.922,Vr0003,16.556,2.66,1,34,0,4.4,7,20.513,17.742,12,5,1,25,151,3,3,0,400
2026-05-28 10:37:26,4.911,Vr0003,14.0,2.259,1,28,1,4.929,4,22.727,8.511,16.129,1,3,14,100,0,6,0,400
2026-05-28 16:09:41,4.343,Vr0003,13.245,2.522,0,42,1,4.5,6,30.769,8.333,11.321,1,5,20,151,3,3,0,400
2026-06-05 17:50:16,4.345,Vr0003,18.0,2.882,1,24,1,4.556,5,44.444,20.455,2.632,2,1,18,100,5,0,0,400
2026-05-22 14:23:24,3.924,Spartric,18.182,2.836,1,13,1,5.167,6,28.125,16.923,11.429,4,0,24,132,3,2,1,401
2026-05-23 06:57:28,4.0,Spartric,19.463,2.562,0,25,1,5.552,4,35.135,19.672,7.843,0,8,29,149,2,3,0,401
2026-05-24 13:57:54,3.903,Spartric,17.593,1.522,0,29,0,5.737,3,31.818,19.608,5.714,1,0,19,108,3,2,0,401
2026-05-25 14:28:52,3.998,Spartric,33.108,4.816,2,20,0,5.49,12,48.718,32.836,19.048,4,5,49,148,5,1,0,401
2026-05-30 04:57:21,4.35,Spartric,21.805,3.345,1,15,0,5.586,5,37.5,17.742,15.385,2,2,29,133,1,5,0,401
2026-05-31 11:11:49,3.993,Spartric,21.739,3.239,2,22,1,5.033,6,21.212,29.412,8.108,4,1,30,138,3,2,1,401
2026-06-02 14:21:12,4.067,Spartric,19.403,3.221,0,11,3,5.346,6,44,10.169,18,1,0,26,134,4,2,0,401
2026-06-03 04:26:23,4.255,Spartric,21.138,1.577,0,19,0,6.308,2,42.424,10.87,15.909,0,2,26,123,2,3,0,401
2026-06-05 08:39:16,4.17,Spartric,25.676,4.173,2,33,1,5.026,12,47.368,21.053,11.765,4,6,38,148,2,4,0,401
2026-06-05 17:50:16,3.99,Spartric,18.868,3.214,2,21,0,4.65,6,34.483,20,3.125,2,3,20,106,2,3,0,401
2026-05-02 23:23:31,6.016,AnnaYanami,23.77,3.632,1,32,0,4.724,9,30.769,19.355,26.471,2,5,29,122,1,3,1,403
2026-05-04 18:44:00,5.828,AnnaYanami,22.835,3.836,1,18,0,4.862,7,36,19.403,20,1,4,29,127,2,3,0,403
2026-05-09 21:37:31,5.733,AnnaYanami,26.744,3.042,7,74,1,4.283,19,31.429,21.795,30.508,10,8,46,172,4,2,0,403
2026-05-15 17:46:44,5.904,AnnaYanami,22.321,4.998,2,23,0,4.0,11,25,14,32.353,5,4,25,112,1,4,0,403
2026-05-22 21:04:09,5.349,AnnaYanami,21.333,2.907,0,35,1,5.281,8,44.444,19.697,6.25,0,6,32,150,1,4,0,403
2026-05-30 04:57:21,5.066,AnnaYanami,28.409,5.174,3,25,0,5.3,9,44.444,22.892,26.316,5,1,50,176,5,1,0,403
2026-06-03 14:14:56,5.421,AnnaYanami,32.317,4.479,1,44,0,4.66,14,45.833,33.333,18,9,1,53,164,2,3,1,403
2026-06-04 23:57:00,5.341,AnnaYanami,34.694,4.446,2,16,0,5.216,9,41.026,30.769,34.884,5,1,51,147,4,2,0,403
2026-06-05 06:23:16,5.537,AnnaYanami,21.053,4.19,2,18,0,5.156,6,31.915,15.068,18.75,2,3,32,152,1,5,0,403
2026-06-05 17:50:16,5.171,AnnaYanami,26.271,4.548,1,24,0,4.742,11,44.828,26.531,12.5,5,4,31,118,3,2,0,403
2026-04-21 10:13:47,1.709,anicomi,15.315,3.834,1,16,0,4.588,6,52,5.769,2.941,3,2,17,111,4,1,0,405
2026-04-23 10:37:04,2.004,anicomi,14.205,2.12,1,34,2,5.32,6,24.324,10.714,12.727,1,2,25,176,2,2,2,405
2026-04-25 09:12:57,1.988,anicomi,13.194,1.404,0,21,1,5.737,3,34.615,8.696,8.163,3,2,19,144,3,3,0,405
2026-05-24 19:25:18,1.983,anicomi,13.139,1.722,0,16,2,5.5,3,22.222,9.677,12.5,2,0,18,137,3,3,0,405
2026-05-25 12:49:49,1.961,anicomi,13.043,2.723,1,21,1,4.444,7,21.951,12.308,3.125,2,2,18,138,4,2,0,405
2026-05-28 13:55:32,2.144,anicomi,11.268,1.37,0,42,0,4.75,5,18.919,4.918,13.636,1,1,16,142,4,2,0,405
2026-05-28 18:22:53,2.339,anicomi,7.971,0.579,0,20,0,6.0,1,3.333,7.353,12.5,0,0,11,138,2,4,0,405
2026-05-29 13:51:29,2.154,anicomi,9.489,0.974,1,36,1,5.462,3,16.129,8.065,6.818,1,0,13,137,2,4,0,405
2026-05-31 11:11:49,1.971,anicomi,16.279,1.898,0,19,1,5.381,4,26.471,10,17.143,2,1,21,129,3,3,0,405
2026-06-01 13:46:50,1.965,anicomi,9.483,0.95,0,17,2,5.818,2,20,5.357,8.571,0,2,11,116,2,4,0,405
2026-05-15 07:01:20,-0.518,FoopyPoopy,11.806,1.083,0,41,4,5.588,4,23.333,12.121,4.167,2,3,17,144,2,4,0,410
2026-05-16 04:37:10,-0.73,FoopyPoopy,4.0,0.159,0,16,1,6.75,0,4.545,0,8.108,0,0,4,100,3,2,0,410
2026-05-17 07:27:17,-0.561,FoopyPoopy,6.667,0.574,0,24,2,5.833,1,4.545,5.128,10.345,0,1,6,90,3,2,0,410
2026-05-20 22:26:33,-0.468,FoopyPoopy,8.228,1.045,0,33,1,4.923,3,10.811,7.692,6.977,1,2,13,158,6,0,0,410
2026-05-30 04:57:21,0.101,FoopyPoopy,6.767,0.528,0,15,6,6.667,1,18.75,0,7.692,0,0,9,133,1,5,0,410
2026-05-30 09:01:45,-0.28,FoopyPoopy,9.434,1.105,0,24,9,6.133,2,9.302,7.792,12.821,1,1,15,159,1,4,1,410
2026-06-01 05:57:19,0.101,FoopyPoopy,15.287,1.015,0,26,2,6.042,2,21.739,12.5,12.766,0,1,24,157,4,2,0,410
2026-06-03 04:26:23,-0.377,FoopyPoopy,8.475,0.572,0,12,3,6.1,0,7.143,6.667,11.111,0,0,10,118,0,5,0,410
2026-06-04 07:25:31,-0.859,FoopyPoopy,20.349,2.584,2,52,1,4.914,10,33.333,12.676,19.643,5,3,35,172,3,2,1,410
2026-06-05 06:23:16,-0.752,FoopyPoopy,6.707,0.618,0,16,8,6.455,2,16.216,2.597,6,0,1,11,164,3,2,1,410
2026-05-08 18:02:51,5.827,zokie,31.2,4.349,1,15,0,5.256,8,40.741,22.034,38.462,6,1,39,125,1,4,0,413
2026-05-10 12:17:28,5.622,zokie,21.101,2.055,0,12,0,5.739,2,38.889,22.642,10.526,0,1,23,109,3,3,0,413
2026-05-11 10:54:27,5.606,zokie,28.75,3.972,0,28,0,4.978,12,38.235,24.324,28.846,6,5,46,160,0,4,2,413
2026-05-12 09:38:12,4.963,zokie,27.941,3.812,1,30,0,4.579,12,51.282,17.46,20.588,5,3,38,136,4,2,0,413
2026-05-12 18:15:50,5.151,zokie,31.967,4.332,2,21,0,5.205,7,41.176,28.846,27.778,4,3,39,122,3,1,1,413
2026-05-22 14:23:24,5.34,zokie,27.049,5.453,0,24,2,4.424,14,41.935,17.857,28.571,4,6,33,122,4,2,0,413
2026-05-24 19:25:18,5.524,zokie,34.815,8.938,6,22,0,4.426,17,52.174,24.561,38.182,8,4,47,135,4,2,0,413
2026-05-26 18:30:52,5.732,zokie,29.231,4.307,0,11,0,5.053,6,36,29.231,25,3,0,38,130,2,4,0,413
2026-06-04 18:25:20,5.442,zokie,30.841,7.078,2,24,0,4.303,17,57.143,18.605,25,5,9,33,107,2,2,0,413
2026-06-05 08:39:16,5.451,zokie,25.984,4.249,3,29,0,5.091,9,32.432,21.429,26.471,5,5,33,127,2,4,0,413
2026-05-10 12:17:28,3.203,OkitaNobu,18.548,2.973,0,16,1,4.957,6,30.435,12.698,21.053,4,2,23,124,2,4,0,416
2026-05-15 07:01:20,3.024,OkitaNobu,18.543,3.527,1,47,0,4.071,16,20.588,15,24.324,5,6,28,151,2,4,0,416
2026-05-17 21:31:48,2.846,OkitaNobu,23.256,4.709,1,16,2,4.333,13,42.857,17.46,18.421,7,0,30,129,4,2,0,416
2026-05-21 07:13:01,3.009,OkitaNobu,19.091,1.881,0,23,0,5.667,4,22.727,21.154,13.889,0,2,21,110,2,4,0,416
2026-05-26 13:56:18,2.839,OkitaNobu,18.045,2.731,1,30,0,4.792,7,19.355,18.333,16.667,1,3,24,133,1,5,0,416
2026-05-29 07:43:45,2.483,OkitaNobu,23.418,3.175,0,43,0,4.649,12,41.026,22.535,10.417,4,3,37,158,4,2,0,416
2026-05-29 13:51:29,2.655,OkitaNobu,23.358,4.03,4,36,2,4.156,12,32.258,17.742,25,5,6,32,137,2,4,0,416
2026-06-01 13:46:50,2.477,OkitaNobu,20.69,3.269,1,17,0,4.875,7,32,21.429,11.429,2,1,24,116,2,4,0,416
2026-06-03 14:14:56,2.298,OkitaNobu,22.523,2.087,1,18,2,5.6,3,36.667,19.565,14.286,1,2,25,111,5,1,0,416
2026-06-05 14:41:15,2.653,OkitaNobu,15.333,2.233,0,28,6,5.435,7,25,8.571,18.182,1,4,23,150,4,2,0,416
2026-01-22 22:13:39,4.997,YellowRose,27.778,4.077,3,27,1,4.971,7,53.333,17.857,22.5,4,2,35,126,1,4,0,417
2026-04-17 17:36:21,4.642,YellowRose,18.584,3.457,1,13,1,4.714,8,39.13,3.636,28.571,1,1,21,113,2,3,0,417
2026-03-20 22:04:30,2.771,keysha18,13.761,1.379,0,23,0,5.6,4,15.385,14.062,10.526,1,0,15,109,5,1,0,419
2026-05-03 13:50:06,3.248,keysha18,11.905,1.791,0,24,1,5.0,3,12.121,11.111,13.333,1,1,15,126,4,1,0,419
2026-05-20 22:26:33,3.557,keysha18,12.102,1.231,0,34,0,5.0,2,23.684,7.246,10,1,0,19,157,3,3,0,419
2026-01-07 01:49:38,3.5,MapleSyyrup,9.938,1.372,1,37,0,5.25,4,20,7.937,3.774,2,1,16,161,1,5,0,422
2026-04-23 05:08:06,1.0,brandon_K,4.167,0.792,1,22,1,4.8,2,8.696,2.941,3.448,1,1,5,120,2,3,0,426
2026-03-19 14:23:48,10.336,HaruUrara,28.0,7.334,8,42,3,3.714,22,26.316,28.767,28.205,13,10,42,150,3,3,0,430
2026-03-21 14:05:45,10.321,HaruUrara,35.714,8.097,4,18,0,4.489,16,25,38.333,39.474,7,5,45,126,4,1,0,430
2026-03-23 19:15:16,10.598,HaruUrara,29.524,7.784,3,11,1,3.871,15,19.355,31.373,39.13,5,4,31,105,2,3,0,430
2026-04-02 18:30:27,10.51,HaruUrara,39.64,8.961,2,17,0,4.318,15,41.667,36.735,42.105,5,5,44,111,1,4,0,430
2026-04-12 10:13:20,10.273,HaruUrara,28.226,6.602,2,17,3,4.629,12,35.484,25.424,26.471,3,4,35,124,3,2,0,430
2026-04-16 18:35:33,10.364,HaruUrara,28.358,6.548,2,20,0,4.316,15,33.333,27.692,23.333,6,4,38,134,3,2,1,430
2026-04-20 22:24:29,10.445,HaruUrara,36.066,8.863,3,20,1,3.659,22,43.75,27.66,39.535,4,13,44,122,2,3,0,430
2026-04-21 18:25:22,10.342,HaruUrara,32.117,6.158,2,33,0,4.273,18,29.268,38.596,25.641,9,5,44,137,3,3,0,430
2026-04-24 14:02:24,10.35,HaruUrara,29.808,7.858,5,28,1,3.677,15,35,20.37,43.333,8,4,31,104,2,3,0,430
2026-05-26 18:30:52,10.243,HaruUrara,25.0,6.284,4,17,4,4.333,15,26.087,29.032,16.667,7,2,36,144,2,3,1,430
2026-04-18 16:41:41,0.605,Luna,15.484,2.278,0,25,4,5.25,5,17.021,15.152,14.286,3,0,24,155,5,0,1,431
2026-04-30 14:25:20,1.1,Luna,17.273,2.99,0,28,0,4.632,10,10.714,12.5,29.412,2,7,19,110,4,2,0,431
2026-05-01 14:47:12,0.859,Luna,12.844,1.231,0,13,2,5.714,2,21.739,1.852,25,1,0,14,109,3,3,0,431
2026-05-05 18:37:55,0.861,Luna,8.696,1.376,1,23,1,5.083,4,12.121,5.479,12.5,2,0,12,138,3,3,0,431
2026-05-29 07:43:45,0.84,Luna,11.765,1.258,0,30,4,5.438,4,13.889,14.493,3.226,1,3,16,136,3,3,0,431
2026-05-29 13:51:29,0.834,Luna,12.605,1.769,1,30,0,4.933,5,22.222,9.375,13.514,3,1,15,119,3,3,0,431
2026-05-30 21:04:03,0.837,Luna,13.913,1.444,0,9,0,5.75,3,13.636,13.115,15.625,0,0,16,115,3,3,0,431
2026-06-01 13:46:50,0.84,Luna,14.754,1.719,1,17,2,5.556,3,18.182,6,23.077,2,1,18,122,2,3,1,431
2026-06-01 18:21:54,0.734,Luna,14.765,2.437,1,23,3,5.0,6,21.212,11.111,15.909,2,2,22,149,2,4,0,431
2026-06-03 04:26:23,0.543,Luna,7.843,1.009,0,15,2,5.25,2,0,6.667,13.889,0,0,8,102,3,2,0,431
2026-01-06 05:29:39,2.175,Loomi,11.258,1.826,0,16,3,5.059,5,15.789,11.864,7.407,2,1,17,151,2,4,0,437
2026-03-23 19:15:16,3.0,Dav1d,22.034,3.345,0,14,2,5.115,7,18.182,15.686,35.294,1,3,26,118,1,4,0,441
2026-04-05 07:51:40,2.628,Dav1d,13.174,2.972,2,12,5,5.318,5,22.222,5.263,17.391,3,2,22,167,1,4,1,441
2026-04-09 18:12:32,2.255,Dav1d,9.574,2.622,1,14,0,3.556,4,19.048,2.564,11.765,2,2,9,94,3,2,0,441
2026-05-01 21:20:47,2.382,Dav1d,13.725,2.742,2,30,0,4.429,7,9.302,18.333,12,3,2,21,153,3,2,1,441
2026-05-04 18:44:00,2.486,Dav1d,11.607,2.003,1,20,3,4.769,3,13.333,6.818,15.789,2,1,13,112,0,5,0,441
2026-05-24 13:57:54,1.921,Dav1d,15.447,2.166,0,32,1,5.211,6,15.625,9.804,22.5,3,4,19,123,4,1,0,441
2026-05-26 13:56:18,2.253,Dav1d,9.677,0.773,0,28,0,5.583,0,0,6.25,20.455,0,0,12,124,2,4,0,441
2026-05-29 13:51:29,2.036,Dav1d,18.31,2.275,1,32,0,5.077,8,21.212,18.182,16.279,3,3,26,142,4,2,0,441
2026-05-29 18:24:54,2.275,Dav1d,15.646,4.607,4,24,2,4.13,12,9.091,17.91,17.021,6,6,23,147,3,3,0,441
2026-06-04 18:25:20,2.284,Dav1d,14.765,1.047,0,24,3,6.364,1,23.404,7.692,16.216,0,1,22,149,4,2,0,441
2026-01-12 05:30:57,2.0,Loirinzz,10.753,0.921,0,5,1,5.9,0,14.286,6.818,14.286,0,2,10,93,3,2,0,443
2026-01-18 10:29:54,2.111,Loirinzz,11.429,2.465,1,15,0,4.417,5,8.696,8.696,16.667,2,1,12,105,2,3,0,443
2026-03-25 22:25:20,3.711,Kynn,22.137,3.5,0,21,1,5.207,5,74.074,11.94,2.703,2,0,29,131,2,4,0,452
2026-03-26 10:19:38,3.711,Kynn,25.333,4.353,6,45,0,4.579,15,60.465,16.393,4.348,7,8,38,150,3,3,0,452
2026-03-30 21:39:33,3.508,Kynn,25.316,4.313,1,33,1,4.525,14,67.568,12.162,12.766,2,9,40,158,2,3,1,452
2026-04-02 18:30:27,3.396,Kynn,24.786,5.032,3,11,0,4.862,7,58.824,15.217,5.405,5,2,29,117,3,2,0,452
2026-04-06 04:10:38,3.498,Kynn,27.642,4.994,3,15,1,5.0,9,75.758,13.636,6.522,6,2,34,123,4,2,0,452
2026-04-06 18:07:46,3.725,Kynn,21.711,2.726,0,22,2,5.394,4,54.762,7.463,11.628,2,1,33,152,3,3,0,452
2026-04-13 04:24:01,3.698,Kynn,23.308,5.339,2,12,2,4.935,9,56.25,15,9.756,3,6,31,133,2,4,0,452
2026-04-16 00:39:38,3.484,Kynn,26.733,5.479,2,14,1,4.444,11,58.621,11.905,16.667,8,2,27,101,3,2,0,452
2026-04-22 15:13:20,3.584,Kynn,23.438,4.015,1,25,2,4.667,10,55.556,9.615,12.5,4,3,30,128,5,1,0,452
2026-05-02 23:23:31,4.022,Kynn,22.917,4.272,1,24,0,4.318,9,83.333,9.615,7.692,6,2,22,96,2,3,0,452
2026-05-17 07:27:17,-0.485,RyoutaVN,18.571,1.271,0,38,0,5.731,2,25,15.094,17.021,2,0,26,140,4,0,1,453
2026-05-18 11:01:47,-0.106,RyoutaVN,13.38,2.426,2,31,0,4.579,6,7.143,14.754,15.094,2,2,19,142,2,3,1,453
2026-05-20 22:26:33,-0.184,RyoutaVN,14.013,2.051,0,34,0,4.5,7,26.316,8.696,12,2,3,22,157,3,3,0,453
2026-05-22 14:23:24,-0.178,RyoutaVN,12.879,1.484,0,13,1,5.588,3,21.875,9.231,11.429,1,0,17,132,3,2,1,453
2026-05-28 13:55:32,-0.099,RyoutaVN,17.518,1.948,0,36,0,5.0,7,21.739,15.625,18,3,1,24,137,1,5,0,453
2026-05-31 11:11:49,-0.479,RyoutaVN,18.243,2.668,1,29,2,5.037,7,24.39,16.418,15,4,1,27,148,3,2,1,453
2026-06-01 05:57:19,-0.479,RyoutaVN,23.239,2.486,1,24,0,5.636,7,37.209,15.385,20.588,5,1,33,142,4,2,0,453
2026-06-03 04:26:23,-0.207,RyoutaVN,18.966,2.951,1,15,2,5.0,5,40,12.903,13.793,4,1,22,116,4,1,0,453
2026-06-03 06:38:37,0.072,RyoutaVN,15.504,2.547,1,14,1,5.15,3,10.714,16.393,17.5,1,3,20,129,4,2,0,453
2026-06-05 17:50:16,0.24,RyoutaVN,17.46,1.925,0,28,0,5.545,4,29.032,8.333,22.857,1,2,22,126,1,4,0,453
2026-01-12 05:30:57,1.638,Xandyl,6.504,0.653,0,17,2,6.0,1,8,3.333,10.526,0,1,8,123,0,4,1,454
2026-04-20 22:24:29,6.072,SIXSEVEN,13.934,1.82,1,20,0,5.059,1,15.625,8.511,18.605,1,0,17,122,2,3,0,459
2026-04-21 00:49:52,5.943,SIXSEVEN,11.486,1.613,0,18,3,5.294,4,10.526,9.091,15.909,1,1,17,148,2,4,0,459
2026-01-17 10:39:09,0.291,hakohoka,6.098,0.593,0,67,0,4.2,5,4.651,5.479,8.333,3,1,10,164,4,1,1,462
2026-01-18 10:29:54,0.618,hakohoka,4.225,0.161,0,25,2,7.0,0,6.452,3.125,4.255,0,0,6,142,2,3,0,462
2026-02-01 10:15:38,0.515,hakohoka,3.311,0.28,0,45,1,5.6,1,8,2.381,2.381,1,0,5,151,3,3,0,462
2026-02-22 04:59:06,0.505,hakohoka,7.692,1.945,1,13,2,4.25,4,10.714,6.818,6.25,2,2,8,104,2,4,0,462
2026-02-25 11:19:38,0.283,hakohoka,6.383,0.463,0,23,1,6.111,1,12.903,6.849,0,0,0,9,141,3,3,0,462
2026-03-16 13:43:54,0.266,hakohoka,4.545,0.321,0,39,1,6.0,1,10.714,0,6.667,0,0,6,132,1,5,0,462
2026-03-31 10:11:52,-0.146,hakohoka,9.16,0.739,0,17,2,6.583,1,18.519,9.375,2.5,1,0,12,131,3,3,0,462
2026-05-05 14:09:04,-0.151,hakohoka,7.285,0.841,0,34,2,5.636,1,20,3.03,5.455,2,0,11,151,2,2,1,462
2026-01-04 06:10:39,2.321,Gabetin,9.357,0.975,0,48,1,5.562,4,21.212,6.098,7.143,0,1,16,171,5,1,0,463
2026-01-18 05:07:20,2.795,Gabetin,18.391,3.209,1,17,1,4.062,6,22.222,10.526,25.806,3,2,16,87,4,1,0,463
2026-01-19 07:43:44,3.124,Gabetin,17.532,2.168,0,24,1,5.407,5,25.926,15.909,15.385,3,1,27,154,1,5,0,463
2026-01-29 00:15:00,2.691,Gabetin,24.219,3.709,2,21,1,4.968,9,36.585,20.37,15.152,4,3,31,128,5,1,0,463
2026-02-28 11:06:18,3.118,Gabetin,16.867,1.664,0,28,5,5.929,2,30.303,9.459,18.644,1,0,28,166,3,3,0,463
2026-03-05 09:50:08,3.118,Gabetin,18.44,2.708,1,24,2,4.846,5,25,14.516,17.949,2,1,26,141,3,3,0,463
2026-03-27 05:20:46,3.118,Gabetin,10.417,0.969,1,43,3,5.333,3,18.421,9.524,4.651,3,0,15,144,3,3,0,463
2026-05-24 13:57:54,3.11,Gabetin,14.815,1.092,0,28,2,6.0,2,34.483,9.524,5.405,0,1,16,108,1,4,0,463
2026-06-05 08:39:16,2.798,Sabetin,19.728,2.803,1,29,2,5.207,8,32.558,19.718,3.03,1,4,29,147,4,2,0,463
2026-06-05 17:50:16,3.001,Sabetin,14.423,1.64,0,24,1,5.133,2,11.765,16.327,13.158,1,1,15,104,3,2,0,463
2026-05-09 10:03:51,1.0,Najeem,6.369,0.705,2,71,0,4.4,4,10.256,4.762,5.455,2,2,10,157,2,4,0,464
2026-01-04 06:10:39,3.0,metak,16.568,1.88,1,46,0,5.393,3,16.667,18.182,14.286,1,2,28,169,1,4,1,466
2026-01-18 05:07:20,2.678,metak,13.793,1.961,0,17,0,4.583,5,22.222,5.263,19.355,2,2,12,87,4,1,0,466
2026-02-17 09:16:51,3.028,metak,15.972,2.163,1,35,3,5.739,4,25,11.111,15.556,2,3,23,144,2,4,0,466
2026-03-27 05:20:46,2.67,metak,18.243,1.698,0,45,0,5.0,5,28.571,15.254,14.815,1,5,27,148,3,3,0,466
2026-04-17 07:29:19,2.673,metak,14.557,1.95,1,37,3,5.13,4,28.205,13.889,4.255,1,1,23,158,4,2,0,466
2026-05-24 13:57:54,2.896,metak,15.447,1.863,1,32,0,5.684,4,21.875,17.647,7.5,3,0,19,123,4,1,0,466
2026-04-27 05:23:52,2.0,Whales6978,12.088,1.011,0,11,0,5.364,2,13.043,9.756,14.815,1,0,11,91,6,0,0,472
2026-05-01 04:08:42,2.708,Whales6978,11.538,0.474,0,43,0,6.2,0,20.69,8.197,10,0,0,15,130,1,5,0,472
2026-05-05 18:37:55,2.248,Whales6978,7.477,1.132,1,17,2,5.125,2,9.677,10.417,0,1,1,8,107,1,5,0,472
2026-01-23 10:40:06,1.0,Nomu,8.621,0.851,0,11,3,5.9,0,16,5.556,8.108,0,0,10,116,4,2,0,474
2026-01-24 06:26:17,1.193,Nomu,6.536,0.678,0,25,1,5.6,2,3.704,8.75,4.348,0,1,10,153,2,3,1,474
2026-01-27 02:46:22,2.0,medley_n8tes,10.606,0.405,0,31,3,6.714,0,24.138,5,9.302,0,0,14,132,4,1,1,475
2026-01-27 19:12:40,2.0,FurLain,14.876,2.198,0,16,1,5.222,4,41.667,9.524,5.882,2,1,18,121,4,2,0,477
2026-01-29 13:10:54,2.243,FurLain,14.074,2.436,0,14,1,4.632,8,23.333,14.925,5.263,2,2,19,135,2,3,1,477
2026-05-11 18:11:15,2.118,FurLain,20.755,2.815,0,6,1,5.455,3,50,14.754,8.696,3,1,22,106,4,2,0,477
2026-05-25 07:30:37,5.062,Tugia,22.963,5.848,5,25,1,4.097,9,20,23.81,24.324,5,2,31,135,2,4,0,480
2026-05-26 08:23:25,4.87,Tugia,26.136,4.063,1,22,2,5.457,9,43.902,21.519,19.643,2,6,46,176,2,3,1,480
2026-05-28 16:09:41,4.776,Tugia,22.656,4.537,2,27,0,4.586,10,25.926,20.635,23.684,4,5,29,128,4,2,0,480
2026-05-28 18:22:53,4.967,Tugia,28.859,4.127,0,22,0,4.698,11,29.412,26.471,31.915,2,3,43,149,2,4,0,480
2026-05-29 07:43:45,4.796,Tugia,16.312,2.404,1,37,1,4.522,6,26.923,17.333,7.5,3,4,23,141,3,3,0,480
2026-05-30 09:01:45,4.805,Tugia,17.692,3.012,1,18,3,5.304,4,26.087,19.118,10.256,3,1,23,130,6,0,0,480
2026-06-03 06:38:37,5.358,Tugia,22.603,3.76,2,23,0,4.97,5,21.053,28.125,15.909,4,0,33,146,3,3,0,480
2026-06-04 07:25:31,5.35,Tugia,31.724,3.965,2,42,0,4.848,14,57.143,26.471,19.048,3,7,46,145,3,3,0,480
2026-06-05 08:39:16,5.349,Tugia,29.252,4.692,2,29,0,4.814,14,60.465,19.718,9.091,3,4,43,147,4,2,0,480
2026-06-06 07:47:40,5.528,Tugia,23.077,4.052,1,14,1,4.933,7,21.429,20.635,28.205,5,0,30,130,2,4,0,480
2026-03-15 10:12:57,5.591,25,18.31,2.446,0,19,0,5.423,5,40,13.636,10.87,2,0,26,142,1,4,1,482
2026-03-22 14:22:46,5.253,25,22.535,2.593,0,36,0,5.469,6,35.294,22.535,10.811,3,1,32,142,3,2,0,482
2026-03-24 13:55:04,5.361,25,20.968,1.75,0,36,0,5.423,5,33.333,18.966,12.121,3,0,26,124,1,5,0,482
2026-03-25 13:45:37,4.914,25,22.368,2.194,0,17,2,6.088,2,42.222,10.448,20,1,2,34,152,3,3,0,482
2026-04-04 10:52:22,4.916,25,19.737,2.601,0,13,0,5.533,4,29.73,18.841,13.043,0,2,30,152,2,4,0,482
2026-04-06 14:24:31,4.703,25,18.129,3.357,0,43,0,4.581,11,29.412,13.415,18.182,2,8,31,171,2,4,0,482
2026-04-19 14:28:30,4.489,25,29.6,6.388,3,20,1,4.595,15,36.364,28.07,25.714,3,5,37,125,3,3,0,482
2026-04-24 14:02:24,4.475,25,27.35,4.394,3,30,0,5.094,10,30.769,26.415,26.316,7,0,32,117,3,2,0,482
2026-04-28 14:08:03,4.584,25,26.271,4.587,0,25,0,4.613,10,40.625,26.786,10,1,8,31,118,1,3,1,482
2026-05-27 14:37:10,4.371,25,20.606,2.651,0,41,1,5.382,8,38.235,22.222,8.475,1,5,34,165,2,4,0,482
2026-03-07 13:52:35,5.5,kinjacky,27.559,3.847,1,27,0,5.457,5,35.484,24.561,25.641,4,0,35,127,1,3,1,488
2026-04-05 17:46:11,5.257,kinjacky,25.472,4.244,1,15,2,5.185,6,31.579,20.833,28.205,1,2,27,106,2,3,0,488
2026-05-12 18:15:50,5.127,kinjacky,26.126,3.533,1,21,0,5.172,4,29.63,23.077,28.125,1,2,29,111,4,1,0,488
2026-05-21 07:13:01,1.96,zomg,20.492,2.654,1,16,3,5.36,6,23.333,11.111,31.579,4,1,25,122,5,1,0,489
2026-05-23 06:57:28,2.328,zomg,15.385,2.141,1,19,1,5.778,3,24.138,12.727,12.121,3,0,18,117,4,1,0,489
2026-05-24 13:57:54,2.604,zomg,16.667,1.406,1,28,0,6.056,1,27.586,19.048,5.405,1,0,18,108,1,4,0,489
2026-05-25 07:30:37,2.334,zomg,12.879,2.276,1,21,1,4.882,3,17.857,14.516,7.143,3,0,17,132,5,1,0,489
2026-05-26 18:30:52,2.694,zomg,17.391,2.96,2,16,3,5.25,5,23.256,13.333,17.143,3,0,24,138,2,4,0,489
2026-05-29 07:43:45,2.512,zomg,16.176,2.449,2,30,0,5.0,7,25,17.391,3.226,5,1,22,136,3,3,0,489
2026-06-03 14:14:56,2.506,zomg,18.902,2.453,2,44,0,5.032,6,20.833,18.182,18,4,2,31,164,2,3,1,489
2026-06-04 07:25:31,2.425,zomg,16.561,2.809,2,45,2,4.308,11,19.444,14.493,17.308,6,2,26,157,2,3,1,489
2026-06-05 17:50:16,2.338,zomg,17.424,3.168,1,27,2,4.522,9,21.739,18.033,14.583,3,3,23,132,4,1,0,489
2026-06-06 07:47:40,2.875,zomg,16.352,2.896,2,24,0,5.269,6,20.513,17.949,9.524,3,2,26,159,3,2,1,489
2026-04-25 09:12:57,0.0,chiabobo,4.698,0.434,0,28,2,5.714,0,17.647,0,2.174,0,0,7,149,2,4,0,493
2026-05-01 11:41:50,3.5,potatoedtoast,11.024,2.348,2,31,3,4.643,5,18.919,3.846,13.158,4,1,14,127,2,4,0,494
2026-05-11 10:54:27,1.808,potatoedtoast,16.875,1.842,1,28,0,5.63,6,23.529,13.514,17.308,4,1,27,160,0,4,2,494
2026-05-12 09:38:12,1.358,potatoedtoast,10.714,1.325,0,39,1,5.0,5,24.324,7.042,3.125,0,4,15,140,3,3,0,494
2026-05-18 21:53:11,1.358,potatoedtoast,7.377,1.478,1,25,2,4.556,3,9.375,6.522,6.818,3,0,9,122,2,4,0,494
2026-05-28 10:37:26,1.131,potatoedtoast,10.4,1.644,0,33,3,4.385,4,13.043,12.329,3.448,0,2,13,125,4,2,0,494
2026-05-29 07:43:45,1.359,potatoedtoast,10.791,1.842,2,30,1,4.6,4,13.793,10.145,9.756,2,3,15,139,2,4,0,494
2026-05-31 11:11:49,1.137,potatoedtoast,11.511,1.567,0,28,2,5.25,5,14.286,10.448,11.364,0,2,16,139,2,4,0,494
2026-06-04 07:25:31,0.927,potatoedtoast,17.763,2.023,1,43,1,5.074,6,30.952,15.625,8.696,3,3,27,152,3,3,0,494
2026-05-01 04:08:42,3.0,AppuruPai,19.828,3.156,3,31,1,4.348,6,28.571,10.909,27.5,5,2,23,116,5,1,0,495
2026-05-04 06:27:59,3.457,AppuruPai,15.254,2.204,1,26,0,4.833,4,18.182,13.462,15.152,1,2,18,118,3,3,0,495
2026-05-09 21:37:31,3.465,AppuruPai,19.108,1.601,3,73,0,4.833,6,14.286,19.718,21.569,4,1,30,157,2,4,0,495
2026-05-12 14:05:09,3.229,AppuruPai,15.179,1.387,0,10,0,5.647,2,15.789,11.475,21.875,1,0,17,112,1,5,0,495
2026-05-18 11:01:47,2.742,AppuruPai,11.207,1.719,0,18,0,4.538,3,4.167,13.793,11.765,2,0,13,116,1,4,1,495
2026-04-30 07:23:58,1.0,lotte_616,7.353,0.795,0,18,7,5.3,2,10.714,7.576,4.762,3,0,10,136,4,2,0,496
2026-05-01 04:08:42,1.224,lotte_616,8.13,0.712,0,32,0,5.4,3,7.407,9.434,6.977,0,1,10,123,2,4,0,496
2026-04-24 14:02:24,1.0,afwcal,8.824,0.919,0,38,2,5.5,2,14.286,7.143,7.895,0,2,12,136,2,3,0,497
2026-05-11 08:22:11,4.0,MaikaSasaki,22.628,2.687,2,36,1,5.161,6,35.897,14.516,22.222,5,1,31,137,3,3,0,505
2026-06-03 18:55:58,3.977,MaikaSasaki,35.211,4.85,1,28,0,5.3,10,36.667,30.667,43.243,5,3,50,142,3,2,1,505
2026-05-28 18:22:53,0.5,McAlbertHabolea,4.478,0.373,0,28,2,5.667,0,0,3.333,8.511,0,0,6,134,3,3,0,508
2026-05-09 21:37:31,4.0,AkechiAnna,20.349,1.997,4,74,0,4.743,12,31.429,16.667,18.644,7,6,35,172,4,2,0,510
2026-05-30 09:01:45,5.636,nekko_khayal,18.462,3.425,2,43,1,4.972,7,32.558,16.505,10.204,3,5,36,195,1,4,1,511
2026-06-01 13:46:50,5.344,nekko_khayal,24.59,3.354,1,17,1,5.067,5,42.424,20,15.385,2,2,30,122,2,3,1,511
2026-06-02 14:21:12,5.242,nekko_khayal,18.75,1.873,0,10,0,6.111,2,40,12.698,7.317,1,1,27,144,1,5,0,511
2026-06-03 04:26:23,4.86,nekko_khayal,17.797,1.715,0,12,2,5.714,2,25,17.778,13.333,1,0,21,118,0,5,0,511
2026-06-03 06:38:37,4.361,nekko_khayal,16.667,3.09,2,24,1,5.15,5,25,19.608,3.03,3,2,20,120,2,4,0,511
2026-06-03 14:14:56,4.183,nekko_khayal,22.4,2.958,1,30,0,4.929,9,35.135,23.913,9.524,4,2,28,125,2,4,0,511
2026-06-04 07:25:31,3.965,nekko_khayal,18.023,1.948,1,52,2,5.097,7,31.111,14.085,12.5,3,0,31,172,3,2,1,511
2026-06-05 08:39:16,4.075,nekko_khayal,19.375,2.944,1,39,2,5.032,9,30.556,16.901,15.094,3,1,31,160,4,2,0,511
2026-06-06 07:47:40,4.274,nekko_khayal,17.544,2.587,0,24,2,5.2,7,30.233,12.222,15.789,1,4,30,171,2,3,1,511
2026-06-06 14:12:19,4.176,nekko_khayal,18.841,3.004,1,19,1,5.115,4,20,21.053,15.217,3,0,26,138,2,4,0,511
2026-05-28 18:22:53,0.5,superzinc,3.356,0.265,0,22,2,5.8,0,2.941,2.941,4.255,0,1,5,149,2,4,0,517
2026-06-06 07:47:40,1.5,kombofuud,10.606,1.8,2,14,1,5.5,3,10,8.955,14.286,2,0,14,132,4,2,0,518
2026-06-06 14:12:19,4.0,seanpk,16.406,4.001,2,20,0,4.524,7,35,9.804,5.405,5,2,21,128,2,4,0,523
