Timestamp,Rank,Player name,Guess rate,Usefulness,erigs,0/8s,7/8s,avg/8,# 3/8s or below,OP guess rate,ED guess rate,IN guess rate,Lives taken,Lives saved,Total hit,Total songs,WIN,LOSE,TIE,Player ID
2026-01-19 13:49:48,5.359,atsui,21.311,2.679,1,30,0,5.231,4,26.667,18.033,22.581,3,1,26,122,0,6,0,1
2026-01-29 13:10:54,4.717,atsui,22.137,3.857,2,24,2,5.034,8,32,20,19.512,3,1,29,131,3,3,0,1
2026-01-29 16:37:47,4.76,atsui,17.797,3.325,2,38,0,4.429,7,20.833,15.517,19.444,3,2,21,118,2,3,0,1
2026-01-31 23:17:02,4.657,atsui,17.986,3.056,1,23,2,4.76,6,16.667,13.636,25.581,2,2,25,139,2,4,0,1
2026-02-02 00:40:03,4.457,atsui,16.788,2.768,1,32,0,5.304,6,21.212,13.433,18.919,3,3,23,137,3,3,0,1
2026-02-05 15:04:09,4.47,atsui,25.333,2.362,0,23,2,6.079,2,17.647,14.493,46.809,3,0,38,150,2,4,0,1
2026-02-06 18:13:10,4.251,atsui,19.835,2.629,0,12,0,5.333,3,14.286,19.608,25.714,2,1,24,121,6,0,0,1
2026-02-11 13:43:55,5.468,atsui,17.143,2.161,0,15,2,5.75,3,16.129,18.841,15,1,2,24,140,2,4,0,1
2026-02-15 19:18:05,5.271,atsui,18.033,3.531,3,16,1,4.545,6,29.167,14.062,17.647,5,1,22,122,3,3,0,1
2026-02-23 11:23:01,5.276,atsui,18.31,2.82,1,27,2,5.0,5,19.048,12.5,27.778,2,2,26,142,3,3,0,1
2026-02-27 19:13:22,5.288,atsui,10.87,1.47,0,7,3,5.4,1,13.636,2.439,20.69,1,0,10,92,0,5,0,1
2026-03-04 14:45:10,4.78,atsui,25.0,4.379,0,33,2,4.838,11,25.641,24.615,25,4,7,37,148,3,3,0,1
2026-03-09 14:33:55,4.777,atsui,24.823,4.215,1,18,2,5.4,8,21.875,20.312,33.333,4,3,35,141,4,1,1,1
2026-03-10 10:21:36,5.065,atsui,18.954,2.943,0,29,0,4.897,5,18.182,13.158,29.545,1,2,29,153,1,4,1,1
2026-03-16 13:43:54,4.784,atsui,20.87,5.045,5,34,0,3.958,10,14.815,18.421,26,9,0,24,115,4,2,0,1
2026-03-16 16:08:49,4.977,atsui,29.412,4.839,3,36,1,4.533,14,8.824,25.373,48.077,8,2,45,153,4,2,0,1
2026-03-18 14:41:23,5.174,atsui,16.8,4.406,3,22,1,4.667,8,14.286,11.321,25,4,3,21,125,4,2,0,1
2026-03-19 14:23:48,5.368,atsui,24.427,5.151,2,31,0,4.031,15,34.783,14.516,32.609,4,10,32,131,1,5,0,1
2026-03-19 19:00:40,4.97,atsui,22.222,4.075,2,26,1,5.062,9,12.903,22.727,27.66,5,3,32,144,5,1,0,1
2026-03-24 10:46:54,5.372,atsui,22.143,3.542,0,33,0,4.903,9,21.212,14.286,34.091,1,4,31,140,1,5,0,1
2026-03-24 13:55:04,4.989,atsui,16.129,1.697,0,36,0,5.2,5,15.152,17.241,15.152,2,4,20,124,1,5,0,1
2026-03-25 10:07:16,4.61,atsui,25.532,3.506,1,15,1,5.556,9,20.455,12.5,42.857,3,2,36,141,3,3,0,1
2026-03-25 13:45:37,4.604,atsui,18.421,2.418,1,18,3,5.857,4,31.579,10.448,19.149,2,0,28,152,2,4,0,1
2026-03-26 10:19:38,4.405,atsui,15.909,1.973,2,51,2,4.929,8,26.087,9.877,16.327,3,2,28,176,3,3,0,1
2026-03-26 13:51:53,4.381,atsui,21.379,3.43,1,14,3,5.516,5,24.242,14.493,30.233,4,1,31,145,4,2,0,1
2026-03-29 10:08:23,4.564,atsui,16.923,2.054,1,15,4,6.273,2,29.032,17.544,7.143,2,0,22,130,3,3,0,1
2026-03-30 09:40:19,4.557,atsui,25.0,4.463,2,15,1,5.406,4,33.333,22,22.222,6,0,32,128,2,4,0,1
2026-03-30 13:56:39,4.406,atsui,15.663,1.686,0,44,1,5.731,6,14.894,17.073,13.514,2,0,26,166,1,4,1,1
2026-05-10 12:17:28,4.123,atsui,25.688,4.406,0,12,0,4.929,9,27.778,24.528,26.316,1,5,28,109,3,3,0,1
2026-05-11 10:54:27,4.107,atsui,27.815,3.772,3,34,1,5.31,13,20.588,25.352,36.957,7,2,42,151,3,1,2,1
2026-05-11 14:04:11,4.307,atsui,18.116,1.958,0,15,3,5.76,2,20,20,13.953,2,1,25,138,3,3,0,1
2026-05-12 14:05:09,4.291,atsui,21.168,4.304,2,31,0,4.0,11,18.519,19.403,25.581,4,6,29,137,4,2,0,1
2026-05-18 11:01:47,4.475,atsui,21.538,3.377,1,23,1,4.786,8,13.793,20.968,28.205,3,4,28,130,4,1,1,1
2026-05-18 15:08:53,4.747,atsui,16.058,2.33,1,32,1,5.364,3,29.032,6.557,20,3,0,22,137,1,4,1,1
2026-05-19 14:12:22,4.465,atsui,26.19,4.901,0,23,0,4.697,13,23.077,20,37.5,6,3,33,126,3,3,0,1
2026-05-20 08:34:07,4.463,atsui,19.708,2.791,0,18,0,5.296,7,21.875,20.253,15.385,1,4,27,137,2,4,0,1
2026-05-20 14:25:13,4.298,atsui,19.697,2.606,1,30,2,5.077,6,19.355,14.815,25.532,2,1,26,132,3,2,0,1
2026-05-22 14:23:24,4.399,atsui,19.048,3.105,0,12,5,5.0,8,21.429,15,22.222,2,3,28,147,2,3,1,1
2026-05-25 12:49:49,4.324,atsui,18.841,3.178,1,21,0,4.808,6,29.268,13.846,15.625,3,1,26,138,4,2,0,1
2026-05-27 11:00:45,4.506,atsui,16.901,2.999,0,19,0,5.042,5,15.152,15.789,21.212,2,1,24,142,4,2,0,1
2026-06-09 13:58:23,4.703,atsui,20.312,3.144,2,22,1,5.308,7,16.667,13.333,31.818,4,0,26,128,4,2,0,1
2026-06-10 09:01:42,4.891,atsui,19.595,2.416,0,19,2,5.448,4,16.216,15.789,25.926,1,1,29,148,2,3,1,1
2026-06-18 22:34:18,4.816,atsui,24.46,4.928,3,31,1,4.235,13,19.231,18.462,35.417,4,3,34,139,3,3,0,1
2026-06-20 18:11:36,4.814,atsui,22.5,3.831,2,32,4,5.361,7,19.355,25.352,20.69,4,3,36,160,2,3,1,1
2026-06-22 22:49:49,4.719,atsui,26.496,3.742,1,19,0,5.484,6,33.333,15.686,36.667,2,4,31,117,2,3,0,1
2026-06-23 23:11:54,4.627,atsui,22.4,3.243,1,26,1,5.036,6,23.404,7.843,48.148,5,1,28,125,4,2,0,1
2026-06-30 14:01:09,4.888,atsui,22.603,4.123,2,28,0,4.606,10,9.677,21.875,31.373,7,3,33,146,4,2,0,1
2026-07-01 14:17:09,4.798,atsui,23.333,5.958,2,13,0,3.714,7,26.667,20.833,23.81,6,0,14,60,1,5,0,1
2026-07-01 14:36:06,4.798,atsui,22.628,4.799,3,26,0,4.194,13,23.684,17.241,29.268,8,2,31,137,1,5,0,1
2026-07-05 04:52:45,23.0,theyingster,71.774,26.002,14,9,0,3.506,51,75,77.778,60.976,16,30,89,124,2,1,1,2
2026-01-01 22:39:32,23.07,watashiii,70.33,21.039,13,14,0,3.531,40,100,59.091,64,16,21,64,91,3,2,0,4
2026-01-02 08:00:50,23.164,watashiii,78.302,30.129,12,5,0,2.988,60,85.714,81.481,67.742,17,40,83,106,1,3,1,4
2026-01-04 11:41:01,22.964,watashiii,72.358,26.474,18,13,0,3.067,62,87.097,68.966,64.706,27,29,89,123,3,3,0,4
2026-01-06 05:29:39,22.975,watashiii,70.199,26.002,13,16,0,3.179,69,84.211,66.102,64.815,17,44,106,151,2,4,0,4
2026-01-12 05:30:57,22.771,watashiii,83.036,28.402,11,6,0,3.344,56,100,82.143,71.875,16,45,93,112,1,3,1,4
2026-01-14 05:49:52,22.571,watashiii,73.043,31.438,26,13,0,3.476,48,84,79.245,56.757,31,15,84,115,5,1,0,4
2026-01-16 08:28:15,22.97,watashiii,71.519,29.354,19,20,0,3.283,68,86.111,71.642,61.818,28,40,113,158,5,1,0,4
2026-01-16 18:32:49,23.359,watashiii,75.221,29.337,27,12,0,2.718,60,85.714,74.51,70.732,33,26,85,113,2,3,0,4
2026-01-17 05:38:38,23.261,watashiii,72.897,31.073,20,7,0,3.09,52,82.609,77.778,56.667,22,26,78,107,1,4,0,4
2026-01-18 10:29:54,22.97,watashiii,68.571,26.994,19,15,0,2.819,51,82.609,73.913,52.778,23,26,72,105,2,3,0,4
2026-01-19 07:43:44,22.879,watashiii,71.338,24.8,29,19,0,3.196,73,85.185,77.528,48.78,31,36,112,157,2,4,0,4
2026-01-20 19:15:46,22.668,watashiii,74.436,25.132,22,11,0,3.293,60,83.333,72.727,67.742,27,29,99,133,4,2,0,4
2026-01-24 06:26:17,22.876,watashiii,72.549,27.72,32,25,0,2.883,76,88.889,75,58.696,37,29,111,153,2,3,1,4
2026-01-25 07:18:08,22.771,watashiii,72.566,31.15,13,9,0,3.366,52,73.913,79.63,61.111,22,27,82,113,4,2,0,4
2026-01-26 00:05:52,22.97,watashiii,66.667,23.325,23,25,0,3.182,57,75.758,57.895,71.429,27,25,88,132,3,3,0,4
2026-01-26 19:25:39,22.977,watashiii,65.049,24.915,14,15,0,3.239,43,78.571,64.286,54.545,15,25,67,103,1,3,1,4
2026-01-27 02:46:22,22.792,watashiii,72.881,26.087,26,25,0,3.035,56,87.5,69.643,68.421,29,23,86,118,4,2,0,4
2026-01-27 19:12:40,22.986,watashiii,66.116,24.864,23,16,0,3.163,49,75,71.429,50,29,17,80,121,4,2,0,4
2026-01-29 06:07:11,23.177,watashiii,78.261,25.69,9,10,0,4.019,50,90.476,80.702,61.538,14,34,108,138,2,3,0,4
2026-01-30 19:32:32,23.092,watashiii,71.667,25.329,24,14,0,3.012,61,71.875,75.926,64.706,29,25,86,120,2,4,0,4
2026-01-31 08:22:55,22.902,watashiii,71.296,23.893,11,6,0,3.896,35,68.966,78.431,60.714,12,17,77,108,3,2,0,4
2026-01-31 23:17:02,23.002,watashiii,72.8,24.931,18,16,0,3.231,58,93.103,68.657,62.069,26,32,91,125,4,2,0,4
2026-02-02 20:29:58,23.171,watashiii,66.667,24.797,10,20,0,3.817,51,83.333,69.697,47.917,17,26,104,156,3,3,0,4
2026-02-06 18:13:10,23.176,watashiii,70.642,26.1,11,7,0,3.117,58,71.429,74,65.789,17,35,77,109,1,5,0,4
2026-02-09 18:53:08,22.808,watashiii,70.536,24.882,20,19,0,3.139,50,82.759,75,54.286,22,25,79,112,1,4,0,4
2026-02-16 18:20:23,22.52,watashiii,75.182,23.524,21,16,0,2.854,75,88.462,75.758,66.667,30,42,103,137,2,4,0,4
2026-02-17 09:16:51,22.345,watashiii,65.152,24.317,21,21,0,3.302,51,79.31,63.793,57.778,25,21,86,132,5,1,0,4
2026-02-20 05:26:49,22.685,watashiii,73.485,28.856,21,9,0,3.289,56,85.714,67.742,71.429,27,27,97,132,3,3,0,4
2026-02-21 05:13:59,22.676,watashiii,74.436,24.323,10,14,1,3.727,49,77.778,76.923,68.293,15,26,99,133,2,3,1,4
2026-02-22 04:59:06,22.578,watashiii,66.346,26.375,21,13,1,2.623,53,75,70.455,53.125,26,27,69,104,2,4,0,4
2026-02-22 07:42:23,22.378,watashiii,69.718,28.557,24,14,0,3.253,58,72.414,74.627,60.87,28,30,99,142,1,5,0,4
2026-02-22 17:23:05,22.009,watashiii,67.692,27.344,20,13,0,2.966,64,66.667,77.143,50,24,34,88,130,1,5,0,4
2026-02-27 06:33:50,21.64,watashiii,70.085,28.197,20,13,0,3.268,50,74.194,70,66.667,30,15,82,117,5,1,0,4
2026-02-27 19:13:22,21.994,watashiii,72.826,30.064,15,7,1,3.03,44,81.818,78.049,58.621,17,25,67,92,0,5,0,4
2026-03-01 07:10:28,21.53,watashiii,73.856,24.224,18,16,0,3.752,60,90.909,67.742,65.957,23,33,113,153,2,4,0,4
2026-03-02 06:44:58,21.348,watashiii,79.817,29.063,21,13,0,3.437,53,92.857,85.455,53.846,24,20,87,109,5,1,0,4
2026-03-03 09:00:41,21.711,watashiii,73.387,22.716,16,13,0,3.78,48,88.889,68,65.789,21,20,91,124,4,2,0,4
2026-03-04 05:02:33,21.898,watashiii,75.0,25.795,24,14,0,3.371,66,95.238,70.732,72.973,31,30,105,140,3,2,1,4
2026-03-06 05:51:01,21.973,watashiii,78.571,29.205,21,8,0,3.582,59,90,75.862,75,24,25,110,140,4,2,0,4
2026-03-07 00:48:43,22.174,watashiii,70.635,24.199,17,14,0,3.472,47,80.556,75,55.263,21,23,89,126,3,3,0,4
2026-03-09 05:38:02,22.153,watashiii,72.667,27.412,19,13,0,4.0,46,83.784,72.464,63.636,28,17,109,150,5,1,0,4
2026-03-10 19:04:37,22.504,watashiii,72.321,27.34,14,13,0,3.358,49,81.481,80,54.286,22,23,81,112,2,4,0,4
2026-03-15 19:01:50,22.322,watashiii,71.429,22.052,10,9,0,3.867,52,78.431,68.966,65.789,18,32,105,147,4,2,0,4
2026-03-19 04:19:23,22.48,watashiii,74.436,28.971,18,9,0,3.646,51,82.857,74.576,66.667,23,24,99,133,4,2,0,4
2026-03-22 07:43:08,22.658,watashiii,69.364,24.139,9,17,1,3.992,52,79.07,69.136,61.224,15,23,120,173,3,2,1,4
2026-03-23 04:20:46,22.76,watashiii,70.629,21.752,8,16,0,3.762,50,78.947,69.565,63.889,16,24,101,143,6,0,0,4
2026-03-25 22:25:20,23.298,watashiii,73.288,26.932,18,14,0,3.664,56,83.333,80,58,23,24,107,146,5,1,0,4
2026-03-28 22:07:01,23.667,watashiii,65.657,22.611,7,11,0,3.538,35,75,68.085,53.571,9,27,65,99,1,4,0,4
2026-03-30 04:38:23,23.39,watashiii,71.154,25.019,17,20,0,3.847,58,78.788,73.494,60,20,34,111,156,4,2,0,4
2026-04-02 18:30:27,23.55,watashiii,69.231,23.734,10,11,0,3.469,44,85.294,71.739,51.351,15,28,81,117,3,2,0,4
2026-04-03 06:41:19,23.632,watashiii,63.78,23.45,12,12,0,3.827,40,77.143,56.14,62.857,17,15,81,127,3,3,0,4
2026-04-05 07:51:40,23.622,watashiii,68.263,24.244,12,12,0,3.974,53,82.222,69.737,52.174,15,29,114,167,1,4,1,4
2026-04-06 04:10:38,23.338,watashiii,73.984,26.565,26,15,0,3.286,57,90.909,77.273,58.696,31,25,91,123,4,2,0,4
2026-04-09 18:12:32,23.52,watashiii,77.67,27.229,14,8,0,3.375,49,90.909,69.444,77.778,19,26,80,103,1,4,0,4
2026-04-10 07:34:26,23.243,watashiii,76.812,24.159,10,16,0,3.575,55,83.019,82.353,58.824,17,32,106,138,2,3,0,4
2026-04-11 07:24:55,23.151,watashiii,72.414,27.544,13,6,0,3.702,44,80.952,77.966,58.333,17,22,84,116,4,2,0,4
2026-04-12 04:56:46,23.326,watashiii,67.376,24.893,15,13,0,3.221,63,75,73.529,51.22,21,33,95,141,2,4,0,4
2026-04-13 04:24:01,23.156,watashiii,73.548,29.461,20,20,0,3.5,64,74.194,76.404,65.714,27,26,114,155,4,1,1,4
2026-04-13 19:02:02,23.42,watashiii,73.643,26.182,14,8,0,3.642,50,76.471,73.214,71.795,22,18,95,129,5,1,0,4
2026-04-18 07:38:54,23.772,watashiii,78.882,30.617,17,10,0,3.961,59,88.095,78.947,69.767,23,32,127,161,4,1,1,4
2026-04-19 04:54:10,24.041,watashiii,69.186,21.643,7,11,1,4.328,46,68.293,73.973,63.793,12,29,119,172,2,4,0,4
2026-04-20 05:13:11,23.871,watashiii,75.694,24.555,10,9,0,3.761,53,93.75,76,59.459,19,29,109,144,3,3,0,4
2026-04-22 06:15:10,23.871,watashiii,78.74,29.428,12,7,0,3.55,59,82.857,81.034,70.588,19,40,100,127,1,4,0,4
2026-04-25 06:26:43,23.612,watashiii,67.722,25.283,17,17,0,3.729,55,75.676,63.889,67.347,19,32,107,158,3,3,0,4
2026-04-26 04:32:57,23.612,watashiii,66.923,22.95,11,11,0,3.943,37,74.194,72.308,50,14,21,87,130,3,3,0,4
2026-04-28 05:07:35,23.614,watashiii,71.094,27.286,24,13,1,2.736,67,80,70.312,64.706,27,37,91,128,3,3,0,4
2026-05-06 05:45:40,23.608,watashiii,73.759,27.507,13,6,0,3.567,57,84.375,73.016,67.391,16,31,104,141,2,4,0,4
2026-05-07 07:15:21,23.418,watashiii,67.883,23.836,14,18,0,3.269,56,79.412,71.667,53.488,16,34,93,137,3,3,0,4
2026-05-09 06:27:18,23.412,watashiii,74.016,24.523,21,9,0,3.426,46,71.875,77.049,70.588,25,18,94,127,3,3,0,4
2026-05-16 04:37:10,23.412,watashiii,73.864,29.608,15,8,0,2.738,48,89.474,70.833,66.667,18,30,65,88,1,4,0,4
2026-06-03 04:26:23,22.886,watashiii,76.51,23.287,19,16,0,3.789,60,92.683,76.364,64.151,24,28,114,149,3,2,0,4
2026-06-05 06:23:16,22.972,watashiii,59.868,19.154,9,18,0,4.0,38,72.34,60.274,40.625,11,24,91,152,1,5,0,4
2026-06-06 04:57:28,22.618,watashiii,74.468,26.41,10,11,0,3.895,48,82.5,74.194,66.667,22,18,105,141,5,0,1,4
2026-06-07 18:18:38,23.056,watashiii,65.734,21.751,13,13,0,3.67,53,82.051,67.742,47.619,16,30,94,143,3,3,0,4
2026-06-11 04:24:29,23.012,watashiii,73.109,26.842,11,9,0,3.368,55,87.5,71.93,65.789,15,35,87,119,2,3,0,4
2026-06-13 04:37:13,22.92,watashiii,68.462,22.015,7,7,0,4.202,39,77.419,63.636,68.182,11,24,89,130,2,3,0,4
2026-06-13 07:12:37,22.822,watashiii,65.152,18.209,5,11,0,4.384,30,75,65.517,52.941,8,19,86,132,0,5,0,4
2026-06-20 23:27:03,22.365,watashiii,77.419,27.324,10,7,0,3.802,45,82.759,72.727,80,16,22,96,124,4,2,0,4
2026-06-22 00:04:06,22.535,watashiii,75.49,31.747,17,8,0,3.39,46,86.364,83.019,51.852,22,19,77,102,2,2,1,4
2026-06-29 03:00:46,22.452,watashiii,69.0,23.648,13,10,1,3.435,38,73.077,72.917,57.692,16,18,69,100,4,2,0,4
2026-06-30 05:07:25,22.624,watashiii,67.333,24.841,10,10,0,4.04,49,87.879,62.121,60.784,12,31,101,150,2,4,0,4
2026-07-04 04:26:07,22.465,watashiii,78.947,24.426,22,10,0,3.448,58,87.179,76.923,73.81,24,35,105,133,1,5,0,4
2026-07-05 04:52:45,22.101,watashiii,68.824,28.197,27,12,0,3.128,73,71.429,73.75,60,29,39,117,170,1,4,1,4
2026-03-31 10:11:52,17.296,Shag,36.641,8.321,2,17,0,4.625,14,62.963,43.75,7.5,4,6,48,131,3,3,0,6
2026-06-13 04:37:13,23.0,Stunar,76.087,23.483,7,6,0,4.152,44,90.625,76.471,63.158,16,23,105,138,3,2,0,7
2026-06-13 18:45:41,23.129,Stunar,64.458,18.873,13,31,0,3.551,61,78.378,71.233,46.429,17,36,107,166,3,2,1,7
2026-06-17 16:20:35,23.238,Stunar,68.376,25.452,19,16,0,3.087,55,92,67.273,54.054,28,18,80,117,4,2,0,7
2026-06-18 07:29:56,23.238,Stunar,76.316,29.753,18,13,0,3.707,58,82.353,75,74.138,21,30,116,152,3,3,0,7
2026-06-18 22:34:18,23.48,Stunar,72.0,22.398,26,24,0,3.287,64,85,75.342,51.351,33,29,108,150,3,3,0,7
2026-06-19 19:28:06,23.464,Stunar,77.372,26.248,16,12,0,3.623,61,81.579,83.019,67.391,17,38,106,137,2,3,1,7
2026-06-19 21:13:50,23.317,Stunar,80.208,31.3,15,8,0,3.13,49,91.667,78.049,74.194,21,18,77,96,4,1,0,7
2026-06-20 23:27:03,23.653,Stunar,76.154,24.756,7,2,0,3.869,41,83.333,71.429,80,15,17,99,130,4,2,0,7
2026-06-25 00:18:18,23.897,Stunar,75.0,30.129,14,10,0,3.369,47,73.913,79.63,68.571,21,20,84,112,5,1,0,7
2026-06-27 17:17:15,24.338,Stunar,75.862,27.14,17,9,0,3.42,50,77.419,71.429,79.07,21,24,88,116,4,2,0,7
2026-06-28 00:57:32,24.547,Stunar,74.648,26.992,18,15,0,3.283,65,88.571,70.149,70,21,34,106,142,0,5,1,7
2026-06-29 03:00:46,24.118,Stunar,74.638,20.909,7,13,0,3.777,51,85.366,70,70.27,16,27,103,138,2,4,0,7
2026-06-29 18:09:56,23.871,Stunar,74.766,29.257,23,11,0,2.95,52,90,73.77,65.385,30,16,80,107,4,2,0,7
2026-06-30 05:07:25,24.057,Stunar,69.325,20.915,4,9,1,4.416,46,77.143,68.493,65.455,12,18,113,163,2,3,1,7
2026-07-03 21:32:13,23.978,Stunar,76.106,26.637,20,13,0,3.349,47,75,81.034,68.571,30,14,86,113,3,2,1,7
2026-07-04 04:26:07,24.056,Stunar,79.231,25.2,19,9,0,3.282,64,91.892,81.132,65,22,38,103,130,1,5,0,7
2026-02-17 21:05:31,14.0,Hejsan,39.37,9.697,4,22,0,4.1,21,64.516,36.667,22.222,7,12,50,127,2,3,0,8
2026-02-18 16:22:28,13.901,Hejsan,41.549,9.05,5,28,0,4.305,22,71.429,36.842,26,7,11,59,142,1,5,0,8
2026-02-19 20:56:12,13.441,Hejsan,43.077,10.395,5,27,0,3.857,30,67.742,31.25,42.857,9,18,56,130,2,4,0,8
2026-02-28 11:06:18,13.206,Hejsan,41.071,10.261,9,30,0,4.594,23,69.767,32.911,28.261,13,10,69,168,3,2,1,8
2026-03-01 17:42:33,13.312,Hejsan,46.939,9.145,5,27,0,4.348,25,71.053,39.683,36.957,5,14,69,147,4,1,0,8
2026-03-02 11:58:43,13.659,Hejsan,34.677,11.299,4,21,0,4.116,19,55.882,27.907,25.532,8,9,43,124,4,2,0,8
2026-03-15 19:01:50,13.894,Hejsan,40.8,7.873,2,12,1,4.902,14,61.905,26.415,36.667,5,5,51,125,2,4,0,8
2026-03-25 22:25:20,13.692,Hejsan,35.172,7.906,0,22,0,4.588,18,57.143,31.818,22.727,2,10,51,145,2,4,0,8
2026-04-01 14:00:26,13.472,Hejsan,37.008,11.564,5,22,2,4.489,20,60.606,30.189,26.829,8,9,47,127,2,4,0,8
2026-04-02 18:30:27,13.246,Hejsan,45.161,11.408,4,17,1,4.357,22,56,41.538,44.118,9,11,56,124,3,2,0,8
2026-04-05 17:46:11,13.338,Hejsan,48.765,11.736,4,25,0,4.392,27,62,38.71,48,8,15,79,162,3,2,0,8
2026-04-06 14:24:31,13.45,Hejsan,34.884,8.742,6,48,2,3.967,27,56.757,28.736,29.167,8,11,60,172,4,2,0,8
2026-04-06 18:07:46,13.68,Hejsan,41.447,9.613,4,22,0,4.444,22,64.286,28.358,39.535,9,6,63,152,3,3,0,8
2026-04-10 07:34:26,13.654,Hejsan,45.324,10.718,2,26,0,4.302,25,71.795,40.984,25.641,8,8,63,139,3,1,1,8
2026-04-12 10:13:20,13.862,Hejsan,42.742,11.424,3,17,0,4.283,21,70.968,27.119,44.118,5,12,53,124,3,2,0,8
2026-04-13 19:02:02,13.963,Hejsan,42.017,11.752,2,19,0,4.06,22,55.263,28.846,48.276,6,9,50,119,4,2,0,8
2026-04-14 18:31:24,14.177,Hejsan,40.179,10.093,3,18,0,4.2,17,72,27.273,37.5,5,9,45,112,1,5,0,8
2026-04-15 10:03:16,13.758,Hejsan,43.333,10.388,6,26,1,4.6,19,67.647,35.385,37.255,8,11,65,150,4,2,0,8
2026-04-16 00:39:38,13.971,Hejsan,43.697,10.537,3,27,0,4.038,24,62.5,28.333,55.556,9,13,52,119,2,3,0,8
2026-04-16 18:35:33,13.878,Hejsan,44.785,11.303,8,21,0,4.315,27,69.643,32.836,30,12,9,73,163,2,2,2,8
2026-04-17 17:36:21,13.888,Hejsan,43.434,11.539,3,14,0,3.837,20,86.364,22.222,43.75,9,10,43,99,2,2,1,8
2026-04-18 16:41:41,13.897,Hejsan,45.806,9.66,3,25,0,4.507,21,74.468,36.364,28.571,11,3,71,155,5,0,1,8
2026-04-18 21:12:03,14.353,Hejsan,48.913,16.19,14,19,1,3.111,28,80,37.5,37.037,20,7,45,92,2,3,0,8
2026-04-19 09:37:53,14.269,Hejsan,47.899,12.817,5,22,1,4.298,23,63.333,46.154,37.838,6,10,57,119,0,5,0,8
2026-04-19 14:28:30,13.762,Hejsan,42.581,9.792,5,33,0,4.394,23,74.286,30.556,37.5,7,13,66,155,4,2,0,8
2026-04-20 18:43:30,13.96,Hejsan,39.64,9.624,4,22,0,4.091,23,63.636,30.189,38.889,5,18,44,111,1,5,0,8
2026-04-20 22:24:29,13.567,Hejsan,41.667,10.487,5,28,0,3.745,30,76,32.203,35.417,8,20,55,132,1,4,0,8
2026-04-21 10:13:47,13.265,Hejsan,42.958,9.633,2,23,3,4.557,23,65.625,31.944,44.737,7,8,61,142,2,3,0,8
2026-04-21 18:25:22,13.17,Hejsan,49.333,11.121,5,32,0,3.919,36,81.579,35.484,42,16,8,74,150,4,2,0,8
2026-04-22 10:47:24,13.361,Hejsan,51.351,11.961,3,29,0,4.211,38,69.767,48.101,42.857,9,17,95,185,1,5,0,8
2026-04-23 15:00:23,12.979,Hejsan,40.411,10.314,8,26,1,4.458,18,70.833,26.582,48.837,8,8,59,146,3,3,0,8
2026-04-24 14:02:24,12.965,Hejsan,34.906,8.858,6,24,0,4.0,16,60,21.739,30,10,6,37,106,3,2,0,8
2026-04-25 14:37:20,13.051,Hejsan,42.568,11.769,10,32,0,3.587,35,76.667,33.333,35,13,12,63,148,3,3,0,8
2026-04-28 14:08:03,13.056,Hejsan,41.818,11.361,4,21,0,3.761,26,60,29.167,45.946,12,6,46,110,2,3,0,8
2026-05-01 11:41:50,12.963,Hejsan,37.313,9.412,8,28,0,3.9,22,73.333,24.59,30.233,12,9,50,134,4,1,1,8
2026-05-02 23:23:31,13.24,Hejsan,36.458,8.522,3,24,0,3.771,18,83.333,23.077,30.769,11,8,35,96,2,3,0,8
2026-05-05 14:09:04,13.139,Hejsan,41.86,9.236,6,41,1,4.569,23,68.75,32.051,30.435,8,14,72,172,2,2,1,8
2026-05-06 21:00:14,13.127,Hejsan,51.515,14.392,10,18,0,4.221,28,77.143,35.294,50,14,8,68,132,4,2,0,8
2026-05-08 18:02:51,13.333,Hejsan,51.908,9.998,3,18,0,4.5,25,70.27,42,47.727,8,5,68,131,2,3,0,8
2026-05-09 10:11:56,13.234,Hejsan,40.132,10.907,5,19,4,4.475,18,61.765,36.364,29.268,7,4,61,152,1,5,0,8
2026-05-14 21:21:37,12.863,Hejsan,39.86,10.586,3,16,0,4.351,11,68.75,33.333,28.571,7,6,57,143,3,2,0,8
2026-05-20 22:26:33,12.953,Hejsan,37.748,9.108,9,34,0,3.544,28,64.103,25.806,32,13,7,57,151,3,3,0,8
2026-05-22 21:04:09,12.942,Hejsan,41.88,11.426,9,21,1,3.898,24,59.259,45.833,26.19,10,10,49,117,2,3,0,8
2026-05-26 13:56:18,12.846,Hejsan,38.793,9.426,7,29,0,3.822,22,62.963,26.923,37.838,9,9,45,116,4,2,0,8
2026-01-06 05:29:39,21.207,shadowpandax,67.016,21.543,13,30,0,3.523,70,80,73.034,50,15,43,128,191,4,2,0,9
2026-01-16 08:28:15,21.427,shadowpandax,66.456,20.114,11,19,0,4.048,41,75.676,72.222,51.02,13,27,105,158,3,3,0,9
2026-01-24 06:26:17,21.427,shadowpandax,65.278,17.612,10,18,0,3.691,48,77.419,64.384,57.5,15,22,94,144,4,2,0,9
2026-01-29 06:07:11,21.657,shadowpandax,71.739,19.453,4,10,0,4.364,37,78.571,80.702,51.282,6,24,99,138,3,2,0,9
2026-01-31 08:22:55,21.758,shadowpandax,65.873,20.951,7,14,0,3.759,37,84.848,76.364,34.211,10,18,83,126,1,3,1,9
2026-02-20 05:26:49,21.534,shadowpandax,73.51,25.093,12,11,0,3.559,64,86.364,80,53.191,17,37,111,151,5,1,0,9
2026-03-02 06:44:58,21.998,shadowpandax,71.552,23.155,14,14,0,3.771,46,93.103,77.778,42.424,19,23,83,116,3,3,0,9
2026-03-06 05:51:01,22.006,shadowpandax,61.29,19.778,10,19,0,3.842,48,81.25,73.529,34.545,13,30,95,155,2,4,0,9
2026-03-09 05:38:02,21.786,shadowpandax,72.093,17.235,4,10,0,4.847,35,88.095,70.886,60.784,10,18,124,172,3,3,0,9
2026-03-16 19:05:41,21.796,shadowpandax,69.595,25.769,15,27,0,3.175,68,79.412,71.233,58.537,25,38,103,148,3,3,0,9
2026-03-22 07:43:08,21.774,shadowpandax,65.333,21.19,6,14,0,4.153,40,86.486,78.125,32.653,12,21,98,150,2,4,0,9
2026-03-23 04:20:46,21.564,shadowpandax,67.081,23.152,15,23,0,3.481,57,86.667,70.833,40.909,19,32,108,161,1,5,0,9
2026-03-28 22:07:01,21.143,shadowpandax,66.964,23.086,9,18,0,3.427,41,77.143,72.34,46.667,16,22,75,112,4,1,0,9
2026-03-30 04:38:23,21.464,shadowpandax,66.667,24.458,15,20,0,3.596,50,76.316,72.308,47.368,16,28,94,141,1,5,0,9
2026-04-05 07:51:40,21.048,shadowpandax,69.935,22.036,3,11,0,4.112,48,81.579,73.913,54.348,7,28,107,153,2,3,1,9
2026-04-09 00:14:04,20.959,shadowpandax,71.942,23.549,13,18,0,3.62,53,87.879,73.529,55.263,18,33,100,139,2,3,1,9
2026-04-10 07:34:26,20.851,shadowpandax,69.753,21.318,16,31,0,3.841,53,77.143,84.211,43.137,20,27,113,162,3,1,1,9
2026-04-11 07:24:55,21.068,shadowpandax,64.789,19.391,8,14,0,4.152,37,82.5,63.38,45.161,10,16,92,142,1,5,0,9
2026-04-14 05:05:01,20.675,shadowpandax,67.717,22.255,13,19,0,3.581,45,85.714,69.697,38.462,18,26,86,127,2,3,0,9
2026-04-14 07:36:39,20.569,shadowpandax,72.662,21.326,9,19,0,3.891,48,88.372,71.186,56.757,17,25,101,139,6,0,0,9
2026-04-19 04:54:10,21.166,shadowpandax,70.659,20.572,4,4,1,4.364,40,88.571,71.053,58.929,10,19,118,167,3,3,0,9
2026-04-21 00:49:52,21.177,shadowpandax,69.784,22.268,12,21,0,3.392,58,75,80,51.163,19,29,97,139,6,0,0,9
2026-04-22 06:15:10,21.762,shadowpandax,65.385,19.821,4,5,0,4.029,30,81.818,69.767,51.282,6,20,68,104,3,2,0,9
2026-04-23 05:08:06,21.861,shadowpandax,72.566,22.609,18,20,0,3.037,58,83.333,77.083,60.976,27,24,82,113,2,3,0,9
2026-04-25 06:26:43,21.707,shadowpandax,62.722,17.629,7,21,1,4.472,43,75.61,67.532,45.098,11,29,106,169,1,4,1,9
2026-04-26 04:32:57,21.409,shadowpandax,73.457,22.272,10,18,0,4.118,46,89.286,73.684,65.517,15,22,119,162,4,1,1,9
2026-05-23 06:57:28,21.71,shadowpandax,67.273,19.374,11,14,0,4.162,31,88.889,81.25,43.182,14,13,74,110,5,0,0,9
2026-05-25 07:30:37,22.201,shadowpandax,74.242,25.855,13,23,0,3.235,64,90.909,80.882,54.762,18,34,98,132,0,6,0,9
2026-05-26 18:30:52,21.628,shadowpandax,73.846,23.914,9,11,0,3.479,56,88,81.538,52.5,19,32,96,130,2,4,0,9
2026-05-27 04:53:54,21.435,shadowpandax,74.096,22.11,12,16,0,4.138,52,81.818,76.623,62.222,16,28,123,166,4,1,1,9
2026-05-30 04:57:21,21.725,shadowpandax,69.925,24.146,10,15,0,3.828,49,90.625,75.806,43.59,15,17,93,133,1,5,0,9
2026-05-30 09:01:45,21.347,shadowpandax,74.615,25.121,12,18,0,3.691,49,91.304,79.412,56.41,20,27,97,130,6,0,0,9
2026-06-04 23:57:00,21.913,shadowpandax,76.19,20.83,16,16,0,3.705,57,82.051,80,65.116,24,30,112,147,4,2,0,9
2026-06-05 06:23:16,22.121,shadowpandax,67.683,19.898,4,16,0,4.18,50,83.784,70.13,52,10,25,111,164,3,2,1,9
2026-06-07 08:09:22,22.201,shadowpandax,72.472,23.092,14,22,0,4.295,49,79.545,76.543,60.377,21,23,129,178,4,1,1,9
2026-06-11 04:24:29,22.505,shadowpandax,76.033,23.772,8,8,0,3.674,50,77.419,83.019,64.865,11,30,92,121,1,4,0,9
2026-06-13 04:37:13,22.226,shadowpandax,66.935,23.977,9,18,0,3.88,42,74.194,77.778,46.154,11,24,83,124,1,4,0,9
2026-06-13 07:12:37,21.949,shadowpandax,79.333,27.268,15,13,0,4.008,50,85.714,81.538,66.667,17,28,119,150,3,2,0,9
2026-06-19 19:28:06,22.04,shadowpandax,69.427,23.027,12,21,0,3.569,64,83.871,69.737,60,17,36,109,157,4,1,1,9
2026-06-19 21:13:50,22.318,shadowpandax,66.019,20.314,3,14,0,3.456,39,68.182,72.917,54.545,5,27,68,103,2,3,0,9
2026-06-20 23:27:03,22.217,shadowpandax,69.853,24.423,8,14,0,3.695,47,84.211,73.016,48.571,9,36,95,136,1,5,0,9
2026-06-28 00:57:32,21.848,shadowpandax,64.029,19.461,11,19,0,3.719,48,85,66.667,38.462,13,24,89,139,4,2,0,9
2026-06-30 05:07:25,22.035,shadowpandax,68.852,18.283,4,12,0,4.683,39,77.778,69.318,62.712,9,22,126,183,2,3,1,9
2026-01-02 13:57:28,14.11,KaoriMaeda,34.862,8.773,3,18,1,4.289,12,33.333,41.818,19.048,5,4,38,109,2,3,0,12
2026-01-04 14:34:40,14.012,KaoriMaeda,48.855,12.563,10,27,0,3.781,32,65.714,52.83,30.233,12,9,64,131,2,3,0,12
2026-01-09 14:00:22,13.91,KaoriMaeda,42.308,9.566,4,21,0,4.6,17,58.621,36.842,38.636,5,10,55,130,1,5,0,12
2026-01-19 13:49:48,13.516,KaoriMaeda,33.333,6.644,4,39,0,4.458,18,41.176,31.507,29.73,9,6,48,144,5,1,0,12
2026-01-29 16:37:47,13.928,KaoriMaeda,43.75,8.979,4,28,0,4.041,23,56.25,48.78,28.205,7,13,49,112,1,2,2,12
2026-02-10 18:27:03,13.857,KaoriMaeda,42.424,8.274,2,42,0,4.214,27,43.182,47.5,31.707,7,14,70,165,2,4,0,12
2026-02-11 13:43:55,13.649,KaoriMaeda,40.541,11.284,4,17,0,4.289,16,47.826,38.462,38.889,5,7,45,111,2,4,0,12
2026-02-22 07:42:23,13.446,KaoriMaeda,38.194,8.663,2,16,0,4.655,19,34.286,40,38.636,6,9,55,144,3,3,0,12
2026-02-28 18:08:03,13.461,KaoriMaeda,40.268,8.0,7,47,0,3.833,31,58.065,33.803,38.298,13,9,60,149,2,4,0,12
2026-03-01 07:10:28,13.263,KaoriMaeda,38.889,7.986,2,24,0,4.81,19,33.333,44.615,36.207,2,14,63,162,3,2,1,12
2026-03-02 11:58:43,13.362,KaoriMaeda,29.032,8.331,2,21,4,4.222,15,44.118,23.256,23.404,6,7,36,124,4,2,0,12
2026-03-07 13:52:35,13.564,KaoriMaeda,44.094,10.696,6,27,0,4.482,19,48.387,43.86,41.026,8,9,56,127,1,3,1,12
2026-03-08 10:05:52,13.366,KaoriMaeda,43.836,11.316,5,30,0,4.297,25,53.571,46.575,33.333,9,10,64,146,2,3,1,12
2026-03-09 14:33:55,13.284,KaoriMaeda,35.252,9.226,4,26,0,4.327,18,44.828,33.824,30.952,6,7,49,139,2,3,1,12
2026-03-16 13:43:54,13.195,KaoriMaeda,36.364,8.858,7,39,0,3.812,22,57.143,27.119,35.556,8,11,48,132,1,5,0,12
2026-03-19 14:23:48,12.805,KaoriMaeda,41.916,8.418,6,45,0,4.3,30,48.837,33.333,48.077,14,9,70,167,3,3,0,12
2026-03-21 14:05:45,12.798,KaoriMaeda,39.655,12.464,5,26,0,3.696,22,43.333,40.426,35.897,12,9,46,116,4,1,0,12
2026-03-25 13:45:37,13.094,KaoriMaeda,37.662,8.222,3,27,0,4.845,17,55.102,33.333,23.81,7,7,58,154,3,3,0,12
2026-03-26 13:51:53,13.1,KaoriMaeda,45.732,10.453,3,27,2,4.547,20,51.429,41.333,48.148,10,9,75,164,4,2,0,12
2026-03-28 15:30:09,13.284,KaoriMaeda,40.741,9.482,3,26,0,4.258,27,45.238,43.056,33.333,13,10,66,162,5,1,0,12
2026-03-29 10:08:23,13.651,KaoriMaeda,36.0,7.816,1,26,0,4.963,16,47.727,32.143,30,3,4,54,150,2,4,0,12
2026-03-30 13:56:39,13.476,KaoriMaeda,40.361,7.391,2,44,0,4.612,22,55.319,32.927,37.838,7,9,67,166,1,4,1,12
2026-04-01 14:00:26,13.194,KaoriMaeda,31.496,6.41,2,22,1,5.25,8,39.394,32.075,24.39,4,4,40,127,2,4,0,12
2026-04-02 13:54:01,13.002,KaoriMaeda,35.766,9.255,2,22,2,4.286,20,34.375,33.871,39.535,5,8,49,137,3,3,0,12
2026-04-03 13:50:59,12.997,KaoriMaeda,37.5,8.806,6,36,0,4.353,18,58.824,30.357,30.435,8,5,51,136,3,3,0,12
2026-04-04 10:52:22,13.001,KaoriMaeda,37.705,8.885,0,26,1,4.42,26,47.619,37.179,31.746,5,11,69,183,4,2,0,12
2026-04-05 17:46:11,13.188,KaoriMaeda,39.64,10.677,4,13,0,4.205,17,42.857,39.13,37.838,6,10,44,111,3,2,0,12
2026-04-06 14:24:31,13.279,KaoriMaeda,36.257,10.84,10,49,1,3.645,31,43.59,32.5,36.538,13,18,62,171,3,3,0,12
2026-04-11 13:56:22,13.28,KaoriMaeda,35.398,9.536,2,13,0,4.35,13,41.379,34.545,31.034,3,10,40,113,3,3,0,12
2026-04-12 10:13:20,13.26,KaoriMaeda,46.591,13.007,1,5,0,4.049,18,45.161,40.625,56,4,9,41,88,2,3,0,12
2026-04-13 14:04:29,13.167,KaoriMaeda,44.444,10.297,6,17,0,3.893,23,48.571,41.538,46.154,8,10,56,126,3,3,0,12
2026-04-14 18:31:24,13.16,KaoriMaeda,45.775,11.333,4,18,0,4.169,25,59.375,41.667,42.105,9,13,65,142,2,4,0,12
2026-04-17 14:03:23,12.975,KaoriMaeda,41.549,9.114,8,48,0,3.61,31,41.935,40.323,42.857,12,14,59,142,3,1,1,12
2026-04-19 04:54:10,13.151,KaoriMaeda,46.512,9.607,0,11,2,5.075,15,60.976,45.205,37.931,1,13,80,172,2,4,0,12
2026-04-20 13:47:22,12.977,KaoriMaeda,38.235,8.378,3,29,1,4.288,19,50,27.778,40.476,8,5,52,136,4,2,0,12
2026-04-21 13:51:52,13.154,KaoriMaeda,35.115,9.289,3,27,0,3.87,21,37.037,34.426,34.884,7,6,46,131,3,3,0,12
2026-04-22 15:13:20,13.152,KaoriMaeda,38.776,8.21,6,29,1,4.298,21,47.222,36.508,35.417,9,9,57,147,2,4,0,12
2026-04-23 15:00:23,12.967,KaoriMaeda,44.853,9.204,2,28,0,4.639,17,55.556,40,47.059,4,7,61,136,3,3,0,12
2026-04-24 14:02:24,12.979,KaoriMaeda,33.099,7.15,5,43,0,4.191,18,48.276,30,27.907,10,5,47,142,3,2,0,12
2026-04-25 09:12:57,13.08,KaoriMaeda,42.361,9.15,1,21,1,4.279,23,42.308,42.029,42.857,7,5,61,144,3,3,0,12
2026-04-27 18:57:55,13.075,KaoriMaeda,41.216,10.261,7,30,0,4.213,23,55.882,49.254,19.149,9,6,61,148,3,3,0,12
2026-04-28 14:08:03,13.089,KaoriMaeda,33.628,9.615,4,28,0,3.632,21,32,32.203,37.931,8,10,38,113,1,3,1,12
2026-04-29 13:52:18,12.894,KaoriMaeda,38.298,10.213,5,24,0,4.074,21,54.839,27.941,42.857,9,6,54,141,2,4,0,12
2026-05-01 14:47:12,12.711,KaoriMaeda,42.982,12.809,7,20,0,3.592,29,52.174,50.909,25,13,9,49,114,4,2,0,12
2026-05-04 18:44:00,12.88,KaoriMaeda,36.719,6.716,1,27,1,4.617,13,26.087,32.258,48.837,4,7,47,128,2,2,1,12
2026-05-05 14:09:04,12.88,KaoriMaeda,34.437,8.209,4,34,0,4.192,18,40,30.303,36.364,6,9,52,151,2,2,1,12
2026-05-06 18:46:33,12.87,KaoriMaeda,37.838,8.46,5,36,0,4.054,20,51.282,31.081,37.143,7,9,56,148,1,5,0,12
2026-05-09 10:11:56,12.517,KaoriMaeda,41.758,6.745,0,29,0,5.382,12,66.667,37.647,26.923,2,11,76,182,5,0,1,12
2026-05-12 14:05:09,12.977,KaoriMaeda,34.756,7.291,5,41,1,4.07,24,35.484,31.818,40,8,12,57,164,4,2,0,12
2026-05-13 16:03:02,13.165,KaoriMaeda,39.13,9.411,5,26,0,4.5,19,43.243,37.705,37.5,8,8,54,138,3,2,1,12
2026-05-14 14:18:15,13.245,KaoriMaeda,47.368,12.451,4,29,2,4.069,33,51.429,41.429,53.191,14,16,72,152,3,2,1,12
2026-05-17 15:14:41,13.33,KaoriMaeda,36.646,9.004,4,26,1,4.797,23,42.857,41.667,23.404,6,8,59,161,1,5,0,12
2026-05-19 14:12:22,12.983,KaoriMaeda,38.667,8.603,4,34,0,4.31,20,47.059,32.877,41.86,9,9,58,150,1,4,1,12
2026-05-25 14:28:52,12.713,KaoriMaeda,41.29,8.69,3,30,0,4.641,22,56.41,32.432,42.857,8,10,64,155,3,3,0,12
2026-05-26 13:56:18,12.715,KaoriMaeda,37.594,7.946,7,30,0,4.12,18,38.71,46.667,23.81,7,7,50,133,1,5,0,12
2026-06-05 14:41:15,12.357,KaoriMaeda,41.333,8.126,3,28,0,4.71,18,55.556,35.714,38.636,8,8,62,150,4,2,0,12
2026-06-16 23:18:25,12.537,KaoriMaeda,44.118,9.529,4,26,0,4.283,20,50,42.188,42.5,7,12,60,136,1,2,2,12
2026-06-17 23:35:10,12.453,KaoriMaeda,45.263,10.256,2,13,0,4.186,16,50,52.083,31.034,5,8,43,95,2,3,0,12
2026-07-02 13:52:04,12.36,KaoriMaeda,42.52,8.99,5,32,1,4.389,21,52.941,39.623,37.5,8,8,54,127,4,1,0,12
2026-07-03 13:56:00,12.626,KaoriMaeda,41.727,8.414,4,26,0,4.707,18,53.571,40.323,36.735,6,10,58,139,2,4,0,12
2026-01-02 08:00:50,19.938,ArronChu,74.138,20.433,6,11,0,4.0,43,64.706,79.245,75.862,9,25,86,116,3,1,1,14
2026-01-04 14:34:40,20.145,ArronChu,72.414,23.597,16,11,0,3.349,38,70.37,78.947,63.636,18,16,63,87,4,1,0,14
2026-01-12 05:30:57,20.473,ArronChu,72.414,24.128,10,13,0,3.321,50,75,88,52.381,16,29,84,116,2,3,0,14
2026-01-15 18:44:32,20.369,ArronChu,67.123,21.656,14,17,0,3.265,55,67.568,76.19,54.348,19,35,98,146,4,1,1,14
2026-01-18 07:26:58,20.682,ArronChu,64.167,25.417,11,13,0,3.221,48,65.217,71.429,50,19,26,77,120,3,3,0,14
2026-01-19 13:49:48,20.689,ArronChu,59.664,21.669,22,22,0,3.085,45,61.29,56.923,65.217,30,16,71,119,4,2,0,14
2026-01-22 14:29:28,20.884,ArronChu,64.286,20.846,23,21,0,3.056,44,54.054,76.596,57.143,25,22,72,112,1,5,0,14
2026-01-24 11:00:37,20.483,ArronChu,59.483,18.059,10,12,0,3.667,36,65.517,57.895,56.667,12,17,69,116,3,3,0,14
2026-01-27 05:46:13,20.474,ArronChu,63.699,22.144,22,21,0,3.215,61,70,73.77,37.143,27,28,93,146,2,3,1,14
2026-01-29 13:10:54,20.375,ArronChu,62.308,21.038,9,17,0,3.259,55,50,76.812,42.857,13,39,81,130,2,3,1,14
2026-01-29 16:37:47,20.256,ArronChu,62.857,20.792,19,19,0,3.061,43,72.727,62.791,57.5,19,24,66,105,0,4,1,14
2026-02-03 20:22:50,19.836,ArronChu,59.69,20.773,15,20,0,2.974,55,56.667,70.492,44.737,21,27,77,129,4,2,0,14
2026-02-05 15:04:09,20.023,ArronChu,65.409,20.269,13,19,0,3.99,47,71.429,70.968,56.452,24,23,104,159,3,3,0,14
2026-02-11 13:43:55,20.032,ArronChu,68.841,24.16,12,8,0,3.737,48,63.333,71.212,69.048,17,19,95,138,4,2,0,14
2026-02-15 19:18:05,20.229,ArronChu,70.492,25.107,26,16,0,2.953,56,70.833,67.188,76.471,33,22,86,122,3,3,0,14
2026-02-22 07:42:23,20.234,ArronChu,59.028,21.772,17,16,0,3.659,45,48.571,66.154,56.818,23,20,85,144,3,3,0,14
2026-02-25 09:17:06,20.248,ArronChu,60.741,19.455,15,17,0,3.671,46,74.194,63.38,42.424,18,26,82,135,2,4,0,14
2026-02-27 19:13:22,20.051,ArronChu,67.708,26.921,13,6,1,3.092,41,59.259,82.609,47.826,17,21,65,96,3,2,0,14
2026-03-01 17:42:33,20.147,ArronChu,58.042,15.07,14,25,0,3.711,40,66.667,65,42.553,19,19,83,143,2,3,0,14
2026-03-02 11:58:43,20.054,ArronChu,62.992,23.297,11,18,0,3.65,46,70.968,70,44.444,22,11,80,127,3,3,0,14
2026-03-07 13:52:35,20.068,ArronChu,59.2,22.147,19,20,0,3.405,45,67.857,66.667,40.541,24,15,74,125,5,0,0,14
2026-03-11 10:35:17,20.554,ArronChu,71.545,26.216,19,12,0,3.307,52,67.857,76.364,67.5,24,28,88,123,4,2,0,14
2026-03-16 10:28:16,20.735,ArronChu,63.636,22.535,18,23,1,3.643,53,61.538,76.19,50,22,26,98,154,4,2,0,14
2026-03-18 14:41:23,20.945,ArronChu,63.75,23.273,22,24,0,3.5,61,65.854,72.464,50,24,30,102,160,4,2,0,14
2026-03-19 04:19:23,21.147,ArronChu,63.846,24.552,12,13,0,3.614,45,63.158,69.231,57.5,17,25,83,130,2,4,0,14
2026-03-21 14:05:45,20.964,ArronChu,60.0,23.068,18,19,0,3.28,44,51.852,69.841,48.571,21,18,75,125,2,3,0,14
2026-03-22 07:43:08,20.876,ArronChu,72.093,27.196,9,7,0,3.753,44,82.051,80,48.571,14,27,93,129,4,2,0,14
2026-03-23 19:15:16,21.043,ArronChu,59.048,21.69,11,11,0,2.935,46,61.29,62.745,47.826,13,27,62,105,2,3,0,14
2026-03-25 10:07:16,20.955,ArronChu,65.672,25.212,22,15,1,3.295,56,62.857,71.875,57.143,29,26,88,134,1,5,0,14
2026-03-30 09:40:19,20.567,ArronChu,67.188,22.608,9,15,0,3.93,42,78.788,76,48.889,13,29,86,128,2,4,0,14
2026-04-05 17:46:11,20.417,ArronChu,67.521,24.092,12,9,0,3.544,45,62.069,71.93,64.516,14,26,79,117,1,4,0,14
2026-04-06 18:07:46,20.134,ArronChu,64.474,20.504,14,22,0,3.745,50,69.048,70.149,51.163,20,25,98,152,3,3,0,14
2026-04-10 21:38:08,20.111,ArronChu,56.835,22.34,13,21,0,3.506,40,56.667,67.692,40.909,20,15,79,139,4,2,0,14
2026-04-11 13:56:22,20.301,ArronChu,62.745,25.323,18,17,0,3.531,53,63.636,79.31,43.137,24,26,96,153,3,3,0,14
2026-04-13 14:04:29,20.296,ArronChu,76.415,23.963,16,8,0,3.185,48,80,75.472,75,25,25,81,106,2,4,0,14
2026-04-19 04:54:10,20.111,ArronChu,69.832,21.895,9,15,0,4.408,43,83.333,69.62,60.345,16,21,125,179,5,1,0,14
2026-04-20 05:13:11,20.472,ArronChu,64.706,19.44,8,12,0,3.859,44,61.538,74.648,51.163,19,14,99,153,4,1,1,14
2026-04-20 13:47:22,20.472,ArronChu,55.921,20.454,22,30,1,3.176,53,66.667,62.712,39.216,29,18,85,152,5,1,0,14
2026-04-22 06:15:10,20.844,ArronChu,61.667,21.434,11,15,0,3.892,37,68.571,65.217,51.282,14,17,74,120,1,4,0,14
2026-04-22 10:47:24,20.806,ArronChu,61.146,18.563,10,23,0,3.667,48,70.27,67.143,46,13,28,96,157,2,4,0,14
2026-04-25 09:12:57,20.622,ArronChu,65.278,21.888,12,21,0,3.447,55,65.385,71.014,57.143,20,23,94,144,3,3,0,14
2026-04-27 18:57:55,20.617,ArronChu,61.491,20.31,19,26,0,3.566,54,60.976,63.014,59.574,22,25,99,161,5,1,0,14
2026-04-28 14:08:03,20.97,ArronChu,54.545,21.045,15,16,0,3.062,30,40,74.286,42.424,21,8,48,88,5,0,0,14
2026-04-29 09:20:39,21.438,ArronChu,66.667,21.838,21,18,0,2.743,53,64,72.549,58.621,25,20,70,105,2,4,0,14
2026-05-01 14:47:12,21.242,ArronChu,65.138,20.855,14,13,0,3.38,42,78.261,64.815,56.25,17,24,71,109,3,3,0,14
2026-05-03 13:50:06,21.244,ArronChu,55.556,22.881,26,24,0,2.814,49,63.636,58.73,40,30,13,70,126,4,1,0,14
2026-05-06 05:45:40,21.486,ArronChu,66.038,23.644,7,7,1,3.714,38,63.333,78.431,44,12,20,70,106,3,3,0,14
2026-05-08 18:02:51,21.502,ArronChu,70.4,21.206,13,15,0,3.659,47,81.481,69.492,64.103,19,26,88,125,1,4,0,14
2026-05-10 12:17:28,21.502,ArronChu,59.633,21.357,20,12,0,3.415,38,61.111,60.377,57.895,21,9,65,109,3,3,0,14
2026-05-11 08:22:11,21.486,ArronChu,64.078,18.976,19,18,0,2.894,48,63.636,79.245,35.714,24,23,66,103,3,3,0,14
2026-05-11 18:11:15,21.248,ArronChu,68.868,24.694,15,6,0,3.479,40,72.727,75.41,47.826,19,19,73,106,4,2,0,14
2026-05-13 13:44:45,21.434,ArronChu,55.738,19.062,9,13,1,3.809,37,67.742,60,38.889,12,23,68,122,1,5,0,14
2026-05-13 16:03:02,21.076,ArronChu,66.667,23.023,15,20,0,3.5,52,69.444,67.797,63.043,25,22,94,141,5,1,0,14
2026-05-16 10:16:26,21.442,ArronChu,65.385,26.028,13,12,0,3.271,51,71.429,60.938,67.742,23,19,85,130,5,1,0,14
2026-05-17 09:37:26,22.133,ArronChu,65.934,22.264,8,10,0,3.583,32,68.75,72.917,51.852,15,13,60,91,3,3,0,14
2026-05-17 21:31:48,22.127,ArronChu,71.318,23.225,14,16,0,3.196,60,71.429,77.778,60.526,22,30,92,129,4,2,0,14
2026-05-20 18:28:10,22.293,ArronChu,70.149,22.462,13,21,0,3.426,55,73.077,73.134,63.415,21,29,94,134,2,4,0,14
2026-05-24 19:25:18,22.114,ArronChu,67.883,23.873,14,16,0,3.484,56,74.074,70.968,60.417,22,29,93,137,3,3,0,14
2026-05-25 12:49:49,22.092,ArronChu,64.925,23.209,18,15,0,3.195,53,62.5,72.222,50,24,25,87,134,4,2,0,14
2026-05-25 14:28:52,22.259,ArronChu,68.182,26.206,19,9,0,3.12,50,78.947,72.222,56.757,22,26,75,110,0,6,0,14
2026-05-26 18:30:52,21.72,ArronChu,68.354,22.208,17,18,0,3.648,56,70,73.134,60.784,21,31,108,158,5,0,1,14
2026-05-27 04:53:54,22.165,ArronChu,59.701,18.349,7,14,1,4.025,40,55,73.134,42.553,8,25,80,134,2,4,0,14
2026-05-28 18:22:53,21.994,ArronChu,62.416,17.25,12,22,0,3.462,54,64.706,70.588,48.936,14,33,93,149,2,4,0,14
2026-05-30 21:04:03,21.828,ArronChu,70.435,23.567,9,9,0,3.358,49,68.182,77.049,59.375,17,25,81,115,3,3,0,14
2026-05-31 11:11:49,21.831,ArronChu,63.566,22.182,24,19,0,3.073,56,64.706,63.333,62.857,31,24,82,129,3,3,0,14
2026-06-01 05:57:19,21.828,ArronChu,61.146,18.012,21,26,0,3.406,58,65.217,71.875,42.553,24,31,96,157,4,2,0,14
2026-06-01 13:46:50,22.006,ArronChu,57.759,18.661,14,17,0,3.328,42,56,66.071,45.714,16,20,67,116,2,4,0,14
2026-06-02 14:21:12,21.824,ArronChu,73.134,28.039,11,11,0,3.663,56,92,79.661,56,20,25,98,134,4,2,0,14
2026-06-06 14:12:19,22.013,ArronChu,65.217,22.746,18,19,0,3.444,51,65.714,64.912,65.217,25,24,90,138,2,4,0,14
2026-06-21 22:16:46,21.829,ArronChu,59.677,20.069,8,18,0,3.703,43,68.182,66.197,38.71,13,25,74,124,2,3,0,14
2026-06-23 23:11:54,21.735,ArronChu,67.46,23.389,25,17,0,3.094,53,74.359,68.966,55.172,29,22,85,126,2,4,0,14
2026-06-24 20:18:32,21.568,ArronChu,65.766,18.919,13,15,0,3.74,41,70.833,80.488,50,19,15,73,111,5,1,0,14
2026-06-25 14:15:46,21.914,ArronChu,65.734,25.073,20,19,1,3.489,52,70.588,69.355,57.447,22,30,94,143,4,2,0,14
2026-06-28 15:10:06,22.095,ArronChu,66.176,20.99,18,20,0,3.489,48,71.053,68.519,59.091,21,22,90,136,4,2,0,14
2026-06-30 14:01:09,22.263,ArronChu,63.793,26.218,23,16,0,2.568,55,67.742,70.588,50,31,20,74,116,4,2,0,14
2026-07-02 13:52:04,22.441,ArronChu,61.261,20.765,17,14,0,3.338,40,73.077,70.37,35.484,20,19,68,111,1,4,0,14
2026-07-02 18:34:06,22.441,ArronChu,66.667,21.235,9,13,0,3.943,40,75,67.857,60.417,15,20,88,132,3,3,0,14
2026-07-03 13:56:00,22.183,ArronChu,68.595,25.053,19,18,1,3.229,53,63.636,76.364,61.364,25,30,83,121,1,4,1,14
2026-07-04 14:18:33,21.908,ArronChu,62.903,20.499,13,13,0,3.923,39,70.37,68.333,48.649,17,14,78,124,4,2,0,14
2026-07-05 09:14:33,22.079,ArronChu,66.917,18.554,8,13,0,3.831,47,67.647,81.356,45,10,29,89,133,3,3,0,14
2026-04-02 18:30:27,12.0,yahallonyanpasu,28.829,8.434,6,17,0,4.031,13,45.833,32.653,13.158,7,1,32,111,1,4,0,16
2026-04-03 06:41:19,11.698,yahallonyanpasu,29.231,10.081,3,20,1,3.842,22,43.75,24.615,24.242,8,6,38,130,4,2,0,16
2026-04-06 04:10:38,11.943,yahallonyanpasu,26.087,8.148,7,25,0,3.528,22,46.667,29.412,12.281,9,7,36,138,1,5,0,16
2026-04-06 18:07:46,11.465,yahallonyanpasu,32.857,12.356,10,18,2,3.522,27,36.842,32.258,30,14,10,46,140,3,3,0,16
2026-04-09 00:14:04,11.491,yahallonyanpasu,38.525,13.063,5,10,1,3.638,29,52.778,32.692,32.353,8,12,47,122,3,3,0,16
2026-04-09 07:20:05,11.509,yahallonyanpasu,34.677,12.04,15,24,1,3.14,29,50,37.5,26,19,8,43,124,5,1,0,16
2026-04-10 07:34:26,11.966,yahallonyanpasu,34.615,10.089,3,12,0,3.844,22,51.613,32.353,22.581,7,11,45,130,5,0,0,16
2026-04-11 07:24:55,12.525,yahallonyanpasu,35.036,11.243,3,13,6,3.938,22,30.303,47.059,16.667,7,11,48,137,3,3,0,16
2026-04-12 04:56:46,12.515,yahallonyanpasu,33.333,10.019,4,13,2,3.66,26,37.5,35.294,26.829,8,7,47,141,2,4,0,16
2026-04-13 04:24:01,12.305,yahallonyanpasu,35.338,12.381,5,12,2,3.936,24,43.75,31.667,34.146,9,11,47,133,2,4,0,16
2026-04-13 19:02:02,12.092,yahallonyanpasu,33.557,11.115,4,19,1,3.68,26,40,36.207,26.786,8,13,50,149,1,5,0,16
2026-04-14 05:05:01,11.669,yahallonyanpasu,36.22,9.955,6,22,1,4.087,20,52.941,28.07,33.333,10,4,46,127,2,2,1,16
2026-04-14 07:36:39,11.673,yahallonyanpasu,32.624,8.68,5,24,2,4.196,19,45.161,30.435,26.829,7,6,46,141,1,5,0,16
2026-04-14 18:31:24,11.669,yahallonyanpasu,36.154,10.516,7,15,1,4.085,24,51.515,38.095,17.647,11,5,47,130,4,2,0,16
2026-04-16 00:39:38,11.479,yahallonyanpasu,40.426,10.364,6,20,1,4.0,30,55.814,30.303,40.625,14,10,57,141,3,2,0,16
2026-04-16 06:43:37,11.577,yahallonyanpasu,39.216,10.718,16,33,1,2.85,40,59.459,36.232,27.66,23,16,60,153,4,2,0,16
2026-04-17 07:29:19,11.792,yahallonyanpasu,36.429,11.18,12,23,2,3.451,28,56.25,28.358,34.146,15,9,51,140,3,3,0,16
2026-04-17 17:36:21,11.783,yahallonyanpasu,32.673,11.875,5,15,2,2.818,25,42.105,39.583,17.647,6,14,33,101,1,3,1,16
2026-04-18 07:38:54,11.569,yahallonyanpasu,37.179,14.637,5,12,5,3.897,32,55.172,36.667,24.324,11,17,58,156,4,2,0,16
2026-04-18 21:12:03,11.774,yahallonyanpasu,39.024,10.845,7,19,2,3.292,31,45.455,38.182,34.286,13,12,48,123,4,1,0,16
2026-04-19 04:54:10,12.088,yahallonyanpasu,40.719,12.223,3,4,5,4.382,23,60,40.789,28.571,8,8,68,167,3,3,0,16
2026-04-19 07:32:45,12.099,yahallonyanpasu,37.815,11.063,12,23,0,3.0,30,36,39.623,36.585,16,12,45,119,4,2,0,16
2026-04-20 05:13:11,12.295,yahallonyanpasu,39.216,12.385,3,12,2,3.683,33,43.59,46.479,23.256,10,8,60,153,4,1,1,16
2026-04-20 22:24:29,12.295,yahallonyanpasu,43.443,13.591,9,20,0,3.189,32,53.125,48.936,30.233,10,16,53,122,2,3,0,16
2026-04-21 00:49:52,12.185,yahallonyanpasu,31.405,10.368,7,15,3,3.368,22,57.692,30.357,15.385,9,5,38,121,2,4,0,16
2026-04-21 13:51:52,11.989,yahallonyanpasu,33.588,13.972,11,27,1,2.864,31,40.741,36.066,25.581,12,12,44,131,3,3,0,16
2026-04-22 06:15:10,11.992,yahallonyanpasu,41.237,12.39,4,8,2,4.175,18,64.516,36.842,21.429,8,6,40,97,4,1,0,16
2026-04-23 05:08:06,12.561,yahallonyanpasu,41.905,13.291,11,21,2,3.068,30,61.111,36.538,40,16,9,44,105,4,1,0,16
2026-04-24 04:52:40,12.877,yahallonyanpasu,39.706,11.7,9,18,1,3.37,32,45.714,43.077,27.778,14,10,54,136,3,3,0,16
2026-04-25 06:26:43,12.879,yahallonyanpasu,39.259,14.457,8,12,5,3.849,27,48.276,33.333,44.118,11,11,53,135,3,2,1,16
2026-04-26 04:32:57,12.987,yahallonyanpasu,40.0,12.574,5,13,7,4.196,25,65.714,39.655,21.277,14,6,56,140,4,1,1,16
2026-04-27 05:23:52,13.264,yahallonyanpasu,47.253,15.889,17,11,2,2.512,32,60.87,43.902,40.741,23,5,43,91,6,0,0,16
2026-04-28 05:07:35,13.831,yahallonyanpasu,43.137,13.812,7,23,1,3.197,44,61.765,46.269,26.923,10,33,66,153,3,3,0,16
2026-04-30 07:23:58,13.841,yahallonyanpasu,39.855,13.461,13,21,2,3.145,36,54.839,38.983,31.25,16,15,55,138,4,2,0,16
2026-05-01 21:20:47,14.061,yahallonyanpasu,41.135,13.381,10,23,2,3.121,40,57.5,37.288,30.952,13,21,58,141,3,3,0,16
2026-05-02 09:39:52,14.058,yahallonyanpasu,37.589,12.393,6,25,0,3.736,26,74.286,19.355,34.091,11,13,53,141,3,3,0,16
2026-05-04 06:27:59,14.05,yahallonyanpasu,38.255,13.604,21,32,3,2.702,42,41.463,44.262,27.66,24,15,57,149,5,1,0,16
2026-05-06 05:45:40,14.425,yahallonyanpasu,32.432,10.947,4,4,4,3.778,17,55.172,31.373,12.903,4,9,36,111,4,2,0,16
2026-05-06 21:00:14,14.618,yahallonyanpasu,44.286,15.021,8,20,4,3.484,36,47.368,45,40.476,15,12,62,140,4,1,1,16
2026-05-09 06:27:18,14.896,yahallonyanpasu,37.748,11.322,7,23,1,3.702,33,25.926,41.25,38.636,14,10,57,151,3,3,0,16
2026-05-12 18:15:50,14.896,yahallonyanpasu,47.541,15.543,14,21,4,3.362,34,47.059,53.846,38.889,18,16,58,122,3,1,1,16
2026-05-15 07:01:20,15.081,yahallonyanpasu,41.964,13.432,17,25,0,2.83,34,61.111,37.288,40,19,12,47,112,6,0,0,16
2026-05-16 10:16:26,15.643,yahallonyanpasu,43.846,13.777,4,12,1,3.772,26,45.714,43.75,41.935,13,4,57,130,5,1,0,16
2026-05-18 06:06:48,16.351,yahallonyanpasu,42.982,19.193,15,17,4,3.082,31,53.846,48.387,19.231,17,13,49,114,4,2,0,16
2026-05-20 08:34:07,16.531,yahallonyanpasu,42.336,14.829,12,18,3,3.31,38,65.625,36.709,30.769,16,17,58,137,2,4,0,16
2026-05-21 07:13:01,16.365,yahallonyanpasu,43.089,15.975,17,26,1,2.792,37,44,46.429,38.095,23,12,53,123,3,3,0,16
2026-05-22 21:04:09,16.362,yahallonyanpasu,44.0,14.635,8,18,0,3.227,30,66.667,43.902,25,13,10,44,100,4,1,0,16
2026-05-23 06:57:28,16.644,yahallonyanpasu,42.282,13.0,8,25,2,3.857,34,51.351,39.344,39.216,11,13,63,149,2,3,0,16
2026-05-25 07:30:37,16.545,yahallonyanpasu,39.394,12.714,7,21,0,3.462,31,57.143,41.935,23.81,9,12,52,132,5,1,0,16
2026-05-27 04:53:54,16.907,yahallonyanpasu,39.85,14.787,7,13,1,3.642,32,34.783,42.857,37.5,11,16,53,133,2,4,0,16
2026-05-29 07:43:45,16.716,yahallonyanpasu,44.118,13.569,18,30,1,3.017,42,58.333,43.478,29.032,23,15,60,136,3,3,0,16
2026-05-31 06:42:17,16.907,yahallonyanpasu,44.304,14.75,7,20,2,3.971,35,56.667,48.101,30.612,13,17,70,158,3,3,0,16
2026-06-05 08:39:16,16.718,yahallonyanpasu,42.177,12.544,14,29,0,3.677,35,51.163,40.845,33.333,19,13,62,147,4,2,0,16
2026-06-07 08:09:22,16.895,yahallonyanpasu,41.989,12.562,5,23,6,4.382,30,50,39.773,39.623,5,21,76,181,3,2,1,16
2026-06-07 04:19:09,15.0,GyroInmobile,47.826,8.924,5,22,0,4.848,19,53.125,54.098,35.556,7,4,66,138,4,1,0,18
2026-06-14 06:19:48,15.694,GyroInmobile,47.445,11.868,5,16,0,4.369,23,57.895,40.323,48.649,9,10,65,137,1,5,0,18
2026-06-29 03:00:46,15.235,GyroInmobile,33.051,5.449,0,18,0,4.897,12,48.485,31.373,20.588,0,5,39,118,3,3,0,18
2026-05-17 07:27:17,15.5,Jlin2,54.31,12.322,10,21,0,3.635,34,56.41,56.25,48.276,15,15,63,116,0,4,1,19
2026-05-23 06:57:28,15.021,Jlin2,55.652,14.018,2,9,0,4.234,26,70,52.083,48.649,10,10,64,115,3,2,0,19
2026-05-30 09:01:45,15.154,Jlin2,50.943,11.337,4,24,0,4.642,23,51.163,49.351,53.846,7,13,81,159,1,4,1,19
2026-06-05 06:23:16,14.803,Jlin2,53.659,14.694,4,16,0,4.42,34,67.568,50.649,48,14,8,88,164,3,2,1,19
2026-06-06 22:27:02,14.918,Jlin2,55.634,13.588,4,22,0,4.114,38,79.487,50.794,40,14,20,79,142,2,4,0,19
2026-06-07 04:19:09,14.701,Jlin2,68.421,21.255,11,10,0,3.662,34,68.421,65.854,71.429,12,14,65,95,2,3,0,19
2026-06-07 08:09:22,14.49,Jlin2,55.056,12.679,5,22,0,4.898,24,68.182,49.383,52.83,11,5,98,178,4,1,1,19
2026-06-11 04:24:29,14.848,Jlin2,57.025,15.966,3,12,0,3.884,38,53.846,63.158,50,11,15,69,121,4,1,0,19
2026-06-13 04:37:13,15.189,Jlin2,60.656,16.823,4,11,1,4.514,27,66.667,61.667,53.125,9,9,74,122,4,1,0,19
2026-06-20 23:27:03,15.52,Jlin2,65.385,21.678,9,2,0,3.882,34,70,71.429,46.667,18,6,85,130,4,2,0,19
2026-06-22 00:04:06,15.758,Jlin2,57.282,17.034,3,7,0,3.949,26,69.565,52.83,55.556,10,10,59,103,2,3,0,19
2026-06-28 15:10:06,15.641,Jlin2,57.851,19.013,13,18,0,3.357,41,67.857,56.364,52.632,21,19,70,121,4,2,0,19
2026-06-30 05:07:25,15.843,Jlin2,55.495,14.057,5,11,4,4.881,28,66,58.228,41.509,9,12,101,182,5,1,0,19
2026-07-05 04:52:45,16.232,Jlin2,63.462,19.109,12,21,0,3.96,47,75.758,60,60.345,17,21,99,156,4,2,0,19
2026-01-01 10:11:46,15.337,kar72,55.385,14.911,9,32,0,3.556,39,65.517,51.786,53.333,15,12,72,130,5,0,0,20
2026-01-02 08:00:50,15.861,kar72,48.649,14.861,4,6,0,3.833,22,35.714,53.659,47.368,5,13,36,74,2,2,0,20
2026-01-04 06:10:39,15.857,kar72,47.929,12.291,8,46,1,3.728,40,47.222,54.545,39.286,11,24,81,169,1,4,1,20
2026-01-06 05:29:39,15.599,kar72,44.937,10.868,2,27,1,4.225,29,60.606,44.595,35.294,6,15,71,158,3,3,0,20
2026-01-14 05:49:52,15.697,kar72,52.703,14.653,8,26,0,4.423,32,60.714,62.5,27.5,15,11,78,148,5,1,0,20
2026-01-16 08:28:15,16.069,kar72,48.315,11.108,2,22,0,4.453,25,55.556,51.724,34.783,5,12,86,178,2,4,0,20
2026-01-27 02:46:22,15.885,kar72,51.299,11.475,7,30,1,4.076,34,75,50,38,12,15,79,154,2,4,0,20
2026-01-31 08:22:55,15.667,kar72,47.586,11.206,2,17,0,4.594,23,42.105,55.714,37.838,3,18,69,145,4,0,1,20
2026-02-02 00:40:03,16.06,kar72,48.837,13.072,9,30,0,4.159,28,56.757,49.123,40,14,9,63,129,5,1,0,20
2026-02-09 18:53:08,16.341,kar72,53.947,14.389,7,5,0,4.0,19,59.091,47.619,54.545,8,7,41,76,1,4,0,20
2026-02-21 07:37:52,16.056,kar72,49.673,12.919,1,26,1,4.237,34,65.517,53.659,30.952,5,21,76,153,0,6,0,20
2026-02-25 09:17:06,15.495,kar72,50.847,12.292,8,33,0,4.178,35,54.348,55.294,39.13,10,16,90,177,2,3,1,20
2026-02-27 06:33:50,15.388,kar72,46.97,10.997,3,20,0,4.403,19,41.026,58.333,33.333,6,12,62,132,1,4,1,20
2026-02-27 19:13:22,15.135,kar72,46.094,11.931,4,25,0,4.186,25,53.571,49.206,35.135,10,10,59,128,1,3,1,20
2026-03-01 07:10:28,14.96,kar72,49.669,12.279,7,23,0,4.373,27,48.485,55.385,43.396,13,6,75,151,3,3,0,20
2026-03-01 17:42:33,14.951,kar72,52.679,13.431,10,20,0,3.898,28,53.333,54.386,48,11,12,59,112,3,2,0,20
2026-03-04 05:02:33,15.023,kar72,49.624,9.715,2,16,0,4.545,22,60.714,46.479,47.059,4,13,66,133,1,4,1,20
2026-03-06 05:51:01,14.747,kar72,43.421,11.309,5,28,1,4.348,23,60,47.945,29.63,8,9,66,152,3,3,0,20
2026-03-09 05:38:02,14.758,kar72,58.14,10.688,3,10,0,5.3,16,71.429,50.633,58.824,9,3,100,172,3,3,0,20
2026-03-10 19:04:37,14.767,kar72,53.793,13.226,5,19,0,4.218,28,63.158,59.677,37.778,9,6,78,145,5,0,1,20
2026-03-15 19:01:50,15.227,kar72,45.631,7.549,1,10,0,5.085,8,53.125,50,31.034,2,4,47,103,1,3,0,20
2026-03-19 04:19:23,15.043,kar72,42.958,9.644,1,16,0,4.672,18,51.613,45.312,34.043,3,7,61,142,2,4,0,20
2026-03-20 19:13:56,14.855,kar72,52.817,10.415,3,23,0,4.947,15,50,52.308,54.545,5,8,75,142,1,4,1,20
2026-03-22 07:43:08,14.601,kar72,48.555,10.467,0,17,0,4.833,20,67.442,41.975,42.857,5,8,84,173,3,2,1,20
2026-03-23 04:20:46,14.704,kar72,50.0,12.286,2,24,0,4.287,31,66.667,41.667,50,8,14,80,160,3,3,0,20
2026-03-23 19:15:16,14.692,kar72,49.587,11.497,3,24,0,3.967,28,53.333,48.214,48.571,7,12,60,121,4,1,0,20
2026-03-25 22:25:20,14.969,kar72,48.966,12.466,2,22,0,4.338,26,48.571,57.576,36.364,7,9,71,145,2,4,0,20
2026-03-27 05:20:46,14.788,kar72,46.094,10.968,16,37,0,3.119,37,56.25,54.717,27.907,21,13,59,128,2,4,0,20
2026-03-27 19:09:40,14.612,kar72,48.276,13.135,4,28,0,4.171,28,47.368,54.688,39.535,12,14,70,145,2,4,0,20
2026-03-28 22:07:01,14.418,kar72,44.615,9.904,4,27,0,4.534,17,46.154,50,35.897,7,8,58,130,1,4,0,20
2026-03-29 10:08:23,14.153,kar72,40.764,9.316,1,22,0,4.734,19,41.026,45.455,34.615,5,11,64,157,5,1,0,20
2026-03-30 09:40:19,14.512,kar72,55.09,11.921,1,17,0,4.793,26,65.909,61.538,33.333,4,11,92,167,5,1,0,20
2026-03-31 10:11:52,14.876,kar72,49.686,13.346,7,28,0,4.354,28,60,52.632,37.5,13,10,79,159,3,3,0,20
2026-04-03 06:41:19,14.863,kar72,51.656,11.364,2,22,1,4.974,21,58.974,56.25,39.583,8,10,78,151,0,6,0,20
2026-04-06 04:10:38,14.317,kar72,44.03,10.378,4,27,0,4.085,27,66.667,45.455,28.571,11,13,59,134,3,3,0,20
2026-04-09 07:20:05,14.307,kar72,53.846,12.651,11,22,0,3.883,37,51.852,54.412,54.167,14,17,77,143,4,2,0,20
2026-04-10 07:34:26,14.484,kar72,46.053,11.164,2,36,0,4.171,29,62.222,50,24.444,8,18,70,152,0,5,0,20
2026-04-11 07:24:55,14.033,kar72,51.88,12.207,2,11,0,4.623,23,70.588,43.056,51.852,5,14,69,133,4,2,0,20
2026-04-12 10:13:20,14.217,kar72,49.18,12.674,1,19,0,4.233,25,55.172,53.448,37.143,4,11,60,122,2,3,0,20
2026-04-13 04:24:01,14.12,kar72,38.346,9.411,3,12,0,4.667,15,34.375,40,39.024,7,8,51,133,2,4,0,20
2026-04-14 05:05:01,13.945,kar72,46.875,12.448,1,17,0,3.8,23,60,47.826,36.667,7,9,45,96,2,3,0,20
2026-04-14 07:36:39,13.854,kar72,48.227,10.581,3,31,0,4.471,22,52,43.243,54.762,7,8,68,141,3,3,0,20
2026-04-14 18:31:24,13.945,kar72,54.225,13.706,8,19,1,4.169,27,54.545,60.714,45.238,17,6,77,142,5,1,0,20
2026-04-16 00:39:38,14.227,kar72,44.737,10.93,4,16,0,4.0,23,44.118,42.857,48.387,5,12,51,114,1,4,0,20
2026-04-16 18:35:33,13.949,kar72,51.534,12.46,4,21,1,4.25,34,53.571,55.224,42.5,8,18,84,163,2,2,2,20
2026-04-17 07:29:19,13.959,kar72,48.101,11.597,6,37,0,3.816,36,51.282,54.167,36.17,9,18,76,158,4,2,0,20
2026-04-18 07:38:54,14.135,kar72,51.25,12.145,2,19,0,4.793,20,57.5,60.87,33.333,5,11,82,160,1,5,0,20
2026-04-18 21:12:03,13.796,kar72,52.632,14.065,11,28,0,3.529,42,45.161,58.333,50,17,15,70,133,1,3,1,20
2026-04-19 04:54:10,13.608,kar72,59.195,11.557,1,12,0,5.252,18,68.182,60.526,50,5,8,103,174,2,4,0,20
2026-04-19 09:37:53,13.421,kar72,51.24,11.993,2,15,1,4.484,20,50,49.02,55.263,7,9,62,121,4,1,0,20
2026-04-20 22:24:29,13.694,kar72,49.63,13.128,10,36,0,3.716,32,37.5,61.905,40,15,16,67,135,4,1,0,20
2026-04-21 10:13:47,13.974,kar72,47.059,8.607,0,17,0,4.911,16,54.286,54.902,27.273,3,7,56,119,3,2,0,20
2026-04-22 06:15:10,14.059,kar72,51.22,11.291,1,9,0,4.571,23,66.667,55.319,34.884,9,1,63,123,3,2,0,20
2026-04-22 10:47:24,14.162,kar72,49.714,12.275,6,36,0,4.092,36,54.762,60,30.189,11,21,87,175,4,1,1,20
2026-04-25 21:35:54,14.43,kar72,51.449,12.143,10,34,0,3.972,33,71.875,46.154,43.902,16,14,71,138,5,1,0,20
2026-04-26 04:32:57,14.773,kar72,52.083,11.805,3,18,0,4.76,19,60,52.632,44.681,5,18,75,144,0,6,0,20
2026-05-04 18:44:00,14.417,kar72,53.571,14.675,5,20,0,3.667,29,63.333,52.273,47.368,8,24,60,112,0,5,0,20
2026-05-05 18:37:55,13.977,kar72,56.115,15.674,11,27,0,3.333,45,56.25,58.333,51.429,13,22,78,139,4,2,0,20
2026-05-07 07:15:21,14.144,kar72,42.466,9.562,2,28,0,4.306,25,50,44.776,32.558,3,14,62,146,4,1,1,20
2026-05-08 18:02:51,14.408,kar72,49.63,8.856,2,25,0,4.642,20,58.333,50,39.394,9,8,67,135,2,2,1,20
2026-05-09 06:27:18,14.415,kar72,50.331,12.598,6,23,0,4.053,34,55.556,55,38.636,9,20,76,151,3,3,0,20
2026-05-12 18:15:50,14.414,kar72,49.63,10.577,4,29,0,4.149,27,47.368,54.098,44.444,6,9,67,135,3,1,1,20
2026-05-14 07:57:04,14.597,kar72,44.571,9.461,3,42,0,4.462,36,66.667,47.143,28.788,6,21,78,175,3,3,0,20
2026-05-14 21:21:37,14.597,kar72,46.897,9.716,1,17,0,4.853,14,57.576,54.839,30,6,3,68,145,3,2,0,20
2026-05-15 07:01:20,14.677,kar72,45.033,11.608,8,47,0,3.132,47,41.176,51.25,35.135,16,27,68,151,2,4,0,20
2026-05-16 04:37:10,14.499,kar72,50.0,11.748,7,27,0,4.463,22,62.963,42.857,50,9,6,54,108,3,2,0,20
2026-05-18 06:06:48,14.694,kar72,41.935,10.383,4,17,0,4.481,20,55.556,33.333,44.186,7,6,52,124,3,3,0,20
2026-05-31 06:42:17,14.677,kar72,51.656,13.082,2,22,0,4.423,28,58.333,54.93,40.909,12,8,78,151,3,3,0,20
2026-06-04 07:25:31,14.663,kar72,44.586,10.165,12,45,0,3.5,41,55.556,49.275,30.769,18,12,70,157,2,3,1,20
2026-06-05 06:23:16,14.578,kar72,52.318,12.699,1,11,0,4.532,24,55.263,63.077,35.417,6,8,79,151,3,2,1,20
2026-06-07 04:19:09,14.662,kar72,57.971,12.978,3,22,0,4.412,32,59.375,63.934,48.889,6,19,80,138,4,1,0,20
2026-06-07 08:09:22,15.176,kar72,52.406,12.123,4,25,0,4.837,26,58.333,51.25,49.153,5,14,98,187,3,3,0,20
2026-06-10 09:01:42,15.133,kar72,50.0,14.015,10,24,0,4.182,28,50,57.692,41.304,14,9,66,132,5,1,0,20
2026-06-10 21:20:02,15.485,kar72,55.725,12.647,7,27,0,4.301,30,44.444,70.769,36.667,12,14,73,131,3,2,0,20
2026-06-13 04:37:13,15.575,kar72,51.515,12.805,3,15,1,4.632,20,40.741,63.636,38.462,4,15,68,132,2,3,0,20
2026-06-13 07:12:37,15.481,kar72,59.603,13.422,2,11,0,4.767,24,77.273,60.938,39.535,7,12,90,151,5,0,0,20
2026-06-18 10:54:28,15.935,kar72,51.705,12.692,6,32,0,4.11,42,56.757,51.613,47.826,12,24,91,176,3,1,2,20
2026-06-18 22:34:18,16.094,kar72,51.079,12.916,9,31,0,3.662,35,61.538,50.769,45.833,13,14,71,139,3,3,0,20
2026-06-19 21:13:50,16.093,kar72,50.442,13.987,4,15,0,3.912,28,57.692,51.786,41.935,6,17,57,113,3,2,0,20
2026-06-22 00:04:06,16.18,kar72,45.69,14.564,6,23,0,3.981,24,54.167,50,35,8,16,53,116,2,3,0,20
2026-06-25 00:18:18,16.099,kar72,55.639,13.589,3,13,0,4.608,25,72.727,57.627,39.024,9,11,74,133,1,4,1,20
2026-06-29 03:00:46,15.827,kar72,47.692,10.74,1,19,0,4.177,24,60.526,44.068,39.394,4,15,62,130,3,3,0,20
2026-06-30 05:07:25,15.835,kar72,56.593,11.844,2,11,0,5.107,25,72,56.962,41.509,2,12,103,182,5,1,0,20
2026-07-03 21:32:13,16.158,kar72,56.906,13.286,9,24,0,4.311,41,56.364,56.471,58.537,12,22,103,181,2,1,3,20
2026-07-05 04:52:45,16.252,kar72,46.821,10.556,3,21,0,4.568,28,48.649,51.25,39.286,4,23,81,173,2,4,0,20
2026-01-05 07:23:46,17.947,PoolNoodle,50.725,10.719,11,48,0,3.314,42,61.765,38.71,59.524,16,29,70,138,2,4,0,21
2026-01-29 00:15:00,17.727,PoolNoodle,54.73,13.315,10,29,0,3.728,45,56.41,52.113,57.895,14,27,81,148,2,4,0,21
2026-01-31 08:22:55,17.512,PoolNoodle,58.0,14.53,2,4,0,4.31,19,50,58.333,68.182,9,4,58,100,2,3,0,21
2026-02-02 20:29:58,17.401,PoolNoodle,52.096,13.695,3,21,0,4.506,27,52.632,47.368,58.491,8,13,87,167,3,3,0,21
2026-02-08 11:33:44,17.383,PoolNoodle,60.448,14.956,16,30,0,3.704,40,67.5,59.375,53.333,18,17,81,134,4,2,0,21
2026-02-22 04:59:06,17.594,PoolNoodle,52.713,15.157,10,25,0,3.485,36,45.161,50,61.364,16,15,68,129,5,1,0,21
2026-03-01 07:10:28,18.049,PoolNoodle,54.967,15.451,7,23,0,4.06,40,51.515,56.923,54.717,14,12,83,151,3,3,0,21
2026-03-05 09:50:08,18.039,PoolNoodle,58.088,14.15,7,23,0,3.823,36,54.286,51.786,68.889,13,18,79,136,4,2,0,21
2026-03-09 05:38:02,18.251,PoolNoodle,55.975,13.073,3,16,0,4.82,24,58.537,50.667,62.791,12,8,89,159,2,4,0,21
2026-03-15 00:14:27,18.047,PoolNoodle,41.739,12.304,6,28,0,3.729,25,50,32.727,50,7,15,48,115,2,3,0,21
2026-03-19 04:19:23,18.052,PoolNoodle,58.621,17.796,7,16,1,4.129,35,76.667,50.794,57.692,15,16,85,145,4,2,0,21
2026-03-23 04:20:46,18.263,PoolNoodle,50.667,13.151,3,25,0,4.132,31,41.935,50.769,55.556,9,19,76,150,2,4,0,21
2026-04-09 00:14:04,18.075,PoolNoodle,45.399,11.57,4,34,0,4.284,32,52.778,41.25,46.809,8,18,74,163,1,4,1,21
2026-04-09 07:20:05,17.753,PoolNoodle,53.691,14.82,14,30,1,3.462,47,58.333,47.826,58.929,18,22,80,149,2,4,0,21
2026-04-12 04:56:46,17.537,PoolNoodle,56.725,18.117,14,29,1,3.804,53,50,50.617,70.37,19,26,97,171,3,3,0,21
2026-04-19 04:54:10,17.534,PoolNoodle,55.747,10.988,1,12,1,5.258,20,70.455,48.684,53.704,5,8,97,174,2,4,0,21
2026-04-19 07:32:45,17.321,PoolNoodle,52.857,13.836,15,32,0,3.311,46,51.163,48.276,61.538,21,23,74,140,1,5,0,21
2026-04-19 09:37:53,16.926,PoolNoodle,54.545,13.309,2,15,0,4.424,23,53.125,49.02,63.158,7,11,66,121,4,1,0,21
2026-05-15 07:01:20,17.234,PoolNoodle,48.98,11.895,10,43,0,3.347,43,56.667,45.07,50,13,29,72,147,2,4,0,21
2026-05-16 04:37:10,17.05,PoolNoodle,57.0,20.94,14,16,0,3.123,39,50,46.341,72.973,21,11,57,100,3,2,0,21
2026-06-01 05:57:19,17.224,PoolNoodle,57.042,12.841,9,24,2,4.0,40,58.14,47.692,73.529,18,13,81,142,4,2,0,21
2026-06-03 04:26:23,17.404,PoolNoodle,47.414,13.821,5,15,1,3.618,29,52,41.935,55.172,9,18,55,116,4,1,0,21
2026-06-03 06:38:37,17.703,PoolNoodle,45.0,12.428,2,24,0,3.944,27,50,41.176,45.455,6,18,54,120,2,4,0,21
2026-06-05 08:39:16,17.524,PoolNoodle,41.732,9.449,7,29,0,4.264,22,40.541,42.857,41.176,10,11,53,127,2,4,0,21
2026-06-16 00:10:57,17.331,PoolNoodle,51.579,12.247,8,22,0,3.612,24,60.714,50,44.444,12,10,49,95,4,1,0,21
2026-01-01 22:39:32,11.122,Shuuka,47.778,11.873,5,17,0,3.953,22,64,39.024,45.833,9,13,43,90,3,2,0,23
2026-01-03 10:38:36,11.244,Shuuka,35.294,8.835,2,11,2,4.611,15,50,32.143,29.167,3,8,36,102,2,2,0,23
2026-01-07 01:49:38,11.276,Shuuka,29.457,7.805,7,35,0,3.737,21,45.714,16.071,34.211,10,10,38,129,3,3,0,23
2026-01-12 05:30:57,11.264,Shuuka,33.654,9.668,3,18,0,3.857,17,48.148,32.432,25,7,8,35,104,3,2,0,23
2026-01-17 05:38:38,11.38,Shuuka,26.364,6.504,2,14,1,4.345,11,36.842,23.077,26.923,4,2,29,110,4,1,0,23
2026-01-17 16:40:47,11.724,Shuuka,29.508,7.949,4,27,1,4.056,18,46.154,24.074,26.19,6,5,36,122,3,2,0,23
2026-01-17 16:42:16,11.724,Shuuka,29.508,7.949,4,27,1,4.056,18,46.154,24.074,26.19,6,5,36,122,3,2,0,23
2026-01-04 14:34:40,11.687,80s,32.061,7.067,4,27,0,4.143,20,45.714,30.189,23.256,6,5,42,131,2,3,0,25
2026-01-12 05:30:57,11.575,80s,45.161,12.641,4,5,0,3.881,22,47.619,40.909,50,9,6,42,93,3,2,0,25
2026-01-14 17:31:59,11.677,80s,33.594,8.5,5,27,1,4.0,20,35.484,28.333,40.541,6,12,43,128,3,2,0,25
2026-01-29 13:10:54,11.776,80s,29.63,7.425,2,14,0,3.95,19,30,28.358,31.579,10,3,40,135,2,3,1,25
2026-02-20 05:26:49,13.789,asleep,42.029,8.231,1,14,0,4.724,20,52.632,43.333,30,2,13,58,138,1,5,0,26
2026-02-22 04:59:06,13.34,asleep,43.307,11.943,7,21,1,3.655,27,34.211,46.154,48.649,11,12,55,127,4,2,0,26
2026-02-23 11:23:01,13.56,asleep,45.07,12.278,8,27,0,3.781,33,54.762,42.188,38.889,11,16,64,142,3,3,0,26
2026-02-28 11:06:18,13.574,asleep,44.186,11.276,8,33,0,4.553,28,47.368,45,40.741,19,4,76,172,5,0,1,26
2026-03-02 06:44:58,14.117,asleep,47.107,8.806,1,13,0,4.947,21,68.966,44.444,31.034,2,12,57,121,2,4,0,26
2026-03-06 05:51:01,13.91,asleep,42.105,12.112,7,28,1,4.234,26,48,43.836,37.037,9,10,64,152,3,3,0,26
2026-03-09 05:38:02,13.922,asleep,49.686,11.0,2,16,2,4.924,19,51.22,56,37.209,10,7,79,159,2,4,0,26
2026-03-16 19:05:41,13.719,asleep,44.538,8.213,1,18,0,4.849,15,50,48.333,29.63,4,10,53,119,0,6,0,26
2026-03-20 19:13:56,13.095,asleep,42.683,8.919,5,32,0,4.957,15,53.333,43.59,35.714,7,7,70,164,4,1,1,26
2026-03-22 07:43:08,13.414,asleep,42.667,10.59,3,16,2,4.688,14,45.455,52.857,25.532,7,8,64,150,2,3,1,26
2026-03-23 04:20:46,13.321,asleep,41.25,9.963,4,24,0,4.485,24,58.333,36.111,36.538,6,9,66,160,3,3,0,26
2026-03-28 09:47:58,13.309,asleep,37.398,10.98,3,17,0,3.783,24,27.586,45.283,34.146,9,8,46,123,3,2,1,26
2026-03-28 22:07:01,13.402,asleep,43.75,11.726,3,18,1,4.163,21,40.541,54.348,31.034,5,14,49,112,2,3,0,26
2026-04-05 07:51:40,13.29,asleep,42.484,10.465,2,11,1,4.662,20,55.263,40.58,34.783,5,5,65,153,2,3,1,26
2026-04-10 07:34:26,13.203,asleep,48.201,12.48,5,26,0,4.164,29,58.974,54.098,28.205,10,10,67,139,3,1,1,26
2026-04-11 13:56:22,13.4,asleep,35.948,7.28,1,17,0,4.855,12,40.909,37.931,29.412,4,3,55,153,3,3,0,26
2026-04-12 10:13:20,13.395,asleep,54.128,13.78,4,12,0,4.305,20,53.571,49.123,66.667,8,6,59,109,2,3,0,26
2026-04-14 05:05:01,13.304,asleep,48.0,11.658,7,20,1,4.367,21,54.054,57.377,18.519,9,4,60,125,4,1,0,26
2026-04-21 00:49:52,13.595,asleep,49.587,12.925,7,15,0,3.883,28,53.846,55.357,38.462,9,7,60,121,2,4,0,26
2026-05-02 09:39:52,13.396,asleep,34.752,7.969,2,25,0,4.388,13,37.143,40.323,25,5,13,49,141,3,3,0,26
2026-05-11 08:22:11,13.388,asleep,42.478,10.137,11,28,0,3.604,27,60.87,46.97,12.5,14,6,48,113,5,1,0,26
2026-05-12 09:38:12,13.78,asleep,40.714,10.172,12,39,0,3.404,31,40.541,45.07,31.25,15,16,57,140,3,3,0,26
2026-05-14 21:21:37,13.78,asleep,51.128,9.961,1,12,0,5.118,14,57.895,60,32.5,4,10,68,133,2,3,0,26
2026-05-16 04:37:10,13.675,asleep,48.246,10.453,1,15,0,4.2,20,52.778,43.86,52.381,5,11,55,114,3,2,0,26
2026-05-16 10:16:26,13.864,asleep,50.877,13.848,5,19,0,4.149,34,54.348,51.807,45.238,7,16,87,171,3,3,0,26
2026-05-18 06:06:48,13.876,asleep,38.71,8.83,2,17,0,4.625,15,59.259,29.63,37.209,6,7,48,124,3,3,0,26
2026-05-20 08:34:07,13.858,asleep,48.78,13.848,8,12,0,3.95,30,51.515,47.368,48.485,15,8,60,123,5,1,0,26
2026-05-22 21:04:09,14.237,asleep,49.074,12.277,9,13,0,4.094,21,50,53.061,41.379,12,5,53,108,4,1,0,26
2026-05-23 06:57:28,14.538,asleep,50.427,9.566,1,19,0,4.763,14,51.724,58.182,36.364,8,4,59,117,4,1,0,26
2026-05-25 07:30:37,14.822,asleep,46.212,12.616,5,21,0,3.754,30,50,51.613,35.714,8,17,61,132,5,1,0,26
2026-05-25 14:28:52,15.193,asleep,49.324,11.884,4,20,1,4.411,33,48.718,59.701,33.333,10,17,73,148,5,1,0,26
2026-05-27 11:00:45,15.562,asleep,36.875,8.829,1,27,0,4.559,20,38.462,45.07,24,6,9,59,160,2,4,0,26
2026-05-27 14:37:10,15.361,asleep,44.848,12.428,12,41,0,3.973,36,50,50,35.593,14,19,74,165,2,4,0,26
2026-05-30 04:57:21,15.182,asleep,40.0,8.167,1,18,0,4.944,17,55.556,39.437,34.783,4,5,54,135,3,3,0,26
2026-05-30 09:01:45,15.184,asleep,41.538,11.803,6,43,0,4.049,34,39.535,43.689,38.776,11,15,81,195,1,4,1,26
2026-05-30 21:04:03,14.913,asleep,42.969,11.446,5,14,0,3.964,28,35.294,41.379,52.778,8,14,55,128,4,2,0,26
2026-05-31 06:42:17,15.562,asleep,50.296,12.95,6,20,1,4.624,29,53.191,52.778,44,13,14,85,169,3,2,1,26
2026-06-05 06:23:16,15.181,asleep,43.137,9.872,3,11,1,4.742,17,44.737,43.478,41.304,5,5,66,153,4,2,0,26
2026-06-05 08:39:16,15.367,asleep,40.625,9.204,6,39,1,4.154,29,47.222,47.887,26.415,10,15,65,160,4,2,0,26
2026-06-07 08:09:22,15.557,asleep,41.176,8.925,4,25,1,5.026,18,41.667,42.5,38.983,7,3,77,187,3,3,0,26
2026-06-13 04:37:13,15.513,asleep,49.138,14.778,5,15,0,4.316,22,52,50.909,44.444,7,6,57,116,5,0,0,26
2026-06-19 21:13:50,15.706,asleep,50.98,14.048,2,12,0,3.962,25,44,67.347,28.571,2,22,52,102,0,5,0,26
2026-06-19 22:59:11,15.986,asleep,43.396,12.071,6,19,0,4.304,20,50,51.064,29.73,8,10,46,106,1,4,0,26
2026-06-22 22:49:49,15.244,asleep,48.696,15.199,8,13,1,3.786,32,55.882,42.857,50,10,18,56,115,3,2,0,26
2026-06-28 00:57:32,15.335,asleep,42.748,11.547,4,17,0,4.054,27,37.5,46.875,40,7,14,56,131,5,1,0,26
2026-01-03 10:38:36,16.705,Deafness,61.151,19.283,10,8,1,3.894,41,65,67.188,45.714,15,17,85,139,5,1,0,27
2026-01-09 14:00:22,17.122,Deafness,59.589,18.7,12,22,0,3.897,41,61.765,65.714,47.619,16,17,87,146,4,2,0,27
2026-01-22 09:18:28,17.32,Deafness,60.377,17.784,13,35,0,3.76,47,66.667,57.143,59.091,22,28,96,159,4,2,0,27
2026-02-02 13:53:19,17.538,Deafness,56.429,16.343,7,21,0,4.215,35,55.556,66.176,42.222,11,18,79,140,3,3,0,27
2026-02-18 16:22:28,17.534,Deafness,55.0,14.25,8,34,0,3.909,43,62.857,57.143,45.833,15,23,88,160,3,3,0,27
2026-03-09 14:33:55,17.535,Deafness,51.064,15.661,9,23,1,4.056,29,61.765,50.746,42.5,13,17,72,141,1,5,0,27
2026-03-10 10:21:36,17.118,Deafness,57.718,16.417,13,28,0,3.942,41,71.429,58.333,48.98,19,19,86,149,3,3,0,27
2026-03-11 10:35:17,17.14,Deafness,55.814,13.298,2,17,0,4.125,31,72.727,53.448,44.737,10,10,72,129,2,4,0,27
2026-03-16 10:28:16,16.943,Deafness,54.118,10.925,5,27,0,4.826,25,60.714,53.03,47.917,6,13,92,170,1,4,1,27
2026-03-21 14:05:45,16.629,Deafness,53.289,14.142,6,30,0,4.074,34,56.757,51.282,54.054,10,20,81,152,2,3,0,27
2026-03-22 14:22:46,16.531,Deafness,47.407,11.833,7,32,0,3.828,33,55.882,45.902,42.5,14,15,64,135,2,3,0,27
2026-03-24 10:46:54,16.422,Deafness,54.286,14.565,7,33,0,3.697,41,66.667,57.143,40.909,9,28,76,140,1,5,0,27
2026-03-25 10:07:16,16.026,Deafness,55.882,14.63,5,19,0,3.987,36,58.14,60,45.455,11,13,76,136,4,2,0,27
2026-03-25 13:45:37,16.238,Deafness,61.842,17.767,8,17,0,4.266,39,77.778,56.716,52.5,13,17,94,152,3,3,0,27
2026-03-31 10:11:52,16.241,Deafness,58.779,16.277,4,17,0,4.117,32,62.963,67.188,42.5,8,18,77,131,3,3,0,27
2026-04-01 14:00:26,16.236,Deafness,49.275,14.936,6,25,1,4.294,28,59.259,49.18,44,14,6,68,138,5,1,0,27
2026-04-10 07:34:26,16.628,Deafness,64.615,18.705,6,12,0,3.726,40,61.29,66.176,64.516,12,19,84,130,5,0,0,27
2026-04-21 10:13:47,17.113,Deafness,54.237,15.117,4,17,0,4.016,29,67.647,50,46.667,6,15,64,118,2,3,0,27
2026-04-22 06:15:10,17.015,Deafness,57.143,14.107,3,18,0,4.278,24,66.667,59.615,44.737,7,9,72,126,3,2,0,27
2026-04-23 10:37:04,17.104,Deafness,53.642,15.071,10,27,0,3.975,39,67.647,49.254,50,15,18,81,151,4,1,1,27
2026-05-01 14:47:12,17.401,Deafness,54.43,16.224,14,32,0,3.663,49,63.636,58.974,40.426,23,20,86,158,3,3,0,27
2026-05-04 13:50:06,17.406,Deafness,49.333,15.792,8,29,0,3.716,37,52.778,44.262,52.83,15,15,74,150,2,4,0,27
2026-05-05 14:09:04,17.238,Deafness,50.806,16.112,8,28,0,3.651,33,51.515,60.87,40,16,15,63,124,2,3,0,27
2026-05-07 07:15:21,17.147,Deafness,58.659,17.75,11,29,0,3.657,59,60,62.637,50.943,15,34,105,179,3,2,1,27
2026-05-09 10:11:56,17.246,Deafness,56.579,13.998,3,19,1,4.547,24,61.765,58.442,48.78,7,11,86,152,1,5,0,27
2026-05-11 14:04:11,16.873,Deafness,48.366,14.163,10,25,0,4.068,29,61.111,49.275,37.5,13,6,74,153,5,1,0,27
2026-05-13 13:44:45,17.255,Deafness,52.991,15.317,6,11,0,4.226,25,57.692,53.061,50,12,8,62,117,4,2,0,27
2026-05-18 21:53:11,17.44,Deafness,56.962,15.088,14,33,0,3.722,48,64.286,63.492,43.396,20,19,90,158,3,3,0,27
2026-05-20 22:26:33,17.445,Deafness,51.592,14.94,12,34,0,2.951,56,52.632,56.522,44,17,37,81,157,3,3,0,27
2026-05-23 06:57:28,17.451,Deafness,57.937,14.591,5,17,0,4.247,26,67.742,61.818,45,9,13,73,126,1,4,0,27
2026-05-26 08:23:25,17.169,Deafness,62.264,16.897,4,21,3,4.111,44,72.973,62.687,54.545,11,27,99,159,3,2,1,27
2026-05-27 11:00:45,17.252,Deafness,47.887,12.76,2,19,0,4.235,23,45.455,52.632,39.394,4,16,68,142,4,2,0,27
2026-05-29 07:43:45,17.453,Deafness,54.676,15.551,15,30,0,3.026,52,65.517,55.072,46.341,22,24,76,139,2,4,0,27
2026-05-30 04:57:21,17.27,Deafness,56.25,17.069,8,25,0,4.152,43,69.444,57.831,45.614,11,24,99,176,5,1,0,27
2026-05-31 06:42:17,17.252,Deafness,58.791,14.781,5,28,0,4.561,38,65.306,60.227,48.889,11,22,107,182,2,3,1,27
2026-06-05 06:23:16,17.546,Deafness,62.745,19.027,4,11,0,4.135,43,65.789,65.217,56.522,8,27,96,153,4,2,0,27
2026-06-07 08:09:22,17.731,Deafness,56.684,13.924,5,25,0,4.708,29,60.417,52.5,59.322,8,16,106,187,3,3,0,27
2026-06-10 09:01:42,17.687,Deafness,60.811,17.387,9,19,0,3.967,41,67.568,63.158,53.704,16,21,90,148,2,3,1,27
2026-06-13 04:37:13,17.611,Deafness,59.836,15.858,3,11,0,4.616,27,50,63.333,62.5,10,7,73,122,4,1,0,27
2026-06-13 07:12:37,17.89,Deafness,62.092,15.58,3,17,0,4.758,32,76.087,65.455,46.154,7,21,95,153,2,3,0,27
2026-06-20 18:11:36,17.797,Deafness,54.225,15.674,6,24,0,3.883,36,68.966,57.971,38.636,10,18,77,142,3,3,0,27
2026-06-24 20:18:32,17.814,Deafness,57.252,14.998,9,19,0,3.76,39,60,60.345,51.163,14,17,75,131,2,4,0,27
2026-07-05 14:02:38,17.637,Deafness,60.63,17.138,6,15,0,3.779,40,71.429,57.895,57.143,9,25,77,127,2,4,0,27
2026-01-05 00:32:24,17.997,FORTNAYT,59.091,14.615,11,30,0,3.667,44,74.286,59.322,44.737,17,21,78,132,2,4,0,28
2026-01-11 02:20:53,17.818,FORTNAYT,58.94,14.224,16,29,0,4.09,38,77.5,59.091,42.222,22,13,89,151,3,3,0,28
2026-01-17 05:38:38,17.827,FORTNAYT,58.333,15.441,7,21,0,4.1,30,77.419,57.143,38.462,10,9,70,120,3,2,0,28
2026-01-19 07:43:44,17.931,FORTNAYT,55.844,14.414,10,24,0,3.837,44,66.667,59.091,41.026,15,19,86,154,1,5,0,28
2026-01-20 11:16:49,17.541,FORTNAYT,50.877,14.99,10,30,0,3.19,38,57.895,48.333,51.429,12,24,58,114,0,6,0,28
2026-01-23 10:40:06,17.827,FORTNAYT,50.4,15.869,7,18,0,3.873,29,57.143,54.839,37.143,9,11,63,125,4,2,0,28
2026-01-25 07:18:08,17.189,FORTNAYT,55.172,17.06,4,12,0,3.984,27,76,60.656,26.667,9,13,64,116,2,4,0,28
2026-01-25 09:22:33,16.99,FORTNAYT,60.0,14.955,6,28,0,4.271,41,80,62.963,33.333,13,22,96,160,3,3,0,28
2026-01-26 19:25:39,16.981,FORTNAYT,53.39,18.201,10,26,0,3.571,36,70.968,48.214,45.161,14,21,63,118,2,2,1,28
2026-02-02 20:29:58,16.985,FORTNAYT,56.0,15.539,4,24,0,4.418,30,79.31,59.036,41.27,10,19,98,175,4,2,0,28
2026-02-05 15:04:09,17.194,FORTNAYT,59.375,16.097,5,16,0,4.158,31,75,61.667,41.667,12,17,76,128,4,2,0,28
2026-02-05 20:53:38,17.373,FORTNAYT,58.824,15.843,7,29,0,3.678,47,75,61.538,38.636,11,28,90,153,5,1,0,28
2026-02-11 13:43:55,17.648,FORTNAYT,61.429,19.543,7,15,0,4.0,37,77.419,65.217,42.5,11,24,86,140,2,4,0,28
2026-02-13 00:43:49,17.464,FORTNAYT,49.367,15.079,14,52,0,3.128,53,70.588,52,30.612,17,30,78,158,0,5,1,28
2026-02-14 14:04:22,16.996,FORTNAYT,52.795,17.687,12,23,0,3.8,40,81.081,59.322,30.769,20,12,85,161,5,1,0,28
2026-02-25 11:19:38,17.37,FORTNAYT,55.319,14.297,9,23,0,3.731,36,67.742,61.644,32.432,15,13,78,141,3,3,0,28
2026-02-28 11:06:18,17.353,FORTNAYT,57.229,13.135,4,28,0,4.484,31,78.788,62.162,38.983,9,10,95,166,3,3,0,28
2026-03-02 11:58:43,17.354,FORTNAYT,58.268,18.538,4,18,0,3.905,38,67.742,68.333,33.333,14,11,74,127,3,3,0,28
2026-03-05 09:50:08,17.367,FORTNAYT,60.993,16.544,11,24,0,3.581,43,80,62.903,38.462,14,24,86,141,3,3,0,28
2026-03-08 10:05:52,17.367,FORTNAYT,64.228,19.01,8,16,1,4.0,39,65.517,74.576,45.714,19,9,79,123,5,0,1,28
2026-03-09 14:33:55,17.837,FORTNAYT,64.539,22.187,18,18,0,3.923,40,71.875,73.438,46.667,21,16,91,141,4,1,1,28
2026-03-16 13:43:54,18.107,FORTNAYT,48.148,12.99,13,46,0,3.692,31,61.538,45,44.898,15,16,65,135,3,3,0,28
2026-03-20 19:13:56,18.109,FORTNAYT,61.905,16.976,6,22,0,4.242,31,75,68.657,40.909,12,15,91,147,3,3,0,28
2026-03-29 10:08:23,18.094,FORTNAYT,50.0,14.597,4,26,1,4.347,33,63.636,53.571,34,6,19,75,150,2,4,0,28
2026-03-30 09:40:19,17.922,FORTNAYT,59.281,13.923,4,17,1,4.677,26,77.273,60.256,40,7,13,99,167,5,1,0,28
2026-04-01 14:00:26,18.294,FORTNAYT,55.469,16.289,8,17,0,4.507,26,76.471,58.182,33.333,13,16,71,128,3,3,0,28
2026-04-02 13:54:01,18.296,FORTNAYT,56.0,18.804,11,23,0,3.857,34,76.19,68.254,26.829,17,16,70,125,3,3,0,28
2026-04-03 13:50:59,18.31,FORTNAYT,50.725,15.299,9,29,0,3.586,36,64.516,57.576,29.268,13,20,70,138,2,4,0,28
2026-04-13 04:24:01,18.129,FORTNAYT,52.632,16.691,2,13,0,3.757,36,61.29,58.824,32.353,7,25,70,133,2,3,1,28
2026-04-14 05:05:01,18.039,FORTNAYT,55.118,15.138,5,22,0,3.957,33,76.471,59.649,27.778,9,18,70,127,2,2,1,28
2026-04-14 07:36:39,18.042,FORTNAYT,53.901,12.913,3,31,0,4.289,30,64,51.351,52.381,6,15,76,141,3,3,0,28
2026-04-15 10:03:16,18.046,FORTNAYT,52.83,14.395,8,28,1,4.06,30,66.667,59.459,32.653,9,13,84,159,2,4,0,28
2026-04-16 18:35:33,17.868,FORTNAYT,54.248,16.234,10,17,0,3.759,41,64.815,56.944,25.926,17,16,83,153,2,3,1,28
2026-04-17 07:29:19,17.775,FORTNAYT,56.579,14.963,13,33,0,3.709,42,73.81,60.563,30.769,18,19,86,152,4,2,0,28
2026-04-19 09:37:53,17.978,FORTNAYT,62.385,18.202,3,14,0,3.941,30,77.419,66,39.286,15,13,68,109,4,1,0,28
2026-04-20 18:43:30,18.241,FORTNAYT,54.815,12.703,5,29,0,4.216,32,74.194,55.556,39.024,9,19,74,135,3,3,0,28
2026-04-22 15:13:20,18.229,FORTNAYT,56.849,17.11,16,27,0,3.482,49,77.419,65.753,26.19,20,26,83,146,2,4,0,28
2026-04-25 14:37:20,18.044,FORTNAYT,62.092,19.447,16,24,0,3.253,60,75,68.421,39.024,26,27,95,153,3,3,0,28
2026-04-29 13:52:18,18.063,FORTNAYT,60.645,19.968,12,22,0,3.585,52,75.862,66.25,41.304,16,30,94,155,5,1,0,28
2026-05-03 13:50:06,18.417,FORTNAYT,61.417,18.513,11,22,0,3.59,44,80,69.841,35.897,20,22,78,127,2,3,0,28
2026-05-04 13:50:06,18.34,FORTNAYT,56.463,16.337,9,27,0,3.976,37,74.286,54.286,45.238,16,16,83,147,3,3,0,28
2026-05-06 18:46:33,18.328,FORTNAYT,63.38,17.447,7,35,0,3.556,52,82.353,60.563,51.351,15,33,90,142,2,4,0,28
2026-05-09 21:18:01,18.15,FORTNAYT,51.145,16.782,7,22,0,3.866,36,64.865,52.381,32.258,14,16,67,131,4,2,0,28
2026-05-10 12:17:28,18.334,FORTNAYT,58.065,16.745,8,16,0,3.681,40,69.565,60.317,47.368,13,25,72,124,2,4,0,28
2026-05-11 10:54:27,18.157,FORTNAYT,59.375,15.533,17,28,0,3.611,53,73.529,66.216,40.385,25,27,95,160,0,4,2,28
2026-05-11 14:04:11,17.803,FORTNAYT,50.98,14.224,5,25,0,4.026,32,63.889,55.072,35.417,7,14,78,153,5,1,0,28
2026-05-12 18:15:50,18.167,FORTNAYT,49.55,12.312,7,21,1,3.964,22,55.556,55.769,34.375,8,12,55,111,4,1,0,28
2026-05-13 16:03:02,18.444,FORTNAYT,54.887,18.284,12,23,0,3.575,42,68.966,62.687,29.73,15,25,73,133,3,3,0,28
2026-05-14 21:21:37,18.459,FORTNAYT,55.652,16.833,6,16,0,4.172,21,73.333,61.702,34.211,9,6,64,115,3,2,0,28
2026-05-16 13:47:04,18.556,FORTNAYT,48.485,16.57,4,13,0,3.562,27,58.333,54.688,26.087,6,14,48,99,3,3,0,28
2026-05-17 15:14:41,18.553,FORTNAYT,57.237,15.377,6,26,0,4.494,35,78.049,61.538,32.609,14,17,87,152,4,2,0,28
2026-05-17 21:31:48,18.718,FORTNAYT,55.0,16.906,11,24,0,3.364,47,70,65.574,32.653,13,28,77,140,4,2,0,28
2026-05-18 15:08:53,18.905,FORTNAYT,53.659,15.211,7,19,0,3.879,32,57.692,66.667,32.5,13,16,66,123,2,4,0,28
2026-05-21 14:29:56,18.75,FORTNAYT,62.428,16.464,9,33,0,4.019,47,88.889,58.14,50.98,14,23,108,173,4,1,1,28
2026-05-22 21:04:09,19.012,FORTNAYT,64.078,20.594,13,13,0,3.439,39,81.818,62.5,46.667,15,26,66,103,2,3,0,28
2026-05-24 13:57:54,18.922,FORTNAYT,59.35,16.07,9,32,0,3.507,43,75,66.667,37.5,14,27,73,123,4,1,0,28
2026-05-25 07:30:37,19.184,FORTNAYT,52.593,16.043,5,25,0,3.493,38,54.286,60.317,37.838,6,28,71,135,2,4,0,28
2026-05-30 04:57:21,19.001,FORTNAYT,54.887,13.57,3,15,0,4.438,28,87.5,51.613,33.333,8,6,73,133,1,5,0,28
2026-05-30 09:01:45,18.646,FORTNAYT,50.694,13.119,6,31,0,4.411,27,54.545,48.571,51.22,10,14,73,144,3,3,0,28
2026-06-01 05:57:19,19.001,FORTNAYT,56.349,17.848,17,25,0,3.042,44,80,54.688,29.63,20,22,71,126,3,3,0,28
2026-06-03 04:26:23,18.659,FORTNAYT,56.863,16.532,5,15,0,3.569,30,71.429,73.333,27.778,6,19,58,102,3,2,0,28
2026-06-03 06:38:37,18.758,FORTNAYT,60.959,19.657,12,23,0,3.551,48,68.421,71.875,38.636,21,24,89,146,3,3,0,28
2026-06-04 07:25:31,18.75,FORTNAYT,53.488,13.234,21,52,0,3.402,56,75.556,50.704,39.286,25,25,92,172,3,2,1,28
2026-06-04 23:57:00,18.851,FORTNAYT,56.463,12.468,7,25,0,4.145,36,66.667,57.534,42.857,10,21,83,147,1,5,0,28
2026-06-05 14:41:15,18.489,FORTNAYT,60.667,15.831,7,23,0,4.033,41,86.667,67.105,31.818,10,21,91,150,3,3,0,28
2026-06-06 04:57:28,18.499,FORTNAYT,55.405,18.005,9,12,0,4.402,30,60.976,59.016,45.652,15,17,82,148,3,3,0,28
2026-06-06 07:47:40,18.502,FORTNAYT,59.119,17.25,12,24,0,3.83,46,74.359,62.821,38.095,14,26,94,159,3,2,1,28
2026-06-07 04:19:09,18.602,FORTNAYT,65.289,16.295,7,11,0,4.253,34,82.143,80,31.579,7,25,79,121,2,3,0,28
2026-06-07 08:09:22,18.431,FORTNAYT,61.413,15.84,3,26,0,4.558,37,76.316,69.663,38.596,7,21,113,184,1,5,0,28
2026-06-09 13:58:23,18.431,FORTNAYT,53.896,15.076,10,30,0,3.651,44,66.667,60.656,38.596,12,24,83,154,2,4,0,28
2026-06-10 09:01:42,17.901,FORTNAYT,54.815,13.902,6,20,0,4.257,31,72.222,51.667,43.59,10,9,74,135,2,4,0,28
2026-06-10 18:04:55,17.709,FORTNAYT,56.25,12.912,3,16,0,4.476,24,68,55.556,48.485,9,9,63,112,2,3,0,28
2026-06-11 14:01:41,17.61,FORTNAYT,55.319,13.074,4,16,0,4.019,18,75,57.5,41.176,6,12,52,94,1,4,0,28
2026-06-11 18:19:17,17.341,FORTNAYT,58.088,13.876,5,24,0,3.962,40,64.516,62.5,42.424,12,24,79,136,4,1,0,28
2026-06-12 14:04:43,17.621,FORTNAYT,58.475,17.405,8,27,0,3.754,37,76.923,60.345,41.176,13,18,69,118,2,3,0,28
2026-06-12 18:27:27,17.52,FORTNAYT,63.462,16.718,4,23,0,4.333,40,73.529,62.687,58.182,14,17,99,156,6,0,0,28
2026-06-14 14:19:33,18.051,FORTNAYT,57.229,15.003,5,25,1,4.411,36,88.372,53.846,33.333,10,19,95,166,4,2,0,28
2026-06-18 07:29:56,18.215,FORTNAYT,64.943,17.845,7,16,0,4.398,38,68.182,71.429,52.83,10,23,113,174,2,4,0,28
2026-06-18 14:24:55,18.038,FORTNAYT,58.915,14.884,6,25,0,3.803,40,81.481,62.712,39.535,13,17,76,129,5,0,0,28
2026-06-21 22:16:46,18.489,FORTNAYT,56.589,17.028,9,20,0,3.918,36,81.25,55.932,36.842,11,17,73,129,2,3,0,28
2026-06-25 17:15:02,18.392,FORTNAYT,55.833,16.57,12,26,0,3.567,35,62.5,70.588,29.73,15,18,67,120,1,4,0,28
2026-06-27 17:17:15,18.123,FORTNAYT,63.559,17.443,7,9,0,4.0,35,70.37,68.519,51.351,9,19,75,118,2,4,0,28
2026-03-30 04:38:23,13.751,revel,48.921,14.267,6,15,0,4.309,27,51.282,48.485,47.059,7,19,68,139,3,3,0,30
2026-05-23 06:57:28,15.5,SakurabaRola,46.032,11.208,4,17,0,4.397,20,41.935,49.091,45,8,8,58,126,1,4,0,31
2026-05-30 04:57:21,15.139,SakurabaRola,42.222,9.322,2,18,1,4.754,22,50,35.211,50,3,8,57,135,3,3,0,31
2026-06-01 18:21:54,15.141,SakurabaRola,39.053,7.611,1,36,1,4.667,23,43.59,35.714,41.304,4,14,66,169,1,3,2,31
2026-06-04 18:25:20,14.896,SakurabaRola,48.299,13.447,9,22,0,3.887,37,56.41,51.515,35.714,14,14,71,147,3,3,0,31
2026-06-05 06:23:16,14.907,SakurabaRola,42.105,11.169,4,18,0,4.422,20,44.681,43.836,34.375,7,8,64,152,1,5,0,31
2026-06-05 17:50:16,14.456,SakurabaRola,42.453,11.337,7,21,0,3.6,24,51.724,37.778,40.625,10,11,45,106,2,3,0,31
2026-06-06 04:57:28,14.216,SakurabaRola,48.649,12.721,3,12,1,4.722,22,51.22,42.623,54.348,7,14,72,148,3,3,0,31
2026-06-07 18:18:38,14.219,SakurabaRola,51.333,12.046,5,17,0,4.377,30,58.14,48.529,48.718,11,9,77,150,3,2,1,31
2026-06-09 13:58:23,14.34,SakurabaRola,44.531,11.652,5,22,0,3.982,29,45.833,48.333,38.636,7,18,57,128,4,2,0,31
2026-06-11 04:24:29,14.567,SakurabaRola,53.333,12.688,1,13,0,4.214,24,61.905,44.898,60,5,9,56,105,2,3,0,31
2026-06-11 14:01:41,14.457,SakurabaRola,47.015,12.11,7,24,0,3.857,31,51.515,44.444,47.368,9,11,63,134,5,0,0,31
2026-06-12 18:27:27,14.994,SakurabaRola,47.59,11.319,6,25,1,4.633,25,56.522,40.541,50,7,17,79,166,0,6,0,31
2026-06-13 07:12:37,14.361,SakurabaRola,44.667,7.561,1,13,0,5.209,10,63.265,41.538,25,2,1,67,150,3,2,0,31
2026-06-16 23:18:25,14.464,SakurabaRola,47.518,12.983,2,29,0,3.657,36,57.143,46.835,41.176,9,22,67,141,2,3,0,31
2026-06-17 23:35:10,14.351,SakurabaRola,54.054,14.771,8,12,0,3.917,28,53.846,46.154,66.667,15,9,60,111,5,0,0,31
2026-06-18 14:24:55,14.888,SakurabaRola,45.669,9.357,3,28,0,4.379,21,54.286,45.455,37.838,9,10,58,127,2,3,0,31
2026-06-19 21:13:50,14.892,SakurabaRola,45.098,14.076,4,13,0,3.717,24,35,43.137,54.839,10,9,46,102,3,2,0,31
2026-06-19 22:59:11,14.789,SakurabaRola,36.893,10.157,5,19,0,4.237,15,47.059,34.483,35.714,8,4,38,103,3,2,0,31
2026-06-20 18:11:36,15.002,SakurabaRola,47.5,12.289,9,32,1,4.408,29,51.613,43.662,50,12,11,76,160,2,3,1,31
2026-06-20 23:27:03,14.894,SakurabaRola,39.216,9.092,1,9,0,4.425,9,36.842,42.593,34.483,2,2,40,102,3,3,0,31
2026-06-22 21:35:21,15.193,SakurabaRola,46.561,10.425,6,40,0,4.318,31,51.111,42.697,49.091,10,17,88,189,1,3,2,31
2026-06-22 22:49:49,14.88,SakurabaRola,49.55,13.425,6,16,0,4.055,25,60,45.833,45.455,7,13,55,111,4,1,0,31
2026-06-25 14:15:46,14.981,SakurabaRola,45.113,13.433,5,24,0,3.833,25,51.852,44.828,41.667,10,7,60,133,5,1,0,31
2026-06-29 18:09:56,15.361,SakurabaRola,43.165,8.83,3,26,1,4.6,21,74.074,28.571,47.619,5,14,60,139,1,5,0,31
2026-03-25 10:07:16,15.732,beanman87,49.645,11.882,7,15,1,4.429,29,54.545,39.583,55.102,9,12,70,141,3,3,0,32
2026-04-01 14:00:26,15.726,beanman87,43.2,13.285,6,18,2,4.389,21,57.143,33.333,47.5,10,5,54,125,2,4,0,32
2026-04-22 06:15:10,15.505,beanman87,50.515,16.847,6,8,2,3.959,23,58.065,44.737,50,14,7,49,97,4,1,0,32
2026-05-16 04:37:10,15.845,beanman87,51.754,13.65,6,15,0,3.898,25,55.556,45.614,61.905,12,7,59,114,3,2,0,32
2026-05-20 08:34:07,16.06,beanman87,50.0,15.504,13,21,1,3.754,38,52.632,47.761,51.515,16,13,69,138,3,3,0,32
2026-06-30 05:07:25,16.082,beanman87,59.509,18.194,7,9,0,4.557,34,68.571,47.945,69.091,16,6,97,163,2,3,1,32
2026-07-04 14:18:33,16.001,beanman87,61.481,18.984,6,9,0,3.807,45,71.875,47.541,73.81,19,20,83,135,4,2,0,32
2026-01-01 10:11:46,18.103,Tsui,58.974,19.804,19,23,0,3.101,46,77.778,62.5,38.235,24,19,69,117,2,3,0,33
2026-01-03 10:38:36,17.994,Tsui,57.025,17.933,6,16,0,3.855,37,75,52.542,46.667,11,13,69,121,2,4,0,33
2026-01-07 16:34:15,17.794,Tsui,59.504,18.045,14,18,0,3.556,37,71.429,61.017,47.059,17,19,72,121,4,2,0,33
2026-01-11 19:25:15,17.982,Tsui,59.864,17.507,10,25,0,3.466,50,81.081,59.091,43.182,18,18,88,147,3,3,0,33
2026-01-14 17:31:59,17.969,Tsui,54.135,14.959,8,25,0,3.528,41,73.529,60.656,26.316,15,15,72,133,3,2,0,33
2026-01-15 18:44:32,18.07,Tsui,56.051,17.042,14,22,1,3.477,44,65.789,56.944,46.809,16,23,88,157,2,3,1,33
2026-01-16 18:32:49,17.966,Tsui,50.962,15.385,6,19,0,3.17,33,60,58.696,33.333,11,14,53,104,4,1,0,33
2026-01-17 00:37:47,18.265,Tsui,57.862,14.13,15,32,0,3.663,48,70.27,59.091,48.214,18,25,92,159,4,1,1,33
2026-01-17 16:40:47,18.561,Tsui,62.069,18.714,7,17,0,3.653,36,65.625,66.667,50,13,19,72,116,1,4,0,33
2026-01-17 16:42:16,18.561,Tsui,62.069,18.714,7,17,0,3.653,36,65.625,66.667,50,13,19,72,116,1,4,0,33
2026-01-17 22:50:02,18.561,Tsui,58.209,16.57,12,23,0,3.372,48,69.697,66.667,34.211,18,26,78,134,2,4,0,33
2026-01-20 19:15:46,18.063,Tsui,62.963,17.696,12,19,0,3.659,43,80,68.493,34.375,15,21,85,135,5,1,0,33
2026-01-22 22:13:39,18.446,Tsui,48.333,15.459,14,27,0,3.103,40,64.516,45.455,38.235,18,16,58,120,2,3,0,33
2026-01-26 00:05:52,18.341,Tsui,51.049,14.7,9,24,1,3.548,43,79.31,57.143,27.451,10,26,73,143,2,4,0,33
2026-01-26 19:25:39,18.145,Tsui,57.143,16.261,7,16,0,3.882,39,79.412,55.738,39.474,13,21,76,133,1,4,0,33
2026-01-30 19:32:32,17.856,Tsui,55.319,15.464,13,19,0,3.628,43,58.333,59.016,47.727,17,24,78,141,4,2,0,33
2026-01-31 16:22:08,18.068,Tsui,54.487,16.968,18,44,0,3.176,59,69.444,60.294,36.538,22,26,85,156,2,4,0,33
2026-01-31 23:17:02,17.885,Tsui,51.2,15.067,8,21,0,3.609,33,55.172,51.613,47.059,13,16,64,125,2,4,0,33
2026-02-02 20:29:58,17.7,Tsui,58.286,16.43,6,24,0,4.363,34,82.759,59.036,46.032,15,11,102,175,4,2,0,33
2026-02-03 20:22:50,17.905,Tsui,58.407,19.653,15,16,0,3.197,46,62.069,61.538,50,21,17,66,113,4,2,0,33
2026-02-05 20:53:38,18.11,Tsui,58.12,17.785,8,15,0,3.426,39,80,56.897,44.118,14,22,68,117,2,4,0,33
2026-02-06 18:13:10,17.904,Tsui,59.155,16.602,9,22,0,3.917,39,66.667,63.265,50.877,13,15,84,142,3,3,0,33
2026-02-07 22:12:56,17.81,Tsui,54.194,16.79,14,29,0,3.452,48,60.606,56,46.809,24,19,84,155,4,2,0,33
2026-02-08 19:05:51,17.993,Tsui,48.98,14.517,8,35,0,3.236,48,71.429,53.521,29.167,18,27,72,147,2,3,1,33
2026-02-15 19:18:05,17.881,Tsui,46.847,15.823,10,21,0,2.981,37,66.667,48.148,35.897,18,15,52,111,4,2,0,33
2026-02-16 18:20:23,18.082,Tsui,65.278,19.203,17,26,0,2.957,67,84,71.831,45.833,21,40,94,144,3,3,0,33
2026-02-17 09:16:51,18.064,Tsui,49.306,12.687,6,35,0,4.225,31,75,49.206,28.889,10,13,71,144,2,4,0,33
2026-02-17 21:05:31,17.866,Tsui,58.333,19.718,14,18,0,3.214,41,73.077,66.102,34.286,19,18,70,120,2,3,0,33
2026-02-24 21:10:41,17.786,Tsui,56.863,17.667,17,14,0,3.121,38,62.069,60.377,40,20,15,58,102,3,3,0,33
2026-02-25 11:19:38,17.793,Tsui,58.647,16.486,8,25,0,3.551,43,76.667,59.722,38.71,16,22,78,133,4,2,0,33
2026-03-02 19:23:01,17.968,Tsui,57.522,18.143,11,15,0,3.462,36,59.259,59.615,52.941,16,16,65,113,4,2,0,33
2026-03-05 20:48:03,18.156,Tsui,64.789,19.043,13,25,0,3.391,62,65.714,67.901,53.846,19,33,92,142,0,6,0,33
2026-03-09 19:09:10,17.593,Tsui,56.25,15.298,11,33,0,3.622,52,80.556,59.722,34.615,16,28,90,160,2,4,0,33
2026-03-10 19:04:37,17.432,Tsui,54.483,14.004,3,19,0,4.089,32,63.158,56.452,44.444,7,16,79,145,5,0,1,33
2026-03-15 19:01:50,17.893,Tsui,63.121,16.867,9,14,0,4.236,31,66.667,67.857,52.5,13,18,89,141,2,4,0,33
2026-03-16 10:28:16,17.692,Tsui,54.706,17.462,9,29,0,3.86,47,71.111,57.692,34.043,12,33,93,170,4,2,0,33
2026-03-16 19:05:41,17.871,Tsui,57.364,15.708,5,21,0,3.932,35,64.865,59.259,47.368,10,17,74,129,5,1,0,33
2026-03-18 14:41:23,18.243,Tsui,55.2,18.513,9,22,0,3.594,39,71.429,58.491,40.909,16,20,69,125,4,2,0,33
2026-03-19 19:00:40,18.425,Tsui,66.434,20.833,10,21,0,3.547,51,75,65.217,61.905,15,24,95,143,3,3,0,33
2026-03-20 19:13:56,18.414,Tsui,51.656,14.382,6,25,0,4.231,29,69.048,46.774,42.553,13,11,78,151,3,3,0,33
2026-03-22 14:22:46,18.404,Tsui,49.462,16.948,12,19,0,2.978,30,60.87,58.974,29.032,14,15,46,93,0,5,0,33
2026-03-23 19:15:16,17.945,Tsui,57.843,14.47,7,14,0,3.949,25,66.667,52,60,9,12,59,102,2,3,0,33
2026-04-02 18:30:27,17.848,Tsui,60.544,14.486,3,20,0,4.292,36,79.487,60.606,42.857,8,21,89,147,4,1,0,33
2026-04-04 10:52:22,18.129,Tsui,52.459,16.467,7,26,0,3.906,46,69.048,55.128,38.095,11,25,96,183,4,2,0,33
2026-04-06 18:07:46,18.312,Tsui,57.143,14.062,2,18,0,4.112,34,63.158,54.839,55,8,28,80,140,3,3,0,33
2026-04-09 18:12:32,18.332,Tsui,53.982,14.734,5,16,0,3.885,30,64.286,51.111,50,12,16,61,113,3,2,0,33
2026-04-16 18:35:33,18.419,Tsui,55.455,16.455,5,12,1,3.689,31,76.923,40.909,48.148,14,10,61,110,3,3,0,33
2026-04-17 14:03:23,18.423,Tsui,46.903,13.534,14,29,0,2.868,37,58.333,49.02,36.842,15,19,53,113,1,3,1,33
2026-04-18 16:41:41,18.245,Tsui,53.947,14.752,7,24,0,3.915,35,65.306,57.143,30.303,9,17,82,152,2,3,1,33
2026-04-19 14:28:30,18.184,Tsui,54.4,15.73,9,20,0,3.838,38,60.606,61.404,37.143,10,18,68,125,3,3,0,33
2026-04-20 18:43:30,18.172,Tsui,59.375,16.324,10,31,0,3.705,50,70.588,64.384,45.283,18,29,95,160,4,2,0,33
2026-04-21 18:25:22,18.35,Tsui,58.0,13.587,5,32,0,3.77,44,65.789,54.839,56,19,13,87,150,4,2,0,33
2026-04-22 06:15:10,18.528,Tsui,52.381,13.424,3,18,0,4.258,21,61.111,59.615,34.211,6,10,66,126,3,2,0,33
2026-04-22 15:13:20,18.611,Tsui,58.824,15.751,9,17,0,3.571,34,85.714,67.308,36.957,15,18,70,119,3,3,0,33
2026-05-02 23:23:31,18.611,Tsui,50.562,16.184,11,19,0,3.0,29,78.261,47.222,33.333,17,8,45,89,3,2,0,33
2026-05-04 18:44:00,18.706,Tsui,54.11,14.859,4,33,0,3.633,40,78.571,51.25,42.105,12,23,79,146,5,0,0,33
2026-05-05 18:37:55,19.171,Tsui,57.246,15.502,6,23,0,3.38,50,78.788,57.534,34.375,16,25,79,138,3,3,0,33
2026-05-08 18:02:51,19.154,Tsui,67.176,17.514,9,18,0,3.909,44,72.973,72,56.818,15,14,88,131,2,3,0,33
2026-05-09 10:11:56,19.06,Tsui,54.545,13.183,6,34,0,4.87,32,66.667,51.807,49.254,12,11,108,198,2,2,2,33
2026-05-11 18:11:15,19.059,Tsui,58.94,14.204,3,23,0,4.18,35,73.529,64.474,36.585,10,14,89,151,2,4,0,33
2026-05-12 18:15:50,18.889,Tsui,56.303,14.0,7,21,0,3.881,31,68.75,59.677,32,15,20,67,119,1,4,0,33
2026-05-13 13:44:45,18.619,Tsui,54.545,14.162,3,14,0,4.379,26,65.625,52.83,47.222,8,15,66,121,3,3,0,33
2026-05-16 13:47:04,18.607,Tsui,54.054,17.745,8,29,0,3.825,39,60,57.5,44.186,13,21,80,148,2,4,0,33
2026-05-19 14:12:22,18.443,Tsui,60.294,17.957,8,20,0,3.585,47,73.529,63.934,43.902,15,26,82,136,3,3,0,33
2026-05-20 14:25:13,18.451,Tsui,57.759,14.465,7,22,0,3.761,33,70.833,54.348,54.348,16,14,67,116,3,2,0,33
2026-05-21 14:29:56,18.537,Tsui,56.287,15.221,12,30,1,4.128,38,67.568,58.537,43.75,22,14,94,167,3,2,1,33
2026-05-26 13:56:18,18.631,Tsui,45.378,13.9,11,33,1,3.093,36,60,45.312,37.143,17,13,54,119,5,1,0,33
2026-05-27 14:37:10,18.981,Tsui,55.921,19.667,17,29,0,3.141,59,82.143,64.706,32.143,19,29,85,152,3,2,1,33
2026-05-28 18:22:53,19.076,Tsui,55.224,19.073,17,28,0,2.959,51,70.37,56.667,44.681,23,22,74,134,3,3,0,33
2026-05-29 18:24:54,19.077,Tsui,53.939,14.668,9,29,0,3.854,43,61.538,60,41.071,13,23,89,165,2,4,0,33
2026-06-01 18:21:54,18.889,Tsui,53.529,13.652,10,33,0,4.099,41,61.364,61.25,32.609,16,17,91,170,5,0,1,33
2026-06-02 14:21:12,19.334,Tsui,54.815,15.55,4,14,0,4.351,29,62.162,63.158,36.585,6,13,74,135,3,3,0,33
2026-06-03 14:14:56,19.31,Tsui,62.162,15.035,13,18,1,3.681,35,70,73.913,40,16,16,69,111,5,1,0,33
2026-06-05 14:41:15,19.665,Tsui,64.972,15.835,4,28,0,4.174,49,87.755,65.333,43.396,9,28,115,177,3,2,1,33
2026-06-06 14:12:19,19.731,Tsui,55.224,16.914,8,21,0,3.676,43,68.75,59.42,33.333,13,15,74,134,4,2,0,33
2026-06-09 18:18:54,19.921,Tsui,48.276,14.026,6,19,0,3.768,29,61.538,53.704,30.556,10,15,56,116,2,4,0,33
2026-06-10 18:04:55,19.746,Tsui,52.679,14.338,5,10,0,4.034,26,68,53.333,37.037,9,14,59,112,2,3,0,33
2026-06-11 18:19:17,19.676,Tsui,60.177,17.57,10,22,0,3.603,40,81.481,58.333,42.308,13,21,68,113,0,5,0,33
2026-06-12 14:04:43,19.223,Tsui,56.198,14.934,5,22,0,3.897,34,74.074,65.957,36.17,11,11,68,121,4,1,0,33
2026-06-13 18:45:41,19.499,Tsui,55.629,12.439,3,26,0,4.024,35,59.375,58.209,50,8,21,84,151,1,4,1,33
2026-06-14 14:19:33,19.223,Tsui,63.03,16.073,5,19,0,4.327,38,75.556,59.677,56.897,8,28,104,165,1,5,0,33
2026-06-17 23:35:10,18.883,Tsui,54.955,16.612,9,19,0,3.574,32,61.905,63.793,34.375,15,18,61,111,2,3,0,33
2026-06-18 14:24:55,18.789,Tsui,53.846,16.367,14,28,0,3.5,39,72.414,50,45.946,18,17,70,130,3,2,0,33
2026-06-22 21:35:21,18.874,Tsui,56.643,15.729,8,18,0,3.84,41,75,55.385,48,12,22,81,143,3,3,0,33
2026-06-29 18:09:56,18.867,Tsui,48.387,16.635,12,23,0,3.333,35,60,49.123,40.476,17,14,60,124,4,2,0,33
2026-07-01 14:17:09,19.059,Tsui,58.025,14.646,6,16,0,3.66,23,72.222,50,59.259,14,9,47,81,6,0,0,33
2026-07-01 14:36:06,19.059,Tsui,53.333,14.268,14,31,0,3.55,42,63.889,49.231,51.02,24,15,80,150,6,0,0,33
2026-07-02 18:34:06,19.587,Tsui,59.596,15.563,6,28,0,4.297,40,76.087,62.651,44.928,12,27,118,198,3,2,1,33
2026-07-04 14:18:33,19.676,Tsui,64.286,18.427,6,11,0,3.864,37,77.143,69.565,48.889,8,29,81,126,1,5,0,33
2026-07-05 14:02:38,19.324,Tsui,57.258,17.746,10,14,1,3.563,38,64.516,58.333,48.485,17,19,71,124,2,4,0,33
2026-04-20 22:24:29,19.664,YuriMeguri,65.741,21.189,13,15,0,3.028,44,83.871,69.767,44.118,18,27,71,108,1,4,0,34
2026-06-05 17:50:16,19.334,YuriMeguri,57.0,18.73,15,24,0,3.018,39,61.111,63.636,47.368,19,12,57,100,5,0,0,34
2026-06-06 22:27:02,20.421,YuriMeguri,63.433,18.936,12,16,0,3.6,46,86.486,56.667,51.351,19,14,85,134,6,0,0,34
2026-01-06 14:13:54,12.237,Akaze,26.415,4.895,2,32,4,5.286,10,42.105,20,23.913,2,6,42,159,2,4,0,35
2026-03-19 04:19:23,11.989,Akaze,33.846,7.184,2,13,0,4.841,11,47.368,26.923,30,4,2,44,130,2,4,0,35
2026-01-31 08:22:55,11.252,anonimus_opinion,36.364,6.229,1,14,0,5.205,8,52,33.333,30.769,2,3,44,121,2,2,1,36
2026-03-21 14:05:45,11.244,anonimus_opinion,42.857,10.103,3,18,0,4.315,24,46.429,55,21.053,8,10,54,126,4,1,0,36
2026-03-22 07:43:08,11.585,anonimus_opinion,38.0,8.958,0,16,1,4.807,16,48.485,34.286,36.17,3,8,57,150,2,3,1,36
2026-03-30 04:38:23,11.482,anonimus_opinion,37.5,7.904,1,19,0,4.944,14,52.632,31.081,34.375,4,8,54,144,4,2,0,36
2026-04-11 07:24:55,11.697,anonimus_opinion,44.828,10.228,0,6,0,4.692,17,52.381,52.542,27.778,5,5,52,116,4,2,0,36
2026-04-19 04:54:10,11.916,anonimus_opinion,44.134,7.303,1,15,1,5.38,8,66.667,41.772,31.034,2,2,79,179,5,1,0,36
2026-04-25 06:26:43,12.349,anonimus_opinion,41.935,9.686,2,26,1,4.795,26,51.163,44.578,31.667,5,17,78,186,3,1,2,36
2026-04-28 05:07:35,12.561,anonimus_opinion,38.76,9.016,3,20,0,3.96,20,64,35.484,28.571,8,7,50,129,3,3,0,36
2026-04-30 07:23:58,12.566,anonimus_opinion,40.769,6.947,3,20,0,4.698,17,44.828,43.548,33.333,5,5,53,130,1,5,0,36
2026-05-16 04:37:10,12.122,anonimus_opinion,42.537,8.77,2,27,0,4.421,20,47.826,41.026,42.424,6,9,57,134,2,2,1,36
2026-05-23 06:57:28,12.122,anonimus_opinion,46.087,10.336,1,9,1,4.396,19,63.333,52.083,24.324,6,9,53,115,3,2,0,36
2026-05-25 14:28:52,12.24,anonimus_opinion,49.032,11.655,6,30,0,4.382,29,69.231,47.297,33.333,10,18,76,155,3,3,0,36
2026-06-07 04:19:09,12.242,anonimus_opinion,44.211,8.281,2,10,0,4.643,12,57.895,43.902,37.143,2,4,42,95,2,3,0,36
2026-06-15 06:22:37,12.047,anonimus_opinion,46.207,8.587,10,45,0,3.284,38,58.974,44.118,36.842,14,26,67,145,4,2,0,36
2026-06-17 23:35:10,12.25,anonimus_opinion,44.211,9.527,2,13,0,4.286,17,61.111,50,24.138,6,10,42,95,2,3,0,36
2026-06-22 00:04:06,12.143,anonimus_opinion,44.275,8.787,2,19,0,4.983,14,60,54.545,17.073,7,5,58,131,2,3,0,36
2026-06-28 00:57:32,12.043,anonimus_opinion,41.026,9.47,4,23,1,4.438,23,46.154,40.741,36.111,7,13,64,156,2,3,1,36
2026-06-30 05:07:25,11.928,anonimus_opinion,44.262,8.772,1,12,0,5.284,17,52.778,46.591,35.593,5,4,81,183,2,3,1,36
2026-01-01 10:11:46,11.164,claydoll1091,43.796,7.013,1,31,0,4.65,17,48.148,43.478,41.463,4,13,60,137,1,4,0,37
2026-01-04 11:41:01,10.921,claydoll1091,33.871,9.368,7,20,1,3.929,20,16.667,44.444,29.032,8,6,42,124,4,2,0,37
2026-01-04 14:34:40,11.12,claydoll1091,40.404,10.24,5,15,0,3.8,22,43.75,37.838,40,8,6,40,99,2,3,0,37
2026-01-06 14:13:54,11.012,claydoll1091,36.735,9.544,5,25,3,4.685,22,22.581,45.946,30.952,6,11,54,147,3,3,0,37
2026-01-07 16:34:15,11.011,claydoll1091,36.765,9.275,7,24,0,4.12,22,22.222,43.478,38.71,12,8,50,136,5,1,0,37
2026-01-09 14:00:22,11.396,claydoll1091,38.854,10.895,5,30,1,4.164,27,30,44,36.538,8,15,61,157,4,2,0,37
2026-01-14 17:31:59,11.702,claydoll1091,34.146,9.281,6,27,0,3.667,22,34.375,41.176,25,9,9,42,123,3,2,0,37
2026-01-17 05:38:38,11.807,claydoll1091,39.604,10.633,2,9,0,3.95,19,27.778,51.02,29.412,6,2,40,101,3,2,0,37
2026-01-17 10:53:12,11.906,claydoll1091,26.286,7.013,3,33,2,4.63,16,22.727,31.579,21.818,10,4,46,175,3,2,1,37
2026-01-17 16:40:47,11.999,claydoll1091,35.385,7.088,3,19,2,4.848,17,33.333,41.935,25,4,7,46,130,3,2,0,37
2026-01-17 16:42:16,11.999,claydoll1091,35.385,7.088,3,19,2,4.848,17,33.333,41.935,25,4,7,46,130,3,2,0,37
2026-01-18 05:07:20,12.098,claydoll1091,29.565,7.807,8,34,0,3.382,22,16.667,33.333,35.294,8,11,34,115,3,2,0,37
2026-01-18 07:26:58,12.194,claydoll1091,37.5,10.352,5,28,0,4.392,20,14.815,47.692,36.364,10,7,51,136,4,2,0,37
2026-01-18 10:29:54,12.402,claydoll1091,37.302,9.537,5,29,0,4.0,23,31.25,40.984,36.364,5,14,47,126,2,3,0,37
2026-01-18 12:22:26,12.302,claydoll1091,34.356,6.855,6,48,0,4.482,23,41.463,30,35.714,11,7,56,163,1,4,1,37
2026-01-22 09:18:28,12.021,claydoll1091,36.025,9.615,6,42,2,4.0,27,40.541,39.474,27.083,9,13,58,161,2,4,0,37
2026-02-01 10:15:38,11.821,claydoll1091,37.748,10.44,9,45,0,3.053,41,36,46.429,21.429,12,25,57,151,3,3,0,37
2026-02-06 18:13:10,11.811,claydoll1091,38.017,8.597,2,12,1,4.37,16,37.143,39.216,37.143,5,5,46,121,6,0,0,37
2026-02-07 10:29:10,12.243,claydoll1091,40.323,9.769,8,30,1,3.98,19,44.828,41.935,33.333,11,10,50,124,4,2,0,37
2026-02-10 18:27:03,12.442,claydoll1091,40.127,8.37,4,30,2,4.254,25,48.936,41.538,28.889,9,12,63,157,4,2,0,37
2026-02-11 13:43:55,12.627,claydoll1091,37.143,7.932,1,15,2,4.731,14,35.484,39.13,35,3,7,52,140,2,4,0,37
2026-02-14 14:04:22,12.447,claydoll1091,31.41,9.05,6,27,0,4.265,17,25.641,45.455,17.647,6,9,49,156,2,4,0,37
2026-02-17 21:05:31,12.269,claydoll1091,36.154,8.201,3,27,0,4.17,16,28,43.75,29.268,9,6,47,130,3,2,0,37
2026-02-21 05:13:59,12.328,claydoll1091,40.288,9.0,3,16,0,4.571,17,27.273,53.521,25.714,3,13,56,139,2,4,0,37
2026-02-21 07:37:52,12.133,claydoll1091,36.994,7.411,2,36,1,5.016,20,35.135,42.857,30.508,5,8,64,173,4,1,1,37
2026-02-21 09:56:08,12.42,claydoll1091,38.621,9.282,4,24,3,4.339,20,36.111,43.284,33.333,6,10,56,145,0,6,0,37
2026-02-27 19:13:22,11.872,claydoll1091,41.818,13.192,6,16,1,3.826,21,21.212,61.702,33.333,12,9,46,110,4,0,1,37
2026-02-28 11:06:18,12.238,claydoll1091,40.698,8.672,3,33,0,4.8,22,36.842,47.5,33.333,11,7,70,172,5,0,1,37
2026-03-02 11:58:43,12.698,claydoll1091,23.529,5.513,2,22,1,4.719,9,17.949,35.185,13.953,3,4,32,136,1,5,0,37
2026-03-02 19:23:01,12.322,claydoll1091,33.058,9.228,4,26,0,3.8,19,28,38.182,29.268,7,12,40,121,4,2,0,37
2026-03-03 09:00:41,12.502,claydoll1091,37.107,10.141,9,29,0,4.034,25,35.294,41.558,31.25,14,6,59,159,3,3,0,37
2026-03-09 14:33:55,12.513,claydoll1091,31.915,7.415,2,18,4,4.711,15,31.25,40.625,20,4,7,45,141,4,1,1,37
2026-03-15 10:12:57,12.777,claydoll1091,35.714,9.212,8,33,0,4.2,23,43.59,42.647,19.149,8,6,55,154,1,5,0,37
2026-03-19 19:00:40,12.419,claydoll1091,36.111,9.272,6,26,0,4.288,21,22.581,45.455,31.915,11,7,52,144,5,1,0,37
2026-03-25 13:45:37,12.798,claydoll1091,36.806,10.904,6,30,1,4.245,23,31.579,49.18,24.444,9,10,53,144,4,2,0,37
2026-03-26 13:51:53,12.98,claydoll1091,38.732,11.515,6,20,2,4.182,25,24.138,50.746,30.435,9,8,55,142,1,5,0,37
2026-03-29 10:08:23,12.612,claydoll1091,33.758,7.739,4,21,1,5.0,12,35,36.508,29.63,8,3,53,157,2,4,0,37
2026-04-05 07:51:40,12.428,claydoll1091,33.533,6.06,0,12,1,5.196,11,40,34.211,26.087,2,3,56,167,1,4,1,37
2026-04-05 17:46:11,12.141,claydoll1091,37.654,7.609,0,25,0,4.656,22,36,38.71,38,4,10,61,162,3,2,0,37
2026-04-06 14:24:31,12.235,claydoll1091,40.0,11.261,5,18,0,3.833,26,40,40.351,39.394,10,16,48,120,3,3,0,37
2026-04-06 18:07:46,12.216,claydoll1091,44.737,9.799,1,25,0,4.456,24,46.667,54.286,30.769,5,7,68,152,3,3,0,37
2026-04-09 18:12:32,12.214,claydoll1091,39.216,7.219,1,21,0,4.675,9,48,40.426,30,4,4,40,102,1,3,1,37
2026-04-12 10:13:20,12.045,claydoll1091,38.532,8.302,2,12,0,4.69,12,32.143,47.368,25,4,3,42,109,2,3,0,37
2026-04-13 19:02:02,11.963,claydoll1091,27.517,6.029,1,19,2,4.415,11,28.571,36.207,17.857,2,5,41,149,1,5,0,37
2026-04-15 10:03:16,11.611,claydoll1091,29.56,6.941,3,28,1,4.426,14,30.556,31.081,26.531,5,3,47,159,2,4,0,37
2026-04-17 14:03:23,11.435,claydoll1091,36.8,7.376,3,32,0,3.826,23,40,42,27.5,5,14,46,125,3,1,1,37
2026-04-17 17:36:21,11.622,claydoll1091,37.383,13.679,7,18,1,3.075,26,31.818,51.064,23.684,11,11,40,107,3,2,0,37
2026-04-18 07:38:54,11.714,claydoll1091,31.25,5.893,1,19,1,5.3,9,27.5,43.478,17.647,4,2,50,160,1,5,0,37
2026-04-18 16:41:41,11.374,claydoll1091,33.333,7.787,2,19,1,4.386,17,38.71,38.71,20.513,6,7,44,132,3,3,0,37
2026-04-21 13:51:52,11.392,claydoll1091,23.077,4.168,1,13,0,5.0,6,17.391,27.083,21.212,2,3,24,104,2,4,0,37
2026-04-23 05:08:06,11.208,claydoll1091,40.0,10.569,8,22,0,3.396,29,17.391,47.059,41.379,9,12,48,120,2,3,0,37
2026-04-23 10:37:04,11.129,claydoll1091,38.406,9.11,5,23,1,4.302,19,45.714,42.647,22.857,7,8,53,138,3,2,1,37
2026-04-23 15:00:23,11.234,claydoll1091,43.151,9.873,4,26,0,4.508,21,45.833,51.899,25.581,4,13,63,146,3,3,0,37
2026-04-24 04:52:40,11.221,claydoll1091,39.216,9.051,5,28,0,3.9,29,47.5,42.857,25.581,9,12,60,153,4,1,1,37
2026-05-04 13:50:06,11.491,claydoll1091,31.973,5.761,1,32,0,4.915,13,33.333,28.846,33.929,7,4,47,147,3,3,0,37
2026-05-05 18:37:55,11.481,claydoll1091,31.776,5.614,0,17,0,4.324,12,25.806,41.667,21.429,2,10,34,107,1,5,0,37
2026-05-06 18:46:33,11.136,claydoll1091,29.008,6.584,4,28,0,4.237,15,20,37.5,24.444,6,7,38,131,6,0,0,37
2026-05-11 14:04:11,11.674,claydoll1091,28.302,5.456,3,32,1,5.022,12,25,32.432,24.49,3,5,45,159,1,5,0,37
2026-05-11 18:11:15,11.338,claydoll1091,41.346,9.462,2,11,0,4.302,13,55.556,46.154,26.471,3,7,43,104,4,2,0,37
2026-05-14 07:57:04,11.509,claydoll1091,29.714,5.356,5,42,1,5.0,16,41.026,35.714,16.667,8,3,52,175,3,3,0,37
2026-05-14 14:18:15,11.511,claydoll1091,35.766,7.826,4,24,0,4.551,17,42.424,40.299,21.622,5,6,49,137,1,4,1,37
2026-05-17 07:27:17,11.24,claydoll1091,37.143,8.062,7,38,1,3.827,26,25,45.283,38.298,13,11,52,140,4,0,1,37
2026-05-18 06:06:48,11.6,claydoll1091,34.074,10.348,3,18,1,3.891,22,24.138,46.269,20.513,9,6,46,135,3,3,0,37
2026-05-18 11:01:47,11.616,claydoll1091,36.719,7.914,7,28,0,4.191,18,34.783,43.636,30,8,7,47,128,3,2,1,37
2026-05-18 15:08:53,11.7,claydoll1091,37.179,10.094,5,33,0,3.966,29,32.5,46.97,28,12,13,58,156,3,2,1,37
2026-05-18 21:53:11,11.792,claydoll1091,33.858,9.44,8,23,0,3.674,24,33.333,41.379,22.222,12,8,43,127,4,2,0,37
2026-05-19 14:12:22,11.967,claydoll1091,37.143,10.956,6,35,0,3.692,31,22.5,53.571,29.545,11,14,52,140,4,1,1,37
2026-05-20 18:28:10,12.229,claydoll1091,28.058,7.239,4,35,2,4.154,18,20.588,45,11.111,7,6,39,139,3,3,0,37
2026-05-24 19:25:18,12.233,claydoll1091,31.852,7.49,4,22,1,4.558,16,39.13,36.842,23.636,6,2,43,135,4,2,0,37
2026-05-27 11:00:45,12.426,claydoll1091,33.75,8.339,2,27,2,4.574,16,30.769,46.479,18,6,6,54,160,2,4,0,37
2026-05-27 14:37:10,12.237,claydoll1091,31.944,8.453,5,35,1,3.978,23,43.333,31.667,25.926,11,7,46,144,4,2,0,37
2026-05-28 13:55:32,12.393,claydoll1091,29.221,5.727,5,47,0,3.844,24,29.032,34.848,22.807,6,12,45,154,4,2,0,37
2026-06-01 18:21:54,12.571,claydoll1091,34.568,8.524,5,30,1,4.232,26,16.667,45.946,30.769,8,15,56,162,2,3,1,37
2026-06-02 14:21:12,12.477,claydoll1091,29.63,4.231,0,14,0,5.55,6,24.324,38.596,21.951,0,2,40,135,3,3,0,37
2026-06-09 13:58:23,12.453,claydoll1091,32.667,7.174,5,36,2,4.347,18,35.484,35.938,27.273,7,12,49,150,2,4,0,37
2026-06-14 14:19:33,12.275,claydoll1091,28.289,4.679,2,20,3,5.372,9,31.818,28.571,24.444,4,3,43,152,3,3,0,37
2026-06-22 21:35:21,12.545,claydoll1091,32.275,6.561,2,40,2,4.475,20,31.111,35.955,27.273,3,10,61,189,1,3,2,37
2026-06-22 22:49:49,12.271,claydoll1091,36.036,6.632,4,16,0,4.9,9,46.667,41.667,18.182,5,0,40,111,4,1,0,37
2026-06-23 23:11:54,12.359,claydoll1091,35.772,9.141,6,21,0,3.727,23,32.353,44.643,24.242,10,5,44,123,5,1,0,37
2026-06-28 15:10:06,12.704,claydoll1091,31.707,9.114,6,22,0,3.718,19,30,43.636,15.789,7,9,39,123,1,5,0,37
2026-07-05 09:14:33,12.628,claydoll1091,34.839,8.002,2,22,1,4.278,22,34.211,42.254,23.913,6,11,54,155,3,3,0,37
2026-07-05 14:02:38,12.623,claydoll1091,29.134,5.685,1,15,1,4.649,11,21.429,43.86,14.286,3,6,37,127,2,4,0,37
2026-01-02 13:57:28,15.658,Diukes,45.455,14.341,4,11,0,4.075,21,40.909,55.556,28.571,9,9,40,88,3,2,0,38
2026-01-04 11:41:01,15.749,Diukes,45.69,12.993,9,18,0,3.887,25,45.833,55.556,31.579,12,8,53,116,2,4,0,38
2026-01-05 14:10:20,15.556,Diukes,43.307,14.96,7,18,0,3.945,26,38.889,63.462,20.513,8,17,55,127,2,4,0,38
2026-01-09 14:00:22,15.361,Diukes,36.943,10.2,8,30,1,4.276,23,33.333,45.333,26.923,10,5,58,157,4,2,0,38
2026-01-11 19:25:15,15.564,Diukes,45.185,10.783,6,24,0,4.082,28,50,58.73,22.727,8,13,61,135,4,2,0,38
2026-01-14 17:31:59,15.773,Diukes,52.174,13.983,11,26,0,3.792,36,48.649,62.5,37.838,13,14,72,138,1,4,0,38
2026-01-15 18:44:32,15.491,Diukes,44.898,11.505,5,20,0,3.818,32,52.632,52.055,22.222,7,12,66,147,1,3,2,38
2026-01-16 18:32:49,15.31,Diukes,43.925,13.785,8,24,0,3.17,26,40.909,59.259,19.355,13,12,47,107,3,2,0,38
2026-03-09 19:09:10,15.417,Diukes,45.695,12.161,8,27,0,3.826,39,53.846,58.209,20,11,22,69,151,5,1,0,38
2026-03-12 22:28:14,15.796,Diukes,33.051,8.797,4,22,0,4.077,17,43.333,48.889,9.302,10,3,39,118,3,3,0,38
2026-03-15 10:12:57,15.787,Diukes,47.059,12.448,11,29,2,4.2,31,60.526,59.722,23.333,15,12,80,170,5,0,1,38
2026-03-16 19:05:41,16.221,Diukes,45.385,14.071,7,20,0,3.797,32,59.459,52.542,17.647,13,16,59,130,4,2,0,38
2026-03-19 19:00:40,16.413,Diukes,51.351,16.579,9,22,1,3.592,42,53.125,68.056,22.727,12,20,76,148,1,5,0,38
2026-03-20 19:13:56,16.045,Diukes,46.358,11.566,4,25,0,4.4,22,47.619,54.839,34.043,8,7,70,151,3,3,0,38
2026-03-20 22:04:30,16.034,Diukes,46.98,11.636,12,39,0,3.686,40,61.905,54.795,11.765,16,17,70,149,2,4,0,38
2026-03-21 14:05:45,15.859,Diukes,43.59,9.217,2,29,0,4.588,26,55.882,55.224,21.818,4,12,68,156,0,5,0,38
2026-03-23 19:15:16,15.389,Diukes,43.22,9.32,2,14,2,4.196,23,45.455,50.98,29.412,4,10,51,118,1,4,0,38
2026-03-25 22:25:20,15.102,Diukes,46.377,13.367,4,13,1,4.031,27,50,60,20.513,9,8,64,138,3,3,0,38
2026-03-27 19:09:40,15.094,Diukes,44.595,14.863,9,24,0,3.848,34,47.059,53.125,32,16,11,66,148,4,2,0,38
2026-03-28 09:47:58,15.27,Diukes,42.276,14.095,7,17,0,3.577,29,41.379,54.717,26.829,13,6,52,123,3,2,1,38
2026-03-28 15:30:09,15.354,Diukes,39.181,10.115,7,29,1,4.194,31,45.652,49.275,21.429,12,10,67,171,3,3,0,38
2026-03-28 22:07:01,15.366,Diukes,47.244,13.124,5,18,0,3.95,28,58.333,54.545,25,9,13,60,127,4,1,0,38
2026-03-29 10:08:23,15.64,Diukes,43.312,14.246,8,22,0,4.235,25,46.154,54.545,26.923,14,8,68,157,5,1,0,38
2026-03-30 21:39:33,16.001,Diukes,50.0,12.622,11,23,1,3.797,34,52.778,59.322,30.303,18,13,64,128,3,3,0,38
2026-04-02 18:30:27,16.0,Diukes,38.636,10.435,3,10,0,4.294,15,52.632,52.5,10.345,4,8,34,88,2,3,0,38
2026-04-03 13:50:59,15.894,Diukes,33.824,9.561,6,38,0,3.957,23,44.444,48.148,8.696,9,9,46,136,4,2,0,38
2026-04-04 10:52:22,16.072,Diukes,31.333,9.77,5,25,3,4.085,21,28.571,44.615,17.544,8,11,47,150,2,4,0,38
2026-04-05 07:51:40,15.889,Diukes,41.333,13.549,3,13,0,4.048,29,43.182,46.97,30,7,10,62,150,2,4,0,38
2026-04-05 17:46:11,15.706,Diukes,38.462,8.55,3,9,0,4.622,13,41.379,47.368,19.355,4,4,45,117,1,4,0,38
2026-04-06 14:24:31,15.432,Diukes,40.936,13.914,12,43,0,3.243,45,47.059,51.22,21.818,19,16,70,171,2,4,0,38
2026-04-06 18:07:46,15.256,Diukes,42.029,11.431,4,21,1,4.103,27,34.211,59.016,23.077,11,12,58,138,3,3,0,38
2026-04-09 18:12:32,15.259,Diukes,46.809,14.891,4,14,0,3.273,22,42.857,58.974,35.294,8,19,44,94,3,2,0,38
2026-04-10 21:38:08,15.357,Diukes,38.849,10.457,3,21,0,4.241,17,50,47.692,18.182,8,5,54,139,4,2,0,38
2026-04-11 07:24:55,15.542,Diukes,43.662,9.727,1,14,1,4.661,18,42.5,52.113,25.806,3,8,62,142,1,5,0,38
2026-04-11 13:56:22,15.188,Diukes,47.407,11.403,2,13,0,4.531,20,46.341,60.377,31.707,5,9,64,135,4,2,0,38
2026-04-12 10:13:20,15.377,Diukes,45.902,13.991,5,19,0,4.036,26,55.172,60.345,14.286,8,12,56,122,2,3,0,38
2026-04-13 04:24:01,15.28,Diukes,42.105,11.823,4,12,0,4.375,23,40.625,48.333,34.146,8,13,56,133,2,4,0,38
2026-04-13 14:04:29,15.104,Diukes,48.413,11.804,4,17,0,3.672,33,51.429,58.462,19.231,6,17,61,126,3,3,0,38
2026-04-13 19:02:02,15.097,Diukes,46.512,10.44,2,8,0,4.533,18,38.235,66.071,25.641,7,4,60,129,5,1,0,38
2026-04-14 05:05:01,15.451,Diukes,46.875,14.671,4,17,0,3.533,25,35,58.696,36.667,9,9,45,96,2,3,0,38
2026-04-14 18:31:24,15.451,Diukes,50.704,13.32,7,19,1,4.111,30,59.091,58.929,30.952,13,10,72,142,5,1,0,38
2026-04-16 18:35:33,15.73,Diukes,47.015,14.184,6,20,0,3.746,32,46.154,56.923,26.667,12,19,63,134,3,2,1,38
2026-04-17 17:36:21,15.808,Diukes,43.119,10.408,0,17,2,3.915,24,58.333,53.333,22.5,3,11,47,109,4,1,0,38
2026-04-18 07:38:54,16.08,Diukes,44.872,12.987,2,12,0,4.486,27,41.379,56.667,18.919,7,14,70,156,4,2,0,38
2026-04-18 16:41:41,16.261,Diukes,44.526,10.907,6,20,0,4.361,20,54.286,59.677,12.5,9,16,61,137,1,5,0,38
2026-04-18 21:12:03,15.895,Diukes,39.286,11.368,5,27,0,3.159,32,34.615,50.847,18.519,12,12,44,112,2,2,1,38
2026-04-19 07:32:45,15.891,Diukes,41.441,11.413,11,26,0,3.196,30,51.429,47.619,23.529,18,11,46,111,2,4,0,38
2026-04-19 09:37:53,15.701,Diukes,44.144,11.558,3,16,0,4.306,19,36.667,68.085,17.647,4,7,49,111,3,2,0,38
2026-04-19 14:28:30,15.796,Diukes,36.752,11.108,6,30,0,3.814,24,32,46.552,23.529,11,7,43,117,3,3,0,38
2026-04-20 18:43:30,15.809,Diukes,49.153,13.296,9,16,1,3.81,30,44.828,59.649,34.375,11,14,58,118,4,2,0,38
2026-04-21 18:25:22,16.001,Diukes,43.678,9.792,9,43,0,4.066,30,40.426,58.904,25.926,13,18,76,174,2,4,0,38
2026-04-23 10:37:04,15.813,Diukes,40.541,10.224,4,24,0,4.2,19,43.333,60.976,17.5,7,5,45,111,1,5,0,38
2026-04-25 09:12:57,15.447,Diukes,41.611,13.805,7,28,1,3.403,32,35.294,53.623,28.261,16,10,62,149,2,4,0,38
2026-04-25 21:35:54,15.264,Diukes,46.281,12.1,9,22,0,3.75,29,56.522,49.123,36.585,13,12,56,121,2,4,0,38
2026-04-27 18:57:55,15.09,Diukes,44.068,10.691,4,30,1,4.141,32,54.545,54.167,18,8,18,78,177,0,6,0,38
2026-04-29 18:16:04,14.555,Diukes,50.909,13.037,14,27,0,3.381,50,61.111,57.143,31.111,20,22,84,165,3,3,0,38
2026-05-01 11:41:50,14.546,Diukes,40.876,11.322,9,27,0,3.571,32,53.125,53.571,18.367,14,9,56,137,4,1,1,38
2026-05-01 21:20:47,14.801,Diukes,41.667,11.824,7,25,0,3.4,39,47.826,50.725,19.512,13,17,65,156,2,3,1,38
2026-05-02 09:39:52,14.74,Diukes,45.312,11.766,6,18,0,4.414,21,50,64.583,20.455,10,9,58,128,3,3,0,38
2026-05-02 23:23:31,14.728,Diukes,45.833,14.38,13,36,0,3.236,35,50,56.25,21.875,19,13,55,120,4,0,1,38
2026-05-04 13:50:06,15.081,Diukes,45.455,13.594,10,24,0,3.95,26,56.667,56.364,25.532,13,8,60,132,4,2,0,38
2026-05-04 18:44:00,15.259,Diukes,45.0,10.867,5,30,0,4.238,30,41.935,51.562,37.778,12,9,63,140,1,3,1,38
2026-05-05 18:37:55,15.074,Diukes,46.364,14.212,8,21,0,3.196,34,42.308,52.542,36,12,19,51,110,4,2,0,38
2026-05-06 05:45:40,15.266,Diukes,41.441,11.298,1,4,0,4.239,20,58.621,50.98,9.677,2,11,46,111,4,2,0,38
2026-05-06 18:46:33,15.266,Diukes,42.336,10.272,5,25,0,3.931,29,51.282,52.632,19.512,9,11,58,137,3,3,0,38
2026-05-06 21:00:14,15.434,Diukes,40.426,10.143,7,24,1,4.526,21,43.333,61.667,13.725,9,12,57,141,1,4,1,38
2026-05-07 14:18:37,15.169,Diukes,49.123,12.394,9,36,0,4.167,35,62.5,58.571,24.528,18,13,84,171,3,1,2,38
2026-05-08 18:02:51,15.356,Diukes,34.167,6.992,1,20,0,4.366,15,44.444,41.176,19.048,3,10,41,120,1,4,0,38
2026-05-09 10:11:56,15.093,Diukes,49.451,12.686,6,29,1,4.767,25,60,61.176,21.154,12,9,90,182,5,0,1,38
2026-05-09 21:18:01,15.535,Diukes,41.176,14.301,5,17,3,3.625,33,43.333,55.556,18.605,12,14,56,136,4,2,0,38
2026-05-10 12:17:28,15.77,Diukes,41.045,11.364,6,28,1,3.8,27,58.333,50,23.077,11,12,55,134,4,2,0,38
2026-05-11 18:11:15,15.699,Diukes,50.331,12.652,5,23,0,4.145,31,61.765,65.789,12.195,11,6,76,151,2,4,0,38
2026-05-12 18:15:50,15.531,Diukes,51.887,16.706,12,24,1,3.345,32,54.839,59.091,38.71,16,14,55,106,1,4,0,38
2026-05-13 16:03:02,15.265,Diukes,43.478,11.29,5,26,0,4.233,24,51.351,49.18,27.5,8,18,60,138,3,2,1,38
2026-05-14 21:21:37,15.343,Diukes,50.0,11.655,1,14,2,4.783,18,57.143,55.385,34.211,3,15,69,138,2,3,0,38
2026-05-15 17:46:44,15.267,Diukes,43.269,13.137,7,21,0,3.378,28,52.381,48.333,21.739,10,16,45,104,4,1,0,38
2026-05-16 04:37:10,15.794,Diukes,42.0,14.725,7,16,0,3.238,29,31.818,60.976,27.027,15,6,42,100,3,2,0,38
2026-05-16 10:16:26,15.948,Diukes,46.575,12.81,5,14,0,4.235,29,48.485,58.108,23.077,9,14,68,146,1,5,0,38
2026-05-16 13:47:04,15.267,Diukes,44.094,10.299,1,21,0,4.375,17,44.828,62.712,15.385,6,9,56,127,4,2,0,38
2026-05-17 09:37:26,15.45,Diukes,47.934,13.102,3,12,0,4.086,28,51.613,65,10,7,15,58,121,3,3,0,38
2026-05-17 15:14:41,15.455,Diukes,44.099,9.603,3,21,0,4.901,22,57.5,50,22.222,6,12,71,161,3,3,0,38
2026-05-17 21:31:48,15.455,Diukes,39.048,12.115,8,17,0,3.512,23,37.931,57.447,10.345,9,12,41,105,3,3,0,38
2026-05-18 15:08:53,15.472,Diukes,53.947,15.918,10,24,0,3.793,41,57.143,64.474,31.707,17,18,82,152,5,1,0,38
2026-05-20 18:28:10,15.803,Diukes,43.885,12.495,7,35,0,3.803,32,44.118,60,22.222,11,12,61,139,3,3,0,38
2026-05-20 22:26:33,15.807,Diukes,47.468,13.331,18,33,0,3.227,43,48.649,58.974,25.581,20,16,75,158,6,0,0,38
2026-05-22 21:04:09,16.332,Diukes,41.525,9.814,5,24,0,4.204,21,69.697,40.909,19.512,5,13,49,118,2,3,0,38
2026-05-23 06:57:28,16.24,Diukes,45.378,11.7,5,18,1,4.278,20,39.394,66.038,18.182,8,11,54,119,0,5,0,38
2026-05-26 08:23:25,15.784,Diukes,53.216,14.968,7,19,0,4.165,36,55.814,66.279,23.81,11,19,91,171,2,3,1,38
2026-05-26 18:30:52,15.694,Diukes,50.0,14.159,9,16,0,4.0,32,51.163,56.667,37.143,11,18,69,138,2,4,0,38
2026-05-27 14:37:10,15.517,Diukes,46.286,12.054,9,43,0,4.025,44,57.895,53.947,29.508,11,24,81,175,2,3,1,38
2026-05-28 16:09:41,15.436,Diukes,36.719,9.737,3,27,0,3.915,25,40.741,52.381,7.895,9,9,47,128,4,2,0,38
2026-05-29 18:24:54,15.617,Diukes,44.218,11.302,5,24,0,3.969,30,39.394,59.701,25.532,9,15,65,147,3,3,0,38
2026-05-30 21:04:03,15.625,Diukes,51.754,17.336,7,12,0,3.407,34,55.172,63.636,26.667,12,22,59,114,2,4,0,38
2026-05-31 11:11:49,15.452,Diukes,37.838,9.871,9,29,0,3.821,31,39.024,50.746,15,12,9,56,148,3,2,1,38
2026-06-01 13:46:50,15.551,Diukes,46.154,12.286,7,17,0,3.796,25,46.154,57.627,25,10,15,54,117,5,1,0,38
2026-06-01 18:21:54,15.897,Diukes,55.034,17.406,16,23,0,3.561,44,51.515,72.222,29.545,20,17,82,149,2,4,0,38
2026-06-03 18:55:58,15.733,Diukes,54.762,16.632,11,21,0,3.754,39,54.167,66.667,35.897,17,18,69,126,3,3,0,38
2026-06-04 23:57:00,15.741,Diukes,39.375,11.837,12,35,1,3.492,35,45.238,51.471,18,15,17,63,160,4,2,0,38
2026-06-05 14:41:15,15.93,Diukes,42.675,10.954,7,33,2,4.164,28,29.73,60.759,19.512,10,16,67,157,1,4,1,38
2026-06-05 17:50:16,15.676,Diukes,38.462,10.852,5,24,0,3.45,23,29.412,55.102,21.053,8,13,40,104,3,2,0,38
2026-06-06 07:47:40,15.855,Diukes,48.485,14.164,3,14,0,3.688,37,56.667,62.687,14.286,6,18,64,132,4,2,0,38
2026-06-06 14:12:19,16.021,Diukes,49.219,13.95,5,20,0,3.778,29,75,43.137,29.73,11,13,63,128,2,4,0,38
2026-06-06 22:27:02,15.842,Diukes,35.246,10.354,8,25,1,3.791,23,48.387,37.288,18.75,13,5,43,122,3,3,0,38
2026-06-07 08:09:22,15.835,Diukes,41.848,8.95,1,26,0,5.026,21,47.368,52.809,21.053,5,11,77,184,1,5,0,38
2026-06-09 18:18:54,15.489,Diukes,46.309,12.175,8,18,0,4.13,32,42.857,60.317,31.373,10,11,69,149,2,4,0,38
2026-06-10 18:04:55,15.307,Diukes,44.762,11.951,4,15,1,3.957,18,48.276,47.917,35.714,7,10,47,105,1,4,0,38
2026-06-11 18:19:17,15.033,Diukes,49.541,11.778,6,17,1,3.889,23,48.485,57.143,37.037,8,8,54,109,2,3,0,38
2026-06-12 14:04:43,14.936,Diukes,47.788,12.05,4,24,2,4.222,27,48.276,64.286,30.952,6,15,54,113,3,1,1,38
2026-06-13 07:12:37,15.116,Diukes,45.752,9.102,1,17,4,5.157,19,65.217,52.727,21.154,4,5,70,153,2,3,0,38
2026-06-13 18:45:41,15.026,Diukes,39.437,12.711,10,39,1,3.375,34,51.852,45.714,22.222,18,10,56,142,4,2,0,38
2026-06-14 06:19:48,15.204,Diukes,46.281,11.976,4,18,0,4.286,20,53.333,61.224,23.81,9,12,56,121,3,3,0,38
2026-06-14 14:19:33,15.2,Diukes,53.285,12.461,3,14,1,4.548,23,61.765,59.649,39.13,7,14,73,137,4,2,0,38
2026-06-18 07:29:56,15.381,Diukes,45.806,11.692,4,15,0,4.451,22,64.516,53.333,29.688,7,7,71,155,2,4,0,38
2026-06-18 10:54:28,15.201,Diukes,45.399,15.251,14,32,0,3.392,44,58.537,51.429,26.923,14,30,74,163,2,3,1,38
2026-06-18 14:24:55,15.118,Diukes,49.324,13.635,12,26,0,3.699,40,52.941,62.121,29.167,13,16,73,148,2,2,1,38
2026-06-19 05:24:35,15.119,Diukes,56.489,14.31,18,19,1,3.311,45,58.333,69.492,39.583,22,22,74,131,4,2,0,38
2026-06-21 22:16:46,15.291,Diukes,40.876,12.131,5,31,0,3.929,25,43.333,52.055,14.706,8,15,56,137,3,2,0,38
2026-06-22 21:35:21,15.39,Diukes,43.243,10.964,8,43,1,4.175,31,60.976,51.136,17.857,12,15,80,185,2,2,2,38
2026-06-25 00:18:18,15.393,Diukes,41.964,11.917,4,10,1,4.128,19,43.478,55.556,20,9,1,47,112,5,1,0,38
2026-06-25 14:15:46,15.747,Diukes,42.857,10.175,3,26,2,4.46,18,42.857,50.685,28.205,5,12,63,147,1,5,0,38
2026-06-27 17:17:15,15.408,Diukes,52.756,13.238,3,6,1,4.075,27,42.105,82.979,28.571,3,20,67,127,2,4,0,38
2026-06-28 15:10:06,15.233,Diukes,44.545,16.176,13,12,1,3.224,30,65.385,48,23.529,14,14,49,110,3,3,0,38
2026-07-01 23:43:02,15.249,Diukes,45.669,11.164,11,26,0,3.397,36,43.59,58.621,23.333,16,16,58,127,4,2,0,38
2026-07-02 18:34:06,15.417,Diukes,48.077,12.225,7,22,0,4.507,25,66.667,53.521,26.531,11,7,75,156,3,2,1,38
2026-07-03 21:32:13,15.498,Diukes,46.212,12.016,9,20,1,4.164,26,47.368,60,13.793,12,14,61,132,1,4,1,38
2026-07-04 14:18:33,15.236,Diukes,45.985,11.874,4,15,1,4.254,27,44.737,60.377,30.435,5,13,63,137,3,3,0,38
2026-07-05 09:14:33,15.22,Diukes,45.806,12.146,6,22,0,3.972,34,47.368,61.972,19.565,9,20,71,155,3,3,0,38
2026-04-21 18:25:22,7.0,FUCK_AMQ,20.115,2.678,1,43,1,5.057,7,27.66,16.438,18.519,5,3,35,174,2,4,0,40
2026-01-03 10:38:36,15.364,koroshiya,42.149,11.037,0,16,0,4.196,25,43.75,54.237,16.667,4,10,51,121,2,4,0,41
2026-01-17 10:53:12,15.144,koroshiya,46.154,15.133,8,18,1,4.091,28,54.286,56.164,17.143,11,11,66,143,2,3,1,41
2026-01-23 10:40:06,15.144,koroshiya,43.966,9.765,0,11,0,4.529,16,40,55.556,29.73,7,3,51,116,4,2,0,41
2026-02-02 20:29:58,15.215,koroshiya,49.102,14.828,5,21,2,4.293,32,55.263,61.842,26.415,10,14,82,167,3,3,0,41
2026-02-27 19:13:22,15.091,koroshiya,45.455,11.173,3,16,0,4.26,19,51.515,55.319,23.333,9,5,50,110,4,0,1,41
2026-03-02 11:58:43,15.517,koroshiya,52.482,16.718,11,21,1,4.162,29,50,70.149,23.684,16,10,74,141,4,2,0,41
2026-03-20 19:13:56,15.718,koroshiya,50.34,12.825,5,22,0,4.446,21,55.556,64.179,25,12,5,74,147,3,3,0,41
2026-03-22 07:43:08,15.7,koroshiya,41.333,11.268,4,16,1,4.565,20,36.364,50,31.915,6,8,62,150,2,3,1,41
2026-05-14 21:21:37,15.607,koroshiya,53.793,14.184,3,17,1,4.41,24,75.758,66.129,24,6,14,78,145,3,2,0,41
2026-05-15 17:46:44,15.701,koroshiya,44.231,13.065,7,17,0,3.565,28,54.167,47.917,31.25,16,9,46,104,3,2,0,41
2026-05-24 19:25:18,15.898,koroshiya,47.024,11.768,6,30,0,4.38,35,41.379,64.103,27.869,9,19,79,168,1,4,1,41
2026-01-12 05:30:57,13.5,Nicole,44.086,11.085,2,5,0,4.073,18,47.619,43.182,42.857,6,6,41,93,3,2,0,44
2026-03-27 19:09:40,13.611,Nicole,32.692,7.061,1,27,2,4.647,17,36.111,32.812,30.357,6,7,51,156,2,4,0,44
2026-04-01 14:00:26,13.374,Nicole,36.22,11.396,7,22,0,4.63,17,54.545,32.075,26.829,10,5,46,127,2,4,0,44
2026-05-07 07:15:21,13.134,Nicole,36.313,8.655,4,29,1,4.215,26,45.714,32.967,35.849,5,11,65,179,3,2,1,44
2026-06-20 18:11:36,12.5,LeNainDuPSG,33.803,8.326,3,24,2,4.25,18,44.828,31.884,29.545,8,2,48,142,3,3,0,45
2026-01-01 22:39:32,11.562,Orfey,28.767,4.503,0,9,0,4.571,6,50,25.714,11.111,0,5,21,73,0,5,0,46
2026-01-05 00:32:24,10.988,Orfey,34.375,7.518,4,38,1,3.977,20,50,24.138,38.095,11,9,44,128,4,2,0,46
2026-01-07 16:34:15,11.226,Orfey,34.091,7.179,2,24,0,4.4,18,45.455,28.125,34.286,6,10,45,132,2,4,0,46
2026-01-09 14:00:22,11.009,Orfey,31.538,7.502,3,21,1,4.585,16,44.828,29.825,25,5,8,41,130,1,5,0,46
2026-01-11 02:20:53,10.582,Orfey,34.4,8.634,7,26,3,3.907,22,42.5,29.63,32.258,14,4,43,125,4,2,0,46
2026-01-14 17:31:59,10.816,Orfey,34.959,8.642,5,27,1,3.93,19,53.125,27.451,30,9,5,43,123,3,2,0,46
2026-01-17 16:40:47,10.931,Orfey,33.621,6.254,0,17,0,4.564,10,53.125,24.074,30,5,4,39,116,1,4,0,46
2026-01-17 16:42:16,10.931,Orfey,33.621,6.254,0,17,0,4.564,10,53.125,24.074,30,5,4,39,116,1,4,0,46
2026-01-29 00:15:00,10.589,Orfey,42.188,9.029,7,21,1,4.093,20,65.854,31.481,30.303,13,6,54,128,5,1,0,46
2026-02-04 12:07:51,11.006,Orfey,32.168,8.752,8,31,4,3.978,20,44.737,28.125,26.829,12,4,46,143,3,2,1,46
2026-02-08 19:05:51,11.096,Orfey,36.842,10.062,6,24,0,3.531,31,50,28.378,45.946,13,12,49,133,2,4,0,46
2026-02-09 18:53:08,10.89,Orfey,32.773,7.838,6,25,0,4.359,17,37.5,31.481,31.707,7,7,39,119,2,3,0,46
2026-02-13 00:43:49,10.786,Orfey,36.8,13.502,16,28,1,2.87,33,50,28.302,36.111,17,14,46,125,4,1,1,46
2026-02-14 14:04:22,11.095,Orfey,32.298,9.659,4,23,0,4.077,21,59.459,23.729,24.615,11,7,52,161,5,1,0,46
2026-02-25 11:19:38,11.501,Orfey,30.822,8.936,6,25,2,3.489,23,40,26.471,31.25,9,12,45,146,3,3,0,46
2026-03-09 19:09:10,11.513,Orfey,33.577,6.528,4,29,0,4.435,18,58.065,29.167,20.588,5,4,46,137,4,2,0,46
2026-03-10 19:04:37,11.695,Orfey,30.702,6.086,1,12,0,4.829,10,42.857,29.63,21.875,3,6,35,114,0,5,1,46
2026-03-15 00:14:27,11.191,Orfey,28.814,8.142,4,24,0,3.824,17,42.857,27.083,21.429,5,7,34,118,0,5,0,46
2026-03-25 22:25:20,10.69,Orfey,33.333,8.401,3,13,2,4.37,12,47.059,29.231,28.205,8,3,46,138,3,3,0,46
2026-03-28 22:07:01,10.681,Orfey,34.043,7.878,2,12,0,4.469,11,44.828,32.432,25,5,6,32,94,3,2,0,46
2026-03-30 13:56:39,10.782,Orfey,44.8,13.538,11,20,1,3.786,26,57.143,43.636,34.286,13,12,56,125,6,0,0,46
2026-04-02 13:54:01,11.37,Orfey,30.233,9.465,4,22,0,4.026,19,37.037,33.333,21.429,7,8,39,129,4,2,0,46
2026-04-05 17:46:11,11.559,Orfey,35.135,10.769,4,13,1,3.872,18,46.429,39.13,21.622,7,6,39,111,3,2,0,46
2026-04-09 18:12:32,11.655,Orfey,37.168,9.789,4,16,0,4.071,19,50,33.333,32.5,9,5,42,113,3,2,0,46
2026-04-10 21:38:08,11.749,Orfey,31.69,7.703,2,24,1,4.556,13,44.118,31.25,22.727,5,4,45,142,2,4,0,46
2026-04-13 19:02:02,11.539,Orfey,29.412,8.351,3,19,0,4.171,13,52.632,15.385,24.138,10,2,35,119,4,2,0,46
2026-04-16 00:39:38,11.738,Orfey,35.294,9.017,5,27,0,4.071,20,46.875,31.667,29.63,9,8,42,119,2,3,0,46
2026-04-20 22:24:29,11.65,Orfey,39.13,8.813,5,24,0,4.022,18,50,37.778,34.783,9,5,45,115,3,2,0,46
2026-04-21 10:13:47,11.75,Orfey,27.928,8.227,2,16,1,3.871,16,52,25,14.706,6,2,31,111,4,1,0,46
2026-04-22 10:47:24,12.061,Orfey,38.378,7.717,2,29,0,4.549,23,53.488,39.241,26.984,6,10,71,185,1,5,0,46
2026-04-25 09:12:57,11.682,Orfey,37.19,9.665,3,18,1,4.067,19,47.826,37.097,30.556,9,10,45,121,4,2,0,46
2026-04-27 18:57:55,11.886,Orfey,33.898,7.386,3,30,0,4.5,21,43.636,34.722,22,7,8,60,177,0,6,0,46
2026-04-28 14:08:03,11.315,Orfey,33.929,8.99,6,25,1,4.053,19,38.889,33.333,32.432,8,7,38,112,3,1,1,46
2026-05-01 11:41:50,11.512,Orfey,37.313,9.832,8,28,0,3.68,26,58.621,33.333,27.778,8,13,50,134,1,5,0,46
2026-05-03 13:50:06,11.117,Orfey,34.127,9.515,6,29,0,3.86,23,39.394,29.412,35.714,7,8,43,126,3,2,0,46
2026-05-05 18:37:55,11.216,Orfey,39.855,9.929,5,23,0,3.673,28,45.455,38.356,37.5,14,5,55,138,3,3,0,46
2026-05-06 18:46:33,11.198,Orfey,32.061,8.956,6,28,0,3.714,23,53.333,25,26.667,9,13,42,131,6,0,0,46
2026-05-08 18:02:51,11.765,Orfey,42.222,9.505,5,25,2,4.333,22,47.222,45.455,30.303,7,12,57,135,2,2,1,46
2026-05-09 10:11:56,11.772,Orfey,38.462,10.532,7,29,3,4.786,23,53.333,31.765,36.538,13,3,70,182,5,0,1,46
2026-05-10 12:17:28,12.236,Orfey,29.851,7.907,4,28,0,4.0,18,29.167,27.586,32.692,9,7,40,134,4,2,0,46
2026-05-11 18:11:15,12.436,Orfey,40.206,8.873,3,12,0,4.538,13,45.455,43.137,29.167,4,5,39,97,2,4,0,46
2026-05-13 16:03:02,12.244,Orfey,41.844,11.577,3,20,1,3.983,29,61.111,33.898,36.957,14,7,59,141,5,1,0,46
2026-05-15 17:46:44,12.618,Orfey,34.821,10.819,9,23,0,3.333,23,46.429,30,32.353,12,8,39,112,1,4,0,46
2026-05-16 13:47:04,12.045,Orfey,31.081,8.232,3,29,0,4.37,19,44,32.5,20.93,6,8,46,148,2,4,0,46
2026-05-17 15:14:41,11.876,Orfey,34.783,8.08,5,21,0,4.982,18,50,30.263,28.889,7,8,56,161,3,3,0,46
2026-05-27 11:00:45,11.876,Orfey,37.748,9.838,2,16,1,4.351,20,53.333,39.189,25.532,6,3,57,151,3,3,0,46
2026-05-28 10:37:26,11.871,Orfey,36.0,9.944,7,33,1,3.444,26,47.826,39.726,17.241,13,5,45,125,4,2,0,46
2026-05-29 13:51:29,12.056,Orfey,33.962,7.219,4,24,0,3.556,20,50,35,22.5,7,7,36,106,3,3,0,46
2026-06-05 06:23:16,12.039,Orfey,33.987,8.473,3,11,1,4.712,17,39.474,33.333,30.435,4,6,52,153,4,2,0,46
2026-06-09 18:18:54,12.223,Orfey,37.594,11.447,6,17,4,3.74,28,48.485,36.508,29.73,12,10,50,133,6,0,0,46
2026-06-17 16:20:35,12.769,Orfey,29.63,7.688,6,27,0,4.225,20,50,34.426,9.091,9,3,40,135,5,1,0,46
2026-06-18 07:29:56,12.952,Orfey,43.678,10.95,2,16,1,4.658,28,59.091,37.662,39.623,6,12,76,174,2,4,0,46
2026-06-22 22:49:49,13.12,Orfey,35.897,7.419,2,19,0,4.786,13,44.444,31.373,33.333,5,7,42,117,2,3,0,46
2026-07-03 17:57:14,13.112,Orfey,31.667,6.8,2,21,1,4.237,16,43.478,31.373,26.087,4,12,38,120,1,5,0,46
2026-01-04 11:41:01,12.903,Renzou,39.37,12.405,10,17,0,3.48,26,58.621,34.921,31.429,13,11,50,127,3,3,0,47
2026-01-05 07:23:46,12.898,Renzou,35.849,6.477,8,58,0,3.649,27,52.273,30.303,28.571,11,11,57,159,4,2,0,47
2026-01-16 08:28:15,13.118,Renzou,44.382,10.13,1,22,0,4.468,25,48.889,47.126,34.783,5,13,79,178,2,4,0,47
2026-01-25 07:18:08,12.919,Renzou,39.189,9.617,4,17,0,4.724,16,48.571,35.526,37.838,5,10,58,148,3,3,0,47
2026-01-29 06:07:11,12.926,Renzou,46.377,9.261,0,10,1,4.953,15,50,49.123,38.462,3,6,64,138,3,2,0,47
2026-01-29 13:10:54,13.019,Renzou,39.695,8.123,2,24,0,4.538,20,36,46.154,31.707,7,2,52,131,3,3,0,47
2026-02-02 20:29:58,13.059,Renzou,30.435,7.618,3,23,0,4.857,14,33.333,32.203,26.087,4,5,42,138,2,4,0,47
2026-02-20 05:26:49,12.852,Renzou,48.921,11.939,4,16,0,4.279,26,48.889,50,47.059,6,13,68,139,3,3,0,47
2026-03-06 05:51:01,12.84,Renzou,37.58,9.333,4,21,0,4.644,21,45.714,37.662,31.111,8,10,59,157,3,3,0,47
2026-03-09 05:38:02,12.811,Renzou,31.613,4.216,1,17,3,5.98,8,42.5,25.373,31.25,3,3,49,155,2,4,0,47
2026-03-19 04:19:23,12.606,Renzou,40.69,9.336,1,16,1,4.712,18,43.333,31.746,50,7,7,59,145,4,2,0,47
2026-03-22 07:43:08,12.806,Renzou,37.209,9.825,2,7,1,4.583,12,46.154,32.727,34.286,6,4,48,129,4,2,0,47
2026-04-03 06:41:19,12.98,Renzou,33.113,6.164,2,22,3,5.44,12,48.718,29.688,25,4,8,50,151,0,6,0,47
2026-04-05 07:51:40,12.386,Renzou,34.641,6.308,0,11,0,5.132,10,55.263,23.188,34.783,2,2,53,153,2,3,1,47
2026-04-10 07:34:26,12.301,Renzou,36.42,6.331,2,31,0,4.966,13,37.143,38.158,33.333,6,0,59,162,3,1,1,47
2026-04-11 07:24:55,12.51,Renzou,42.336,9.043,1,13,0,4.828,15,33.333,42.647,50,9,2,58,137,3,3,0,47
2026-04-13 19:02:02,12.502,Renzou,40.12,11.561,6,20,1,4.045,28,44.444,34.211,45.652,9,14,67,167,2,4,0,47
2026-04-16 00:39:38,12.301,Renzou,41.525,11.145,7,14,1,3.837,23,38.889,42.857,42.424,11,8,49,118,2,3,0,47
2026-04-18 07:38:54,12.206,Renzou,42.5,9.592,2,19,0,4.941,17,60,36.232,37.255,5,8,68,160,1,5,0,47
2026-04-19 09:37:53,11.842,Renzou,31.683,10.273,3,12,1,3.75,17,21.739,32.558,37.143,5,6,32,101,1,4,0,47
2026-04-23 05:08:06,11.565,Renzou,30.702,8.214,8,34,1,3.657,20,28.571,27.66,35.897,9,5,35,114,1,4,0,47
2026-04-24 04:52:40,11.297,Renzou,46.324,11.826,8,18,0,3.667,34,51.429,43.077,47.222,11,11,63,136,3,3,0,47
2026-04-25 06:26:43,11.299,Renzou,44.379,8.353,3,21,1,5.28,17,58.537,40.26,39.216,7,6,75,169,1,4,1,47
2026-04-28 05:07:35,11.009,Renzou,35.0,9.419,7,20,1,3.612,23,32,33.333,39.13,11,7,49,140,3,3,0,47
2026-04-30 07:23:58,11.001,Renzou,45.588,9.309,3,18,0,4.21,25,53.571,30.303,64.286,12,8,62,136,4,2,0,47
2026-05-01 04:08:42,11.178,Renzou,42.276,8.598,6,32,0,3.654,22,37.037,49.057,37.209,15,8,52,123,2,4,0,47
2026-05-02 09:39:52,10.999,Renzou,27.66,7.803,6,25,0,4.179,14,42.857,19.355,27.273,8,2,39,141,3,3,0,47
2026-05-06 23:26:01,10.992,Renzou,39.865,10.183,13,43,1,3.525,30,51.429,27.273,48.936,21,3,59,148,5,1,0,47
2026-05-09 06:27:18,11.373,Renzou,45.946,11.29,8,21,0,4.294,24,46.667,52.941,36,12,8,68,148,4,2,0,47
2026-05-14 21:21:37,11.373,Renzou,43.448,8.957,1,17,0,4.857,15,54.545,45.161,34,3,3,63,145,3,2,0,47
2026-05-16 04:37:10,11.457,Renzou,39.815,6.335,1,27,0,5.116,12,59.259,34.694,31.25,5,3,43,108,3,2,0,47
2026-05-23 06:57:28,11.663,Renzou,48.718,10.845,4,19,1,4.544,17,41.379,50.909,51.515,9,5,57,117,4,1,0,47
2026-05-25 07:30:37,11.943,Renzou,29.412,8.239,4,25,0,3.943,16,30.303,26.531,32.432,4,8,35,119,5,1,0,47
2026-05-30 04:57:21,12.321,Renzou,41.481,11.401,3,18,0,4.482,23,44.444,43.662,36.957,5,9,56,135,3,3,0,47
2026-05-31 06:42:17,12.321,Renzou,41.772,8.586,2,20,0,4.833,15,60,40.506,32.653,9,5,66,158,3,3,0,47
2026-06-06 04:57:28,12.332,Renzou,46.497,10.65,4,15,0,5.068,19,44.444,41.429,57.143,9,8,73,157,3,2,1,47
2026-06-13 07:12:37,12.429,Renzou,36.478,7.343,3,16,3,5.259,16,40,31.884,40,7,1,58,159,4,1,0,47
2026-06-16 00:10:57,12.709,Renzou,44.037,10.994,12,37,0,3.771,24,60,42.857,30,16,8,48,109,5,0,0,47
2026-06-19 21:13:50,13.176,Renzou,39.823,10.746,5,15,0,4.133,18,53.846,39.286,29.032,7,7,45,113,3,2,0,47
2026-06-20 23:27:03,13.267,Renzou,37.903,7.58,0,7,0,4.83,11,48.276,38.182,30,5,1,47,124,4,2,0,47
2026-06-22 00:04:06,13.443,Renzou,35.294,7.941,1,8,1,4.778,13,36.364,35.849,33.333,5,1,36,102,2,2,1,47
2026-06-28 00:57:32,13.45,Renzou,41.667,9.466,2,23,1,4.415,22,41.026,43.21,38.889,7,13,65,156,2,3,1,47
2026-06-30 05:07:25,13.346,Renzou,35.333,7.623,1,10,1,5.132,13,54.545,28.788,31.373,2,5,53,150,2,4,0,47
2026-07-05 04:52:45,13.182,Renzou,42.197,8.944,3,21,1,4.753,22,43.243,37.5,48.214,6,11,73,173,2,4,0,47
2026-01-01 22:39:32,17.664,accelerator11,61.864,15.67,11,19,0,3.712,36,94.737,47.368,43.478,16,13,73,118,5,0,0,49
2026-01-02 13:57:28,18.187,accelerator11,45.263,14.183,5,13,1,3.907,20,70,36.957,41.379,8,8,43,95,4,1,0,49
2026-01-03 00:30:48,18.505,accelerator11,53.435,16.453,13,17,0,3.443,42,90.244,40,32.5,18,20,70,131,2,4,0,49
2026-01-11 19:25:15,18.312,accelerator11,58.462,17.573,10,15,0,3.579,47,92.308,46.296,40.541,15,28,76,130,4,2,0,49
2026-01-14 05:49:52,18.518,accelerator11,41.026,14.735,9,25,1,3.938,24,85,33.871,28.571,12,13,48,117,1,5,0,49
2026-01-16 08:28:15,18.127,accelerator11,48.78,13.858,6,21,1,4.175,33,83.333,42.424,30.357,8,18,80,164,2,4,0,49
2026-01-17 05:38:38,17.92,accelerator11,52.727,17.746,6,14,0,3.586,33,63.158,55.385,38.462,11,17,58,110,4,1,0,49
2026-01-17 10:53:12,18.221,accelerator11,42.073,13.684,12,27,0,4.275,31,78.378,37.143,24.561,15,14,69,164,0,6,0,49
2026-01-17 22:50:02,17.628,SmartHardyz,53.548,13.965,12,37,0,3.699,43,92.105,46.575,31.818,18,21,83,155,5,1,0,49
2026-01-18 05:07:20,18.027,accelerator11,51.724,14.676,11,17,0,3.089,27,94.444,44.737,35.484,14,15,45,87,4,1,0,49
2026-01-18 07:26:58,18.318,accelerator11,45.161,14.251,11,27,0,4.014,32,89.655,41.558,24.49,14,17,70,155,4,2,0,49
2026-01-18 10:29:54,18.504,accelerator11,55.085,16.447,8,19,0,3.615,34,88.462,45.455,45.946,15,17,65,118,3,2,0,49
2026-01-18 12:22:26,18.607,accelerator11,50.0,15.59,14,27,0,3.206,38,81.579,33.898,41.379,23,16,63,126,3,3,0,49
2026-01-23 10:40:06,18.518,accelerator11,54.167,20.685,11,13,0,3.492,37,83.333,47.17,32.258,13,21,65,120,0,6,0,49
2026-01-24 11:00:37,18.021,accelerator11,51.695,14.978,6,15,0,3.705,31,84.615,47.17,35.897,10,19,61,118,0,6,0,49
2026-01-29 16:37:47,17.443,accelerator11,48.936,14.845,12,20,0,3.239,27,88,44.444,24.242,16,10,46,94,4,1,0,49
2026-01-31 08:22:55,17.715,accelerator11,49.655,16.275,11,17,0,4.111,34,78.947,37.143,43.243,12,19,72,145,4,0,1,49
2026-02-04 12:07:51,18.113,accelerator11,47.333,15.3,11,31,0,3.577,42,78.125,44.776,31.373,14,20,71,150,2,4,0,49
2026-06-03 04:26:23,17.936,accelerator11,52.033,15.949,11,19,3,3.797,33,87.879,41.304,36.364,13,15,64,123,2,3,0,49
2026-06-03 06:38:37,17.845,accelerator11,51.938,17.675,9,14,0,3.403,37,82.143,42.623,45,20,14,67,129,4,2,0,49
2026-06-03 18:55:58,18.019,accelerator11,42.763,11.788,8,29,0,3.985,33,74.194,38.75,26.829,9,16,65,152,3,2,1,49
2026-06-05 06:23:16,18.098,accelerator11,54.305,17.948,8,11,1,4.049,36,94.737,46.154,33.333,13,16,82,151,3,2,1,49
2026-06-05 17:50:16,18.188,accelerator11,47.727,14.008,10,27,0,3.317,41,69.565,45.902,39.583,15,22,63,132,4,1,0,49
2026-06-06 04:57:28,18.745,accelerator11,48.507,16.321,7,12,2,4.415,30,64.706,45.614,39.535,9,14,65,134,0,6,0,49
2026-06-07 04:19:09,18.182,accelerator11,54.206,19.531,10,10,2,3.276,36,75,53.333,38.235,12,24,58,107,3,2,0,49
2026-06-10 18:04:55,18.348,accelerator11,48.039,13.69,6,12,0,4.061,22,88.889,41.463,23.529,8,11,49,102,2,3,0,49
2026-06-10 21:20:02,18.26,accelerator11,52.137,17.116,12,26,0,3.344,36,78.125,44.898,38.889,15,18,61,117,1,4,0,49
2026-06-11 04:24:29,17.97,accelerator11,51.24,13.768,1,12,0,3.984,32,69.231,59.649,26.316,8,15,62,121,4,1,0,49
2026-06-12 14:04:43,18.26,accelerator11,50.485,13.635,5,17,0,4.019,24,81.25,47.917,41.026,7,16,52,103,1,4,0,49
2026-06-12 18:27:27,17.987,accelerator11,56.849,17.284,3,17,0,4.024,40,80.556,53.125,43.478,9,27,83,146,2,4,0,49
2026-06-13 04:37:13,17.805,accelerator11,50.515,18.463,4,5,0,3.796,27,88.889,36.17,34.783,6,16,49,97,2,3,0,49
2026-06-13 07:12:37,17.711,accelerator11,53.642,16.815,11,11,1,4.407,31,81.818,43.75,39.535,16,10,81,151,5,0,0,49
2026-06-18 10:54:28,18.187,accelerator11,56.209,18.135,18,22,1,3.547,50,84.615,47.887,44.186,28,20,86,153,4,2,0,49
2026-06-19 21:13:50,18.379,accelerator11,50.98,18.137,9,13,1,3.385,30,95,37.255,45.161,14,14,52,102,3,2,0,49
2026-06-22 00:04:06,18.477,accelerator11,48.485,17.213,11,10,1,3.958,22,94.444,44.898,28.125,11,5,48,99,4,1,0,49
2026-01-03 10:38:36,17.252,Sniparook,55.479,15.957,9,17,0,4.21,30,60.606,60.811,41.026,13,14,81,146,3,3,0,50
2026-01-06 05:29:39,17.241,Sniparook,51.351,15.548,9,27,0,3.763,38,48.571,59.722,39.024,10,24,76,148,3,3,0,50
2026-01-12 05:30:57,17.152,Sniparook,50.962,15.515,4,18,0,3.528,31,55.556,67.568,32.5,7,14,53,104,3,2,0,50
2026-01-17 05:38:38,17.151,Sniparook,52.8,15.313,5,20,1,3.97,31,37.5,67.188,37.838,11,15,66,125,4,1,0,50
2026-01-22 22:13:39,17.453,Sniparook,55.172,14.97,8,23,0,3.5,41,50,60,50,12,27,64,116,1,4,0,50
2026-01-23 10:40:06,17.151,Sniparook,51.095,17.031,5,24,0,3.657,37,45.714,55.224,48.571,14,15,70,137,4,2,0,50
2026-01-24 11:00:37,17.344,Sniparook,50.0,15.312,12,22,0,3.769,29,38.71,56.25,48.571,15,11,65,130,4,2,0,50
2026-01-25 09:22:33,17.548,Sniparook,55.09,15.637,10,28,0,4.098,44,47.368,64.286,44.444,15,21,92,167,4,2,0,50
2026-01-26 19:25:39,17.746,Sniparook,46.392,13.499,5,14,0,3.867,20,44.444,51.02,40,7,9,45,97,2,3,0,50
2026-01-27 19:12:40,17.64,Sniparook,52.349,14.097,11,20,2,3.936,36,46.875,58.333,46.667,23,6,78,149,5,1,0,50
2026-01-31 08:22:55,18.023,Sniparook,46.032,10.668,3,17,0,4.724,20,44.444,56.364,34.091,6,11,58,126,1,3,1,50
2026-03-07 00:48:43,17.816,Sniparook,45.185,12.938,4,28,0,3.836,29,50,48.485,35.135,13,10,61,135,5,1,0,50
2026-03-08 10:05:52,18.199,Sniparook,41.667,10.6,5,32,0,4.267,20,47.5,45.588,27.778,6,12,60,144,1,5,0,50
2026-03-09 19:09:10,17.804,Sniparook,50.0,16.083,12,25,0,3.206,44,50,60.656,33.333,15,26,68,136,1,5,0,50
2026-03-10 10:21:36,17.409,Sniparook,52.174,16.143,13,26,0,3.694,37,54.839,50.725,52.632,18,13,72,138,4,1,1,50
2026-03-11 10:35:17,17.652,Sniparook,49.007,11.647,3,23,1,4.297,30,60.526,48.214,42.105,8,18,74,151,2,4,0,50
2026-03-15 00:14:27,17.465,Sniparook,58.451,15.34,6,14,0,4.084,43,55.556,69.118,42.105,11,22,83,142,3,2,0,50
2026-03-15 10:12:57,17.64,Sniparook,53.797,15.146,12,27,0,4.082,39,33.333,66.216,49.02,17,15,85,158,4,2,0,50
2026-03-16 10:28:16,17.831,Sniparook,54.938,14.397,6,27,0,4.225,32,47.826,66.197,44.444,9,16,89,162,2,3,1,50
2026-03-17 10:03:05,17.735,Sniparook,47.321,14.717,13,25,1,3.453,28,41.935,59.615,31.034,16,13,53,112,3,3,0,50
2026-03-19 04:19:23,17.748,Sniparook,58.451,17.62,5,16,0,4.096,39,51.613,65.625,53.191,7,17,83,142,2,4,0,50
2026-03-22 07:43:08,17.555,Sniparook,54.0,16.416,5,14,0,4.346,28,51.351,62.5,44.898,12,9,81,150,2,4,0,50
2026-03-25 10:07:16,17.367,Sniparook,51.049,12.774,5,17,2,4.247,33,58.333,58.929,37.255,8,12,73,143,4,2,0,50
2026-03-26 10:19:38,17.558,Sniparook,44.667,9.947,12,45,0,3.761,38,48.837,55.738,26.087,14,20,67,150,3,3,0,50
2026-03-28 09:47:58,17.585,Sniparook,46.226,13.983,6,17,0,3.816,23,30.435,63.636,35.897,11,7,49,106,3,2,1,50
2026-03-29 10:08:23,17.69,Sniparook,47.134,12.097,4,21,1,4.595,23,42.5,57.143,38.889,7,11,74,157,2,4,0,50
2026-03-30 09:40:19,17.501,Sniparook,50.98,13.353,1,19,0,4.423,31,60,54.545,36.585,7,17,78,153,2,4,0,50
2026-03-31 10:11:52,17.286,Sniparook,50.314,14.477,7,28,1,4.213,32,42.857,61.842,37.5,11,17,80,159,3,3,0,50
2026-04-03 06:41:19,17.273,Sniparook,50.0,16.178,1,20,0,3.877,32,50,58.462,33.333,10,19,65,130,4,2,0,50
2026-04-04 10:52:22,17.465,Sniparook,47.02,15.075,5,26,0,3.817,34,58.065,56.944,25,8,15,71,151,4,2,0,50
2026-04-05 07:51:40,17.643,Sniparook,48.0,14.658,3,13,0,4.111,30,40.909,53.03,47.5,6,13,72,150,2,4,0,50
2026-04-09 00:14:04,17.457,Sniparook,50.0,13.077,3,10,0,4.131,26,50,51.923,47.059,9,8,61,122,3,3,0,50
2026-04-13 04:24:01,17.473,Sniparook,46.897,13.334,4,27,0,4.309,31,39.286,61.644,27.273,10,17,68,145,3,3,0,50
2026-04-14 07:36:39,17.472,Sniparook,56.209,13.474,8,18,0,4.395,27,46.512,64.286,52.5,13,14,86,153,2,4,0,50
2026-04-15 10:03:16,17.263,Sniparook,55.556,15.711,5,21,1,4.176,34,52.632,61.333,47.5,11,23,85,153,4,2,0,50
2026-04-16 00:39:38,17.437,Sniparook,50.562,16.187,9,13,0,3.378,27,33.333,54.348,56,12,9,45,89,4,1,0,50
2026-04-17 07:29:19,17.724,Sniparook,45.07,12.272,9,33,0,3.625,33,51.282,55.556,28.571,13,12,64,142,1,5,0,50
2026-04-19 04:54:10,17.349,Sniparook,62.644,13.812,2,12,0,5.083,25,56.818,69.737,57.407,6,13,109,174,2,4,0,50
2026-04-19 09:37:53,17.157,Sniparook,54.455,19.001,8,12,0,3.636,29,47.826,60.465,51.429,11,11,55,101,1,4,0,50
2026-04-21 00:49:52,16.894,Sniparook,59.333,18.543,10,24,0,3.483,53,52.273,67.143,52.778,15,26,89,150,2,4,0,50
2026-04-21 10:13:47,16.726,Sniparook,56.338,14.09,4,23,0,4.325,33,50,61.111,52.632,8,14,80,142,2,3,0,50
2026-04-22 10:47:24,16.637,Sniparook,49.112,13.876,8,28,0,3.94,41,38.235,64.789,37.5,12,18,83,169,4,1,1,50
2026-04-23 10:37:04,16.904,Sniparook,51.705,13.715,8,34,0,4.011,40,48.649,60.714,40,13,20,91,176,2,2,2,50
2026-04-24 04:52:40,16.889,Sniparook,56.618,15.598,8,25,0,3.429,49,61.111,60,47.5,10,31,77,136,1,4,1,50
2026-04-26 04:32:57,16.622,Sniparook,51.429,15.023,7,13,1,4.389,32,51.429,56.897,44.681,13,11,72,140,4,1,1,50
2026-05-16 04:37:10,16.88,Sniparook,62.963,17.016,7,22,0,3.894,46,67.857,67.647,51.282,13,28,85,135,1,3,1,50
2026-05-16 10:16:26,16.54,Sniparook,53.216,13.82,4,19,0,4.198,38,45.652,59.036,50,6,19,91,171,3,3,0,50
2026-05-18 06:06:48,16.552,Sniparook,52.381,15.182,12,24,0,4.351,31,57.692,57.971,42.308,16,11,77,147,2,4,0,50
2026-05-31 06:42:17,16.38,Sniparook,52.98,14.557,6,22,0,4.287,31,47.222,60.563,45.455,12,10,80,151,3,3,0,50
2026-06-03 04:26:23,16.366,Sniparook,58.333,16.401,8,13,0,3.968,32,50,68.627,48.571,8,17,63,108,3,2,0,50
2026-06-06 04:57:28,16.449,Sniparook,57.325,14.344,4,15,1,4.756,27,53.333,61.429,54.762,10,13,90,157,3,2,1,50
2026-06-07 04:19:09,16.543,Sniparook,56.028,13.824,6,21,0,4.19,32,50,65.079,47.727,8,22,79,141,1,4,0,50
2026-06-13 04:37:13,16.024,Sniparook,50.0,13.463,1,15,0,4.431,20,36,61.818,41.667,3,9,58,116,5,0,0,50
2026-06-13 07:12:37,16.483,Sniparook,60.377,16.642,4,16,1,4.5,41,56,66.667,55,7,21,96,159,4,1,0,50
2026-06-19 19:28:06,16.755,Sniparook,50.365,15.898,7,21,2,3.768,40,50,52.239,47.222,13,18,69,137,4,2,0,50
2026-06-19 21:13:50,16.929,Sniparook,45.745,13.122,2,12,0,3.744,21,40.741,48.718,46.429,6,12,43,94,3,2,0,50
2026-06-20 18:11:36,17.023,Sniparook,43.662,12.249,9,22,0,4.29,25,42.857,48.438,38,14,8,62,142,4,1,1,50
2026-06-20 23:27:03,17.283,Sniparook,50.98,14.858,3,9,0,4.058,18,42.105,57.407,44.828,4,7,52,102,3,3,0,50
2026-06-22 00:04:06,17.27,Sniparook,49.618,10.586,1,19,0,4.815,19,45.714,60,39.024,6,9,65,131,2,3,0,50
2026-01-01 22:39:32,11.394,Chata,36.0,9.553,6,23,2,3.722,20,56,34.615,17.391,10,8,36,100,3,2,0,51
2026-01-02 00:57:04,11.498,Chata,40.458,10.705,10,29,0,3.755,30,38.235,35.593,50,12,10,53,131,3,3,0,51
2026-01-02 13:57:28,11.503,Chata,43.158,13.587,7,13,0,4.0,18,55,45.652,31.034,9,9,41,95,4,1,0,51
2026-01-03 00:30:48,11.792,Chata,38.4,10.635,9,24,0,3.771,21,29.268,44.231,40.625,12,9,48,125,4,2,0,51
2026-01-05 14:10:20,11.968,Chata,40.164,10.668,3,15,1,4.286,17,46.429,42,34.091,7,6,49,122,2,4,0,51
2026-01-06 14:13:54,11.784,Chata,36.478,9.132,7,32,0,4.793,19,42.105,37.333,30.435,9,6,58,159,2,4,0,51
2026-01-07 01:49:38,11.592,Chata,37.888,11.185,17,37,1,3.41,34,31.111,41.27,39.623,18,11,61,161,1,5,0,51
2026-01-07 14:00:01,11.201,Chata,44.928,10.677,3,21,0,4.194,26,48.718,41.27,47.222,6,12,62,138,5,0,0,51
2026-01-07 16:34:15,11.659,Chata,39.706,10.345,6,24,0,3.963,25,22.222,46.377,45.161,12,10,54,136,5,1,0,51
2026-01-09 14:00:22,12.014,Chata,38.356,9.606,6,22,0,4.446,22,52.941,35.714,30.952,7,4,56,146,4,2,0,51
2026-01-11 02:20:53,12.183,Chata,43.704,10.926,11,34,0,4.068,25,46.875,38.333,48.837,16,8,59,135,4,2,0,51
2026-01-17 16:40:47,12.35,Chata,39.13,6.956,2,24,0,4.889,14,29.268,42.373,44.737,2,10,54,138,2,3,0,51
2026-01-17 16:42:16,12.35,Chata,39.13,6.956,2,24,0,4.889,14,29.268,42.373,44.737,2,10,54,138,2,3,0,51
2026-01-20 00:30:42,12.263,Chata,35.664,8.631,6,27,0,4.235,23,29.545,39.286,37.209,13,8,51,143,3,3,0,51
2026-01-20 19:15:46,12.266,Chata,40.476,8.617,4,23,0,4.392,20,38.462,45.07,31.034,6,12,51,126,1,5,0,51
2026-01-22 22:13:39,11.89,Chata,46.491,12.688,10,27,0,3.415,31,47.826,49.18,40,16,11,53,114,4,1,0,51
2026-01-23 10:40:06,12.35,Chata,31.2,8.5,4,18,0,4.359,14,28.571,32.258,31.429,6,4,39,125,4,2,0,51
2026-01-26 00:05:52,12.372,Chata,37.838,10.067,6,16,0,3.952,21,46.154,30.952,39.535,9,7,42,111,5,1,0,51
2026-01-26 19:25:39,12.734,Chata,45.631,12.89,7,17,0,4.17,19,55.172,41.667,42.308,11,5,47,103,4,1,0,51
2026-01-27 19:12:40,13.007,Chata,39.516,9.004,4,20,1,4.469,20,51.724,40.323,27.273,7,10,49,124,1,5,0,51
2026-01-29 00:15:00,12.642,Chata,40.523,9.295,8,41,1,3.806,28,44.186,38.889,39.474,10,14,62,153,3,3,0,51
2026-01-29 13:10:54,12.642,Chata,40.323,8.992,3,17,0,4.44,20,47.826,43.077,30.556,6,8,50,124,4,2,0,51
2026-01-31 23:17:02,12.821,Chata,43.357,9.219,3,18,0,4.306,25,38.889,49.231,38.095,7,13,62,143,4,2,0,51
2026-02-02 00:40:03,13.004,Chata,32.847,6.797,3,32,0,4.6,13,45.455,31.343,24.324,5,9,45,137,3,3,0,51
2026-02-02 13:53:19,13.016,Chata,42.029,12.014,6,23,1,4.293,25,50,37.681,43.902,8,14,58,138,3,3,0,51
2026-02-02 20:29:58,13.029,Chata,36.957,9.148,1,23,1,4.745,16,39.394,38.983,32.609,3,11,51,138,2,4,0,51
2026-02-03 20:22:50,12.845,Chata,32.759,7.305,2,23,0,4.105,19,42.308,32,27.5,4,11,38,116,3,3,0,51
2026-02-04 12:07:51,12.85,Chata,35.948,8.766,5,30,0,4.2,25,27.586,35.714,40.741,11,9,55,153,1,4,1,51
2026-02-05 15:04:09,12.573,Chata,40.667,8.291,4,23,0,5.0,14,32.353,37.681,51.064,6,10,61,150,2,4,0,51
2026-02-05 20:53:38,12.384,Chata,46.512,12.805,4,19,0,3.733,32,41.935,47.761,48.387,10,18,60,129,2,4,0,51
2026-02-06 18:13:10,12.217,Chata,52.893,14.035,3,12,0,3.984,30,51.429,52.941,54.286,11,10,64,121,6,0,0,51
2026-02-07 22:12:56,12.618,Chata,38.065,9.428,5,29,0,4.0,26,30.303,37.333,44.681,15,9,59,155,4,2,0,51
2026-02-09 18:53:08,12.793,Chata,33.898,6.823,1,20,0,4.275,12,41.176,34.694,25.714,5,5,40,118,3,2,0,51
2026-02-11 13:43:55,12.896,Chata,40.541,10.341,3,17,0,4.422,15,34.783,42.308,41.667,5,3,45,111,2,4,0,51
2026-02-14 14:04:22,12.713,Chata,39.416,11.542,5,19,1,4.111,20,37.838,36.364,44.444,9,12,54,137,2,4,0,51
2026-02-16 18:20:23,12.527,Chata,46.452,10.287,8,26,1,3.75,37,60,44.595,39.13,11,15,72,155,4,2,0,51
2026-02-17 21:05:31,12.717,Chata,39.37,10.587,8,27,0,4.1,21,34.375,38.462,44.186,9,7,50,127,2,3,0,51
2026-02-20 14:01:01,12.626,Chata,45.07,9.747,4,20,2,4.781,21,45.455,41.096,52.778,8,8,64,142,3,3,0,51
2026-02-21 09:56:08,12.631,Chata,44.961,12.341,7,19,0,4.052,23,51.724,36.538,50,11,8,58,129,4,2,0,51
2026-02-22 17:23:05,12.812,Chata,44.828,11.839,9,24,2,4.064,32,39.394,41.667,52.632,13,13,78,174,5,1,0,51
2026-02-25 11:19:38,13.179,Chata,33.088,7.382,6,27,0,4.356,16,28,29.577,42.5,8,2,45,136,2,4,0,51
2026-02-27 19:13:22,13.015,Chata,39.623,9.02,2,11,0,4.571,16,45.833,39.216,35.484,5,5,42,106,4,1,0,51
2026-02-28 11:06:18,13.286,Chata,45.238,11.032,5,30,2,4.513,26,51.163,43.038,43.478,8,20,76,168,3,2,1,51
2026-03-02 11:58:43,13.367,Chata,38.298,8.331,1,21,0,4.87,16,41.667,38.806,34.211,7,5,54,141,4,2,0,51
2026-03-04 14:45:10,13.536,Chata,40.541,10.597,8,33,0,4.117,27,46.154,44.615,29.545,15,10,60,148,3,3,0,51
2026-03-07 00:48:43,13.534,Chata,45.139,11.145,4,23,0,4.154,28,52.5,39.437,48.485,5,15,65,144,3,3,0,51
2026-03-07 13:52:35,13.515,Chata,39.855,11.646,7,29,0,3.964,28,35.714,45.455,34.091,10,17,55,138,1,4,0,51
2026-03-15 00:14:27,13.248,Chata,45.0,12.089,8,31,0,4.19,29,48.571,35.385,57.5,11,15,63,140,2,3,0,51
2026-03-15 19:01:50,13.249,Chata,47.788,14.028,5,9,0,3.852,22,50,46.809,47.368,9,10,54,113,4,2,0,51
2026-03-18 14:41:23,13.448,Chata,42.537,11.246,6,17,1,4.421,23,48.571,40.984,39.474,9,11,57,134,3,3,0,51
2026-03-19 19:00:40,13.441,Chata,43.056,12.342,7,26,1,4.016,31,25.806,54.545,38.298,12,12,62,144,5,1,0,51
2026-03-20 19:13:56,13.812,Chata,42.683,9.018,5,32,0,4.914,16,53.333,35.897,46.429,7,9,70,164,4,1,1,51
2026-03-21 14:05:45,14.083,Chata,37.931,11.66,4,26,0,3.727,21,33.333,40.426,38.462,8,11,44,116,4,1,0,51
2026-03-22 14:22:46,14.36,Chata,33.065,9.484,9,39,0,3.61,23,20,33.333,40.476,12,8,41,124,3,2,0,51
2026-03-23 19:15:16,14.451,Chata,41.322,10.584,6,24,0,3.94,24,36.667,41.071,45.714,9,4,50,121,4,1,0,51
2026-03-24 13:55:04,14.722,Chata,33.333,7.267,8,47,0,3.796,27,32.558,33.333,34.211,12,9,49,147,4,2,0,51
2026-03-25 13:45:37,14.913,Chata,44.444,13.342,7,30,0,4.203,29,57.895,39.344,40,11,14,64,144,4,2,0,51
2026-03-28 15:30:09,15.09,Chata,46.281,11.142,6,20,0,4.393,24,57.576,46,36.842,8,15,56,121,1,5,0,51
2026-03-30 09:40:19,14.731,Chata,43.038,8.601,0,17,0,4.794,19,47.619,42.254,40,4,2,68,158,3,3,0,51
2026-04-01 14:00:26,14.722,Chata,42.029,12.381,3,25,0,4.397,25,48.148,44.262,36,12,6,58,138,5,1,0,51
2026-04-02 13:54:01,15.079,Chata,38.76,12.469,6,25,1,3.84,22,33.333,38.983,42.5,10,13,50,129,2,4,0,51
2026-04-02 18:30:27,14.901,Chata,47.581,10.157,4,17,0,4.627,15,60,49.231,35.294,10,5,59,124,3,2,0,51
2026-04-03 13:50:59,14.976,Chata,39.61,11.253,12,45,0,4.016,27,41.463,39.706,37.778,14,11,61,154,3,3,0,51
2026-04-10 21:38:08,14.973,Chata,41.615,12.323,5,21,0,4.343,26,50,33.333,45.652,10,15,67,161,4,2,0,51
2026-04-15 10:03:16,15.162,Chata,40.58,8.935,5,27,0,4.946,16,67.857,25,44,9,5,56,138,2,4,0,51
2026-04-17 14:03:23,14.982,Chata,40.164,9.553,7,38,0,3.367,29,44.444,32.759,48.649,11,15,49,122,1,4,0,51
2026-04-18 16:41:41,14.711,Chata,50.968,12.055,5,25,0,4.316,29,55.319,53.03,42.857,9,16,79,155,5,0,1,51
2026-04-19 14:28:30,15.116,Chata,42.222,9.88,6,29,0,4.386,24,43.243,35.821,54.839,7,11,57,135,2,4,0,51
2026-04-21 10:13:47,14.936,Chata,50.42,11.85,2,17,0,4.517,24,51.429,56.863,39.394,5,10,60,119,3,2,0,51
2026-04-21 13:51:52,15.021,Chata,41.346,11.705,6,13,0,4.0,19,43.478,35.417,48.485,7,9,43,104,2,4,0,51
2026-04-22 10:47:24,14.841,Chata,41.42,9.905,4,28,1,4.286,29,41.176,43.662,39.062,7,16,70,169,4,1,1,51
2026-04-24 14:02:24,15.101,Chata,37.5,9.99,6,38,1,3.667,28,50,35.714,31.579,10,13,51,136,2,3,0,51
2026-04-28 14:08:03,15.014,Chata,44.737,14.572,9,24,0,3.314,32,40.909,44.262,48.387,15,12,51,114,2,3,0,51
2026-04-29 13:52:18,14.923,Chata,47.518,13.053,5,26,0,4.015,29,52.174,49.315,42.222,7,16,67,141,3,3,0,51
2026-05-03 13:50:06,14.85,Chata,32.673,8.127,5,19,0,4.03,14,41.667,30.435,29.032,6,6,33,101,1,4,0,51
2026-05-04 18:44:00,14.58,Chata,36.22,9.759,5,18,0,3.913,23,40,38.806,28.571,8,9,46,127,2,3,0,51
2026-05-05 14:09:04,14.58,Chata,44.371,11.795,6,34,0,3.955,30,53.333,42.424,41.818,9,17,67,151,2,2,1,51
2026-05-07 14:18:37,14.48,Chata,46.667,13.023,10,30,0,3.766,40,53.333,42.029,47.059,12,17,77,165,1,4,1,51
2026-05-08 18:02:51,14.211,Szafa,52.593,12.537,6,25,0,4.042,28,58.974,41.071,62.5,11,11,71,135,4,0,1,51
2026-05-09 21:18:01,14.563,Szafa,30.252,9.145,4,24,0,4.222,16,26.087,32.836,27.586,7,10,36,119,2,4,0,51
2026-05-10 12:17:28,14.312,Chata,51.007,14.264,5,20,0,3.684,40,51.429,54.545,45.833,11,23,76,149,3,3,0,51
2026-05-11 14:04:11,14.659,Chata,42.105,11.968,7,30,0,4.266,25,50,42.105,36.364,10,12,64,152,3,3,0,51
2026-05-14 14:18:15,14.65,Chata,46.715,11.672,4,24,0,4.172,28,57.576,40.299,48.649,6,14,64,137,1,4,1,51
2026-05-14 21:21:37,14.383,Chata,51.128,11.541,4,12,0,4.985,15,52.632,54.545,45,7,7,68,133,2,3,0,51
2026-05-16 13:47:04,14.286,Chata,44.882,13.156,6,21,1,4.035,20,55.172,40.678,43.59,10,9,57,127,4,2,0,51
2026-05-18 11:01:47,14.468,Chata,48.592,14.983,15,31,0,3.087,45,46.429,49.18,49.057,19,17,69,142,2,3,1,51
2026-05-19 14:12:22,14.394,Chata,45.238,11.463,6,23,0,4.07,28,46.154,46.667,42.5,13,13,57,126,3,3,0,51
2026-05-20 14:25:13,14.392,Chata,40.517,7.782,2,23,1,4.426,18,26.087,40.351,50,5,10,47,116,2,3,0,51
2026-05-21 14:29:56,14.296,Chata,46.0,10.612,5,24,1,4.464,28,45.946,46.269,45.652,9,12,69,150,3,3,0,51
2026-05-24 13:57:54,14.29,Chata,46.296,12.02,11,23,0,3.86,24,50,43.75,50,14,9,50,108,4,1,0,51
2026-05-25 12:49:49,14.562,Chata,41.667,12.438,9,21,0,3.74,25,47.222,38.596,40.741,10,11,50,120,3,3,0,51
2026-05-26 08:23:25,14.57,Chata,44.318,10.569,7,22,3,4.603,25,53.659,41.772,41.071,7,10,78,176,2,3,1,51
2026-05-27 11:00:45,14.482,Chata,50.355,13.871,9,20,0,4.479,19,40,56.716,47.727,10,5,71,141,3,3,0,51
2026-05-30 09:01:45,14.485,Chata,44.654,8.937,4,24,0,4.831,16,51.163,37.662,51.282,6,5,71,159,1,4,1,51
2026-06-01 13:46:50,14.219,Chata,47.541,11.629,7,17,0,3.983,25,54.545,42,48.718,11,8,58,122,2,3,1,51
2026-06-09 18:18:54,14.128,Chata,49.624,14.477,6,17,0,3.864,36,48.485,50.794,48.649,16,12,66,133,6,0,0,51
2026-06-10 18:04:55,14.652,Chata,37.255,9.627,4,12,4,4.158,16,44.444,34.146,35.294,5,5,38,102,2,3,0,51
2026-06-14 14:19:33,14.569,Chata,50.365,14.829,8,14,1,4.246,27,41.176,54.386,52.174,13,11,69,137,4,2,0,51
2026-06-17 23:35:10,14.75,Chata,55.833,15.441,8,18,0,3.731,33,48,48.077,69.767,12,16,67,120,1,3,1,51
2026-06-22 22:49:49,14.661,Chata,42.735,9.115,3,19,1,4.62,16,41.667,41.176,46.667,8,9,50,117,2,3,0,51
2026-06-29 18:09:56,14.49,Chata,46.479,13.673,8,26,0,3.758,37,55.556,42.647,44.737,10,21,66,142,3,3,0,51
2026-06-30 14:01:09,14.485,Chata,38.255,7.537,3,29,1,4.368,20,38.095,38.462,38.095,7,15,57,149,2,4,0,51
2026-07-04 14:18:33,14.032,Chata,48.889,13.257,3,9,0,4.121,31,40.625,52.459,50,13,12,66,135,4,2,0,51
2026-01-02 13:57:28,16.213,Thaleko,46.903,13.122,6,23,0,4.245,23,61.538,41.509,44.118,6,11,53,113,2,3,0,52
2026-01-18 10:29:54,16.111,Thaleko,50.0,15.391,13,25,0,3.549,39,48.387,60.938,36.17,17,18,71,142,2,3,0,52
2026-02-07 10:29:10,16.004,Thaleko,53.425,13.725,12,30,0,3.859,34,60,55.072,45.238,17,17,78,146,3,3,0,52
2026-02-09 18:53:08,16.01,Thaleko,50.0,15.098,10,20,1,3.475,29,58.824,42.857,51.429,14,10,59,118,3,2,0,52
2026-02-28 11:06:18,16.131,Thaleko,55.422,12.716,5,28,0,4.511,29,63.636,58.108,47.458,9,9,92,166,3,3,0,52
2026-03-12 22:28:14,16.131,Thaleko,55.696,16.179,13,33,0,3.909,41,71.429,45.455,60.87,18,15,88,158,3,3,0,52
2026-03-20 19:13:56,16.152,Thaleko,54.93,13.025,6,23,0,4.718,21,45.455,56.923,56.364,10,7,78,142,1,4,1,52
2026-03-21 14:05:45,15.865,Thaleko,58.993,16.631,8,24,0,3.902,35,62.5,61.538,52.381,12,17,82,139,3,2,0,52
2026-03-22 14:22:46,15.963,Thaleko,50.704,12.359,10,37,0,3.944,32,52.941,50.685,48.571,13,13,72,142,4,1,0,52
2026-03-27 19:09:40,16.293,Thaleko,52.027,15.845,8,24,0,3.961,37,52.941,45.312,60,13,17,77,148,4,2,0,52
2026-04-10 21:38:08,16.487,Thaleko,52.174,16.74,9,20,0,3.986,27,62.5,43.103,55,11,14,72,138,2,4,0,52
2026-04-11 13:56:22,16.284,Thaleko,59.259,14.892,6,13,0,4.475,24,63.415,58.491,56.098,8,7,80,135,4,2,0,52
2026-04-25 09:12:57,16.495,Thaleko,46.61,11.822,6,15,0,4.273,20,56,46.429,40.541,13,9,55,118,3,3,0,52
2026-05-02 09:39:52,16.492,Thaleko,50.365,15.674,9,27,0,3.826,31,76.316,41.071,39.535,16,8,69,137,5,1,0,52
2026-05-04 18:44:00,16.904,Thaleko,59.236,15.047,8,29,0,3.796,43,74.359,60,44.186,12,28,93,157,3,2,0,52
2026-05-06 21:00:14,17.002,Thaleko,51.111,12.6,5,18,0,4.275,24,55.814,52.459,41.935,9,14,69,135,2,4,0,52
2026-05-08 18:02:51,16.789,Thaleko,57.377,14.249,7,13,1,3.986,30,81.25,50,47.059,11,14,70,122,4,1,0,52
2026-05-09 10:11:56,17.082,Thaleko,46.386,14.563,6,26,0,4.299,32,62.857,39.506,46,12,15,77,166,1,2,3,52
2026-05-14 14:18:15,16.971,Thaleko,56.028,14.479,5,31,0,4.127,35,54.839,54.167,60.526,15,15,79,141,5,1,0,52
2026-05-14 21:21:37,17.367,Thaleko,53.913,16.9,7,16,0,4.161,20,63.333,55.319,44.737,11,5,62,115,3,2,0,52
2026-05-16 10:16:26,17.471,Thaleko,52.713,17.047,8,13,0,3.794,32,53.333,50.877,54.762,10,17,68,129,3,3,0,52
2026-05-18 11:01:47,17.466,Thaleko,57.759,16.618,13,18,0,3.254,38,58.333,60.345,52.941,17,22,67,116,1,4,1,52
2026-05-22 21:04:09,17.176,Thaleko,47.333,13.771,12,35,0,3.761,38,55.556,51.515,35.417,17,19,71,150,1,4,0,52
2026-05-25 12:49:49,16.875,Thaleko,47.826,12.528,3,21,0,3.727,32,56.098,44.615,43.75,9,16,66,138,4,2,0,52
2026-05-27 11:00:45,17.065,Thaleko,53.901,13.266,4,20,0,4.553,22,60,59.701,40.909,6,10,76,141,3,3,0,52
2026-05-29 18:24:54,17.068,Thaleko,50.0,16.352,12,27,0,3.507,42,51.613,53.623,43.478,14,20,73,146,5,1,0,52
2026-06-20 18:11:36,17.437,Thaleko,58.73,17.283,7,18,0,3.946,35,72.727,58.065,52.381,11,22,74,126,2,4,0,52
2026-06-21 22:16:46,17.244,Thaleko,51.639,15.631,4,22,0,3.778,31,72.727,47.458,46.341,12,18,63,122,2,3,0,52
2026-06-22 21:35:21,17.166,Thaleko,41.509,10.782,7,39,0,4.152,27,63.158,35.714,33.333,8,18,66,159,4,2,0,52
2026-07-02 18:34:06,17.367,Thaleko,55.405,17.247,8,23,0,3.878,34,70,52.632,50,11,18,82,148,2,4,0,52
2026-07-03 17:57:14,17.174,Thaleko,49.612,13.914,8,23,1,3.672,39,78.947,45,44,15,10,64,129,4,2,0,52
2026-04-11 13:56:22,14.299,Lika,30.088,8.89,4,13,1,4.324,12,27.586,34.545,24.138,5,5,34,113,3,3,0,58
2026-04-12 10:13:20,14.276,Lika,34.091,9.89,2,5,1,4.067,11,29.032,34.375,40,4,7,30,88,2,3,0,58
2026-04-13 04:24:01,14.171,Lika,37.931,9.482,1,27,1,4.564,23,46.429,39.726,29.545,9,4,55,145,3,3,0,58
2026-04-13 14:04:29,14.17,Lika,42.982,9.664,5,21,1,4.061,20,40,45.161,40.741,9,6,49,114,4,2,0,58
2026-04-19 14:28:30,14.38,Lika,39.2,10.017,7,20,0,4.306,21,30.303,42.105,42.857,8,5,49,125,3,3,0,58
2026-04-20 13:47:22,14.367,Lika,25.688,5.944,3,25,1,4.607,10,32.143,21.154,27.586,8,3,28,109,1,5,0,58
2026-04-21 10:13:47,13.964,Lika,38.136,11.699,4,17,2,3.956,21,41.176,37.037,36.667,8,7,45,118,2,3,0,58
2026-04-21 13:51:52,13.862,Lika,32.258,9.604,5,16,0,3.925,22,26.316,35.294,34.286,10,9,40,124,4,2,0,58
2026-04-23 15:00:23,14.081,Lika,32.192,6.945,4,26,1,4.723,12,29.167,34.177,30.233,4,7,47,146,3,3,0,58
2026-04-24 04:52:40,14.066,Lika,46.341,13.007,11,13,0,3.596,31,47.368,43.662,51.515,11,14,57,123,3,3,0,58
2026-04-25 09:12:57,14.058,Lika,34.899,10.135,5,28,0,3.731,23,38.235,34.783,32.609,12,7,52,149,2,4,0,58
2026-04-27 18:57:55,13.855,Lika,43.919,11.601,7,30,1,4.031,29,44.118,44.776,42.553,8,14,65,148,3,3,0,58
2026-04-28 14:08:03,13.869,Lika,36.066,9.576,5,29,0,3.977,23,26.667,29.412,51.22,8,14,44,122,2,2,1,58
2026-04-29 09:20:39,13.864,Lika,34.146,8.125,8,33,0,3.738,22,33.333,33.898,35.294,8,10,42,123,1,5,0,58
2026-04-29 18:16:04,13.481,Lika,33.793,7.991,8,34,0,3.612,26,39.474,28.788,36.585,11,11,49,145,1,5,0,58
2026-05-02 09:39:52,13.102,Lika,30.303,9.637,8,22,2,4.2,17,33.333,31.429,25.714,8,7,40,132,1,5,0,58
2026-05-04 18:44:00,12.721,Lika,37.008,10.201,7,18,1,3.894,22,40,34.328,40,11,9,47,127,2,3,0,58
2026-05-10 12:17:28,12.619,Lika,33.871,10.682,8,16,0,3.69,23,43.478,33.333,28.947,11,8,42,124,2,4,0,58
2026-05-11 10:54:27,12.43,Lika,31.008,9.157,11,31,0,3.35,26,33.333,26.316,35.556,13,10,40,129,1,4,1,58
2026-05-14 14:18:15,12.145,Lika,33.553,7.567,3,29,0,4.529,20,28.571,32.857,38.298,10,6,51,152,3,2,1,58
2026-05-28 10:37:26,12.236,Lika,23.0,7.226,6,28,0,3.652,14,13.636,12.766,45.161,10,4,23,100,0,6,0,58
2026-05-31 11:11:49,11.665,Lika,42.029,10.808,8,22,0,3.897,30,42.424,48.529,29.73,15,9,58,138,3,2,1,58
2026-06-22 00:04:06,11.743,Lika,36.893,11.015,3,7,1,4.053,17,39.13,37.736,33.333,5,6,38,103,2,3,0,58
2026-01-01 10:11:46,13.807,neoburnz,48.462,10.713,4,32,0,3.952,28,65.517,42.857,44.444,12,3,63,130,5,0,0,59
2026-01-02 08:00:50,14.31,neoburnz,41.86,6.954,1,23,1,5.037,15,63.333,32.759,39.024,4,6,54,129,0,4,1,59
2026-01-03 05:26:37,13.937,neoburnz,36.709,7.344,4,52,0,4.448,22,45.161,36.111,32.727,7,8,58,158,3,3,0,59
2026-01-03 10:38:36,13.93,neoburnz,47.26,10.138,4,17,0,4.71,16,60.606,45.946,38.462,5,7,69,146,3,3,0,59
2026-01-04 06:10:39,13.919,neoburnz,46.552,10.972,10,47,0,3.975,33,57.143,48.235,37.037,13,15,81,174,3,2,1,59
2026-01-07 14:00:01,14.004,neoburnz,50.0,14.625,5,17,0,3.733,23,48.276,48.889,56.25,10,10,45,90,3,2,0,59
2026-01-07 16:34:15,14.107,neoburnz,47.154,12.065,6,24,0,3.897,23,40.741,50,46.429,10,14,58,123,1,5,0,59
2026-01-14 05:49:52,13.746,neoburnz,44.595,10.283,4,30,0,4.697,22,42.424,47.887,40.909,8,8,66,148,1,5,0,59
2026-01-14 17:31:59,13.361,neoburnz,45.865,10.355,3,25,0,3.902,29,55.882,47.541,34.211,10,6,61,133,3,2,0,59
2026-01-16 18:32:49,13.554,neoburnz,35.514,8.303,3,24,0,3.763,13,54.545,33.333,25.806,8,6,38,107,3,2,0,59
2026-01-17 05:38:38,13.661,neoburnz,44.0,9.588,2,17,1,4.709,18,41.935,44.776,44.444,4,13,55,125,0,5,0,59
2026-01-17 10:53:12,13.184,neoburnz,38.857,9.789,3,33,1,4.559,20,34.091,42.105,38.182,8,13,68,175,3,2,1,59
2026-01-17 16:40:47,13.274,neoburnz,52.941,12.925,4,18,0,4.143,27,53.125,52.632,53.333,10,12,63,119,4,1,0,59
2026-01-17 16:42:16,13.274,neoburnz,52.941,12.925,4,18,0,4.143,27,53.125,52.632,53.333,10,12,63,119,4,1,0,59
2026-01-18 05:07:20,13.567,neoburnz,43.81,11.332,10,34,0,3.283,29,46.154,46.939,36.667,13,9,46,105,2,3,0,59
2026-01-18 07:26:58,13.477,neoburnz,47.794,12.524,4,28,0,4.369,23,59.259,36.923,56.818,8,14,65,136,4,2,0,59
2026-01-20 11:16:49,13.679,neoburnz,46.099,11.022,6,40,0,3.662,36,62.857,42.857,36.111,11,17,65,141,4,2,0,59
2026-01-22 09:18:28,13.857,neoburnz,49.057,12.486,8,35,0,4.064,35,69.048,42.254,41.304,13,11,78,159,5,1,0,59
2026-01-24 11:00:37,14.224,neoburnz,38.462,8.714,3,22,0,4.36,20,64.516,35.938,20,5,10,50,130,4,2,0,59
2026-01-25 07:18:08,14.414,neoburnz,45.27,10.081,2,17,0,4.731,19,42.857,48.684,40.541,2,7,67,148,3,3,0,59
2026-01-27 05:46:13,14.412,neoburnz,44.0,9.747,5,29,0,4.212,26,50,42.857,36.667,10,16,66,150,3,3,0,59
2026-01-29 06:07:11,14.415,neoburnz,47.101,8.324,1,10,0,5.169,12,54.762,43.86,43.59,4,6,65,138,2,3,0,59
2026-01-31 16:22:08,14.33,neoburnz,50.676,12.182,6,31,0,3.76,38,54.167,50.649,48.936,16,21,75,148,2,4,0,59
2026-02-01 10:15:38,14.149,neoburnz,45.69,10.747,8,23,0,3.566,28,30,47.541,51.429,12,13,53,116,2,4,0,59
2026-02-02 09:29:42,13.98,neoburnz,55.696,11.613,5,37,0,3.795,47,61.538,50,60,11,32,88,158,1,4,1,59
2026-02-02 13:53:19,13.709,neoburnz,38.406,7.536,1,23,0,4.849,15,53.571,31.884,39.024,4,6,53,138,3,3,0,59
2026-02-04 13:43:18,13.722,neoburnz,43.448,11.861,5,31,0,3.714,33,43.75,45.205,40,8,19,63,145,4,2,0,59
2026-02-05 15:04:09,13.915,neoburnz,51.333,9.86,3,23,0,4.935,18,44.118,42.029,70.213,7,8,77,150,2,4,0,59
2026-02-06 18:13:10,13.723,neoburnz,50.833,12.436,3,9,0,4.0,21,56.25,46.154,52.778,6,14,61,120,2,4,0,59
2026-02-07 10:29:10,13.574,neoburnz,40.984,9.465,5,27,0,3.92,20,50,41.379,34.211,10,6,50,122,3,3,0,59
2026-02-10 18:27:03,13.561,neoburnz,51.553,10.942,6,39,0,4.229,33,56.757,49.367,51.111,9,18,83,161,3,3,0,59
2026-02-14 14:04:22,13.566,neoburnz,42.857,11.201,3,23,0,4.232,26,43.243,44.068,41.538,7,11,69,161,5,1,0,59
2026-02-16 18:20:23,13.924,neoburnz,45.806,9.065,5,26,0,3.972,31,54.286,44.595,41.304,8,13,71,155,4,2,0,59
2026-02-17 09:16:51,14.117,neoburnz,46.857,10.64,4,44,0,4.415,29,74.359,37.805,40.741,6,18,82,175,3,3,0,59
2026-02-21 07:37:52,14.145,neoburnz,45.087,9.798,3,36,0,4.795,22,43.243,50.649,38.983,5,11,78,173,4,1,1,59
2026-02-21 09:56:08,14.425,neoburnz,46.853,12.108,5,20,0,4.134,28,52.5,44.615,44.737,10,15,67,143,4,2,0,59
2026-02-22 07:42:23,14.605,neoburnz,43.571,11.578,4,22,1,4.279,23,48.649,45.588,34.286,12,10,61,140,4,2,0,59
2026-02-27 06:33:50,14.784,neoburnz,40.909,7.919,1,20,0,4.722,15,48.718,46.667,21.212,4,2,54,132,1,4,1,59
2026-02-27 19:13:22,14.54,neoburnz,46.094,10.956,3,25,0,4.322,21,57.143,39.683,48.649,9,7,59,128,1,3,1,59
2026-03-03 09:00:41,14.372,neoburnz,50.314,12.174,3,29,0,4.088,34,50,50.649,50,9,21,80,159,3,3,0,59
2026-03-04 14:45:10,14.382,neoburnz,46.032,12.721,6,29,0,3.793,29,44,41.667,53.659,10,14,58,126,3,3,0,59
2026-03-06 10:48:41,14.384,neoburnz,42.647,11.08,13,41,0,3.466,34,45.161,36.364,51.282,15,14,58,136,3,3,0,59
2026-03-07 13:52:35,14.391,neoburnz,45.536,7.897,1,22,0,5.059,18,51.515,44,41.379,7,6,51,112,1,3,1,59
2026-03-08 10:05:52,14.206,neoburnz,41.667,9.405,2,32,0,4.4,20,60,36.765,30.556,6,8,60,144,1,5,0,59
2026-03-09 05:38:02,13.84,neoburnz,50.968,9.751,3,17,0,5.367,19,60,49.254,45.833,7,5,79,155,2,4,0,59
2026-03-09 14:33:55,13.656,neoburnz,37.41,8.899,1,26,0,4.423,19,51.724,42.647,19.048,2,14,52,139,2,3,1,59
2026-03-11 10:35:17,13.572,neoburnz,48.837,11.119,3,17,0,4.27,25,72.727,46.552,31.579,9,5,63,129,2,4,0,59
2026-03-15 10:12:57,13.4,neoburnz,44.366,8.762,2,19,1,4.524,17,43.333,50,36.957,4,11,63,142,1,4,1,59
2026-03-16 10:28:16,13.14,neoburnz,43.827,8.926,3,27,0,4.648,20,58.696,47.887,22.222,5,8,71,162,2,3,1,59
2026-03-16 16:08:49,13.049,neoburnz,47.468,9.911,11,35,0,4.173,30,58.824,50.704,35.849,16,11,75,158,3,3,0,59
2026-03-17 10:03:05,13.041,neoburnz,42.857,10.966,7,27,0,3.882,22,51.852,45.614,31.429,12,11,51,119,2,4,0,59
2026-03-18 14:41:23,12.863,neoburnz,47.761,10.496,3,17,0,4.625,22,62.857,45.902,36.842,6,13,64,134,3,3,0,59
2026-03-19 14:23:48,12.856,neoburnz,45.509,9.712,9,45,0,4.158,34,51.163,38.889,50,18,12,76,167,3,3,0,59
2026-03-22 14:22:46,12.85,neoburnz,47.887,10.206,5,36,0,4.265,31,38.235,57.746,37.838,9,19,68,142,3,2,0,59
2026-03-24 10:46:54,12.934,neoburnz,40.336,8.6,4,31,0,4.396,21,41.935,40,39.474,7,8,48,119,1,2,1,59
2026-03-26 13:51:53,12.841,neoburnz,42.958,8.724,1,20,0,4.705,19,48.276,44.776,36.957,3,7,61,142,1,5,0,59
2026-03-28 15:30:09,12.482,neoburnz,47.917,9.202,2,21,0,4.623,19,53.846,46.377,44.444,5,16,69,144,3,3,0,59
2026-04-09 18:12:32,12.485,neoburnz,45.299,11.578,4,17,0,4.151,22,65.217,40.816,40,9,10,53,117,3,2,0,59
2026-04-12 04:56:46,12.57,neoburnz,48.966,11.939,5,23,0,4.282,29,68,47.561,39.474,12,13,71,145,3,3,0,59
2026-04-12 10:13:20,12.571,neoburnz,43.182,9.551,1,5,0,4.526,10,35.484,37.5,60,3,5,38,88,2,3,0,59
2026-04-14 07:36:39,12.482,neoburnz,43.972,8.838,0,24,0,4.581,19,58.065,40.58,39.024,2,14,62,141,1,5,0,59
2026-04-15 10:03:16,12.147,neoburnz,45.652,8.502,1,27,0,5.016,15,64.286,43.333,38,7,7,63,138,2,4,0,59
2026-04-16 06:43:37,11.967,neoburnz,43.827,7.695,9,46,0,4.014,30,65.909,37.5,33.333,10,8,71,162,3,3,0,59
2026-04-17 14:03:23,11.981,neoburnz,39.437,7.058,2,48,0,3.946,26,38.71,40.323,38.776,7,11,56,142,3,1,1,59
2026-04-18 16:41:41,12.152,neoburnz,39.394,9.074,5,19,0,4.462,16,45.161,41.935,30.769,9,5,52,132,3,3,0,59
2026-04-19 09:37:53,12.17,neoburnz,37.815,6.663,0,22,0,4.978,12,36.667,36.538,40.541,1,5,45,119,0,5,0,59
2026-04-20 13:47:22,11.715,neoburnz,39.85,8.434,4,32,0,4.509,18,44.737,38.596,36.842,7,8,53,133,2,4,0,59
2026-04-21 13:51:52,11.539,neoburnz,39.423,11.618,8,13,0,3.976,16,30.435,39.583,45.455,9,3,41,104,2,4,0,59
2026-04-24 14:02:24,11.358,neoburnz,45.299,10.537,6,30,0,4.189,23,38.462,45.283,50,11,10,53,117,3,2,0,59
2026-04-30 07:23:58,11.448,neoburnz,44.118,8.649,4,18,0,4.333,22,50,42.424,42.857,8,6,60,136,4,2,0,59
2026-04-30 14:25:20,11.615,neoburnz,42.667,9.566,7,36,0,3.875,31,46.512,41.538,40.476,9,17,64,150,3,2,1,59
2026-05-04 06:27:59,11.723,neoburnz,42.373,10.326,3,26,0,3.48,30,36.364,51.923,33.333,10,15,50,118,3,3,0,59
2026-05-05 14:09:04,11.729,neoburnz,44.526,8.145,3,21,0,4.721,14,38.889,46.875,45.946,4,4,61,137,1,3,1,59
2026-05-06 05:45:40,11.562,neoburnz,47.17,13.43,5,7,0,4.34,19,43.333,43.137,60,10,5,50,106,3,3,0,59
2026-05-07 14:18:37,11.578,neoburnz,51.351,12.613,6,31,0,4.211,39,55.882,52.308,46.939,11,20,76,148,1,4,1,59
2026-05-09 06:27:18,11.315,neoburnz,43.243,7.523,1,21,0,4.734,15,36.667,52.941,34,2,16,64,148,4,2,0,59
2026-05-12 09:38:12,11.578,neoburnz,45.033,9.391,7,44,0,3.721,35,51.429,44.595,40.476,10,19,68,151,1,4,1,59
2026-05-12 14:05:09,11.319,neoburnz,35.036,8.259,6,31,0,3.667,23,25.926,31.343,46.512,9,10,48,137,4,2,0,59
2026-05-14 07:57:04,11.495,neoburnz,52.874,12.357,9,39,0,4.348,38,50,58.824,48.438,14,17,92,174,5,1,0,59
2026-05-15 17:46:44,11.495,neoburnz,39.286,8.922,2,33,0,3.864,23,51.852,34.921,36.364,10,13,44,112,2,3,0,59
2026-05-17 09:37:26,11.323,neoburnz,50.549,13.38,3,10,0,4.065,20,43.75,52.083,51.852,10,4,46,91,3,3,0,59
2026-05-20 14:25:13,11.317,neoburnz,42.857,8.822,5,28,0,4.204,22,34.375,44.643,47.368,8,10,54,126,5,0,0,59
2026-05-24 13:57:54,11.765,neoburnz,41.667,8.859,3,29,0,4.111,21,31.818,49.02,37.143,4,13,45,108,3,2,0,59
2026-05-26 13:56:18,11.858,neoburnz,40.323,8.789,7,28,0,4.02,18,43.75,27.083,52.273,8,7,50,124,2,4,0,59
2026-06-01 18:21:54,11.687,neoburnz,44.118,9.583,5,33,0,4.453,29,50,51.25,26.087,11,8,75,170,5,0,1,59
2026-06-03 14:14:56,12.13,neoburnz,48.171,9.271,6,44,0,4.0,31,56.25,45.455,44,14,15,79,164,2,3,1,59
2026-06-03 18:55:58,12.051,neoburnz,40.299,8.13,3,24,1,4.537,18,33.333,36.364,51.22,7,12,54,134,2,4,0,59
2026-06-05 17:50:16,11.886,neoburnz,48.361,10.242,3,23,0,4.017,27,46.875,50.98,46.154,9,16,59,122,1,4,0,59
2026-06-07 18:18:38,11.376,neoburnz,46.099,10.285,4,25,0,4.538,23,48.571,43.077,48.78,6,11,65,141,5,0,1,59
2026-06-11 14:01:41,11.837,neoburnz,42.537,9.348,4,24,0,4.175,24,51.515,41.27,36.842,6,9,57,134,5,0,0,59
2026-06-11 18:19:17,12.279,neoburnz,48.624,10.091,3,17,0,4.132,19,54.545,53.061,33.333,5,6,53,109,2,3,0,59
2026-06-16 23:18:25,12.183,neoburnz,41.353,12.005,7,31,1,3.673,30,56.25,41.379,30.233,11,12,55,133,2,2,1,59
2026-06-18 07:46:33,12.184,neoburnz,34.146,9.303,2,24,1,4.024,20,32.258,30.909,40.541,5,7,42,123,3,3,0,59
2026-06-18 14:24:55,12.208,neoburnz,37.795,6.703,1,33,1,4.521,14,48.148,40.385,29.167,5,10,48,127,2,3,0,59
2026-06-19 22:59:11,12.11,neoburnz,45.833,11.313,5,17,0,4.382,18,56.522,46.269,36.667,7,5,55,120,3,2,0,59
2026-06-21 22:16:46,12.202,neoburnz,36.496,8.015,0,31,1,4.36,18,40,39.726,26.471,4,10,50,137,3,2,0,59
2026-06-22 22:49:49,12.301,neoburnz,34.513,5.778,1,15,1,4.897,9,41.667,33.333,28.947,1,4,39,113,1,4,0,59
2026-06-25 17:15:02,12.035,neoburnz,43.617,11.334,3,21,0,3.976,18,46.667,43.182,40,7,14,41,94,3,2,0,59
2026-06-30 14:01:09,12.121,neoburnz,51.37,12.728,7,28,0,3.813,31,51.613,56.25,45.098,13,15,75,146,4,2,0,59
2026-07-01 14:17:09,12.3,neoburnz,40.299,6.646,0,11,0,4.481,8,50,34.375,42.105,4,3,27,67,3,3,0,59
2026-07-01 14:36:06,12.3,neoburnz,35.833,6.658,2,20,0,4.256,15,41.935,31.481,37.143,7,6,43,120,3,3,0,59
2026-07-02 13:52:04,12.3,neoburnz,46.364,9.071,3,19,0,4.392,16,57.143,46.667,33.333,8,2,51,110,4,1,0,59
2026-07-03 13:56:00,12.566,neoburnz,38.854,6.435,3,35,0,5.049,15,42.308,40.845,35,6,3,61,157,3,2,1,59
2026-07-05 14:02:38,12.649,neoburnz,42.748,10.616,6,24,0,4.125,25,56.667,47.541,25,9,7,56,131,5,1,0,59
2026-01-05 00:32:24,9.632,Yokipi,25.503,5.649,5,46,2,4.158,18,28.125,12.857,42.553,8,10,38,149,2,4,0,64
2026-02-04 12:07:51,9.418,Yokipi,31.884,7.169,3,30,0,4.273,19,25.926,24.59,44,7,7,44,138,5,1,0,64
2026-02-05 15:04:09,9.816,Yokipi,36.667,5.491,1,23,2,5.327,9,35.294,21.739,59.574,4,3,55,150,2,4,0,64
2026-02-14 14:04:22,9.612,Yokipi,22.059,4.752,1,21,0,4.8,9,25.926,18.333,24.49,3,2,30,136,3,3,0,64
2026-03-03 09:00:41,9.617,Yokipi,27.5,4.961,5,17,0,5.212,7,32.258,14.894,38.095,5,1,33,120,3,3,0,64
2026-03-07 13:52:35,9.616,Yokipi,33.607,8.062,5,25,1,4.415,15,34.375,25.424,48.387,5,5,41,122,3,2,0,64
2026-03-08 10:05:52,9.71,Yokipi,25.342,4.4,1,30,0,5.081,8,25,16.438,40,4,1,37,146,2,3,1,64
2026-03-10 10:21:36,9.629,Yokipi,20.915,3.129,0,29,1,4.969,6,33.333,6.579,36.364,2,3,32,153,1,4,1,64
2026-03-16 19:05:41,9.358,Yokipi,28.378,7.251,4,27,1,4.238,18,26.471,21.918,41.463,10,2,42,148,3,3,0,64
2026-03-17 10:03:05,9.338,Yokipi,24.107,3.602,2,25,0,4.963,5,35.484,15.385,27.586,2,4,27,112,3,3,0,64
2026-03-28 09:47:58,9.352,Yokipi,24.779,5.325,1,12,1,4.571,7,22.727,21.154,30.769,4,2,28,113,3,3,0,64
2026-03-28 15:30:09,9.357,Yokipi,28.472,5.51,4,21,2,4.829,11,33.333,13.043,52.778,9,3,41,144,3,3,0,64
2026-03-29 10:08:23,9.36,Yokipi,30.769,5.335,1,15,1,5.45,7,35.484,31.579,26.19,4,1,40,130,3,3,0,64
2026-03-30 09:40:19,9.353,Yokipi,26.144,5.737,4,19,1,5.225,9,45.714,12.987,34.146,6,2,40,153,2,4,0,64
2026-03-30 13:56:39,9.135,Yokipi,30.534,6.347,4,30,1,4.7,14,27.273,18.75,55.882,8,2,40,131,3,3,0,64
2026-03-31 10:11:52,9.136,Yokipi,26.316,4.654,2,22,2,5.6,8,31.25,22.222,28.947,4,3,35,133,1,5,0,64
2026-04-01 14:00:26,8.77,Yokipi,27.2,5.464,2,18,3,5.294,8,39.286,14.035,37.5,4,4,34,125,2,4,0,64
2026-04-03 06:41:19,8.585,Yokipi,36.424,4.773,0,22,2,5.727,9,43.59,29.688,39.583,2,6,55,151,0,6,0,64
2026-04-04 10:52:22,8.023,Yokipi,26.0,5.028,1,25,1,4.974,10,25,13.846,40.351,1,5,39,150,2,4,0,64
2026-04-06 14:24:31,7.836,Yokipi,22.807,6.537,7,49,2,3.872,19,23.077,18.75,28.846,9,7,39,171,3,3,0,64
2026-04-12 10:13:20,7.838,Yokipi,25.688,4.159,0,12,1,5.179,5,25,19.298,41.667,1,3,28,109,2,3,0,64
2026-04-15 10:03:16,7.753,Yokipi,34.641,5.799,0,21,0,5.189,11,44.737,24,45,3,4,53,153,4,2,0,64
2026-04-19 07:32:45,7.929,Yokipi,26.515,5.84,5,35,0,3.657,17,27.027,19.608,34.091,8,6,35,132,5,1,0,64
2026-04-19 09:37:53,8.306,Yokipi,21.849,3.274,0,22,0,5.462,4,23.333,15.385,29.73,1,3,26,119,0,5,0,64
2026-04-21 10:13:47,7.834,Yokipi,27.966,5.575,1,17,0,4.788,8,29.412,18.519,43.333,4,0,33,118,2,3,0,64
2026-04-22 06:15:10,7.742,Yokipi,24.49,4.205,1,12,0,5.417,5,38.095,11.538,40,3,1,24,98,3,2,0,64
2026-04-22 15:13:20,7.834,Yokipi,26.562,5.356,4,25,0,4.5,11,30.556,17.308,35,8,2,34,128,5,1,0,64
2026-04-23 15:00:23,8.206,Yokipi,26.471,4.506,2,28,1,5.056,8,25.926,21.333,38.235,3,2,36,136,3,3,0,64
2026-04-24 14:02:24,8.219,Yokipi,24.038,3.511,0,28,0,4.76,7,20,14.815,43.333,2,2,25,104,2,3,0,64
2026-04-25 09:12:57,8.114,Yokipi,35.537,7.938,2,18,0,4.326,15,30.435,32.258,44.444,6,6,43,121,4,2,0,64
2026-04-28 14:08:03,8.309,Yokipi,27.869,5.16,2,29,0,4.706,11,33.333,19.608,34.146,4,5,34,122,2,2,1,64
2026-04-29 18:16:04,8.304,Yokipi,28.276,5.85,4,34,0,3.878,20,28.947,18.182,43.902,7,7,41,145,1,5,0,64
2026-04-30 14:25:20,7.949,Yokipi,30.0,5.69,5,36,0,4.356,19,30.233,23.077,40.476,6,8,45,150,3,2,1,64
2026-05-01 21:20:47,8.06,Yokipi,39.216,10.944,5,30,0,3.4,36,37.209,30,52,15,13,60,153,3,2,1,64
2026-05-05 18:37:55,8.141,Yokipi,22.727,5.101,2,21,0,4.0,11,26.923,10.169,48,5,5,25,110,4,2,0,64
2026-05-11 08:22:11,8.337,Yokipi,29.927,4.799,2,36,0,4.463,17,38.462,20.968,36.111,6,6,41,137,3,3,0,64
2026-05-12 09:38:12,8.319,Yokipi,25.714,3.365,1,39,0,4.611,9,43.243,12.676,34.375,4,5,36,140,3,3,0,64
2026-05-18 11:01:47,8.319,Yokipi,29.688,5.633,4,28,0,4.5,13,26.087,21.818,40,6,5,38,128,3,2,1,64
2026-05-19 14:12:22,8.404,Yokipi,29.365,5.673,2,23,0,4.703,14,26.923,21.667,42.5,6,3,37,126,3,3,0,64
2026-05-21 07:13:01,8.402,Yokipi,33.043,5.811,3,21,0,4.711,11,30.303,27.586,50,5,5,38,115,2,4,0,64
2026-01-02 00:57:04,12.0,Baguett,43.151,10.09,10,32,0,4.206,30,52.5,39.706,39.474,14,9,63,146,2,4,0,65
2026-01-17 00:37:47,11.901,Baguett,46.023,10.154,9,39,0,3.765,39,77.273,37.931,31.111,12,25,81,176,1,3,2,65
2026-02-02 00:40:03,11.704,Baguett,36.538,6.9,3,39,0,4.825,20,69.231,27.273,23.529,5,6,57,156,1,5,0,65
2026-02-07 22:12:56,11.281,Baguett,43.609,9.153,3,20,0,4.345,20,67.647,35.714,34.884,7,13,58,133,2,4,0,65
2026-02-09 18:53:08,11.071,Baguett,38.053,10.586,6,17,0,3.953,20,61.905,33.333,31.707,9,11,43,113,4,1,0,65
2026-02-16 18:20:23,11.385,Baguett,43.293,9.064,5,34,0,3.845,39,69.444,38.554,31.111,7,17,71,164,3,3,0,65
2026-03-01 17:42:33,11.38,Baguett,50.413,10.85,2,24,0,4.098,28,61.538,50,44.186,4,21,61,121,2,3,0,65
2026-03-12 22:28:14,11.274,Baguett,36.709,8.072,2,34,0,4.414,22,51.613,32.53,34.091,7,9,58,158,2,4,0,65
2026-04-18 16:41:41,11.069,Baguett,49.242,13.858,8,19,0,4.0,29,67.742,46.774,38.462,12,14,65,132,3,3,0,65
2026-05-09 21:18:01,11.089,Baguett,38.235,12.09,6,17,1,3.962,25,63.333,31.746,30.233,11,12,52,136,4,2,0,65
2026-05-17 15:14:41,11.279,Baguett,47.205,10.552,4,21,2,4.763,26,67.5,39.474,42.222,6,17,76,161,3,3,0,65
2026-06-12 14:04:43,11.279,Baguett,35.593,6.17,0,27,0,4.81,13,65.385,32.759,17.647,4,4,42,118,2,3,0,65
2026-06-16 23:18:25,11.167,Baguett,39.13,11.081,6,16,0,3.833,18,60,28.261,38.095,8,4,36,92,4,1,0,65
2026-07-02 13:52:04,11.468,Baguett,46.154,12.548,9,25,0,3.926,27,60.714,43.86,37.5,12,12,54,117,3,2,0,65
2026-01-04 11:41:01,11.466,bamboo,28.226,4.846,0,20,0,4.743,11,23.333,33.333,22.581,0,4,35,124,4,2,0,66
2026-01-14 05:49:52,11.683,bamboo,30.405,5.5,1,30,3,5.089,11,30.303,26.761,36.364,2,4,45,148,1,5,0,66
2026-01-18 05:07:20,11.248,bamboo,30.172,7.691,6,35,1,3.314,21,40,28.07,26.471,11,7,35,116,2,3,0,66
2026-01-18 07:26:58,11.139,bamboo,28.571,4.945,2,26,0,5.132,6,37.143,23.729,28.205,4,3,38,133,1,5,0,66
2026-01-18 10:29:54,10.702,bamboo,37.008,7.902,3,21,0,4.404,16,37.037,33.846,42.857,9,4,47,127,3,2,0,66
2026-01-18 12:22:26,10.809,bamboo,32.121,5.67,6,50,0,4.811,18,41.86,30.137,26.531,11,4,53,165,2,3,1,66
2026-01-19 07:43:44,10.705,bamboo,32.847,7.411,5,24,0,4.178,18,35.714,33.803,28.947,8,5,45,137,5,1,0,66
2026-01-23 10:40:06,11.683,bamboo,26.667,6.637,2,13,0,4.5,13,22.222,24.528,35.484,3,8,32,120,0,6,0,66
2026-02-04 12:07:51,10.539,bamboo,33.333,6.888,2,30,0,4.471,18,34.483,28.571,38.889,7,7,51,153,1,4,1,66
2026-02-04 13:43:18,10.225,bamboo,31.405,7.438,0,26,0,3.921,19,48.276,27.586,23.529,5,8,38,121,2,4,0,66
2026-03-05 09:50:08,10.007,bamboo,33.099,6.895,4,37,2,4.34,16,30.556,29.825,38.776,7,10,47,142,2,4,0,66
2026-03-22 07:43:08,9.8,bamboo,31.333,7.246,2,16,1,4.936,11,27.273,24.286,44.681,5,8,47,150,2,3,1,66
2026-03-30 04:38:23,9.71,bamboo,26.241,5.067,0,20,0,4.865,10,28.947,21.538,31.579,2,2,37,141,1,5,0,66
2026-04-06 04:10:38,9.309,bamboo,28.261,6.645,4,25,0,4.154,17,36.667,13.725,36.842,5,6,39,138,1,5,0,66
2026-04-14 05:05:01,8.904,bamboo,32.0,6.697,3,20,0,4.725,14,40.541,27.869,29.63,5,2,40,125,4,1,0,66
2026-04-29 09:20:39,9.196,bamboo,30.882,5.404,3,35,0,4.429,17,33.333,28.571,31.915,4,11,42,136,4,2,0,66
2026-05-02 09:39:52,9.392,bamboo,32.576,7.463,3,22,0,4.674,12,33.333,28.571,40,7,5,43,132,1,5,0,66
2026-05-05 14:09:04,9.008,bamboo,25.806,4.663,1,28,0,4.906,9,27.273,23.913,26.667,5,0,32,124,2,3,0,66
2026-05-12 18:15:50,8.915,bamboo,30.328,4.189,2,21,1,5.135,7,32.353,25,36.111,5,3,37,122,3,1,1,66
2026-06-13 04:37:13,9.107,bamboo,29.897,7.513,0,5,0,4.621,11,33.333,29.787,26.087,2,5,29,97,2,3,0,66
2026-06-14 06:19:48,9.009,bamboo,37.226,7.644,1,16,2,4.667,16,44.737,32.258,37.838,7,4,51,137,1,5,0,66
2026-06-16 00:10:57,8.632,bamboo,36.029,4.361,2,39,1,4.898,10,48.387,36.066,27.273,2,5,49,136,1,4,0,66
2026-04-14 05:05:01,9.0,DKing20,17.708,3.219,0,17,1,4.588,5,20,15.217,20,2,2,17,96,2,3,0,67
2026-05-07 07:15:21,8.88,DKing20,21.774,3.018,0,15,0,5.222,6,41.935,14.815,15.385,1,1,27,124,1,5,0,67
2026-05-15 07:01:20,8.414,DKing20,18.75,1.927,0,41,0,5.37,7,36.667,12.121,16.667,5,0,27,144,2,4,0,67
2026-05-16 04:37:10,8.158,DKing20,22.222,2.378,0,27,1,5.917,5,37.037,14.286,21.875,2,0,24,108,3,2,0,67
2026-06-06 22:27:02,8.176,DKing20,19.672,2.632,0,25,1,5.292,5,51.613,8.475,9.375,1,3,24,122,3,3,0,67
2026-06-11 04:24:29,8.166,DKing20,22.689,2.248,0,9,0,5.741,1,41.667,15.789,21.053,0,1,27,119,2,3,0,67
2026-05-04 18:44:00,7.86,EruisKawaii,18.75,3.029,0,20,0,4.857,5,30,15.909,13.158,1,4,21,112,0,5,0,68
2026-02-04 13:43:18,11.876,Jube,28.099,6.805,3,26,0,4.0,14,48.276,20.69,23.529,7,5,34,121,2,4,0,69
2026-06-25 17:15:02,11.622,Jube,28.333,4.698,0,26,0,4.706,12,43.75,25.49,18.919,4,5,34,120,1,4,0,69
2026-07-02 13:52:04,11.267,Jube,31.897,6.792,2,23,0,4.514,16,50,17.778,32.432,3,10,37,116,2,3,0,69
2026-07-03 13:56:00,11.141,Jube,32.374,5.978,4,26,0,5.022,12,39.286,33.871,26.531,5,4,45,139,2,4,0,69
2026-07-05 14:02:38,10.918,Jube,35.915,6.779,3,25,0,4.745,15,48.387,34.286,29.268,6,5,51,142,3,3,0,69
2026-01-02 08:00:50,11.224,MahiruShiina,27.193,7.153,2,20,0,4.161,16,35.714,26,22.222,5,6,31,114,4,1,0,70
2026-01-03 05:26:37,11.531,MahiruShiina,27.607,6.65,5,49,0,4.178,19,43.243,18.31,29.091,8,10,45,163,3,3,0,70
2026-01-04 14:34:40,11.565,MahiruShiina,34.343,8.737,4,15,1,3.824,17,25,35.135,43.333,6,4,34,99,2,3,0,70
2026-01-16 08:28:15,11.455,MahiruShiina,31.013,7.99,2,20,1,4.367,19,25,32.836,32.727,10,2,49,158,5,1,0,70
2026-01-17 22:50:02,11.854,MahiruShiina,28.571,7.375,7,36,1,3.775,20,35.714,32.308,19.149,12,4,40,140,4,2,0,70
2026-02-27 19:13:22,12.039,MahiruShiina,25.0,6.611,2,13,1,4.286,9,50,19.565,25,4,4,21,84,2,3,0,70
2026-03-28 15:30:09,11.934,MahiruShiina,36.364,6.419,3,20,0,5.023,12,54.545,26,34.211,4,7,44,121,1,5,0,70
2026-04-03 06:41:19,11.535,MahiruShiina,39.241,9.025,5,26,2,5.0,17,44.118,30.263,50,7,8,62,158,5,1,0,70
2026-04-13 04:24:01,11.936,MahiruShiina,25.564,7.764,2,13,0,4.059,16,12.903,27.941,32.353,6,4,34,133,2,3,1,70
2026-04-14 05:05:01,11.84,MahiruShiina,33.858,7.263,1,19,0,4.488,13,42.857,33.333,23.077,7,4,43,127,2,3,0,70
2026-05-02 23:23:31,11.736,MahiruShiina,31.148,7.293,8,32,0,4.053,15,30.769,32.258,29.412,10,5,38,122,1,3,1,70
2026-06-05 17:50:16,11.532,MahiruShiina,31.356,6.527,3,24,1,4.27,17,44.828,24.49,30,7,7,37,118,3,2,0,70
2026-06-06 04:57:28,11.725,MahiruShiina,32.432,8.073,2,12,4,4.854,15,29.268,27.869,41.304,8,7,48,148,3,3,0,70
2026-06-06 14:12:19,11.728,MahiruShiina,27.857,7.347,6,26,1,4.256,12,21.622,29.851,30.556,7,6,39,140,4,2,0,70
2026-06-10 09:01:42,11.914,MahiruShiina,26.174,5.522,1,25,1,4.667,12,34.884,19.298,26.531,3,8,39,149,2,3,1,70
2026-06-13 04:37:13,11.819,MahiruShiina,29.545,6.046,1,15,2,5.231,8,40.741,28.788,23.077,3,5,39,132,2,3,0,70
2026-06-13 07:12:37,11.718,MahiruShiina,30.496,6.622,2,22,1,5.023,11,29.63,33.846,26.531,4,9,43,141,1,4,0,70
2026-06-19 21:13:50,11.432,MahiruShiina,20.588,2.571,0,12,2,5.429,3,24,20.408,17.857,0,2,21,102,0,5,0,70
2026-07-04 14:18:33,10.955,MahiruShiina,28.571,6.922,2,11,0,4.417,14,31.429,28.261,26.667,5,5,36,126,1,5,0,70
2026-07-05 14:02:38,10.579,MahiruShiina,20.161,4.244,2,14,1,4.68,8,19.355,25,12.121,5,3,25,124,2,4,0,70
2026-01-01 10:11:46,10.269,ruuka,36.496,6.215,2,31,2,4.68,15,44.444,33.333,36.585,7,8,50,137,1,4,0,72
2026-01-02 13:57:28,10.016,ruuka,26.549,6.67,3,23,1,4.667,11,38.462,15.094,35.294,4,5,30,113,2,3,0,72
2026-01-03 00:30:48,9.921,ruuka,36.232,6.831,5,23,1,4.7,15,50,22.807,41.463,9,4,50,138,4,2,0,72
2026-01-03 05:26:37,10.115,ruuka,29.054,7.883,8,44,0,3.86,21,38.71,27.273,25,12,7,43,148,5,1,0,72
2026-01-05 14:10:20,10.495,ruuka,34.559,8.085,1,14,0,4.426,14,41.667,35,27.5,6,4,47,136,2,4,0,72
2026-01-06 14:13:54,10.31,ruuka,31.973,5.362,2,25,0,5.447,11,41.935,31.081,26.19,3,7,47,147,3,3,0,72
2026-01-07 14:00:01,10.309,ruuka,28.889,6.165,2,17,0,4.577,8,41.379,15.556,43.75,4,4,26,90,3,2,0,72
2026-01-09 14:00:22,10.416,ruuka,32.308,4.686,0,21,1,5.214,5,37.931,31.579,29.545,0,4,42,130,1,5,0,72
2026-01-11 02:20:53,10.039,ruuka,35.2,7.073,3,26,0,4.318,18,47.5,29.63,29.032,7,6,44,125,4,2,0,72
2026-01-12 05:30:57,10.247,ruuka,37.736,7.52,2,15,0,4.675,12,52.941,27.907,41.304,6,2,40,106,5,0,0,72
2026-01-17 10:53:12,11.13,ruuka,31.469,7.279,2,18,1,4.756,14,37.143,27.397,34.286,3,6,45,143,2,3,1,72
2026-01-18 07:26:58,11.038,ruuka,35.338,9.676,5,26,0,4.298,19,48.571,27.119,35.897,7,9,47,133,1,5,0,72
2026-01-19 13:49:48,10.641,ruuka,36.066,7.798,6,30,0,4.341,14,56.667,27.869,32.258,11,2,44,122,0,6,0,72
2026-01-23 10:40:06,10.839,ruuka,32.117,8.502,2,24,0,4.227,18,51.429,23.881,28.571,5,4,44,137,4,2,0,72
2026-01-24 06:26:17,10.255,ruuka,38.667,6.901,2,25,1,4.603,17,51.852,34.722,37.255,8,5,58,150,2,3,1,72
2026-01-24 11:00:37,10.161,ruuka,34.483,5.867,1,12,0,4.725,10,48.276,24.561,40,2,2,40,116,3,3,0,72
2026-01-25 09:22:33,10.156,ruuka,35.294,7.412,4,21,0,4.63,17,54.839,20.988,48.78,6,6,54,153,1,5,0,72
2026-01-31 23:17:02,9.788,ruuka,34.532,7.991,4,23,1,4.083,20,30,25.758,51.163,6,7,48,139,2,4,0,72
2026-02-04 12:07:51,9.609,ruuka,32.0,7.314,3,31,1,4.333,21,43.75,28.358,29.412,5,13,48,150,2,4,0,72
2026-02-07 10:29:10,9.435,ruuka,28.462,5.867,4,33,0,4.432,13,54.545,18.182,28.302,5,3,37,130,2,4,0,72
2026-02-08 11:33:44,9.244,ruuka,33.548,6.767,6,45,0,4.038,19,50,28.125,20.513,7,9,52,155,4,2,0,72
2026-02-11 13:43:55,9.435,ruuka,22.481,4.869,0,18,0,4.483,6,34.375,14.286,26.471,1,5,29,129,4,2,0,72
2026-02-17 09:16:51,9.619,ruuka,30.065,6.212,3,34,0,4.63,14,44.737,24.675,26.316,6,6,46,153,2,4,0,72
2026-02-22 04:59:06,9.446,ruuka,30.233,6.412,3,25,0,4.205,14,32.258,18.519,43.182,6,3,39,129,5,1,0,72
2026-02-25 09:17:06,9.834,ruuka,31.138,5.746,0,31,2,4.635,15,29.412,33.333,28.261,1,11,52,167,5,1,0,72
2026-02-25 11:19:38,10.229,ruuka,26.712,4.726,0,25,0,4.41,11,33.333,27.941,20.833,2,7,39,146,3,3,0,72
2026-02-26 01:09:58,10.241,ruuka,30.464,4.656,1,29,0,5.065,11,45.455,23.333,29.31,3,6,46,151,4,2,0,72
2026-03-02 11:58:43,10.419,ruuka,26.613,6.931,2,21,0,4.545,12,32.353,25.581,23.404,5,4,33,124,4,2,0,72
2026-03-07 00:48:43,10.61,ruuka,30.435,6.616,2,27,0,4.571,12,40,30.909,20,5,4,35,115,1,5,0,72
2026-03-10 10:21:36,10.287,ruuka,37.255,9.176,4,29,0,4.053,27,54.545,22.368,50,7,11,57,153,1,4,1,72
2026-03-25 10:07:16,10.025,ruuka,37.762,6.956,2,17,0,4.87,18,44.444,30.357,41.176,4,8,54,143,4,2,0,72
2026-03-26 13:51:53,10.211,ruuka,40.244,9.809,6,27,0,4.591,17,68.571,34.667,29.63,11,6,66,164,4,2,0,72
2026-03-29 10:08:23,10.389,ruuka,35.333,9.074,3,26,0,4.811,19,45.455,28.571,34,7,4,53,150,2,4,0,72
2026-03-30 04:38:23,10.22,ruuka,32.374,5.842,0,15,0,5.178,13,61.538,19.697,23.529,2,9,45,139,3,3,0,72
2026-03-30 09:40:19,10.252,ruuka,26.562,4.409,2,15,2,5.441,5,39.394,20,24.444,4,0,34,128,2,4,0,72
2026-04-18 07:38:54,10.105,ruuka,35.404,5.715,1,10,3,5.526,7,52.381,27.632,32.558,3,1,57,161,4,1,1,72
2026-04-19 09:37:53,10.379,ruuka,33.663,6.507,0,12,0,4.676,9,47.826,30.233,28.571,1,6,34,101,1,4,0,72
2026-04-28 14:08:03,10.116,ruuka,29.204,7.817,4,28,0,3.788,17,28,25.424,37.931,10,4,33,113,1,3,1,72
2026-05-02 23:23:31,9.922,ruuka,27.419,4.994,1,38,0,4.441,14,52,17.742,27.027,4,5,34,124,1,2,2,72
2026-05-04 06:27:59,9.84,ruuka,30.534,5.675,2,27,0,4.125,15,45.455,16.667,39.474,4,9,40,131,2,4,0,72
2026-05-09 06:27:18,9.657,ruuka,30.702,6.14,1,15,1,4.486,12,37.037,24.528,35.294,2,6,35,114,2,4,0,72
2026-05-09 10:11:56,9.481,ruuka,29.605,4.437,0,19,0,5.422,6,47.059,23.377,26.829,1,2,45,152,1,5,0,72
2026-05-16 13:47:04,9.301,ruuka,23.232,5.693,0,13,0,4.261,9,25,21.875,26.087,2,4,23,99,3,3,0,72
2026-06-02 14:21:12,9.298,ruuka,35.2,7.119,1,11,2,5.091,11,47.619,28.889,28.947,6,5,44,125,4,2,0,72
2026-06-05 14:41:15,9.482,ruuka,44.633,8.265,5,28,0,4.797,20,57.143,42.667,35.849,10,2,79,177,3,2,1,72
2026-06-06 07:47:40,9.549,ruuka,31.061,8.298,6,14,0,4.195,18,40,20.896,42.857,7,6,41,132,4,2,0,72
2026-06-06 22:27:02,9.718,ruuka,31.333,5.397,1,25,0,4.809,14,54.545,25,24.49,3,11,47,150,1,5,0,72
2026-06-12 14:04:43,9.364,ruuka,41.322,8.844,0,22,0,4.3,22,62.963,38.298,31.915,7,5,50,121,4,1,0,72
2026-06-13 04:37:13,9.644,ruuka,28.226,5.235,0,18,1,5.086,7,48.387,27.778,12.821,2,1,35,124,1,4,0,72
2026-06-13 07:12:37,9.378,ruuka,37.879,7.272,1,11,0,5.14,11,52.5,24.138,44.118,2,7,50,132,0,5,0,72
2026-06-19 19:28:06,8.917,ruuka,22.222,3.971,1,10,0,5.091,5,28.571,18.966,25,2,2,22,99,1,5,0,72
2026-06-19 21:13:50,8.589,ruuka,28.723,7.015,1,12,1,4.037,12,25.926,17.949,46.429,4,5,27,94,3,2,0,72
2026-06-25 17:15:02,8.776,ruuka,40.323,7.567,4,31,0,4.76,16,48.276,43.137,31.818,5,8,50,124,2,2,1,72
2026-06-28 00:57:32,8.779,ruuka,28.058,5.004,1,19,1,4.795,11,45,21.667,20.513,3,2,39,139,4,2,0,72
2026-07-03 13:56:00,8.958,ruuka,35.669,6.076,1,35,1,4.964,16,50,36.62,28.333,4,9,56,157,3,2,1,72
2026-07-04 14:18:33,9.042,ruuka,37.097,7.185,1,13,2,4.935,13,40.741,36.667,35.135,4,6,46,124,4,2,0,72
2026-07-05 04:52:45,9.213,ruuka,30.769,4.618,2,21,1,5.292,9,45.455,23.077,31.034,6,0,48,156,4,2,0,72
2026-03-19 19:00:40,15.652,comfv,40.559,9.414,3,21,0,4.224,21,78.125,33.333,23.81,7,2,58,143,3,3,0,76
2026-03-20 22:04:30,15.638,comfv,43.704,11.928,14,29,0,3.593,35,86.842,27.941,24.138,18,11,59,135,2,4,0,76
2026-03-22 14:22:46,15.41,comfv,35.455,9.546,8,31,0,3.821,19,73.077,33.333,9.091,13,5,39,110,3,2,0,76
2026-03-25 13:45:37,15.518,comfv,40.789,7.923,2,17,0,5.081,14,77.778,26.866,22.5,6,5,62,152,3,3,0,76
2026-03-25 22:25:20,15.52,comfv,33.588,7.596,1,21,0,4.636,14,77.778,26.866,13.514,4,5,44,131,2,4,0,76
2026-03-26 13:51:53,15.52,comfv,39.024,9.039,1,27,0,4.562,21,80,25.333,31.481,8,9,64,164,4,2,0,76
2026-03-27 19:09:40,15.511,comfv,33.775,7.39,3,31,0,4.765,17,73.077,30,20,7,5,51,151,4,2,0,76
2026-04-01 14:00:26,15.754,comfv,40.0,11.127,5,18,0,4.7,17,89.286,31.579,17.5,8,5,50,125,2,4,0,76
2026-04-02 18:30:27,15.538,comfv,48.12,11.558,6,21,0,4.422,21,89.189,41.935,14.706,8,7,64,133,2,3,0,76
2026-04-05 17:46:11,15.412,comfv,51.773,14.12,8,19,1,4.329,30,88.889,38.095,27.273,11,15,73,141,3,2,0,76
2026-04-09 00:14:04,15.532,comfv,51.205,14.767,10,16,1,4.035,39,91.892,40.244,38.298,13,15,85,166,5,1,0,76
2026-04-10 21:38:08,15.961,comfv,46.584,12.536,2,21,1,4.347,30,86.957,30.435,30.435,9,14,75,161,4,2,0,76
2026-05-28 10:37:26,16.185,comfv,37.594,9.411,8,36,0,3.92,22,81.481,22.727,32.5,11,16,50,133,6,0,0,76
2026-06-03 06:38:37,16.814,comfv,45.736,13.364,5,14,0,3.78,27,85.714,39.344,27.5,16,6,59,129,4,2,0,76
2026-06-17 16:20:35,17.325,comfv,37.313,8.09,4,23,0,4.38,20,81.481,30.303,19.512,5,8,50,134,1,5,0,76
2026-06-17 23:35:10,17.006,comfv,47.2,13.125,6,24,0,3.729,30,87.097,45.098,20.93,12,16,59,125,4,1,0,76
2026-06-18 07:46:33,16.898,comfv,46.099,12.875,4,25,0,3.985,31,80,37.5,26.667,7,16,65,141,2,4,0,76
2026-06-18 14:24:55,16.683,comfv,47.482,10.7,4,26,1,4.152,26,84.211,38.71,25.641,9,17,66,139,0,4,1,76
2026-06-18 22:34:18,16.277,comfv,49.64,13.429,9,23,0,3.406,38,90,41.27,19.444,13,18,69,139,2,4,0,76
2026-06-19 19:28:06,16.099,comfv,53.535,17.316,5,10,0,3.679,28,80.952,46.552,45,9,15,53,99,1,5,0,76
2026-06-25 00:18:18,15.731,comfv,45.324,13.563,5,15,0,4.111,22,76.667,49.206,19.565,8,16,63,139,3,3,0,76
2026-06-25 14:15:46,15.84,comfv,49.677,14.665,4,25,0,3.987,36,92.5,41.538,26,8,21,77,155,2,4,0,76
2026-06-25 17:15:02,15.743,comfv,47.244,13.002,11,29,0,4.0,27,96.774,39.344,17.143,14,12,60,127,3,2,0,76
2026-06-27 17:17:15,15.642,comfv,52.033,13.553,4,6,0,4.156,29,88.235,42.857,32.5,9,13,64,123,4,2,0,76
2026-06-29 03:00:46,15.734,comfv,48.305,15.19,8,18,0,3.737,33,93.939,33.333,26.471,10,18,57,118,3,3,0,76
2026-06-30 05:07:25,15.765,comfv,53.846,14.587,6,11,1,4.878,31,94,45.57,28.302,10,10,98,182,5,1,0,76
2026-02-26 01:09:58,9.014,neptune,33.113,6.78,4,29,0,4.68,15,39.394,21.667,41.379,9,5,50,151,4,2,0,77
2026-02-27 19:13:22,9.237,neptune,27.381,5.864,1,13,0,4.652,9,10,26.087,35.714,4,1,23,84,2,3,0,77
2026-03-20 22:04:30,9.118,neptune,30.275,8.102,7,23,0,3.636,20,34.615,25,42.105,10,5,33,109,5,1,0,77
2026-03-27 05:20:46,9.574,neptune,37.5,7.482,9,43,0,3.611,28,36.842,34.921,41.86,14,11,54,144,3,3,0,77
2026-03-27 19:09:40,9.566,neptune,35.256,7.846,2,27,1,4.636,18,36.111,28.125,42.857,10,6,55,156,2,4,0,77
2026-03-28 22:07:01,9.345,neptune,32.143,6.533,3,18,0,4.889,8,27.027,36.957,31.034,6,2,36,112,2,3,0,77
2026-03-30 04:38:23,9.223,neptune,30.128,4.887,0,20,0,5.426,11,36.364,24.096,37.5,2,4,47,156,4,2,0,77
2026-04-09 00:14:04,9.418,neptune,30.935,5.988,1,18,0,4.744,12,42.424,25,31.579,5,3,43,139,2,3,1,77
2026-04-09 18:12:32,9.303,neptune,41.481,7.836,2,24,0,4.625,18,51.351,38.889,36.364,6,2,56,135,3,1,1,77
2026-04-20 22:24:29,9.512,neptune,28.788,6.578,5,28,0,4.132,16,36,25.424,29.167,9,4,38,132,1,4,0,77
2026-05-09 21:18:01,9.186,neptune,26.891,6.765,1,24,0,4.531,11,39.13,26.866,17.241,3,8,32,119,2,4,0,77
2026-05-17 07:27:17,8.977,neptune,31.667,5.46,3,37,1,4.184,14,43.478,26.786,31.707,7,3,38,120,3,2,0,77
2026-05-20 22:26:33,9.09,neptune,30.38,6.119,2,33,0,3.833,25,29.73,33.333,25.581,5,11,48,158,6,0,0,77
2026-05-24 19:25:18,9.706,neptune,32.143,6.678,2,30,3,4.833,18,37.931,24.359,39.344,3,11,54,168,1,4,1,77
2026-06-13 04:37:13,9.399,neptune,35.484,7.643,0,18,0,4.841,13,35.484,33.333,38.462,2,3,44,124,1,4,0,77
2026-06-16 00:10:57,9.094,neptune,27.2,4.899,2,43,0,4.353,14,31.25,24,27.907,8,4,34,125,2,3,0,77
2026-06-18 14:24:55,8.986,neptune,31.538,6.005,4,28,0,4.585,13,37.931,25,37.838,6,3,41,130,3,2,0,77
2026-06-19 05:24:35,9.084,neptune,35.115,7.125,6,19,1,3.804,22,33.333,30.508,41.667,9,10,46,131,4,2,0,77
2026-06-22 00:04:06,9.281,neptune,27.184,6.632,2,7,1,4.536,8,30.435,18.868,40.741,6,1,28,103,2,3,0,77
2026-01-01 22:39:32,12.081,doomchicken,35.294,10.609,7,18,0,3.4,19,30.769,31.429,45.833,12,3,30,85,2,3,0,78
2026-01-04 06:10:39,11.96,doomchicken,36.842,7.23,3,48,0,4.238,22,45.455,37.805,30.357,6,12,63,171,5,1,0,78
2026-01-11 02:20:53,12.408,doomchicken,38.621,8.161,7,39,1,4.268,21,42.857,36.207,37.778,8,11,56,145,1,5,0,78
2026-01-14 05:49:52,11.979,doomchicken,34.459,8.097,1,30,1,4.686,18,36.364,35.211,31.818,4,9,51,148,1,5,0,78
2026-01-17 05:38:38,11.553,doomchicken,39.2,9.695,3,20,1,4.408,20,37.5,40.625,37.838,9,6,49,125,4,1,0,78
2026-01-19 07:43:44,11.866,doomchicken,33.594,9.531,4,21,0,3.512,24,41.667,31.429,32.353,7,14,43,128,4,2,0,78
2026-01-25 07:18:08,12.071,doomchicken,31.858,8.292,2,9,0,4.639,11,39.13,31.481,27.778,8,4,36,113,4,2,0,78
2026-02-02 00:40:03,12.285,doomchicken,35.256,6.565,4,39,0,4.891,16,58.974,27.273,27.451,6,9,55,156,1,5,0,78
2026-02-21 07:37:52,11.875,doomchicken,34.454,8.062,1,14,0,4.683,15,40,33.333,30,8,1,41,119,5,1,0,78
2026-02-26 01:09:58,12.277,doomchicken,38.514,7.926,5,26,0,4.614,18,46.429,32.353,42.308,9,7,57,148,5,1,0,78
2026-03-01 07:10:28,12.685,doomchicken,33.553,7.212,1,31,2,4.647,20,28.947,32.258,38.462,3,10,51,152,3,2,1,78
2026-03-02 06:44:58,12.793,doomchicken,38.333,9.791,4,14,0,4.37,22,53.571,29.31,41.176,9,8,46,120,2,4,0,78
2026-03-19 04:19:23,12.582,doomchicken,37.594,6.829,0,9,0,5.02,11,48.571,28.814,41.026,5,3,50,133,4,2,0,78
2026-04-09 00:14:04,12.778,doomchicken,36.81,8.618,3,34,2,4.433,23,47.222,32.5,36.17,7,11,60,163,1,4,1,78
2026-04-10 07:34:26,12.47,doomchicken,35.664,7.842,3,27,1,4.627,17,45.946,30.303,35,6,8,51,143,1,4,0,78
2026-04-13 04:24:01,12.169,doomchicken,32.331,9.583,5,13,0,4.14,16,35.484,33.824,26.471,6,3,43,133,2,3,1,78
2026-04-16 00:39:38,12.073,doomchicken,36.842,7.345,1,16,0,4.333,18,44.118,30.612,38.71,3,10,42,114,1,4,0,78
2026-04-18 07:38:54,11.772,doomchicken,33.125,7.349,2,19,1,5.094,13,42.5,34.783,23.529,4,6,53,160,1,5,0,78
2026-04-20 05:13:11,11.404,doomchicken,34.266,8.427,3,14,1,4.347,15,40,34.667,28.947,8,6,49,143,2,3,1,78
2026-04-22 06:15:10,11.404,doomchicken,34.646,6.975,2,7,0,5.0,10,37.143,29.31,41.176,7,1,44,127,1,4,0,78
2026-04-23 05:08:06,11.025,doomchicken,29.508,6.332,3,42,0,4.028,18,19.048,28.333,36.585,7,8,36,122,3,2,0,78
2026-04-26 04:32:57,11.115,doomchicken,40.123,8.243,3,18,0,4.969,12,57.143,36.842,36.207,7,3,65,162,4,1,1,78
2026-04-27 05:23:52,11.411,doomchicken,38.739,9.197,8,20,2,3.442,22,42.857,38.182,35.714,12,7,43,111,3,3,0,78
2026-05-04 06:27:59,11.404,doomchicken,44.915,12.364,9,26,0,3.264,33,39.394,42.308,54.545,18,10,53,118,3,3,0,78
2026-05-06 05:45:40,11.41,doomchicken,34.615,6.906,1,1,0,4.972,10,43.478,27.273,42.308,3,4,36,104,3,3,0,78
2026-05-09 06:27:18,11.403,doomchicken,42.105,9.469,3,15,0,4.271,19,62.963,35.849,35.294,5,5,48,114,2,4,0,78
2026-05-16 04:37:10,11.403,doomchicken,28.846,5.386,0,22,0,4.467,8,42.857,20.408,29.63,2,5,30,104,3,2,0,78
2026-05-17 07:27:17,11.573,doomchicken,38.889,8.088,5,24,0,3.829,17,40.909,38.462,37.931,9,4,35,90,3,2,0,78
2026-05-25 07:30:37,11.664,doomchicken,29.412,8.074,3,25,1,3.943,15,36.364,26.531,27.027,4,10,35,119,5,1,0,78
2026-05-27 04:53:54,12.046,doomchicken,30.827,6.232,0,13,0,4.805,12,30.435,32.857,27.5,2,7,41,133,2,4,0,78
2026-06-03 06:38:37,11.852,doomchicken,36.364,8.268,4,25,2,4.519,17,31.25,34.848,42.222,9,7,52,143,3,3,0,78
2026-06-06 04:57:28,11.859,doomchicken,41.135,11.016,2,11,0,4.534,19,45,32.258,51.282,10,4,58,141,5,0,1,78
2026-06-07 08:09:22,12.316,doomchicken,33.149,6.3,0,23,1,5.217,11,32.5,29.545,39.623,0,9,60,181,3,2,1,78
2026-06-11 04:24:29,12.423,doomchicken,34.314,8.492,2,11,0,4.2,13,41.667,31.111,33.333,5,5,35,102,4,1,0,78
2026-06-13 04:37:13,12.691,doomchicken,34.899,6.342,0,19,0,5.404,11,45.714,27.119,36.364,4,6,52,149,1,4,0,78
2026-06-14 06:19:48,12.401,doomchicken,35.537,9.633,5,18,0,4.326,17,43.333,36.735,28.571,9,8,43,121,3,3,0,78
2026-06-20 23:27:03,12.397,doomchicken,30.882,6.024,1,14,1,4.833,6,31.579,31.746,28.571,1,3,42,136,1,5,0,78
2026-01-02 08:00:50,11.849,JuliAless64,40.31,6.596,0,23,1,5.058,16,63.333,31.034,36.585,4,7,52,129,0,4,1,79
2026-01-03 10:38:36,11.455,JuliAless64,41.007,9.48,0,8,0,4.526,22,52.5,35.938,37.143,3,14,57,139,5,1,0,79
2026-01-06 05:29:39,11.849,JuliAless64,32.45,7.471,3,16,0,4.327,17,28.947,33.898,33.333,5,8,49,151,2,4,0,79
2026-01-07 01:49:38,11.643,JuliAless64,46.853,10.519,4,31,0,3.761,28,52.381,50.943,37.5,18,7,67,143,5,1,0,79
2026-01-14 17:31:59,11.969,JuliAless64,42.857,9.188,2,20,0,4.044,19,60.87,38,37.5,6,8,45,105,1,3,0,79
2026-01-17 05:38:38,11.765,JuliAless64,37.383,7.9,1,7,0,4.575,12,52.174,29.63,40,4,4,40,107,1,4,0,79
2026-01-23 10:40:06,11.971,JuliAless64,32.8,7.662,2,18,1,4.463,13,39.286,27.419,37.143,4,5,41,125,4,2,0,79
2026-02-02 00:40:03,11.688,JuliAless64,38.686,9.937,7,32,0,4.245,21,57.576,35.821,27.027,8,13,53,137,3,3,0,79
2026-02-02 20:29:58,11.7,JuliAless64,36.232,7.591,0,23,1,4.92,12,45.455,35.593,30.435,2,8,50,138,2,4,0,79
2026-02-20 05:26:49,11.502,JuliAless64,42.754,8.446,3,14,0,4.78,15,52.632,36.667,42.5,5,7,59,138,1,5,0,79
2026-02-21 05:13:59,11.112,JuliAless64,43.165,10.424,3,16,0,4.433,22,45.455,43.662,40,5,9,60,139,2,4,0,79
2026-02-21 07:37:52,10.91,JuliAless64,35.294,6.365,0,28,0,5.056,12,36.364,26.761,46.939,3,4,54,153,2,3,1,79
2026-02-21 09:56:08,10.805,JuliAless64,37.241,6.441,1,24,0,4.907,11,47.222,37.313,28.571,4,4,54,145,0,6,0,79
2026-02-25 09:17:06,10.238,JuliAless64,37.725,8.364,6,31,0,4.429,20,47.059,36.782,32.609,10,7,63,167,5,1,0,79
2026-02-25 11:19:38,10.644,JuliAless64,41.781,9.443,5,25,0,3.984,22,53.333,41.176,35.417,7,16,61,146,3,3,0,79
2026-02-27 06:33:50,10.656,JuliAless64,36.752,8.687,3,13,0,4.465,16,45.161,30,38.889,10,0,43,117,5,1,0,79
2026-03-01 07:10:28,11.022,JuliAless64,38.272,7.786,5,24,0,4.887,17,30.769,38.462,43.103,7,6,62,162,3,2,1,79
2026-03-02 06:44:58,11.117,JuliAless64,42.149,7.737,3,13,0,5.078,18,65.517,33.333,37.931,3,9,51,121,2,4,0,79
2026-03-03 09:00:41,10.935,JuliAless64,40.833,9.371,3,17,1,4.388,20,54.839,34.043,38.095,6,12,49,120,3,3,0,79
2026-03-06 05:51:01,10.935,JuliAless64,44.286,9.399,2,8,0,4.694,16,50,39.655,46.154,5,5,62,140,4,2,0,79
2026-03-09 05:38:02,11.143,JuliAless64,47.333,9.519,1,13,1,5.042,15,45.946,43.478,54.545,7,7,71,150,5,1,0,79
2026-03-15 00:14:27,11.506,JuliAless64,42.52,9.103,4,29,0,4.426,18,48,37.705,46.341,6,8,54,127,4,1,0,79
2026-03-15 10:12:57,11.795,JuliAless64,32.468,6.183,1,33,0,4.68,14,38.462,29.412,31.915,2,8,50,154,1,5,0,79
2026-03-16 10:28:16,11.429,JuliAless64,32.941,6.436,3,29,0,4.911,13,35.556,35.897,25.532,5,3,56,170,4,2,0,79
2026-03-25 22:25:20,11.61,JuliAless64,44.203,13.224,4,13,0,3.967,29,61.765,38.462,38.462,9,11,61,138,3,3,0,79
2026-03-27 19:09:40,11.602,JuliAless64,37.931,7.526,2,28,0,4.745,13,39.474,35.938,39.535,8,3,55,145,2,4,0,79
2026-03-28 15:30:09,11.404,JuliAless64,43.86,9.015,4,29,1,4.507,24,52.174,47.826,32.143,9,8,75,171,3,3,0,79
2026-03-28 22:07:01,11.416,JuliAless64,41.538,8.79,2,27,0,4.611,16,48.718,38.462,38.462,4,7,54,130,1,4,0,79
2026-04-05 07:51:40,11.145,JuliAless64,42.515,8.687,2,12,0,4.986,12,55.556,32.895,45.652,4,9,71,167,1,4,1,79
2026-04-06 04:10:38,10.854,JuliAless64,35.57,7.989,3,35,0,4.245,24,51.351,40.385,21.667,6,9,53,149,4,2,0,79
2026-04-06 18:07:46,11.053,JuliAless64,31.884,6.117,3,21,2,4.795,12,42.105,32.787,20.513,5,2,44,138,3,3,0,79
2026-04-09 00:14:04,11.056,JuliAless64,43.443,9.709,2,10,0,4.472,18,52.778,34.615,47.059,5,8,53,122,3,3,0,79
2026-04-10 07:34:26,11.072,JuliAless64,42.657,8.984,1,27,0,4.623,21,54.054,36.364,42.5,2,18,61,143,1,4,0,79
2026-04-11 07:24:55,10.791,JuliAless64,38.686,8.53,1,13,0,4.83,16,45.455,33.824,41.667,5,8,53,137,3,3,0,79
2026-04-12 10:13:20,10.782,JuliAless64,33.333,7.757,1,11,0,4.367,10,34.783,35.714,28,2,2,30,90,3,2,0,79
2026-04-13 04:24:01,10.87,JuliAless64,40.0,8.501,2,20,0,4.758,13,35.484,43.82,34.286,7,3,62,155,4,1,1,79
2026-04-14 05:05:01,11.139,JuliAless64,42.105,8.106,1,7,0,4.675,12,50,36.538,47.826,6,3,40,95,2,3,0,79
2026-04-14 07:36:39,11.044,JuliAless64,36.879,6.92,1,24,1,4.769,12,51.613,39.13,21.951,3,9,52,141,1,5,0,79
2026-04-15 10:03:16,10.701,JuliAless64,40.0,7.853,2,26,0,4.9,14,58.824,32.308,37.255,3,7,60,150,4,2,0,79
2026-04-16 00:39:38,10.891,JuliAless64,40.449,9.541,4,13,0,4.028,15,38.889,34.783,52,6,6,36,89,4,1,0,79
2026-04-17 07:29:19,11.176,JuliAless64,42.857,8.784,2,23,0,4.15,24,53.125,40.299,39.024,6,16,60,140,3,3,0,79
2026-04-18 07:38:54,11.168,JuliAless64,41.667,9.112,2,12,0,4.969,13,55.172,38.889,37.838,6,5,65,156,4,2,0,79
2026-04-18 21:12:03,11.35,JuliAless64,43.478,10.304,6,30,1,3.733,32,47.222,47.541,34.146,7,13,60,138,2,2,1,79
2026-04-19 04:54:10,11.347,JuliAless64,42.515,8.51,0,4,1,5.085,14,42.857,42.105,42.857,5,4,71,167,3,3,0,79
2026-04-19 09:37:53,11.357,JuliAless64,37.815,6.552,1,13,0,5.156,9,56.667,34.694,27.5,6,1,45,119,3,2,0,79
2026-04-20 05:13:11,11.447,JuliAless64,37.063,8.884,1,14,0,4.396,19,36.667,36,39.474,6,9,53,143,2,3,1,79
2026-04-21 10:13:47,11.447,JuliAless64,33.577,6.79,1,26,0,4.739,13,43.243,29.688,30.556,2,8,46,137,3,2,0,79
2026-04-22 06:15:10,11.526,JuliAless64,41.88,10.434,0,18,0,4.224,18,51.429,32,46.875,4,10,49,117,2,3,0,79
2026-04-22 10:47:24,11.342,JuliAless64,43.312,9.155,2,23,0,4.353,22,54.054,35.714,46,6,10,68,157,2,4,0,79
2026-04-23 05:08:06,11.163,JuliAless64,33.607,7.054,2,42,0,3.976,20,28.571,28.333,43.902,7,11,41,122,3,2,0,79
2026-04-23 10:37:04,11.247,JuliAless64,38.411,8.906,4,27,1,4.397,20,47.059,31.343,42,11,6,58,151,4,1,1,79
2026-04-24 04:52:40,11.523,JuliAless64,37.398,8.241,4,13,1,4.065,19,26.316,29.577,60.606,4,12,46,123,3,3,0,79
2026-04-25 06:26:43,11.515,JuliAless64,45.161,11.143,6,26,0,4.702,27,62.791,40.964,38.333,8,12,84,186,3,1,2,79
2026-04-26 04:32:57,11.688,JuliAless64,43.21,9.242,4,18,0,4.871,14,46.429,42.105,43.103,8,2,70,162,4,1,1,79
2026-05-01 11:41:50,11.965,JuliAless64,36.567,8.674,4,28,0,3.959,23,53.333,34.426,27.907,7,12,49,134,4,1,1,79
2026-05-01 14:47:12,11.965,JuliAless64,38.596,9.863,5,20,0,3.955,22,43.478,43.636,27.778,10,4,44,114,4,2,0,79
2026-05-02 09:39:52,12.39,JuliAless64,39.416,9.416,3,27,0,4.315,15,42.105,46.429,27.907,11,2,54,137,5,1,0,79
2026-05-05 14:09:04,12.758,JuliAless64,34.4,5.678,3,21,0,4.907,6,48.148,35.593,23.077,3,1,43,125,3,2,0,79
2026-05-07 14:18:37,12.836,JuliAless64,38.182,7.894,1,30,0,4.238,26,42.222,31.884,43.137,4,12,63,165,1,4,1,79
2026-05-09 10:11:56,12.565,JuliAless64,33.735,8.293,2,26,0,4.875,16,48.571,34.568,22,10,6,56,166,1,2,3,79
2026-05-12 18:15:50,12.732,JuliAless64,35.036,5.792,2,32,2,4.792,14,50,29.577,31.25,3,8,48,137,2,3,0,79
2026-05-13 16:03:02,12.636,JuliAless64,32.331,7.655,5,23,0,4.488,15,31.034,38.806,21.622,8,3,43,133,3,3,0,79
2026-05-15 17:46:44,12.65,JuliAless64,33.708,8.129,5,28,0,3.933,12,60,20.455,40,7,2,30,89,0,5,0,79
2026-05-16 04:37:10,11.787,JuliAless64,45.113,7.388,1,25,0,5.017,18,48.485,43.939,44.118,3,7,60,133,3,2,0,79
2026-05-17 09:37:26,11.96,JuliAless64,34.091,7.141,2,14,0,4.622,14,42.857,30.303,34.211,4,4,45,132,2,4,0,79
2026-05-23 06:57:28,11.784,JuliAless64,46.154,9.052,5,19,0,4.833,12,58.621,41.818,42.424,7,1,54,117,4,1,0,79
2026-05-24 19:25:18,12.051,JuliAless64,40.123,9.553,5,32,0,4.431,25,42.857,42.857,34,12,9,65,162,3,2,1,79
2026-05-26 08:23:25,12.142,JuliAless64,40.341,6.747,2,22,0,5.141,15,58.537,27.848,44.643,3,5,71,176,2,3,1,79
2026-05-27 04:53:54,12.054,JuliAless64,36.09,8.13,0,13,0,4.542,17,34.783,42.857,25,3,10,48,133,2,4,0,79
2026-05-30 09:01:45,11.871,JuliAless64,45.283,8.592,3,24,1,4.889,16,58.14,44.156,33.333,3,8,72,159,1,4,1,79
2026-05-30 21:04:03,11.604,JuliAless64,45.217,11.287,3,9,0,4.058,21,54.545,39.344,50,11,4,52,115,3,3,0,79
2026-05-31 06:42:17,12.054,JuliAless64,41.758,7.13,1,28,2,5.224,16,57.143,38.636,31.111,4,5,76,182,2,3,1,79
2026-06-03 04:26:23,11.521,JuliAless64,33.621,6.408,0,15,0,4.513,10,60,25.806,27.586,4,10,39,116,4,1,0,79
2026-06-03 06:38:37,11.788,JuliAless64,41.781,10.554,2,23,0,4.066,25,34.211,35.938,56.818,12,7,61,146,3,3,0,79
2026-06-04 23:57:00,11.78,JuliAless64,45.0,11.153,9,35,0,3.889,33,45.238,44.118,46,13,13,72,160,4,2,0,79
2026-06-06 04:57:28,11.968,JuliAless64,36.567,7.653,1,12,0,5.306,14,41.176,29.825,41.86,5,9,49,134,0,6,0,79
2026-06-06 07:47:40,11.439,JuliAless64,39.766,9.359,5,24,0,4.279,30,41.86,42.222,31.579,6,16,68,171,2,3,1,79
2026-06-07 18:18:38,11.35,JuliAless64,44.667,8.686,2,17,0,4.687,21,48.837,42.647,43.59,4,11,67,150,3,2,1,79
2026-06-10 09:01:42,11.451,JuliAless64,43.243,9.664,4,19,0,4.516,20,62.162,36.842,37.037,9,5,64,148,2,3,1,79
2026-06-11 04:24:29,11.379,JuliAless64,38.571,8.05,1,9,0,4.611,20,43.333,35.211,41.026,5,0,54,140,2,3,0,79
2026-06-13 04:37:13,11.293,JuliAless64,42.623,7.862,1,11,0,5.288,11,40,45,40.625,5,4,52,122,4,1,0,79
2026-06-13 07:12:37,11.56,JuliAless64,43.972,8.737,0,22,0,4.919,16,66.667,47.692,26.531,1,11,62,141,1,4,0,79
2026-06-14 06:19:48,11.296,JuliAless64,37.956,7.506,1,16,0,4.788,15,47.368,37.097,29.73,5,8,52,137,1,5,0,79
2026-06-19 21:13:50,10.953,JuliAless64,37.5,8.399,1,8,0,4.333,13,29.167,41.463,38.71,4,2,36,96,4,1,0,79
2026-06-20 18:11:36,11.218,JuliAless64,40.141,8.897,6,22,0,4.825,15,53.571,39.062,34,10,4,57,142,4,1,1,79
2026-06-21 22:16:46,11.475,JuliAless64,37.719,7.417,1,17,0,4.698,9,43.333,32.075,41.935,6,1,43,114,3,2,0,79
2026-06-22 00:04:06,11.545,JuliAless64,37.778,6.322,1,19,0,5.373,11,42.857,37.143,35.135,4,2,51,135,2,2,1,79
2026-06-22 22:49:49,11.541,JuliAless64,42.609,9.509,4,13,0,4.429,19,50,40.816,37.5,6,11,49,115,3,2,0,79
2026-06-25 00:18:18,11.628,JuliAless64,39.85,6.457,1,13,1,5.302,9,66.667,33.898,26.829,4,2,53,133,1,4,1,79
2026-06-25 14:15:46,11.442,JuliAless64,39.355,9.5,3,25,1,4.443,21,45,30.769,46,8,6,61,155,2,4,0,79
2026-06-25 17:15:02,11.357,JuliAless64,37.008,6.867,3,29,0,4.745,14,54.839,32.787,28.571,6,7,47,127,3,2,0,79
2026-07-02 18:34:06,11.266,JuliAless64,36.486,8.806,3,23,2,4.333,15,50,26.316,45.238,5,6,54,148,2,4,0,79
2026-07-03 17:57:14,11.086,JuliAless64,36.667,7.817,2,21,0,4.25,18,39.13,41.176,30.435,6,10,44,120,1,5,0,79
2026-01-14 05:49:52,10.638,moosepi,37.838,6.882,3,26,1,5.214,13,46.429,42.5,22.5,8,1,56,148,5,1,0,80
2026-01-18 12:22:26,11.067,moosepi,36.029,6.808,6,41,0,4.633,18,55.263,27.273,31.25,9,5,49,136,5,1,0,80
2026-01-22 09:18:28,11.529,moosepi,33.962,6.398,1,35,1,4.685,18,46.667,30,27.273,9,5,54,159,4,2,0,80
2026-02-08 11:33:44,11.754,moosepi,36.667,7.007,4,40,1,4.036,22,52.941,36.111,25,7,10,55,150,2,4,0,80
2026-02-21 07:37:52,11.532,moosepi,33.333,5.841,0,26,0,4.98,12,34.483,31.707,35.714,2,9,51,153,0,6,0,80
2026-02-21 09:56:08,10.896,moosepi,33.103,7.397,2,24,0,4.604,15,52.778,26.866,26.19,6,8,48,145,0,6,0,80
2026-02-22 07:42:23,10.268,moosepi,36.429,8.892,4,22,1,4.51,18,45.946,35.294,28.571,10,7,51,140,4,2,0,80
2026-03-01 07:10:28,10.478,moosepi,38.816,9.983,5,31,0,4.339,27,47.368,41.935,28.846,5,16,59,152,3,2,1,80
2026-03-04 05:02:33,10.59,moosepi,41.085,9.926,4,16,1,4.189,22,57.692,37.143,36.364,9,11,53,129,3,3,0,80
2026-03-05 09:50:08,10.609,moosepi,41.844,8.864,4,24,0,4.119,22,52.5,41.935,30.769,9,5,59,141,3,3,0,80
2026-03-11 10:35:17,10.609,moosepi,38.411,8.531,5,23,0,4.586,18,44.737,46.429,26.316,9,7,58,151,2,4,0,80
2026-03-18 14:41:23,10.409,moosepi,38.931,8.603,3,19,1,4.706,19,46.667,38.983,33.333,6,10,51,131,1,5,0,80
2026-03-19 04:19:23,9.999,moosepi,41.353,9.352,4,9,1,4.764,14,51.429,37.288,38.462,6,2,55,133,4,2,0,80
2026-03-25 10:07:16,10.198,moosepi,26.866,4.706,1,15,1,5.028,10,37.143,21.875,25.714,4,5,36,134,1,5,0,80
2026-03-28 09:47:58,9.784,moosepi,32.075,8.219,2,17,1,4.088,15,43.478,25,33.333,3,4,34,106,3,2,1,80
2026-04-04 10:52:22,9.896,moosepi,32.667,7.745,2,25,0,4.551,18,35.714,29.231,35.088,3,10,49,150,2,4,0,80
2026-04-09 07:20:05,9.695,moosepi,44.755,8.445,5,22,0,4.312,25,48.148,44.118,43.75,8,6,64,143,4,2,0,80
2026-04-11 07:24:55,9.889,moosepi,41.353,8.622,1,11,0,4.909,15,55.882,40.278,25.926,4,8,55,133,4,2,0,80
2026-04-12 10:13:20,10.091,moosepi,37.903,9.036,1,17,1,4.447,18,35.484,40.678,35.294,2,12,47,124,3,2,0,80
2026-04-15 10:03:16,10.185,moosepi,37.736,9.558,4,28,0,4.25,22,33.333,37.838,40.816,6,8,60,159,2,4,0,80
2026-04-16 06:43:37,9.994,moosepi,37.815,6.498,5,26,0,4.111,20,46.667,37.037,31.429,6,11,45,119,2,4,0,80
2026-04-18 07:38:54,9.846,moosepi,39.572,8.545,3,13,2,5.014,14,46.809,36.471,38.182,8,3,74,187,2,3,1,80
2026-04-22 10:47:24,9.728,moosepi,40.0,9.341,4,36,0,4.286,25,47.619,38.75,35.849,10,12,70,175,4,1,1,80
2026-04-23 10:37:04,10.017,moosepi,36.232,7.351,1,23,0,4.5,19,45.714,29.412,40,2,10,50,138,3,2,1,80
2026-04-30 07:23:58,10.234,moosepi,46.324,9.149,3,18,0,4.254,25,64.286,33.333,54.762,11,7,63,136,4,2,0,80
2026-05-02 09:39:52,10.413,moosepi,42.336,10.093,3,27,0,4.293,21,50,46.429,30.233,9,3,58,137,5,1,0,80
2026-05-07 07:15:21,10.806,moosepi,32.877,6.834,3,28,1,4.583,16,44.444,32.836,23.256,3,7,48,146,4,1,1,80
2026-05-09 06:27:18,11.087,moosepi,41.892,9.791,7,21,0,4.419,20,50,44.118,34,10,8,62,148,4,2,0,80
2026-05-14 07:57:04,11.087,moosepi,38.506,5.559,1,39,0,5.209,18,52.381,35.294,32.812,7,5,67,174,5,1,0,80
2026-05-17 07:27:17,11.087,moosepi,35.556,5.593,1,24,0,4.312,12,40.909,35.897,31.034,6,2,32,90,3,2,0,80
2026-05-18 06:06:48,11.178,moosepi,38.095,7.111,2,24,0,5.143,14,57.692,34.783,32.692,7,4,56,147,2,4,0,80
2026-05-21 07:13:01,10.997,moosepi,37.273,8.326,8,23,0,4.293,15,54.545,30.769,36.111,9,4,41,110,2,4,0,80
2026-05-23 06:57:28,10.817,moosepi,43.697,9.632,3,18,0,4.558,15,51.515,45.283,33.333,7,5,52,119,0,5,0,80
2026-05-27 11:00:45,10.335,moosepi,35.625,8.74,4,27,0,4.632,14,41.026,42.254,22,5,8,57,160,2,4,0,80
2026-05-31 06:42:17,10.335,moosepi,39.241,9.261,3,20,0,4.645,21,63.333,34.177,32.653,8,8,62,158,3,3,0,80
2026-06-03 04:26:23,10.143,moosepi,38.235,9.14,4,15,0,4.077,14,38.095,44.444,30.556,6,2,39,102,3,2,0,80
2026-06-03 06:38:37,10.246,moosepi,37.762,6.377,2,25,0,4.963,9,50,36.364,31.111,6,5,54,143,3,3,0,80
2026-06-04 07:25:31,10.253,moosepi,35.172,6.106,7,42,0,4.333,18,40,35.294,30.952,10,9,51,145,3,3,0,80
2026-06-07 08:09:22,10.253,moosepi,33.149,6.414,1,23,0,5.217,15,37.5,31.818,32.075,4,8,60,181,3,2,1,80
2026-06-10 09:01:42,10.359,moosepi,37.121,7.998,3,24,1,4.694,15,47.059,38.462,28.261,7,5,49,132,5,1,0,80
2026-06-13 04:37:13,10.726,moosepi,38.636,8.175,2,15,1,5.078,10,48.148,37.879,33.333,5,6,51,132,2,3,0,80
2026-06-18 10:54:28,10.628,moosepi,39.474,7.327,2,32,0,4.55,19,41.379,39.744,37.778,4,8,60,152,1,4,1,80
2026-06-20 18:11:36,10.358,moosepi,33.75,7.144,4,32,0,4.907,15,35.484,36.62,29.31,9,5,54,160,2,3,1,80
2026-06-20 23:27:03,10.261,moosepi,39.516,8.33,2,7,0,4.837,10,58.621,38.182,27.5,5,2,49,124,4,2,0,80
2026-06-22 22:49:49,10.436,moosepi,34.884,9.196,4,16,0,3.844,21,38.235,34.483,32.432,7,6,45,129,0,5,0,80
2026-07-04 04:26:07,9.972,moosepi,46.324,6.799,1,17,0,4.968,17,55.814,44.643,37.838,3,8,63,136,6,0,0,80
2026-07-05 04:52:45,10.518,moosepi,39.103,6.222,0,21,0,5.016,16,48.485,33.846,39.655,3,2,61,156,4,2,0,80
2026-02-02 09:29:42,9.486,Pile,29.452,6.118,5,32,0,3.93,21,52.632,22.581,19.565,7,9,43,146,6,0,0,81
2026-03-07 00:48:43,10.154,Pile,38.194,8.176,3,23,0,4.491,17,65,26.761,30.303,4,9,55,144,3,3,0,81
2026-04-21 10:13:47,10.131,Pile,40.336,7.732,3,17,1,4.938,12,65.714,41.176,12.121,5,4,48,119,3,2,0,81
2026-05-20 08:34:07,10.242,Pile,30.147,6.395,1,23,0,4.39,16,48.571,28.358,14.706,6,5,41,136,2,4,0,81
2026-03-04 14:45:10,9.874,ShiinaMahiru,31.977,5.49,3,43,0,4.891,13,42.5,27.273,30.909,4,7,55,172,3,2,1,82
2026-03-06 05:51:01,9.965,ShiinaMahiru,36.306,6.816,2,21,0,5.035,13,45.714,31.169,37.778,5,6,57,157,3,3,0,82
2026-04-20 05:13:11,9.933,ShiinaMahiru,39.216,8.06,0,12,0,4.583,15,43.59,33.803,44.186,7,8,60,153,4,1,1,82
2026-05-03 13:50:06,10.254,ShiinaMahiru,26.984,6.082,2,24,0,4.206,15,36.364,23.81,23.333,8,2,34,126,4,1,0,82
2026-01-01 22:39:32,14.46,Milar,44.915,9.378,4,22,0,4.189,25,75.758,34.783,30.769,7,11,53,118,2,3,0,83
2026-01-04 14:34:40,14.367,Milar,44.03,10.823,5,33,1,3.78,31,74.194,35,34.884,9,14,59,134,1,3,1,83
2026-01-07 01:49:38,14.165,Milar,45.223,10.822,10,35,1,3.761,31,60,39.062,37.209,13,13,71,157,3,3,0,83
2026-01-07 16:34:15,14.18,Milar,40.152,9.415,3,24,0,4.132,24,48.485,39.062,34.286,9,11,53,132,2,4,0,83
2026-01-11 19:25:15,13.987,Milar,47.619,9.916,1,25,0,4.071,30,72.973,37.879,40.909,7,9,70,147,3,3,0,83
2026-01-16 18:32:49,13.975,Milar,40.206,13.761,10,18,0,3.179,26,64,34.783,26.923,12,10,39,97,2,3,0,83
2026-01-17 00:37:47,13.875,Milar,45.977,8.579,6,37,0,4.112,34,75,39.241,31.373,10,16,80,174,2,3,1,83
2026-01-18 05:07:20,13.787,Milar,50.413,12.674,9,28,0,3.393,40,79.31,43.86,37.143,11,21,61,121,3,2,0,83
2026-01-22 22:13:39,13.893,Milar,49.573,12.776,6,30,0,3.483,34,66.667,43.137,40,10,17,58,117,2,3,0,83
2026-01-26 19:25:39,13.786,Milar,51.961,16.642,8,16,0,3.717,30,66.667,46.154,50,13,10,53,102,4,1,0,83
2026-01-29 16:37:47,14.073,Milar,42.636,11.573,10,38,0,3.455,30,56.25,42.308,33.333,16,11,55,129,2,2,1,83
2026-02-04 12:07:51,14.053,Milar,40.58,12.047,8,30,0,3.75,28,62.963,39.344,30,13,11,56,138,5,1,0,83
2026-02-05 15:04:09,14.446,Milar,51.562,11.976,1,16,0,4.424,24,84.375,43.333,36.111,8,11,66,128,4,2,0,83
2026-02-17 21:05:31,14.624,Milar,50.649,11.589,8,30,0,4.269,24,70.732,46.552,40,12,12,78,154,3,2,0,83
2026-02-19 20:56:12,14.727,Milar,48.322,10.748,6,35,1,4.069,33,77.5,32.727,42.593,10,21,72,149,1,5,0,83
2026-02-20 14:01:01,14.349,Milar,47.407,12.393,5,24,0,4.391,28,76.923,39.13,42.5,10,13,64,135,3,2,1,83
2026-03-28 09:47:58,14.442,Milar,31.915,7.902,3,14,0,4.2,10,50,24.49,32,4,6,30,94,2,4,0,83
2026-03-30 13:56:39,14.243,Milar,48.092,14.661,12,30,0,3.778,36,60.606,45.312,41.176,18,14,63,131,3,3,0,83
2026-04-05 17:46:11,14.244,Milar,55.856,13.663,6,13,0,4.581,23,83.871,48,40,8,7,62,111,3,2,0,83
2026-04-09 18:12:32,14.336,Milar,42.735,10.365,7,17,0,4.32,17,60.87,44.898,31.111,9,5,50,117,3,2,0,83
2026-04-10 21:38:08,14.426,Milar,36.957,8.586,2,20,0,4.569,13,62.5,25.862,27.5,2,8,51,138,2,4,0,83
2026-04-13 19:02:02,14.238,Milar,44.311,12.479,3,20,0,3.986,31,71.111,34.211,34.783,8,21,74,167,2,4,0,83
2026-04-14 18:31:24,14.044,Milar,56.154,14.081,7,15,0,4.205,27,78.788,53.968,38.235,12,14,73,130,4,2,0,83
2026-04-17 17:36:21,14.227,Milar,41.121,12.18,5,18,0,3.568,22,54.545,38.298,36.842,9,10,44,107,3,2,0,83
2026-04-18 16:41:41,14.322,Milar,47.368,9.744,3,24,0,4.417,21,57.143,42.857,42.424,7,6,72,152,2,3,1,83
2026-04-20 22:24:29,14.259,Milar,45.968,10.541,6,31,0,3.965,25,70.833,44.615,31.429,8,9,57,124,4,1,0,83
2026-04-22 15:13:20,14.534,Milar,50.781,12.334,8,25,0,3.908,30,75,46.154,35,14,11,65,128,5,1,0,83
2026-04-23 15:00:23,14.91,Milar,40.462,9.969,5,39,1,4.457,25,81.818,33.333,26.415,7,13,70,173,1,5,0,83
2026-04-24 14:02:24,14.533,Milar,41.732,10.766,5,31,0,3.755,27,62.162,29.091,40,9,17,53,127,2,3,0,83
2026-04-25 14:37:20,14.451,Milar,45.399,11.927,11,33,0,3.757,34,77.778,35.802,36.957,17,20,74,163,4,2,0,83
2026-04-28 14:08:03,14.621,Milar,42.373,10.917,3,25,0,3.86,25,50,42.857,33.333,6,17,50,118,1,3,1,83
2026-04-29 13:52:18,14.439,Milar,35.461,9.584,3,28,0,4.02,24,60.606,28.169,27.027,6,11,50,141,2,4,0,83
2026-04-30 14:25:20,14.241,Milar,42.945,9.581,11,47,0,3.929,30,69.231,36.986,31.373,14,14,70,163,3,3,0,83
2026-05-04 13:50:06,14.224,Milar,47.619,11.42,3,32,0,4.343,25,64.103,34.615,48.214,8,15,70,147,3,3,0,83
2026-05-05 14:09:04,14.214,Milar,49.635,11.227,5,21,1,4.353,22,75,39.062,43.243,7,8,68,137,1,3,1,83
2026-05-06 23:26:01,14.041,Milar,42.515,8.454,6,56,0,4.099,31,64.103,34.247,38.182,14,15,71,167,2,4,0,83
2026-05-14 21:21:37,13.866,Milar,52.174,11.169,3,14,0,4.986,14,80,41.538,44.737,4,9,72,138,2,3,0,83
2026-05-15 17:46:44,13.788,Milar,42.202,11.397,7,20,1,3.652,26,65.217,29.167,44.737,9,11,46,109,2,3,0,83
2026-05-18 15:08:53,13.617,Milar,37.956,10.749,8,32,0,3.962,24,64.516,32.787,26.667,12,12,52,137,1,4,1,83
2026-05-20 14:25:13,13.341,Milar,47.26,10.541,8,32,0,4.072,32,67.742,40.909,42.857,11,18,69,146,1,4,0,83
2026-05-21 14:29:56,13.069,Milar,48.503,9.661,3,30,0,4.679,23,72.973,42.683,39.583,15,5,81,167,3,2,1,83
2026-05-22 14:23:24,13.164,Milar,43.443,12.173,5,24,0,3.887,28,80.645,26.786,37.143,9,11,53,122,4,2,0,83
2026-05-24 13:57:54,13.338,Milar,44.144,10.05,7,26,0,4.102,23,76.923,40.385,24.242,8,8,49,111,2,3,0,83
2026-05-25 14:28:52,13.243,Milar,41.509,9.808,6,31,0,4.424,28,70.732,32.877,28.889,13,8,66,159,4,2,0,83
2026-05-26 18:30:52,13.427,Milar,43.056,11.676,4,17,0,4.048,29,67.391,29.032,36.111,7,18,62,144,2,3,1,83
2026-05-28 16:09:41,13.343,Milar,42.969,13.293,8,27,2,3.527,31,74.074,38.095,28.947,15,9,55,128,4,2,0,83
2026-05-31 11:11:49,13.527,Milar,47.826,12.212,8,22,0,3.848,35,66.667,48.529,29.73,16,12,66,138,3,2,1,83
2026-06-01 13:46:50,13.601,Milar,51.639,12.887,6,17,1,3.857,30,72.727,46,41.026,10,13,63,122,2,3,1,83
2026-06-02 14:21:12,13.508,Milar,45.926,11.234,3,14,0,4.694,21,59.459,43.86,36.585,4,9,62,135,3,3,0,83
2026-06-05 17:50:16,13.483,Milar,41.27,8.127,3,28,0,4.288,22,67.742,31.667,34.286,5,11,52,126,1,4,0,83
2026-06-06 14:12:19,12.959,Milar,39.062,9.381,3,20,0,4.14,19,70,21.569,29.73,5,7,50,128,2,4,0,83
2026-06-06 22:27:02,12.777,Milar,40.164,10.358,5,25,0,4.041,24,80.645,23.729,31.25,10,10,49,122,3,3,0,83
2026-06-09 23:10:50,12.777,Milar,47.445,10.639,12,31,0,3.354,41,84.375,40,28.571,19,16,65,137,2,4,0,83
2026-06-11 14:01:41,12.581,Milar,42.857,12.45,7,10,0,3.667,23,62.5,38.298,33.333,11,9,42,98,2,3,0,83
2026-06-12 18:27:27,12.495,Milar,46.364,8.927,2,19,1,5.039,12,65.217,36.538,48.571,6,3,51,110,4,0,0,83
2026-07-03 17:57:14,13.039,Milar,39.623,10.541,6,17,0,3.762,20,69.565,36.585,26.19,11,9,42,106,4,2,0,83
2026-01-01 10:11:46,14.268,Alkios,40.179,11.72,6,29,0,3.356,30,62.5,32,36.842,9,14,45,112,4,1,0,84
2026-01-01 22:39:32,14.585,Alkios,41.121,10.268,4,22,0,3.636,26,60.606,42.5,20.588,8,12,44,107,2,3,0,84
2026-01-02 00:57:04,14.482,Alkios,42.614,9.965,9,41,1,4.04,36,61.905,41.975,28.302,12,20,75,176,3,2,1,84
2026-01-03 10:38:36,14.572,Alkios,42.308,10.655,3,21,0,4.455,28,70.27,35.294,29.412,7,13,66,156,2,4,0,84
2026-01-04 11:41:01,14.392,Alkios,42.241,10.698,4,18,0,4.0,24,70.833,37.037,31.579,9,9,49,116,2,4,0,84
2026-01-04 14:34:40,14.198,Alkios,46.067,14.337,8,15,0,3.39,24,77.778,36.111,26.923,15,12,41,89,3,1,1,84
2026-01-07 14:00:01,14.39,Alkios,42.574,12.481,6,15,0,3.907,20,52,47.917,25,8,11,43,101,1,4,0,84
2026-02-23 11:23:01,13.813,Alkios,41.358,9.84,6,32,1,4.104,30,55.102,33.803,38.095,7,18,67,162,2,4,0,84
2026-02-24 21:10:41,13.813,Alkios,36.154,9.816,11,32,0,3.447,26,45.714,33.333,31.429,15,10,47,130,1,5,0,84
2026-02-25 09:17:06,13.389,Alkios,44.311,11.355,9,31,0,4.135,30,73.529,40.23,30.435,11,13,74,167,5,1,0,84
2026-03-01 17:42:33,13.596,Alkios,38.333,9.692,4,25,0,3.761,24,57.576,32.143,29.032,6,16,46,120,1,4,0,84
2026-03-02 19:23:01,13.32,Alkios,32.237,7.711,5,41,1,4.143,19,66.667,25.333,18.182,10,8,49,152,3,3,0,84
2026-03-03 09:00:41,13.311,Alkios,43.089,12.418,8,23,0,3.83,23,65.714,40,26.316,13,9,53,123,2,4,0,84
2026-03-04 14:45:10,13.108,Alkios,35.465,9.878,11,43,1,4.082,27,57.5,36.364,18.182,15,12,61,172,3,2,1,84
2026-03-05 09:50:08,13.181,Alkios,39.837,10.097,7,28,0,3.755,24,62.069,38.182,25.641,8,11,49,123,3,3,0,84
2026-03-05 20:48:03,13.188,Alkios,43.017,8.895,7,37,1,4.325,29,70,37.374,30,8,20,77,179,3,2,1,84
2026-03-08 10:05:52,13.283,Alkios,31.783,6.676,2,32,1,4.707,12,48.571,29.63,20,4,9,41,129,3,3,0,84
2026-03-09 19:09:10,13.275,Alkios,42.336,10.407,8,29,0,3.983,28,61.29,37.5,35.294,11,12,58,137,4,2,0,84
2026-03-10 19:04:37,13.441,Alkios,44.737,10.258,4,12,0,4.529,14,57.143,42.593,37.5,8,8,51,114,0,5,1,84
2026-03-11 10:35:17,12.98,Alkios,46.154,9.31,5,18,0,4.773,17,66.667,44.068,35.294,8,6,66,143,4,2,0,84
2026-03-12 22:28:14,13.165,Alkios,39.655,13.177,11,21,0,3.696,24,60.714,35.294,29.73,11,11,46,116,4,2,0,84
2026-03-15 19:01:50,13.341,Alkios,47.2,10.745,3,12,0,4.627,19,59.524,45.283,33.333,5,13,59,125,2,4,0,84
2026-03-16 16:08:49,13.176,Alkios,43.137,8.948,7,36,0,4.121,27,61.765,40.299,34.615,15,11,66,153,4,2,0,84
2026-03-16 19:05:41,13.36,Alkios,41.176,7.827,2,18,0,4.837,14,65.625,30,37.037,4,8,49,119,0,6,0,84
2026-03-17 10:03:05,12.817,Alkios,35.938,10.19,9,37,0,3.783,25,69.444,25,20.455,11,10,46,128,3,2,1,84
2026-03-19 11:00:41,12.901,Alkios,42.963,11.26,12,28,0,3.621,32,70.27,36.667,26.316,17,5,58,135,6,0,0,84
2026-03-20 19:13:56,13.446,Alkios,41.463,8.909,4,32,1,4.882,16,76.667,34.615,32.143,5,12,68,164,4,1,1,84
2026-03-26 10:19:38,13.724,Alkios,38.068,9.122,15,51,1,3.478,39,69.565,27.16,26.531,16,16,67,176,3,3,0,84
2026-03-26 13:51:53,13.7,Alkios,35.669,9.24,4,27,1,4.393,19,60.606,27.848,31.111,7,9,56,157,3,3,0,84
2026-03-27 19:09:40,13.712,Alkios,41.722,11.195,4,31,0,4.302,27,76.923,38.571,29.091,11,10,63,151,4,2,0,84
2026-03-28 22:07:01,13.914,Alkios,48.819,13.639,6,18,0,3.952,24,72.222,45.455,30.556,11,10,62,127,4,1,0,84
2026-03-30 09:40:19,14.186,Alkios,43.137,11.849,4,19,0,4.485,25,77.143,40.26,19.512,9,11,66,153,2,4,0,84
2026-03-31 10:11:52,13.975,Alkios,39.098,7.182,2,22,0,5.25,15,59.375,39.683,21.053,3,8,52,133,1,5,0,84
2026-04-01 14:00:26,13.621,Alkios,40.625,10.084,4,17,1,4.962,14,79.412,29.091,23.077,11,4,52,128,3,3,0,84
2026-04-02 13:54:01,13.623,Alkios,34.884,10.719,5,22,0,3.978,23,70.37,25,26.19,7,9,45,129,4,2,0,84
2026-04-02 18:30:27,13.796,Alkios,45.865,10.126,3,21,0,4.508,22,72.973,43.548,20.588,5,11,61,133,2,3,0,84
2026-04-03 06:41:19,13.691,Alkios,40.0,12.437,4,20,1,4.038,24,62.5,43.077,12.121,11,8,52,130,4,2,0,84
2026-04-05 17:46:11,13.878,Alkios,45.283,12.428,3,15,0,4.208,23,68.421,39.583,41.026,5,12,48,106,2,3,0,84
2026-04-06 18:07:46,13.778,Alkios,43.421,11.313,7,25,0,4.288,25,66.667,41.429,32.692,11,7,66,152,3,3,0,84
2026-04-09 18:12:32,13.777,Alkios,32.353,5.725,2,21,1,4.818,6,60,25.532,20,4,1,33,102,1,3,1,84
2026-04-10 21:38:08,13.609,Alkios,40.141,12.202,6,24,1,4.228,22,58.824,34.375,34.091,8,13,57,142,2,4,0,84
2026-04-13 19:02:02,13.415,Alkios,43.697,12.449,4,19,0,4.038,22,76.316,28.846,27.586,9,10,52,119,4,2,0,84
2026-04-14 18:31:24,13.6,Alkios,44.366,11.321,7,18,0,4.222,22,75,38.889,28.947,10,11,63,142,2,4,0,84
2026-04-15 10:03:16,13.42,Alkios,43.791,10.873,7,21,2,4.567,20,68.421,36,35,11,9,67,153,4,2,0,84
2026-04-17 17:36:21,13.59,Alkios,37.374,9.277,3,14,0,3.973,15,68.182,37.778,15.625,6,8,37,99,2,2,1,84
2026-04-18 21:12:03,13.598,Alkios,47.857,10.911,7,23,0,3.925,33,61.538,47.692,33.333,9,23,67,140,2,2,1,84
2026-04-21 10:13:47,13.591,Alkios,34.307,8.345,4,26,0,4.468,17,67.568,21.875,22.222,5,8,47,137,3,2,0,84
2026-04-21 18:25:22,13.67,Alkios,44.444,10.066,5,24,0,4.017,28,56.25,36.667,46.512,12,13,60,135,3,3,0,84
2026-04-27 18:57:55,13.67,Alkios,42.568,13.18,10,30,1,3.698,33,50,48.718,25,14,14,63,148,4,2,0,84
2026-04-29 18:16:04,13.848,Alkios,47.321,12.086,10,22,0,3.509,30,63.158,38.333,54.545,17,8,53,112,5,1,0,84
2026-05-04 06:27:59,14.216,Alkios,42.969,11.702,12,29,0,3.473,32,71.429,35.849,27.5,13,19,55,128,2,4,0,84
2026-05-04 18:44:00,14.037,Alkios,47.857,10.327,5,30,1,4.388,24,67.742,40.625,44.444,11,6,67,140,1,3,1,84
2026-05-08 18:02:51,13.85,Alkios,38.333,9.055,3,20,1,4.109,19,66.667,33.333,26.19,6,12,46,120,1,4,0,84
2026-05-11 10:54:27,13.85,Alkios,51.656,10.299,9,34,0,4.385,33,67.647,52.113,39.13,14,16,78,151,3,1,2,84
2026-05-11 18:11:15,13.762,Alkios,37.113,8.385,1,12,0,4.528,12,72.727,27.451,25,3,8,36,97,2,4,0,84
2026-05-12 09:38:12,13.579,Alkios,45.588,11.602,15,30,1,3.306,37,69.231,41.27,26.471,19,11,62,136,4,2,0,84
2026-05-12 18:15:50,13.753,Alkios,37.956,7.84,5,32,0,4.558,20,61.765,32.394,25,5,12,52,137,2,3,0,84
2026-05-13 13:44:45,13.656,Alkios,44.628,10.626,3,14,0,4.611,19,65.625,33.962,41.667,8,7,54,121,3,3,0,84
2026-05-13 16:03:02,13.644,Alkios,32.09,7.049,3,27,0,4.558,15,50,31.884,18.919,5,3,43,134,0,5,1,84
2026-05-14 21:21:37,13.194,Alkios,41.176,8.372,3,13,0,5.089,9,76.471,37.5,19.565,3,3,56,136,2,3,0,84
2026-05-15 17:46:44,13.107,Alkios,40.385,9.602,3,17,0,4.0,20,75,29.167,31.25,11,6,42,104,3,2,0,84
2026-05-17 21:31:48,13.275,Alkios,42.453,10.205,3,13,0,3.844,21,71.429,36.735,33.333,6,9,45,106,1,5,0,84
2026-05-18 11:01:47,12.909,Alkios,42.308,10.994,12,23,0,3.764,28,62.069,43.548,25.641,14,8,55,130,4,1,1,84
2026-05-18 21:53:11,13.168,Alkios,43.443,11.817,6,25,0,3.396,32,75,30.435,34.091,10,16,53,122,2,4,0,84
2026-05-20 08:34:07,12.994,Alkios,44.853,13.669,8,23,1,3.623,33,74.286,43.284,17.647,14,17,61,136,2,4,0,84
2026-05-20 14:25:13,12.78,Alkios,47.414,10.36,5,22,0,4.109,22,75,36.957,43.478,14,4,55,116,3,2,0,84
2026-05-20 18:28:10,12.866,Alkios,41.935,11.47,6,21,0,3.962,26,62.162,34,32.432,9,12,52,124,3,3,0,84
2026-05-24 19:25:18,12.868,Alkios,36.296,6.743,2,22,0,4.837,14,69.565,31.579,27.273,3,4,49,135,4,2,0,84
2026-05-25 12:49:49,13.062,Alkios,42.754,11.693,7,21,0,3.763,26,73.171,30.769,28.125,12,7,59,138,4,2,0,84
2026-05-25 14:28:52,13.238,Alkios,45.27,10.435,6,20,2,4.537,26,79.487,35.821,28.571,13,7,67,148,5,1,0,84
2026-05-26 08:23:25,13.585,Alkios,39.024,8.291,3,16,0,4.75,21,60.465,33.824,28.302,5,9,64,164,3,2,1,84
2026-05-27 11:00:45,13.684,Alkios,35.915,8.814,3,19,0,4.529,14,57.576,32.895,21.212,6,5,51,142,4,2,0,84
2026-05-28 10:37:26,13.876,Alkios,42.466,8.972,7,41,0,4.048,24,75,38.235,26.087,10,12,62,146,2,4,0,84
2026-05-28 16:09:41,13.699,Alkios,39.007,10.307,6,42,0,3.964,26,69.697,36.364,22.642,9,13,55,141,3,3,0,84
2026-05-29 07:43:45,13.688,Alkios,34.752,9.495,11,37,0,3.143,32,61.538,30.667,25,15,15,49,141,3,3,0,84
2026-05-29 13:51:29,13.697,Alkios,45.07,10.176,12,32,1,3.609,37,69.697,39.394,34.884,15,16,64,142,4,2,0,84
2026-05-29 18:24:54,13.889,Alkios,35.714,9.319,5,30,1,4.036,25,66.667,22.727,28.571,10,12,55,154,2,4,0,84
2026-05-31 11:11:49,13.722,Alkios,35.252,8.482,6,28,0,3.98,23,57.143,34.328,22.727,9,13,49,139,2,4,0,84
2026-06-03 18:55:58,13.555,Alkios,42.958,10.492,6,28,2,4.328,26,70,42.667,21.622,15,8,61,142,3,2,1,84
2026-06-06 14:12:19,13.64,Alkios,43.571,11.118,5,26,0,4.115,26,67.568,31.343,41.667,10,13,61,140,4,2,0,84
2026-06-07 18:18:38,13.811,Alkios,37.838,8.488,1,25,1,4.357,21,56.41,39.437,15.789,6,11,56,148,0,6,0,84
2026-06-09 13:58:23,13.288,Alkios,38.667,10.35,7,36,0,3.931,26,64.516,29.688,34.545,10,15,58,150,2,4,0,84
2026-06-09 18:18:54,13.112,Alkios,42.953,8.75,2,18,0,4.516,23,71.429,38.095,29.412,5,11,64,149,2,4,0,84
2026-06-10 09:01:42,12.929,Alkios,41.611,13.368,13,25,0,3.935,28,60.465,43.86,22.449,14,13,62,149,2,3,1,84
2026-06-10 18:04:55,12.842,Alkios,46.429,12.365,4,10,0,4.115,23,64,41.667,40.741,10,10,52,112,2,3,0,84
2026-06-10 21:20:02,12.771,Alkios,38.75,10.068,6,44,1,3.855,36,63.889,33.333,27.907,10,19,62,160,2,3,0,84
2026-06-11 18:19:17,12.674,Alkios,44.231,10.678,5,20,0,3.957,22,62.5,45.833,28.125,7,7,46,104,3,2,0,84
2026-06-12 14:04:43,12.762,Alkios,35.644,7.113,2,27,0,4.639,11,59.091,27.273,31.429,6,3,36,101,2,3,0,84
2026-06-12 18:27:27,12.668,Alkios,45.522,10.61,1,13,0,4.656,22,76.923,37.681,38.462,4,12,61,134,4,2,0,84
2026-06-17 23:35:10,13.197,Alkios,30.973,7.361,5,19,1,4.343,12,70,23.077,21.951,6,4,35,113,1,4,0,84
2026-06-18 07:29:56,12.839,Alkios,41.29,10.417,3,16,0,4.562,20,72.093,28.169,31.707,7,8,64,155,5,1,0,84
2026-06-22 21:35:21,12.922,Alkios,35.22,9.441,9,39,0,4.232,24,60.526,31.429,21.569,11,9,56,159,4,2,0,84
2026-06-25 00:18:18,13.112,Alkios,45.238,11.651,5,16,0,4.513,24,76.316,39.744,30.769,8,11,76,168,2,3,1,84
2026-06-25 14:15:46,13.018,Alkios,36.09,10.109,4,24,0,4.062,19,70.37,29.31,25,6,8,48,133,5,1,0,84
2026-06-27 17:17:15,13.356,Alkios,43.902,9.32,1,6,1,4.5,20,58.824,42.857,32.5,7,7,54,123,4,2,0,84
2026-07-01 23:43:02,13.437,Alkios,41.25,9.125,9,48,0,3.545,37,62.791,36.25,27.027,13,19,66,160,3,3,0,84
2026-07-03 17:57:14,13.353,Alkios,41.463,11.541,8,23,0,3.686,28,74.074,38.333,22.222,13,9,51,123,3,3,0,84
2026-07-05 14:02:38,13.341,Alkios,44.366,13.972,12,25,1,3.778,32,74.194,37.143,34.146,16,14,63,142,3,3,0,84
2026-01-24 06:26:17,8.89,Animerod,19.318,2.936,0,20,0,4.765,4,16.667,20.455,19.231,0,2,17,88,1,3,0,85
2026-05-23 06:57:28,8.647,Animerod,26.174,5.605,4,25,2,4.718,12,37.838,19.672,25.49,6,1,39,149,2,3,0,85
2026-06-04 23:57:00,8.523,Animerod,17.692,3.67,2,30,1,4.348,8,25,18.333,10.526,3,5,23,130,3,3,0,85
2026-06-13 07:12:37,8.51,Animerod,29.333,4.264,0,13,4,5.455,5,32.653,30.769,22.222,1,1,44,150,3,2,0,85
2026-04-17 17:36:21,3.5,Aryssiel,13.592,1.798,0,15,0,5.357,3,25,2.174,21.622,1,1,14,103,2,3,0,86
2026-06-10 18:04:55,3.374,Aryssiel,19.643,3.646,1,10,1,5.136,5,20,18.333,22.222,4,2,22,112,2,3,0,86
2026-06-11 18:19:17,3.279,Aryssiel,17.308,1.656,0,20,0,5.667,2,25,10.417,21.875,1,1,18,104,3,2,0,86
2026-01-18 12:22:26,9.632,Beokros,32.515,5.828,2,48,0,4.623,22,43.902,28.75,28.571,9,11,53,163,1,4,1,87
2026-01-20 19:15:46,9.309,Beokros,30.282,5.759,4,25,1,4.535,12,40,22.973,36.842,5,3,43,142,2,4,0,87
2026-01-22 22:13:39,9.099,Beokros,30.0,6.893,3,19,0,3.815,14,32.143,23.684,37.5,7,4,27,90,4,1,0,87
2026-01-29 16:37:47,9.434,Beokros,18.644,4.506,4,38,0,3.864,11,12.5,15.517,27.778,4,2,22,118,2,3,0,87
2026-02-05 20:53:38,9.332,Beokros,21.212,5.104,2,13,0,4.286,4,25,24.324,7.692,3,1,14,66,2,2,0,87
2026-02-08 19:05:51,9.223,Beokros,27.119,5.881,4,25,1,4.219,12,29.63,26.087,26.667,6,5,32,118,3,2,1,87
2026-02-13 00:43:49,9.343,Beokros,25.0,6.364,8,45,0,3.816,17,20,27.586,25.424,8,9,38,152,4,2,0,87
2026-02-15 19:18:05,9.546,Beokros,34.848,8.341,6,27,0,3.935,20,48.387,22.581,43.59,6,10,46,132,4,2,0,87
2026-02-22 17:23:05,9.742,Beokros,32.653,6.922,2,24,0,4.479,20,31.818,28.571,41.463,4,11,48,147,2,4,0,87
2026-02-28 18:08:03,9.533,Beokros,25.294,4.557,3,60,0,4.14,23,22.727,25,28,7,10,43,170,3,3,0,87
2026-03-06 10:48:41,9.546,Beokros,27.152,4.0,3,47,3,4.854,13,37.5,21.429,25.455,6,6,41,151,3,3,0,87
2026-03-24 10:46:54,9.553,Beokros,21.212,3.861,1,48,1,4.743,12,25.641,16.867,25.581,3,8,35,165,3,2,1,87
2026-04-03 13:50:59,9.661,Beokros,28.676,6.531,3,38,1,4.385,17,41.667,27.778,19.565,6,7,39,136,4,2,0,87
2026-04-17 14:03:23,9.857,Beokros,36.8,6.847,5,32,0,4.022,18,45.714,28,40,7,10,46,125,3,1,1,87
2026-05-02 23:23:31,10.064,Beokros,29.839,7.042,5,38,0,4.027,18,48,30.645,16.216,8,6,37,124,1,2,2,87
2026-05-06 23:26:01,9.974,Beokros,22.156,2.612,1,56,1,5.135,8,28.205,19.178,21.818,5,1,37,167,2,4,0,87
2026-05-11 10:54:27,9.785,Beokros,34.848,7.159,4,31,1,4.152,20,54.286,22.222,34.884,8,8,46,132,5,0,1,87
2026-05-15 17:46:44,10.245,Beokros,28.467,4.999,1,27,2,4.795,16,51.613,22.857,19.444,3,6,39,137,5,0,0,87
2026-05-18 11:01:47,11.204,Beokros,22.535,5.082,2,31,0,3.875,16,28.571,22.951,18.868,6,4,32,142,2,3,1,87
2026-05-28 16:09:41,11.123,Beokros,23.179,5.449,4,42,0,4.257,12,23.077,22.222,24.528,5,6,35,151,3,3,0,87
2026-06-18 07:29:56,11.125,Beokros,30.46,4.701,1,16,0,5.528,7,25,27.273,39.623,3,2,53,174,2,4,0,87
2026-06-30 14:01:09,10.934,Beokros,21.849,4.937,2,23,0,4.038,11,27.778,21.154,16.129,4,4,26,119,2,4,0,87
2026-01-02 13:57:28,9.317,Emdiel,32.11,8.044,4,18,0,4.457,11,42.424,27.273,28.571,8,2,35,109,2,3,0,88
2026-01-04 14:34:40,9.211,Emdiel,32.353,8.646,5,25,0,3.758,14,37.5,25,38.235,8,7,33,102,2,3,0,88
2026-01-07 14:00:01,9.104,Emdiel,22.772,3.56,1,15,1,5.261,4,28,18.75,25,1,3,23,101,1,4,0,88
2026-02-17 21:05:31,8.771,Emdiel,32.283,6.897,2,22,0,4.366,15,41.935,25,36.111,6,8,41,127,2,3,0,88
2026-03-05 20:48:03,8.681,Emdiel,34.078,6.797,7,37,0,4.492,22,52.5,34.343,15,8,5,61,179,3,2,1,88
2026-03-19 11:00:41,8.792,Emdiel,28.906,5.974,4,32,2,4.135,17,37.5,25,27.5,8,3,37,128,2,4,0,88
2026-03-30 13:56:39,8.567,Emdiel,24.8,6.315,6,20,0,4.516,12,31.429,20,25.714,7,5,31,125,6,0,0,88
2026-04-02 13:54:01,9.198,Emdiel,23.256,6.739,3,25,0,4.1,13,33.333,20.339,20,7,6,30,129,2,4,0,88
2026-04-05 17:46:11,8.987,Emdiel,29.787,6.406,3,19,3,4.905,12,35.556,23.81,33.333,4,6,42,141,3,2,0,88
2026-04-16 18:35:33,9.104,Emdiel,31.288,6.397,3,21,1,4.686,15,41.071,25.373,27.5,4,6,51,163,2,2,2,88
2026-04-19 14:28:30,9.115,Emdiel,32.903,7.692,5,33,1,4.51,20,45.714,23.611,37.5,10,7,51,155,4,2,0,88
2026-04-20 13:47:22,9.321,Emdiel,26.974,6.203,5,30,0,4.341,15,38.095,22.034,23.529,9,4,41,152,5,1,0,88
2026-04-23 10:37:04,9.726,Emdiel,27.027,6.196,1,24,0,4.4,12,36.667,24.39,22.5,3,6,30,111,1,5,0,88
2026-04-28 14:08:03,9.31,Emdiel,29.091,7.081,2,21,0,4.125,15,44,22.917,27.027,7,5,32,110,2,3,0,88
2026-05-16 13:47:04,9.212,Emdiel,25.253,8.155,4,13,0,3.92,12,25,31.25,8.696,5,1,25,99,3,3,0,88
2026-05-30 21:04:03,9.208,Emdiel,31.579,7.593,1,12,1,4.111,17,41.379,23.636,36.667,4,9,36,114,2,4,0,88
2026-06-03 18:55:58,9.012,Emdiel,30.597,7.216,4,24,0,4.488,17,29.63,28.788,34.146,8,5,41,134,2,4,0,88
2026-06-21 22:16:46,8.825,Emdiel,31.967,6.063,0,16,1,4.718,8,45.833,18.644,43.59,4,4,39,122,3,2,0,88
2026-06-23 23:11:54,8.929,Emdiel,27.941,4.931,1,28,0,4.474,15,39.474,21.127,29.63,2,8,38,136,1,5,0,88
2026-02-10 18:27:03,7.717,Keizan,24.845,4.473,3,39,4,4.725,12,29.73,25.316,20,4,4,40,161,3,3,0,90
2026-02-17 21:05:31,7.723,Keizan,18.11,3.634,2,27,3,4.826,7,34.375,11.538,13.953,4,4,23,127,2,3,0,90
2026-02-19 20:56:12,7.608,Keizan,25.217,5.115,5,28,0,4.517,10,54.167,18.519,16.216,5,2,29,115,4,2,0,90
2026-02-22 17:23:05,7.826,Keizan,23.563,6.86,7,24,3,4.122,20,42.424,23.81,12.281,10,10,41,174,5,1,0,90
2026-02-24 21:10:41,8.282,Keizan,26.897,6.077,9,29,0,4.154,16,40.541,25.333,15.152,10,4,39,145,4,2,0,90
2026-03-02 19:23:01,8.539,Keizan,22.951,3.576,0,32,1,4.857,7,39.13,19.697,18.182,1,5,28,122,1,5,0,90
2026-03-10 19:04:37,8.113,Keizan,23.214,4.871,1,13,1,4.692,8,33.333,24,14.286,4,2,26,112,2,4,0,90
2026-03-16 19:05:41,7.895,Keizan,28.571,5.308,0,18,0,4.971,11,46.875,25,14.815,4,5,34,119,0,6,0,90
2026-04-20 18:43:30,7.258,Keizan,22.222,2.78,0,29,3,5.433,6,48.387,17.46,9.756,1,3,30,135,3,3,0,90
2026-06-18 14:24:55,7.245,Keizan,22.835,4.385,3,33,3,4.724,8,40.741,17.308,18.75,4,4,29,127,2,3,0,90
2026-07-02 18:34:06,7.127,Keizan,19.595,4.336,1,23,0,4.69,8,53.333,10.526,11.905,4,2,29,148,2,4,0,90
2026-01-05 00:32:24,11.752,Baikinman,43.796,10.038,7,28,0,4.0,31,87.805,22.807,28.205,14,12,60,137,4,2,0,91
2026-01-17 16:40:47,12.071,Baikinman,43.478,9.497,1,24,1,4.433,28,75.61,28.814,31.579,2,17,60,138,2,3,0,91
2026-01-17 16:42:16,12.071,Baikinman,43.478,9.497,1,24,1,4.433,28,75.61,28.814,31.579,2,17,60,138,2,3,0,91
2026-01-20 00:30:42,11.963,Baikinman,40.69,8.828,4,29,1,4.288,24,82.609,18.333,25.641,8,13,59,145,4,2,0,91
2026-01-22 22:13:39,12.175,Baikinman,41.27,8.164,6,27,0,4.327,19,73.333,35.714,25,8,7,52,126,1,4,0,91
2026-01-26 00:05:52,11.826,Baikinman,42.342,10.996,4,16,1,3.83,26,76.923,26.19,37.209,7,14,47,111,5,1,0,91
2026-01-31 16:22:08,12.262,Baikinman,37.5,9.581,8,36,0,3.702,33,75.758,22.857,32.653,13,12,57,152,5,1,0,91
2026-01-31 23:17:02,12.679,Baikinman,34.532,9.687,7,23,2,3.729,23,70,18.182,34.884,9,9,48,139,2,4,0,91
2026-02-02 00:40:03,12.476,Baikinman,33.974,6.153,2,39,2,4.83,16,82.051,12.121,25.49,4,7,53,156,1,5,0,91
2026-02-05 20:53:38,12.051,Baikinman,37.209,9.614,3,19,0,3.917,26,96.774,11.94,32.258,6,16,48,129,2,4,0,91
2026-02-14 14:04:22,11.854,Baikinman,30.769,9.335,5,27,0,4.104,19,56.41,21.212,23.529,7,9,48,156,2,4,0,91
2026-02-15 19:18:05,11.654,Baikinman,38.211,11.686,9,24,0,3.298,29,84.211,28.571,31.25,10,16,47,123,1,5,0,91
2026-02-22 17:23:05,11.229,Baikinman,31.293,7.571,4,24,0,4.348,18,68.182,21.429,31.707,10,7,46,147,2,4,0,91
2026-02-26 01:09:58,11.019,Baikinman,40.602,10.304,6,18,2,4.093,24,67.742,27.869,39.024,12,10,54,133,1,5,0,91
2026-03-01 17:42:33,10.617,Baikinman,37.615,8.53,4,25,2,4.098,17,81.481,15.217,33.333,8,9,41,109,3,2,0,91
2026-03-05 20:48:03,10.729,Baikinman,37.324,8.893,9,32,1,4.019,26,76.667,24.324,31.579,9,12,53,142,3,2,1,91
2026-03-07 13:52:35,10.829,Baikinman,34.646,7.816,3,27,1,4.636,17,74.194,17.544,28.205,5,7,44,127,1,3,1,91
2026-03-12 22:28:14,10.624,Baikinman,39.241,8.078,2,33,0,4.548,20,85.714,23.377,30.435,6,5,62,158,3,3,0,91
2026-03-21 14:05:45,10.644,Baikinman,35.2,7.997,0,19,0,4.295,17,66.667,25.397,28.571,2,11,44,125,2,3,0,91
2026-03-27 19:09:40,10.552,Baikinman,40.385,10.289,5,27,0,4.397,25,72.222,23.438,39.286,13,7,63,156,2,4,0,91
2026-03-30 21:39:33,10.354,Baikinman,42.177,7.436,5,24,0,4.645,21,78.125,30.986,34.091,6,13,62,147,3,3,0,91
2026-04-02 13:54:01,10.368,Baikinman,38.686,10.785,4,22,1,4.189,21,90.625,12.903,37.209,6,12,53,137,3,3,0,91
2026-04-02 18:30:27,10.363,Baikinman,41.497,7.605,3,20,0,4.934,16,79.487,25.758,30.952,5,5,61,147,4,1,0,91
2026-04-10 21:38:08,10.665,kishua,41.615,10.871,2,21,1,4.418,24,78.261,13.043,47.826,11,8,67,161,4,2,0,91
2026-04-16 00:39:38,10.872,Baikinman,42.553,8.913,3,20,1,4.367,23,74.419,24.242,37.5,10,5,60,141,3,2,0,91
2026-04-17 17:36:21,10.962,Baikinman,41.284,9.49,1,17,0,4.089,20,91.667,22.222,32.5,5,8,45,109,4,1,0,91
2026-04-18 16:41:41,11.257,Baikinman,43.871,9.924,7,25,0,4.485,20,76.596,28.788,30.952,12,2,68,155,5,0,1,91
2026-04-20 22:24:29,11.697,Baikinman,39.13,9.043,5,24,1,3.911,21,91.667,26.667,23.913,6,7,45,115,3,2,0,91
2026-04-25 14:37:20,11.797,Baikinman,34.028,7.951,5,25,0,3.918,22,70,26.027,21.951,6,8,49,144,2,4,0,91
2026-05-01 21:20:47,11.595,Baikinman,43.243,9.474,2,18,0,4.031,28,71.111,18.966,46.667,10,17,64,148,3,3,0,91
2026-05-03 13:50:06,11.579,Baikinman,37.778,9.857,9,31,0,4.039,21,64.706,25,34.146,9,10,51,135,3,2,0,91
2026-05-06 21:00:14,11.683,Baikinman,40.426,9.858,5,24,0,4.561,22,73.333,28.333,35.294,7,13,57,141,1,4,1,91
2026-05-14 21:21:37,11.399,Baikinman,42.857,10.035,4,12,2,5.0,16,76.316,29.091,30,4,8,57,133,2,3,0,91
2026-05-18 21:53:11,11.296,Baikinman,28.244,7.362,6,27,1,3.811,18,51.613,22.642,19.149,8,8,37,131,3,3,0,91
2026-05-20 22:26:33,11.292,Baikinman,42.384,9.978,8,34,0,3.562,30,76.923,29.032,32,13,10,64,151,3,3,0,91
2026-05-22 21:04:09,11.281,Baikinman,45.37,11.048,6,13,0,4.082,20,73.333,26.531,48.276,9,8,49,108,4,1,0,91
2026-05-24 13:57:54,11.579,Baikinman,30.556,5.398,3,23,1,4.697,10,75,25,17.857,5,3,33,108,4,1,0,91
2026-05-30 21:04:03,11.867,Baikinman,41.611,10.516,5,21,2,4.21,27,74.286,21.667,42.593,10,14,62,149,3,3,0,91
2026-01-02 13:57:28,10.132,Kuterin,34.815,7.972,5,22,1,4.745,14,51.282,26.316,30.769,7,4,47,135,1,4,0,92
2026-01-04 14:34:40,9.77,Kuterin,24.719,5.987,3,15,1,4.0,10,29.63,16.667,30.769,5,3,22,89,3,1,1,92
2026-03-19 19:00:40,10.001,Kuterin,26.144,6.067,2,25,1,4.45,17,41.935,21.538,22.807,7,3,40,153,3,3,0,92
2026-04-05 17:46:11,9.995,Kuterin,24.528,5.482,2,15,0,4.885,7,36.842,25,17.949,3,3,26,106,2,3,0,92
2026-04-11 13:56:22,9.871,Kuterin,26.797,6.788,2,17,0,4.634,14,31.818,27.586,21.569,5,5,41,153,3,3,0,92
2026-05-14 14:18:15,9.865,Kuterin,21.97,5.263,3,30,1,4.448,12,47.826,20.29,10,7,0,29,132,2,4,0,92
2026-05-15 17:46:44,9.64,Kuterin,16.071,5.651,3,33,0,3.056,14,18.519,14.286,18.182,12,2,18,112,2,3,0,92
2026-05-25 12:49:49,9.425,Kuterin,34.328,8.894,4,15,0,4.0,20,65.625,20.833,33.333,10,8,46,134,4,2,0,92
2026-05-28 16:09:41,9.628,Kuterin,29.078,7.91,8,42,2,4.073,17,39.394,32.727,18.868,11,3,41,141,3,3,0,92
2026-05-31 11:11:49,9.616,Kuterin,23.741,6.425,5,28,1,3.818,19,39.286,20.896,18.182,7,6,33,139,2,4,0,92
2026-06-01 18:21:54,9.414,Kuterin,28.395,5.734,3,30,2,4.717,16,44.444,20.27,28.846,6,8,46,162,2,3,1,92
2026-06-04 18:25:20,9.303,Kuterin,27.976,6.634,2,40,0,4.255,23,30.952,30.137,22.642,6,15,47,168,2,4,0,92
2026-06-27 17:17:15,9.088,Kuterin,39.37,9.633,6,6,1,4.34,17,36.842,40.426,40.476,7,7,50,127,2,4,0,92
2026-01-04 14:34:40,8.533,chaabdu92,31.343,6.295,1,33,0,4.238,17,54.839,18.333,32.558,4,6,42,134,1,3,1,97
2026-01-07 14:00:01,8.318,chaabdu92,33.684,6.679,2,14,0,4.812,10,46.667,40,8,6,4,32,95,3,2,0,97
2026-02-02 13:53:19,8.42,chaabdu92,25.714,4.881,3,21,1,5.25,6,51.852,25,11.111,4,1,36,140,3,3,0,97
2026-02-09 18:53:08,8.416,chaabdu92,31.933,5.829,3,25,1,4.789,10,33.333,22.222,43.902,6,3,38,119,2,3,0,97
2026-04-25 21:35:54,8.311,chaabdu92,32.673,5.873,1,14,0,4.455,13,43.478,28.571,31.034,2,6,33,101,4,2,0,97
2026-04-28 14:08:03,8.523,chaabdu92,27.966,6.789,4,25,1,4.152,13,28.125,32.143,20,8,3,33,118,1,3,1,97
2026-04-29 09:20:39,8.317,chaabdu92,27.642,4.024,2,33,0,4.647,10,40,22.034,26.471,2,5,34,123,1,5,0,97
2026-04-30 14:25:20,7.915,chaabdu92,28.667,4.453,2,36,1,4.651,12,41.86,23.077,23.81,3,7,43,150,3,2,1,97
2026-05-01 11:41:50,8.039,chaabdu92,29.927,7.167,5,27,0,4.0,18,43.75,26.786,24.49,9,6,41,137,4,1,1,97
2026-05-12 14:05:09,8.328,chaabdu92,22.628,5.247,6,31,1,3.871,12,37.037,23.881,11.628,7,4,31,137,4,2,0,97
2026-05-13 13:44:45,8.529,chaabdu92,31.148,6.745,3,13,2,4.921,11,48.387,29.091,19.444,4,3,38,122,1,5,0,97
2026-05-14 14:18:15,8.135,chaabdu92,30.263,7.113,2,29,1,4.457,20,48.571,27.143,21.277,8,7,46,152,3,2,1,97
2026-05-17 09:37:26,8.229,chaabdu92,32.231,6.188,1,12,2,4.744,11,51.613,25,26.667,1,6,39,121,3,3,0,97
2026-05-17 21:31:48,8.235,chaabdu92,30.189,5.502,0,13,0,4.375,9,42.857,26.531,27.778,3,6,32,106,1,5,0,97
2026-05-19 14:12:22,7.83,chaabdu92,28.0,5.472,3,34,0,4.619,13,44.118,27.397,16.279,5,4,42,150,1,4,1,97
2026-05-22 14:23:24,7.534,chaabdu92,31.724,6.301,5,31,0,4.87,14,54.286,30.435,14.634,5,6,46,145,2,4,0,97
2026-06-05 08:39:16,7.344,chaabdu92,30.405,5.215,3,33,2,4.822,13,47.368,26.316,20.588,5,4,45,148,2,4,0,97
2026-06-18 14:24:55,7.149,chaabdu92,27.559,3.943,1,33,0,5.057,7,37.037,34.615,14.583,3,3,35,127,2,3,0,97
2026-06-24 20:18:32,7.041,chaabdu92,25.362,4.415,1,30,0,4.657,12,46.154,24.286,14.286,2,3,35,138,3,3,0,97
2026-01-02 13:57:28,10.268,Comete,34.737,7.769,1,13,0,4.576,11,70,21.739,31.034,5,1,33,95,4,1,0,98
2026-01-04 14:34:40,10.594,Comete,33.333,7.97,5,25,0,3.971,13,79.167,22.727,14.706,8,3,34,102,2,3,0,98
2026-01-11 19:25:15,10.494,Comete,32.836,6.844,4,24,0,4.523,16,57.895,22.449,23.404,8,6,44,134,1,5,0,98
2026-01-16 18:32:49,10.064,Comete,29.204,6.801,4,23,0,4.091,12,43.478,31.481,16.667,4,8,33,113,3,2,0,98
2026-01-17 10:53:12,10.156,Comete,39.888,9.218,2,26,0,4.662,25,75,27.16,30.189,8,7,71,178,6,0,0,98
2026-01-17 16:40:47,10.768,Comete,37.692,6.883,1,19,1,5.02,16,52.778,32.258,31.25,2,9,49,130,3,2,0,98
2026-01-17 16:42:16,10.768,Comete,37.692,6.883,1,19,1,5.02,16,52.778,32.258,31.25,2,9,49,130,3,2,0,98
2026-01-25 09:22:33,10.873,Comete,39.375,7.445,3,28,2,4.889,17,70,28.395,30.769,9,3,63,160,3,3,0,98
2026-01-26 19:25:39,10.865,Comete,35.338,8.028,3,16,1,4.447,17,52.941,32.787,23.684,8,5,47,133,1,4,0,98
2026-01-27 19:12:40,10.561,Comete,29.31,5.201,1,18,0,4.882,10,64,23.729,12.5,4,3,34,116,2,4,0,98
2026-02-02 09:29:42,10.371,Comete,34.81,6.307,7,37,1,4.327,19,61.538,20.27,35.556,11,4,55,158,1,4,1,98
2026-02-05 15:04:09,10.076,Comete,39.735,7.438,2,24,1,4.967,15,67.442,25.352,35.135,2,6,60,151,3,3,0,98
2026-02-10 18:27:03,9.889,Comete,36.97,8.024,4,42,0,4.131,25,56.818,37.5,14.634,8,10,61,165,2,4,0,98
2026-02-11 13:43:55,9.686,Comete,30.714,5.764,1,15,1,5.07,7,51.613,24.638,25,4,3,43,140,2,4,0,98
2026-02-13 00:43:49,9.497,Comete,34.839,7.987,5,41,0,3.963,29,55.556,31.25,19.565,10,13,54,155,2,2,2,98
2026-02-20 14:01:01,9.496,Comete,41.481,10.798,7,24,0,4.536,22,69.231,40.58,25,12,7,56,135,3,2,1,98
2026-02-24 21:10:41,9.59,Comete,37.241,6.85,5,29,0,4.315,19,62.162,30.667,24.242,6,13,54,145,4,2,0,98
2026-02-26 01:09:58,9.815,Comete,34.586,7.33,3,18,0,4.522,17,54.839,27.869,29.268,6,8,46,133,1,5,0,98
2026-02-27 19:13:22,9.439,Comete,29.167,5.168,0,6,0,4.714,7,51.852,17.391,26.087,3,0,28,96,3,2,0,98
2026-03-01 17:42:33,9.534,Comete,46.259,8.552,4,27,0,4.426,23,68.421,41.27,34.783,4,12,68,147,4,1,0,98
2026-03-02 11:58:43,9.823,Comete,32.353,6.68,1,22,0,4.795,10,51.282,27.778,20.93,3,3,44,136,1,5,0,98
2026-03-05 20:48:03,9.434,Comete,39.869,7.126,6,36,1,4.607,18,58.621,36.585,33.333,6,10,61,153,5,1,0,98
2026-03-12 22:28:14,9.732,Comete,35.593,8.254,1,22,0,4.19,19,60,24.444,30.233,5,9,42,118,3,3,0,98
2026-03-15 00:14:27,9.723,Comete,50.0,10.568,1,14,1,4.387,23,73.529,38.983,45.161,6,7,62,124,4,1,0,98
2026-03-19 11:00:41,9.723,Comete,40.741,8.229,5,28,0,4.091,22,51.351,40,31.579,9,8,55,135,6,0,0,98
2026-03-23 19:15:16,10.281,Comete,43.137,8.279,1,14,0,4.386,15,62.963,38,32,3,7,44,102,2,3,0,98
2026-03-24 10:46:54,10.182,Comete,38.889,7.556,3,30,0,4.607,20,72.5,23.214,29.167,7,12,56,144,5,1,0,98
2026-03-24 13:55:04,10.551,Comete,40.351,8.691,6,29,0,3.739,26,55.882,34.783,32.353,9,8,46,114,3,3,0,98
2026-03-30 21:39:33,10.544,Comete,41.317,7.116,3,32,1,4.594,26,67.442,36.486,26,8,10,69,167,3,2,1,98
2026-06-06 22:27:02,10.622,Comete,38.028,6.635,3,22,0,4.889,15,58.974,34.921,22.5,11,3,54,142,2,4,0,98
2026-06-28 15:10:06,10.445,Comete,28.926,5.07,1,18,0,4.714,11,53.571,20,23.684,6,2,35,121,4,2,0,98
2026-01-07 01:49:38,9.869,753,33.758,5.89,2,35,1,4.34,15,40,32.812,27.907,6,8,53,157,3,3,0,100
2026-01-11 02:20:53,9.884,753,32.593,5.175,3,34,0,4.909,12,50,21.667,34.884,6,1,44,135,4,2,0,100
2026-01-14 05:49:52,10.087,753,32.174,6.436,2,13,0,5.135,10,40,24.528,37.838,6,2,37,115,5,1,0,100
2026-02-02 13:53:19,10.527,753,33.333,7.533,3,23,0,4.783,16,35.714,30.435,36.585,5,5,46,138,3,3,0,100
2026-02-04 12:07:51,10.543,753,41.83,8.806,3,30,0,4.375,23,62.069,28.571,48.148,9,6,64,153,1,4,1,100
2026-03-18 14:41:23,10.112,753,39.837,8.012,3,15,1,4.918,14,54.545,35.185,33.333,4,6,49,123,2,3,0,100
2026-04-19 14:28:30,10.5,IrinaShidou,22.222,5.492,4,30,3,4.308,10,20,27.586,14.706,5,3,26,117,3,3,0,100
2026-04-25 14:37:20,10.5,IrinaShidou,33.784,8.237,6,32,1,3.84,25,43.333,25.641,42.5,9,5,50,148,3,3,0,100
2026-04-29 13:52:18,10.5,IrinaShidou,29.078,5.858,2,26,1,4.659,12,30.435,31.507,24.444,3,8,41,141,3,3,0,100
2026-05-02 23:23:31,10.04,IrinaShidou,33.333,6.538,5,31,0,4.459,13,54.545,26,30.769,9,3,37,111,2,3,0,100
2026-05-03 13:50:06,9.94,IrinaShidou,29.365,5.585,2,29,0,4.595,13,33.333,31.373,23.81,3,6,37,126,3,2,0,100
2026-05-04 13:50:06,10.047,IrinaShidou,30.612,5.104,2,32,0,5.044,6,46.154,15.385,33.929,5,1,45,147,3,3,0,100
2026-05-04 18:44:00,10.035,IrinaShidou,32.143,5.698,1,20,0,4.528,10,33.333,29.545,34.211,3,5,36,112,0,5,0,100
2026-05-05 14:09:04,10.035,IrinaShidou,35.036,5.386,1,21,0,5.021,8,38.889,29.688,40.541,2,4,48,137,1,3,1,100
2026-05-06 23:26:01,9.344,IrinaShidou,22.222,3.57,4,47,1,4.719,8,21.429,22.059,22.917,4,5,32,144,1,5,0,100
2026-05-07 14:18:37,8.931,IrinaShidou,34.459,6.94,3,31,3,4.471,18,51.111,26.667,27.907,6,9,51,148,5,1,0,100
2026-05-14 21:21:37,8.931,IrinaShidou,36.232,4.665,1,14,0,5.76,3,60,26.154,31.579,2,0,50,138,2,3,0,100
2026-05-15 17:46:44,8.845,IrinaShidou,33.577,6.55,2,27,0,4.587,18,51.613,24.286,36.111,8,6,46,137,5,0,0,100
2026-02-22 07:42:23,8.866,MoltenAshes,29.286,5.737,1,22,1,4.902,12,45.946,22.059,25.714,7,3,41,140,4,2,0,102
2026-04-06 04:10:38,9.099,MoltenAshes,23.881,3.726,1,27,0,5.062,8,36.667,16.364,24.49,5,2,32,134,3,3,0,102
2026-04-25 09:12:57,9.087,MoltenAshes,29.661,5.525,3,15,0,5.0,9,36,23.214,35.135,6,3,35,118,3,3,0,102
2026-05-01 04:08:42,9.083,MoltenAshes,23.077,2.297,1,43,0,5.133,6,37.931,18.033,20,1,3,30,130,1,5,0,102
2026-05-04 06:27:59,8.644,MoltenAshes,25.503,4.894,4,32,0,4.237,15,36.585,16.393,27.66,6,4,38,149,5,1,0,102
2026-05-06 05:45:40,9.088,MoltenAshes,30.189,6.205,1,7,1,4.969,9,40,31.373,16,4,1,32,106,3,3,0,102
2026-05-09 10:11:56,9.107,MoltenAshes,30.263,6.464,3,19,0,5.109,9,44.118,32.468,14.634,5,3,46,152,1,5,0,102
2026-05-17 07:27:17,8.673,MoltenAshes,25.0,4.232,2,46,0,4.324,13,45.161,15.254,23.913,9,2,34,136,2,2,1,102
2026-06-03 06:38:37,8.664,MoltenAshes,30.833,6.074,1,24,0,4.703,12,36.111,31.373,24.242,5,1,37,120,2,4,0,102
2026-07-01 23:43:02,8.467,MoltenAshes,25.175,3.75,1,47,0,4.361,12,40,20.896,16.667,7,3,36,143,4,2,0,102
2026-01-02 08:00:50,12.467,mrwolf2,38.889,11.284,5,11,1,3.929,21,60,31.579,38.71,6,9,42,108,3,2,0,103
2026-01-03 05:26:37,12.57,mrwolf2,35.583,8.854,10,49,0,4.121,24,35.135,33.803,38.182,13,11,58,163,3,3,0,103
2026-01-15 18:44:32,12.606,mrwolf2,43.939,11.907,4,21,0,3.741,28,54.545,45.161,32.432,9,17,58,132,2,2,2,103
2026-02-02 09:29:42,12.51,mrwolf2,32.877,7.556,5,32,0,3.646,26,50,24.194,30.435,7,10,48,146,6,0,0,103
2026-02-02 20:29:58,13.119,mrwolf2,33.714,7.614,2,24,1,4.831,16,51.724,28.916,31.746,6,3,59,175,4,2,0,103
2026-03-08 10:05:52,13.344,mrwolf2,34.884,10.325,8,32,1,4.244,18,37.143,29.63,40,11,7,45,129,3,3,0,103
2026-03-11 10:35:17,13.335,mrwolf2,41.259,11.031,7,18,1,4.305,25,54.545,40.678,33.333,11,12,59,143,4,2,0,103
2026-03-15 10:12:57,13.542,mrwolf2,40.141,10.639,7,19,1,4.158,21,50,37.879,36.957,10,10,57,142,1,4,1,103
2026-03-22 07:43:08,13.243,mrwolf2,33.333,8.498,1,7,1,4.535,12,41.026,30.909,28.571,4,2,43,129,4,2,0,103
2026-03-25 22:25:20,13.423,mrwolf2,40.458,11.838,5,21,0,4.189,21,51.852,44.776,24.324,8,11,53,131,2,4,0,103
2026-03-30 04:38:23,13.219,mrwolf2,38.129,10.542,5,15,1,4.509,22,46.154,33.333,38.235,7,9,53,139,3,3,0,103
2026-04-03 06:41:19,13.254,mrwolf2,39.873,11.05,8,26,2,4.762,22,38.235,43.421,35.417,12,9,63,158,5,1,0,103
2026-04-09 07:20:05,13.662,mrwolf2,39.091,11.291,9,24,0,3.465,25,38.095,42.857,35,11,10,43,110,1,5,0,103
2026-04-14 18:31:24,13.274,mrwolf2,35.714,9.008,4,18,0,4.25,16,48,30.909,34.375,7,7,40,112,1,5,0,103
2026-04-19 04:54:10,12.873,mrwolf2,32.558,7.196,2,11,4,5.179,13,39.024,30.137,31.034,5,2,56,172,2,4,0,103
2026-04-26 04:32:57,12.685,mrwolf2,41.538,9.845,3,11,1,4.611,17,51.613,40,35.294,5,2,54,130,3,3,0,103
2026-05-08 18:02:51,12.687,mrwolf2,40.984,10.318,5,13,2,4.06,22,43.75,35.714,47.059,11,9,50,122,4,1,0,103
2026-05-27 04:53:54,12.983,mrwolf2,40.268,9.013,1,9,0,4.6,19,54.286,38.889,30.952,8,5,60,149,3,2,1,103
2026-05-28 16:09:41,13.075,mrwolf2,27.152,8.16,4,42,0,3.512,23,26.923,31.944,20.755,6,17,41,151,3,3,0,103
2026-05-30 04:57:21,13.076,mrwolf2,37.5,8.868,4,25,1,4.758,20,47.222,38.554,29.825,7,10,66,176,5,1,0,103
2026-06-13 04:37:13,13.459,mrwolf2,31.544,7.773,4,19,3,5.021,12,37.143,30.508,29.091,7,8,47,149,1,4,0,103
2026-06-22 00:04:06,13.157,mrwolf2,25.0,7.006,0,23,2,4.241,13,29.167,17.308,32.5,2,8,29,116,2,3,0,103
2026-07-04 04:26:07,13.068,mrwolf2,37.778,10.227,4,20,1,3.824,27,46.154,33.962,34.884,5,20,51,135,4,2,0,103
2026-01-03 00:30:48,9.215,joey,23.134,5.245,3,28,1,4.161,13,23.81,23.636,21.622,4,6,31,134,2,4,0,104
2026-01-03 05:26:37,9.004,joey,23.429,6.382,8,63,1,3.854,19,18.919,23.611,25.758,11,7,41,175,1,5,0,104
2026-01-12 05:30:57,8.577,joey,26.923,5.702,1,18,0,4.286,11,29.63,32.432,20,3,0,28,104,3,2,0,104
2026-01-16 18:32:49,8.681,joey,25.664,5.509,1,23,0,4.138,12,30.435,18.519,33.333,1,9,29,113,3,2,0,104
2026-01-17 00:37:47,8.774,joey,31.293,5.301,4,28,0,4.391,17,35.897,25,37.5,5,5,46,147,3,3,0,104
2026-01-17 22:50:02,8.747,joey,28.571,7.193,4,28,1,3.684,21,25.641,27.451,32.558,7,9,38,133,1,5,0,104
2026-01-18 05:07:20,8.348,joey,19.13,4.644,6,34,0,3.818,12,13.333,21.569,20.588,7,3,22,115,3,2,0,104
2026-01-20 00:30:42,8.45,joey,30.07,7.874,8,27,3,4.163,19,31.818,25,34.884,13,4,43,143,3,3,0,104
2026-01-22 22:13:39,8.453,joey,27.907,5.97,5,31,0,4.25,13,30,23.077,35.294,7,6,36,129,3,1,1,104
2026-01-26 00:05:52,8.877,joey,27.869,5.981,5,23,0,4.676,12,20.833,29.31,30,6,5,34,122,2,4,0,104
2026-01-29 00:15:00,8.671,joey,28.058,5.038,3,35,0,4.487,12,24.324,30.159,28.205,6,5,39,139,2,4,0,104
2026-01-31 23:17:02,8.46,joey,25.6,6.05,3,21,1,4.219,12,17.241,25.806,32.353,6,4,32,125,2,4,0,104
2026-02-02 00:40:03,8.268,joey,27.737,6.304,3,32,2,4.5,12,33.333,25.373,27.027,7,6,38,137,3,3,0,104
2026-02-03 20:22:50,8.28,joey,26.562,5.387,3,21,2,4.294,11,25.926,25.397,28.947,5,4,34,128,1,5,0,104
2026-02-05 20:53:38,7.88,joey,30.769,8.851,7,15,0,3.861,16,28,25.862,41.176,11,2,36,117,2,4,0,104
2026-02-20 05:26:49,7.668,joey,22.464,3.429,0,14,2,5.29,6,34.211,16.667,20,1,4,31,138,1,5,0,104
2026-02-21 05:13:59,7.276,joey,27.536,6.951,2,21,1,4.263,14,13.793,29.577,34.211,7,5,38,138,3,2,1,104
2026-02-21 07:37:52,7.376,joey,25.49,6.529,1,28,3,4.462,18,15.152,25.352,32.653,5,7,39,153,2,3,1,104
2026-02-22 04:59:06,7.271,joey,28.571,7.189,2,27,0,3.975,21,35.484,21.875,33.333,6,14,40,140,1,5,0,104
2026-02-22 07:42:23,6.888,joey,26.056,6.13,2,14,1,4.541,11,41.379,22.388,21.739,6,2,37,142,1,5,0,104
2026-02-24 21:10:41,6.503,joey,27.407,5.787,5,31,0,4.243,17,29.032,30.645,21.429,9,4,37,135,4,2,0,104
2026-02-26 01:09:58,6.69,joey,35.135,7.431,5,26,2,4.577,18,42.857,29.412,38.462,9,7,52,148,5,1,0,104
2026-03-01 17:42:33,7.074,joey,36.364,8.475,6,24,1,4.159,19,34.615,42.308,30.233,10,7,44,121,2,3,0,104
2026-03-05 20:48:03,6.977,joey,24.648,4.221,2,32,2,4.657,13,20,25.676,26.316,2,6,35,142,3,2,1,104
2026-03-12 22:28:14,7.07,joey,22.034,7.63,6,22,1,3.731,14,13.333,28.889,20.93,9,2,26,118,3,3,0,104
2026-03-15 00:14:27,7.061,joey,24.286,4.882,5,31,0,5.118,9,25.714,12.308,42.5,7,1,34,140,2,3,0,104
2026-03-15 19:01:50,7.062,joey,22.124,5.233,2,9,2,4.24,6,32.143,19.149,18.421,3,2,25,113,4,2,0,104
2026-03-20 22:04:30,7.271,joey,27.407,6.261,4,29,1,4.027,22,31.579,22.059,34.483,6,11,37,135,2,4,0,104
2026-03-23 04:20:46,7.087,joey,21.678,2.895,0,16,1,5.387,5,15.789,23.188,25,2,0,31,143,6,0,0,104
2026-03-28 22:07:01,7.643,joey,26.923,5.327,2,27,1,5.0,10,30.769,23.077,28.205,3,5,35,130,1,4,0,104
2026-03-30 04:38:23,7.37,joey,26.95,7.135,3,20,1,4.368,14,26.316,20,39.474,4,4,38,141,1,5,0,104
2026-05-01 04:08:42,6.995,joey,23.846,5.088,9,43,1,3.968,13,34.483,22.951,17.5,9,1,31,130,1,5,0,104
2026-05-06 21:00:14,6.635,joey,26.515,6.153,3,18,1,4.686,13,25.714,23.529,30.435,4,7,35,132,4,2,0,104
2026-05-14 21:21:37,6.838,joey,20.0,3.905,0,17,2,5.069,7,12.121,19.355,26,2,2,29,145,3,2,0,104
2026-05-16 04:37:10,6.922,joey,28.148,4.72,1,22,1,5.053,11,28.571,23.529,35.897,5,3,38,135,1,3,1,104
2026-05-17 21:31:48,6.572,joey,31.008,6.379,5,16,0,4.45,12,35.714,23.81,39.474,7,2,40,129,4,2,0,104
2026-06-04 23:57:00,6.741,joey,29.932,5.096,2,25,3,4.773,14,28.205,32.877,25.714,4,7,44,147,1,5,0,104
2026-01-31 16:22:08,7.766,Zeal_Kido,26.506,5.934,5,45,0,4.159,20,27.027,26.667,25.926,8,10,44,166,3,3,0,105
2026-02-13 00:43:49,7.769,Zeal_Kido,19.355,3.738,1,41,1,4.4,15,28.889,14.062,17.391,3,5,30,155,2,2,2,105
2026-03-07 00:48:43,7.767,Zeal_Kido,25.0,4.859,2,23,1,4.722,12,42.5,14.085,27.273,3,3,36,144,3,3,0,105
2026-05-09 10:03:51,7.744,Zeal_Kido,20.261,2.81,8,59,1,3.613,17,28.205,25,9.259,11,4,31,153,3,3,0,105
2026-05-18 06:06:48,7.708,Zeal_Kido,19.259,3.881,1,18,2,4.846,8,13.793,13.433,33.333,2,1,26,135,3,3,0,105
2026-06-03 04:26:23,7.727,Zeal_Kido,22.414,4.27,0,15,0,4.577,10,40,16.129,20.69,4,4,26,116,4,1,0,105
2026-01-02 08:00:50,10.437,cafezinho,37.584,7.407,1,12,1,4.571,20,46.512,38.333,28.261,6,2,56,149,2,2,1,106
2026-01-03 05:26:37,10.438,cafezinho,32.432,8.102,6,44,0,4.0,21,35.484,35.065,25,11,9,48,148,5,1,0,106
2026-01-04 06:10:39,10.815,cafezinho,28.659,6.281,6,43,0,4.17,16,29.412,27.381,30.435,9,7,47,164,2,4,0,106
2026-01-06 05:29:39,10.574,cafezinho,28.796,6.051,3,30,0,4.491,16,30,28.09,29.032,6,3,55,191,4,2,0,106
2026-01-12 05:30:57,10.762,cafezinho,37.736,8.006,3,15,0,4.625,13,52.941,32.558,36.957,7,3,40,106,5,0,0,106
2026-01-14 05:49:52,11.259,cafezinho,27.35,5.377,1,25,1,5.031,8,45,25.806,20,4,3,32,117,1,5,0,106
2026-01-17 05:38:38,10.881,cafezinho,28.8,4.541,1,17,1,5.361,8,35.484,26.866,25.926,1,4,36,125,0,5,0,106
2026-01-18 07:26:58,10.386,cafezinho,34.839,7.321,0,27,0,4.685,17,34.483,36.364,32.653,2,8,54,155,4,2,0,106
2026-01-22 22:13:39,10.569,cafezinho,38.136,8.033,5,26,0,4.022,19,45.455,33.929,40,8,7,45,118,2,2,1,106
2026-01-24 06:26:17,10.578,cafezinho,36.296,8.222,2,24,0,3.959,20,45.455,35.821,28.571,4,14,49,135,3,3,0,106
2026-01-27 05:46:13,10.59,cafezinho,40.606,9.413,5,39,0,4.015,31,50,42.424,27.66,10,9,67,165,3,3,0,106
2026-01-29 00:15:00,10.591,cafezinho,43.75,7.699,3,21,0,4.411,18,48.78,37.037,48.485,7,8,56,128,5,1,0,106
2026-02-08 11:33:44,10.963,cafezinho,33.333,6.844,7,40,0,4.04,19,58.824,26.389,25,8,5,50,150,2,4,0,106
2026-02-13 00:43:49,10.768,cafezinho,32.903,7.325,6,41,0,4.059,23,40,26.562,34.783,9,9,51,155,2,2,2,106
2026-02-15 19:18:05,10.766,cafezinho,32.576,6.729,2,27,0,4.14,19,45.161,19.355,43.59,2,10,43,132,4,2,0,106
2026-02-20 05:26:49,10.945,cafezinho,39.568,7.67,2,16,0,4.709,15,46.667,31.667,44.118,4,5,55,139,3,3,0,106
2026-02-21 07:37:52,10.934,cafezinho,41.04,8.311,1,36,0,4.93,22,54.054,37.662,37.288,5,12,71,173,4,1,1,106
2026-02-22 04:59:06,11.224,cafezinho,28.571,6.712,5,27,0,4.175,16,32.258,18.75,40,9,4,40,140,1,5,0,106
2026-02-24 21:10:41,10.852,cafezinho,38.519,7.193,1,31,0,4.212,24,61.29,32.258,30.952,4,14,52,135,4,2,0,106
2026-03-07 00:48:43,11.034,cafezinho,31.304,6.911,3,27,0,4.528,14,33.333,32.727,26.667,4,5,36,115,1,5,0,106
2026-03-12 22:28:14,10.708,cafezinho,31.897,8.876,6,21,0,4.054,16,35.714,29.412,32.432,7,4,37,116,4,2,0,106
2026-03-15 00:14:27,10.886,cafezinho,32.174,8.452,3,28,0,4.0,16,42.857,30.909,25,6,7,37,115,2,3,0,106
2026-03-23 04:20:46,10.891,cafezinho,29.333,6.244,2,25,0,4.727,13,41.935,21.538,31.481,6,4,44,150,2,4,0,106
2026-03-30 21:39:33,10.724,cafezinho,39.241,9.01,8,33,0,3.887,29,56.757,25.676,46.809,14,12,62,158,2,3,1,106
2026-04-02 18:30:27,10.634,cafezinho,37.5,9.63,4,10,0,4.455,12,68.421,37.5,17.241,5,6,33,88,2,3,0,106
2026-04-06 18:07:46,10.527,cafezinho,39.855,9.073,2,21,0,4.436,21,36.842,45.902,33.333,10,7,55,138,3,3,0,106
2026-04-09 07:20:05,10.531,cafezinho,27.273,4.557,2,24,0,4.633,8,38.095,18.367,32.5,3,3,30,110,1,5,0,106
2026-04-09 18:12:32,10.174,cafezinho,38.462,7.699,2,17,0,4.6,13,47.826,40.816,31.111,6,5,45,117,3,2,0,106
2026-04-10 07:34:26,10.262,cafezinho,34.965,6.017,2,27,0,5.02,13,43.243,33.333,30,4,2,50,143,1,4,0,106
2026-04-11 07:24:55,9.982,cafezinho,41.353,7.924,1,11,0,5.0,12,50,33.333,51.852,3,6,55,133,4,2,0,106
2026-04-12 04:56:46,10.169,cafezinho,30.994,4.943,0,29,3,5.075,12,41.667,28.395,27.778,2,7,53,171,3,3,0,106
2026-04-14 05:05:01,10.167,cafezinho,41.964,9.439,4,13,0,4.468,16,72.727,33.333,36.667,7,5,47,112,2,2,1,106
2026-04-18 07:38:54,10.177,cafezinho,40.994,7.776,1,10,0,5.348,13,50,40.789,32.558,5,5,66,161,4,1,1,106
2026-04-20 05:13:11,10.45,cafezinho,33.846,6.701,2,7,1,4.773,8,45.161,26.23,36.842,5,0,44,130,2,4,0,106
2026-04-20 22:24:29,10.45,cafezinho,41.129,9.359,6,31,1,3.98,21,50,40,37.143,8,6,51,124,4,1,0,106
2026-04-28 05:07:35,10.554,cafezinho,29.286,5.871,0,20,1,4.073,15,40,27.536,26.087,4,6,41,140,3,3,0,106
2026-05-01 04:08:42,10.547,cafezinho,36.207,8.545,10,31,0,3.476,21,42.857,34.545,35,14,6,42,116,5,1,0,106
2026-05-01 21:20:47,10.891,cafezinho,41.135,9.723,4,23,0,3.879,29,47.5,35.593,42.857,8,14,58,141,3,3,0,106
2026-05-06 21:00:14,10.889,cafezinho,37.857,8.55,2,20,0,4.415,19,42.105,38.333,33.333,5,8,53,140,4,1,1,106
2026-05-17 07:27:17,11.156,cafezinho,41.667,9.017,9,37,0,3.8,23,60.87,37.5,36.585,14,7,50,120,3,2,0,106
2026-05-17 21:31:48,11.254,cafezinho,40.566,9.627,3,13,0,3.884,18,52.381,30.612,47.222,4,9,43,106,1,5,0,106
2026-05-24 19:25:18,10.882,cafezinho,33.577,7.203,3,16,0,4.609,15,40.741,32.258,31.25,7,1,46,137,3,3,0,106
2026-05-27 04:53:54,10.86,cafezinho,32.836,5.959,2,14,1,5.159,10,50,29.851,29.787,2,2,44,134,2,4,0,106
2026-06-10 21:20:02,10.689,cafezinho,39.024,8.234,5,24,0,4.562,16,39.286,33.333,47.368,6,9,48,123,3,2,0,106
2026-06-25 00:18:18,10.788,cafezinho,35.252,9.525,3,15,1,4.388,16,36.667,34.921,34.783,7,7,49,139,3,3,0,106
2026-01-17 10:39:09,3.0,Cindergoat,10.563,1.004,1,55,0,4.267,7,15.152,7.937,10.87,3,4,15,142,1,5,0,107
2026-01-20 11:16:49,2.522,Cindergoat,15.267,3.175,2,33,0,3.85,9,23.333,14.754,10,3,3,20,131,5,1,0,107
2026-01-24 06:26:17,2.98,Cindergoat,10.667,1.0,0,25,4,5.812,2,11.111,9.722,11.765,1,1,16,150,2,3,1,107
2026-06-17 23:35:10,8.363,Edwardd,19.298,3.887,3,22,0,5.0,7,46.429,8.511,12.821,4,3,22,114,1,3,1,108
2026-06-18 07:29:56,7.887,Edwardd,25.161,4.017,1,16,2,5.41,6,39.535,21.127,17.073,3,0,39,155,5,1,0,108
2026-06-18 10:54:28,8.002,Edwardd,17.178,4.139,5,32,2,4.393,10,31.707,14.286,9.615,6,3,28,163,2,3,1,108
2026-06-18 14:24:55,7.894,Edwardd,26.351,4.875,2,26,1,4.513,12,50,21.212,16.667,5,3,39,148,2,2,1,108
2026-06-18 22:34:18,7.446,Edwardd,24.46,4.725,1,23,0,4.088,13,45,17.46,13.889,4,2,34,139,2,4,0,108
2026-06-19 05:24:35,7.895,Edwardd,17.647,3.829,4,15,2,4.0,9,45.833,10.638,6.452,6,2,18,102,1,5,0,108
2026-06-19 21:13:50,7.248,Edwardd,21.359,6.141,3,14,1,3.864,9,59.091,12.5,9.091,3,3,22,103,2,3,0,108
2026-06-20 23:27:03,6.794,Edwardd,19.853,4.369,1,14,3,4.815,6,28.947,19.048,11.429,2,2,27,136,1,5,0,108
2026-06-23 23:11:54,6.358,Edwardd,19.118,4.278,3,28,2,4.231,10,34.211,11.268,18.519,3,5,26,136,1,5,0,108
2026-06-24 20:18:32,5.923,Edwardd,20.29,5.143,5,30,0,4.321,12,46.154,15.714,11.905,7,3,28,138,3,3,0,108
2026-06-25 00:18:18,5.935,Edwardd,19.048,2.724,0,16,0,5.75,5,36.842,17.949,7.692,3,1,32,168,2,3,1,108
2026-06-27 17:17:15,5.822,Edwardd,25.862,4.444,0,9,3,4.8,7,45.161,23.81,13.953,2,2,30,116,4,2,0,108
2026-06-28 15:10:06,6.025,Edwardd,21.488,4.925,2,18,0,4.423,9,39.286,14.545,18.421,4,5,26,121,4,2,0,108
2026-06-30 14:01:09,6.224,Edwardd,23.276,6.545,2,16,0,3.481,17,25.806,25.49,17.647,6,7,27,116,4,2,0,108
2026-07-01 14:17:09,6.43,Edwardd,20.27,6.289,4,18,0,3.533,9,29.412,14.286,20.69,6,3,15,74,2,4,0,108
2026-07-01 14:36:06,6.43,Edwardd,19.259,4.983,5,25,0,3.885,13,29.73,12.727,18.605,7,5,26,135,2,4,0,108
2026-01-02 08:00:50,7.4,Legitted,35.659,5.243,0,23,1,5.304,11,43.333,34.483,31.707,2,7,46,129,0,4,1,112
2026-01-03 05:26:37,7.01,Legitted,24.051,2.647,0,52,0,5.395,6,32.258,19.444,25.455,2,0,38,158,3,3,0,112
2026-01-05 07:23:46,7.002,Legitted,31.447,4.884,3,58,0,3.92,20,36.364,31.818,26.531,5,12,50,159,4,2,0,112
2026-01-06 05:29:39,7.211,Legitted,31.646,5.193,0,27,0,4.98,11,45.455,29.73,25.49,2,4,50,158,3,3,0,112
2026-01-11 02:20:53,7.216,Legitted,39.073,5.313,1,29,0,5.068,14,50,45.455,20,6,4,59,151,3,3,0,112
2026-01-12 05:30:57,7.225,Legitted,30.172,5.948,0,13,1,4.4,11,41.667,26,28.571,4,0,35,116,2,3,0,112
2026-01-24 06:26:17,6.836,Legitted,30.065,5.661,1,25,1,4.304,14,48.148,35,10.87,4,3,46,153,2,3,1,112
2026-01-27 05:46:13,6.729,Legitted,24.503,4.821,3,29,0,4.595,11,38.636,22.535,11.111,7,4,37,151,3,2,1,112
2026-02-08 11:33:44,7.123,Legitted,34.328,5.423,4,30,0,4.696,12,50,32.812,16.667,5,4,46,134,4,2,0,112
2026-02-17 09:16:51,7.306,Legitted,29.143,4.626,2,44,0,5.196,9,46.154,28.049,18.519,4,3,51,175,3,3,0,112
2026-02-19 20:56:12,7.336,Legitted,31.304,6.648,2,28,0,4.139,17,45.833,31.481,21.622,4,8,36,115,4,2,0,112
2026-02-21 05:13:59,7.52,Legitted,37.903,7.104,0,7,1,4.83,13,51.515,38.983,21.875,5,3,47,124,4,2,0,112
2026-02-28 11:06:18,7.722,Legitted,33.333,5.365,2,30,1,5.304,9,37.209,36.709,23.913,4,7,56,168,3,2,1,112
2026-03-05 09:50:08,7.808,Legitted,29.268,5.112,2,28,0,4.5,9,34.483,36.364,15.385,4,4,36,123,3,3,0,112
2026-03-12 22:28:14,7.815,Legitted,31.013,7.661,4,34,2,4.224,19,29.032,40.964,13.636,8,7,49,158,2,4,0,112
2026-03-30 21:39:33,7.626,Legitted,44.311,7.304,6,32,1,4.703,22,51.163,41.892,42,9,14,74,167,3,2,1,112
2026-04-25 06:26:43,7.705,Legitted,34.32,4.609,1,21,1,5.81,7,43.902,32.468,29.412,1,5,58,169,1,4,1,112
2026-06-19 05:24:35,7.718,Legitted,29.808,6.885,5,24,0,3.581,16,45,24.444,28.205,11,2,31,104,4,2,0,112
2026-07-05 09:14:33,7.904,Legitted,31.496,3.984,0,24,0,5.15,6,40,41.071,12.195,1,1,40,127,3,3,0,112
2026-01-02 13:57:28,6.576,Maki04,29.358,5.883,0,18,1,4.688,9,33.333,29.091,23.81,5,2,32,109,2,3,0,113
2026-01-05 00:32:24,6.474,Maki04,35.938,5.799,2,38,0,4.5,16,50,32.759,30.952,6,6,46,128,4,2,0,113
2026-01-07 16:34:15,6.701,Maki04,28.676,5.856,2,24,2,4.41,16,36.111,26.087,25.806,3,8,39,136,5,1,0,113
2026-01-11 02:20:53,7.119,Maki04,34.4,6.101,2,26,0,4.558,15,50,31.481,19.355,7,6,43,125,4,2,0,113
2026-01-20 00:30:42,7.345,Maki04,30.345,4.731,2,29,1,4.977,11,45.652,25,20.513,3,4,44,145,4,2,0,113
2026-01-27 05:46:13,7.546,Maki04,31.515,6.903,3,39,0,4.231,23,55.769,18.182,23.404,7,8,52,165,3,3,0,113
2026-02-09 18:53:08,7.556,Maki04,23.894,4.847,1,17,0,4.741,11,28.571,25.49,19.512,3,7,27,113,4,1,0,113
2026-02-11 13:43:55,7.869,Maki04,30.435,4.905,0,8,0,5.19,6,50,27.273,21.429,1,2,42,138,4,2,0,113
2026-02-27 19:13:22,8.075,Maki04,17.857,4.368,2,13,2,4.733,5,30,23.913,3.571,4,0,15,84,2,3,0,113
2026-03-04 05:02:33,7.968,Maki04,30.827,4.014,1,16,0,5.268,8,25,33.803,29.412,2,2,41,133,1,4,1,113
2026-03-07 00:48:43,7.664,Maki04,32.54,5.821,2,14,0,4.805,8,50,28.846,21.053,4,2,41,126,3,3,0,113
2026-03-15 00:14:27,7.64,Maki04,25.962,4.29,2,24,1,5.0,4,42.857,19.149,25,2,2,27,104,3,1,0,113
2026-03-16 10:28:16,7.842,Maki04,28.571,3.979,0,23,1,5.364,9,38.462,25.397,25,3,2,44,154,4,2,0,113
2026-03-25 22:25:20,8.061,Maki04,35.172,7.21,2,22,0,4.843,11,57.143,34.848,18.182,5,4,51,145,2,4,0,113
2026-04-17 07:29:19,7.862,Maki04,36.842,6.25,2,33,0,4.607,15,54.762,30.986,28.205,6,4,56,152,4,2,0,113
2026-04-18 07:38:54,8.083,Maki04,35.294,7.092,0,13,2,5.091,15,51.064,32.941,25.455,5,5,66,187,2,3,1,113
2026-04-19 09:37:53,7.963,Maki04,26.05,3.704,0,22,1,5.387,6,36.667,15.385,32.432,1,4,31,119,0,5,0,113
2026-04-21 10:13:47,7.459,Maki04,27.737,5.743,1,26,1,4.763,10,56.757,18.75,13.889,3,6,38,137,3,2,0,113
2026-05-02 23:23:31,7.547,Maki04,23.596,5.149,2,19,0,3.857,10,43.478,16.667,16.667,5,2,21,89,3,2,0,113
2026-05-06 23:26:01,7.65,Maki04,27.083,4.438,2,47,1,4.462,14,42.857,19.118,29.167,4,6,39,144,1,5,0,113
2026-05-12 18:15:50,7.247,Maki04,30.631,5.67,4,21,0,4.735,7,40.741,23.077,34.375,4,3,34,111,4,1,0,113
2026-05-30 04:57:21,7.547,Maki04,30.882,4.578,0,8,2,5.405,6,46.429,27.143,26.316,4,1,42,136,3,3,0,113
2026-06-03 04:26:23,7.546,Maki04,27.778,3.657,0,13,5,5.167,7,22.727,37.255,17.143,0,1,30,108,3,2,0,113
2026-06-04 18:25:20,7.635,Maki04,36.242,6.235,2,24,0,4.926,18,46.809,33.846,27.027,5,3,54,149,4,2,0,113
2026-06-06 04:57:28,7.813,Maki04,29.851,4.666,1,12,1,5.8,9,38.235,24.561,30.233,2,2,40,134,0,6,0,113
2026-06-10 21:20:02,7.239,Maki04,23.81,3.847,1,27,0,4.833,10,42.424,18.519,15.385,3,5,30,126,4,1,0,113
2026-06-13 04:37:13,7.528,Maki04,40.0,8.531,2,7,2,5.058,15,54.839,40,29.545,5,7,52,130,2,3,0,113
2026-06-16 00:10:57,7.425,Maki04,28.082,3.879,3,54,0,4.78,9,48.214,15.686,15.385,4,7,41,146,1,4,0,113
2026-07-05 09:14:33,7.246,Maki04,30.345,4.697,1,9,0,5.023,11,53.125,28.947,13.514,5,1,44,145,3,3,0,113
2026-01-17 10:53:12,8.293,Mayottatoki,26.857,5.597,3,33,3,5.0,10,27.273,30.263,21.818,4,6,47,175,3,2,1,114
2026-01-18 10:29:54,8.394,Mayottatoki,28.873,6.081,1,25,2,4.244,18,19.355,31.25,31.915,4,7,41,142,2,3,0,114
2026-01-30 19:32:32,8.291,Mayottatoki,38.462,7.519,4,25,0,4.58,17,41.935,32.353,48.387,10,7,50,130,4,2,0,114
2026-01-31 16:22:08,8.496,Mayottatoki,28.313,5.171,2,45,0,4.447,18,21.622,32,27.778,9,3,47,166,3,3,0,114
2026-02-17 21:05:31,8.497,Mayottatoki,30.0,6.832,4,18,0,4.167,11,38.462,28.814,25.714,7,3,36,120,2,3,0,114
2026-02-18 16:22:28,8.409,Mayottatoki,31.875,5.738,2,34,1,4.745,15,34.286,31.169,31.25,6,7,51,160,3,3,0,114
2026-02-20 14:01:01,8.41,Mayottatoki,35.211,6.176,1,20,2,5.18,12,42.424,34.247,30.556,6,4,50,142,3,3,0,114
2026-02-28 18:08:03,8.416,Mayottatoki,28.859,4.583,1,47,0,4.326,19,45.161,19.718,31.915,6,5,43,149,2,4,0,114
2026-03-02 19:23:01,8.214,Mayottatoki,33.628,6.179,1,15,0,4.579,10,25.926,32.692,41.176,5,3,38,113,4,2,0,114
2026-03-07 13:52:35,8.417,Mayottatoki,28.8,4.153,1,20,0,5.222,7,42.857,21.667,29.73,1,2,36,125,5,0,0,114
2026-03-15 10:12:57,8.92,Mayottatoki,34.81,5.372,1,27,0,5.182,13,36.364,36.486,31.373,5,3,55,158,4,2,0,114
2026-03-16 16:08:49,9.119,Mayottatoki,36.076,6.431,5,35,0,4.561,18,47.059,33.803,32.075,8,8,57,158,3,3,0,114
2026-03-17 10:03:05,9.111,Mayottatoki,25.781,5.362,3,37,2,4.485,13,38.889,27.083,13.636,7,5,33,128,3,2,1,114
2026-03-18 14:41:23,9.201,Mayottatoki,25.954,4.38,2,19,1,5.441,9,30,23.729,26.19,4,3,34,131,1,5,0,114
2026-03-19 14:23:48,8.807,Mayottatoki,39.157,6.6,5,44,1,4.492,24,33.333,38.961,44.681,13,4,65,166,5,1,0,114
2026-03-23 19:15:16,9.228,Mayottatoki,41.053,9.203,3,10,0,4.308,15,45.833,31.579,48.485,6,6,39,95,4,1,0,114
2026-03-25 13:45:37,9.527,Mayottatoki,28.289,6.598,3,18,3,4.86,14,39.474,22.388,27.66,8,1,43,152,2,4,0,114
2026-03-26 13:51:53,9.325,Mayottatoki,33.803,6.945,2,20,0,4.875,13,44.828,31.343,30.435,6,4,48,142,1,5,0,114
2026-03-28 15:30:09,8.936,Mayottatoki,37.654,7.791,2,26,0,4.508,21,52.381,37.5,25,6,13,61,162,5,1,0,114
2026-03-30 13:56:39,9.309,Mayottatoki,36.0,7.916,7,20,0,4.6,12,45.714,30.909,34.286,9,3,45,125,6,0,0,114
2026-04-02 18:30:27,9.877,Mayottatoki,42.857,9.537,6,20,1,4.651,19,51.282,37.879,42.857,10,4,63,147,4,1,0,114
2026-04-03 13:50:59,10.172,Mayottatoki,30.519,5.582,4,45,0,4.872,10,41.463,27.941,24.444,7,1,47,154,3,3,0,114
2026-04-04 10:52:22,10.17,Mayottatoki,31.126,8.171,3,26,1,4.319,18,45.161,30.556,22.917,6,5,47,151,4,2,0,114
2026-04-05 17:46:11,10.353,Mayottatoki,39.716,6.731,0,19,1,5.036,12,48.889,38.095,30.303,2,5,56,141,3,2,0,114
2026-04-06 14:24:31,10.459,Mayottatoki,29.24,7.162,3,43,0,3.98,24,35.294,23.171,34.545,7,8,50,171,2,4,0,114
2026-04-13 14:04:29,10.276,Mayottatoki,37.821,5.414,2,30,1,4.915,12,54.286,36.486,27.66,7,3,59,156,3,3,0,114
2026-04-13 19:02:02,10.278,Mayottatoki,31.138,8.344,2,20,0,4.173,21,35.556,28.947,30.435,7,10,52,167,2,4,0,114
2026-04-20 13:47:22,10.083,Mayottatoki,28.571,4.774,1,32,0,5.0,12,34.211,26.316,26.316,4,4,38,133,2,4,0,114
2026-04-20 18:43:30,9.896,Mayottatoki,28.829,6.347,4,22,0,4.469,12,31.818,30.189,25,7,5,32,111,1,5,0,114
2026-04-21 10:13:47,9.523,Mayottatoki,32.847,7.791,3,26,0,4.578,14,37.838,32.812,27.778,4,7,45,137,3,2,0,114
2026-04-22 15:13:20,9.608,Mayottatoki,34.694,5.047,1,29,0,4.902,10,36.111,33.333,35.417,5,6,51,147,2,4,0,114
2026-04-23 10:37:04,9.419,Mayottatoki,33.333,6.45,1,23,0,4.652,16,42.857,33.824,22.857,4,7,46,138,3,2,1,114
2026-04-23 15:00:23,9.527,Mayottatoki,33.526,5.803,2,39,1,5.052,12,51.515,25.287,35.849,3,12,58,173,1,5,0,114
2026-05-04 18:44:00,9.15,Mayottatoki,40.458,8.206,4,22,0,4.623,20,36.585,38.462,47.368,7,9,53,131,3,2,0,114
2026-05-05 14:09:04,9.15,Mayottatoki,26.613,5.158,1,28,1,4.758,9,39.394,26.087,17.778,5,3,33,124,2,3,0,114
2026-05-05 18:37:55,9.237,Mayottatoki,29.907,4.985,2,17,0,4.562,9,45.161,29.167,14.286,3,4,32,107,1,5,0,114
2026-05-06 18:46:33,8.792,Mayottatoki,34.459,6.409,2,36,0,4.353,16,51.282,25.676,34.286,3,10,51,148,1,5,0,114
2026-05-08 18:02:51,8.431,Mayottatoki,37.778,7.419,4,25,0,4.686,16,47.222,31.818,39.394,9,4,51,135,2,2,1,114
2026-05-09 10:11:56,8.438,Mayottatoki,32.53,8.538,2,26,1,4.667,18,34.286,30.864,34,9,4,54,166,1,2,3,114
2026-05-09 21:18:01,8.337,Mayottatoki,21.008,4.223,1,24,0,5.12,7,13.043,25.373,17.241,2,5,25,119,2,4,0,114
2026-05-11 14:04:11,8.151,Mayottatoki,35.22,6.91,2,32,0,4.911,15,38.889,36.486,30.612,5,8,56,159,1,5,0,114
2026-05-12 14:05:09,7.808,Mayottatoki,24.476,3.319,1,38,0,4.8,8,27.273,25.641,18.75,3,1,35,143,3,3,0,114
2026-05-12 18:15:50,7.821,Mayottatoki,29.63,4.646,2,29,0,4.825,8,34.211,27.869,27.778,4,1,40,135,3,1,1,114
2026-05-15 17:46:44,8.008,Mayottatoki,33.036,7.398,0,33,0,3.892,21,40.741,31.746,27.273,11,5,37,112,2,3,0,114
2026-05-16 13:47:04,7.655,Mayottatoki,23.649,3.777,0,29,0,5.257,5,40,23.75,13.953,3,1,35,148,2,4,0,114
2026-05-20 18:28:10,7.489,Mayottatoki,32.09,5.628,0,21,2,4.558,12,34.615,34.328,26.829,2,3,43,134,2,4,0,114
2026-05-24 13:57:54,7.31,Mayottatoki,27.049,3.826,2,38,1,5.03,8,41.379,21.154,24.39,2,2,33,122,1,4,0,114
2026-05-25 14:28:52,7.033,Mayottatoki,31.447,5.022,1,31,2,5.04,14,39.024,32.877,22.222,7,4,50,159,4,2,0,114
2026-05-26 18:30:52,7.218,Mayottatoki,36.076,6.473,1,18,1,4.807,13,45,35.821,29.412,4,4,57,158,5,0,1,114
2026-06-01 13:46:50,7.662,Mayottatoki,30.172,5.462,1,17,0,4.514,14,44,23.214,31.429,4,4,35,116,2,4,0,114
2026-06-01 18:21:54,7.48,Mayottatoki,30.201,5.652,1,23,0,4.556,15,33.333,31.944,25,2,6,45,149,2,4,0,114
2026-06-03 04:26:23,7.313,Mayottatoki,34.259,5.716,3,13,0,5.108,11,40.909,31.373,34.286,3,1,37,108,3,2,0,114
2026-06-03 18:55:58,7.397,Mayottatoki,28.358,4.307,0,24,1,5.053,10,25.926,25.758,34.146,2,7,38,134,2,4,0,114
2026-06-05 17:50:16,7.228,Mayottatoki,36.0,5.69,2,21,0,4.833,11,47.826,36.585,27.778,6,2,36,100,1,4,0,114
2026-06-07 18:18:38,6.694,Mayottatoki,36.17,7.799,4,25,0,4.745,17,37.143,29.231,46.341,6,6,51,141,5,0,1,114
2026-06-11 14:01:41,7.163,Mayottatoki,31.858,5.251,1,16,3,4.806,9,32.143,37.255,23.529,4,5,36,113,2,3,0,114
2026-06-24 20:18:32,7.07,Mayottatoki,38.739,7.191,4,15,0,4.791,14,45.833,26.829,45.652,9,2,43,111,5,1,0,114
2026-06-29 18:09:56,7.416,Mayottatoki,32.71,6.078,1,11,0,4.457,10,45,29.508,30.769,4,2,35,107,4,2,0,114
2026-01-01 22:39:32,6.95,Saiki,34.066,6.17,4,14,1,4.968,11,54.545,29.545,24,8,0,31,91,3,2,0,115
2026-01-02 13:57:28,7.044,Saiki,29.63,4.304,0,22,1,5.325,8,35.897,29.825,23.077,3,2,40,135,1,4,0,115
2026-01-06 14:13:54,6.74,Saiki,22.581,4.018,1,28,3,5.171,8,33.333,24.675,11.111,4,0,35,155,5,1,0,115
2026-01-07 14:00:01,7.124,Saiki,22.105,5.046,1,7,0,4.476,9,30.769,20,16.667,4,2,21,95,0,5,0,115
2026-01-07 16:34:15,6.637,Saiki,23.14,5.586,5,18,1,4.25,10,35.714,18.644,20.588,6,2,28,121,4,2,0,115
2026-01-11 19:25:15,6.816,Saiki,21.481,5.448,3,24,3,4.241,15,32.143,15.873,22.727,6,8,29,135,4,2,0,115
2026-01-14 17:31:59,7.03,Saiki,20.93,4.989,3,26,1,3.963,10,40.741,14.286,17.949,5,4,27,129,2,3,0,115
2026-01-17 22:50:02,6.935,Saiki,25.714,7.177,6,36,2,3.583,21,28.571,23.077,27.66,10,7,36,140,4,2,0,115
2026-01-19 13:49:48,7.11,Saiki,20.611,4.775,3,37,1,4.259,12,30.769,14.754,19.355,5,4,27,131,3,3,0,115
2026-01-20 19:15:46,7.113,Saiki,30.827,5.474,2,11,1,4.732,12,47.222,28.788,16.129,6,3,41,133,4,2,0,115
2026-01-22 14:29:28,7.318,Saiki,25.197,6.071,5,39,0,3.844,14,45.161,21.212,13.333,7,9,32,127,2,3,1,115
2026-01-22 22:13:39,7.212,Saiki,22.807,4.759,3,27,0,4.115,10,26.087,21.311,23.333,6,3,26,114,4,1,0,115
2026-01-26 19:25:39,7.505,Saiki,28.571,6.486,2,16,2,4.447,15,32.353,26.23,28.947,7,2,38,133,1,4,0,115
2026-01-27 19:12:40,7.224,Saiki,24.194,4.489,2,20,1,4.967,9,41.379,20.968,15.152,3,7,30,124,1,5,0,115
2026-01-30 19:32:32,6.845,Saiki,26.923,4.307,0,25,3,4.857,11,38.71,22.059,25.806,6,3,35,130,4,2,0,115
2026-01-31 16:22:08,7.023,Saiki,24.699,4.743,2,45,0,4.415,18,43.243,20,18.519,3,9,41,166,3,3,0,115
2026-02-03 20:22:50,7.031,Saiki,18.103,4.876,5,23,3,4.0,9,34.615,14,12.5,7,1,21,116,3,3,0,115
2026-02-04 13:43:18,7.036,Saiki,17.742,4.236,1,17,1,4.045,9,17.857,14.754,22.857,2,4,22,124,3,3,0,115
2026-02-07 22:12:56,7.035,Saiki,21.053,3.581,0,20,1,4.929,10,20.588,19.643,23.256,4,4,28,133,2,4,0,115
2026-02-08 19:05:51,6.848,Saiki,23.729,6.588,6,25,1,3.786,14,33.333,26.087,15.556,9,3,28,118,3,2,1,115
2026-02-11 13:43:55,6.955,Saiki,18.605,5.331,2,18,1,4.292,7,31.25,15.873,11.765,5,2,24,129,4,2,0,115
2026-02-15 19:18:05,7.137,Saiki,18.182,2.966,1,27,0,4.75,10,35.484,12.903,12.821,1,3,24,132,4,2,0,115
2026-02-17 21:05:31,7.312,Saiki,22.5,5.784,2,18,1,3.852,14,38.462,16.949,20,6,3,27,120,2,3,0,115
2026-02-19 20:56:12,7.233,Saiki,21.538,4.226,3,27,2,4.429,9,29.032,15.625,25.714,5,3,28,130,2,4,0,115
2026-02-20 14:01:01,7.049,Saiki,25.49,4.377,0,14,5,4.872,10,31.111,20.833,27.778,3,3,39,153,5,1,0,115
2026-02-27 19:13:22,7.408,Saiki,17.969,2.325,0,25,1,5.478,4,25,15.873,16.216,1,1,23,128,1,3,1,115
2026-02-28 18:08:03,7.237,Saiki,28.571,6.856,9,50,0,3.45,21,35.294,25.862,27.083,13,5,40,140,5,1,0,115
2026-03-01 17:42:33,7.589,Saiki,24.771,4.638,2,25,1,4.556,8,37.037,23.913,16.667,5,2,27,109,3,2,0,115
2026-03-02 19:23:01,7.69,Saiki,23.967,6.962,5,26,1,3.828,13,44,12.727,26.829,9,5,29,121,4,2,0,115
2026-03-04 14:45:10,7.869,Saiki,27.027,6.001,3,33,3,4.45,17,43.59,27.692,11.364,5,8,40,148,3,3,0,115
2026-03-07 13:52:35,7.867,Saiki,26.786,3.724,2,22,3,5.7,6,36.364,22,24.138,5,0,30,112,1,3,1,115
2026-03-15 19:01:50,7.679,Saiki,28.319,8.432,3,9,1,3.906,13,32.143,29.787,23.684,8,4,32,113,4,2,0,115
2026-03-16 13:43:54,7.882,Saiki,15.652,2.194,0,34,0,4.778,5,33.333,21.053,2,0,3,18,115,4,2,0,115
2026-03-16 19:05:41,8.06,Saiki,26.923,7.494,6,20,0,4.4,16,40.541,22.034,20.588,8,6,35,130,4,2,0,115
2026-03-19 14:23:48,8.248,Saiki,24.427,4.479,3,31,0,4.375,12,34.783,20.968,23.913,5,5,32,131,1,5,0,115
2026-03-19 19:00:40,7.877,Saiki,26.351,6.088,4,22,0,4.538,15,28.125,25,27.273,5,3,39,148,1,5,0,115
2026-03-20 22:04:30,7.517,Saiki,26.797,6.607,8,35,1,3.854,21,50,22.222,13.889,11,11,41,153,3,3,0,115
2026-03-21 14:05:45,7.502,Saiki,23.81,5.761,3,18,2,4.5,10,28.571,25,18.421,6,6,30,126,4,1,0,115
2026-03-22 14:22:46,7.766,Saiki,20.161,6.612,8,39,4,3.2,15,28,24.561,9.524,9,5,25,124,3,2,0,115
2026-03-23 19:15:16,7.859,Saiki,31.304,7.213,2,13,0,4.278,16,34.483,21.429,38.636,7,8,36,115,2,3,0,115
2026-03-24 13:55:04,7.767,Saiki,20.175,3.932,3,29,1,4.087,11,29.412,17.391,14.706,5,3,23,114,3,3,0,115
2026-03-25 13:45:37,7.76,Saiki,24.675,5.117,2,27,3,5.132,10,40.816,23.81,7.143,5,4,38,154,3,3,0,115
2026-03-25 22:25:20,7.767,Saiki,26.897,5.392,2,22,0,5.026,8,37.143,19.697,29.545,4,1,39,145,2,4,0,115
2026-03-26 13:51:53,7.767,Saiki,21.127,5.174,3,20,2,4.767,9,37.931,11.94,23.913,5,6,30,142,1,5,0,115
2026-03-27 19:09:40,7.223,Saiki,21.622,4.952,4,24,1,4.906,8,26.471,15.625,26,6,1,32,148,4,2,0,115
2026-03-28 22:07:01,7.395,Saiki,25.984,7.416,3,18,3,3.909,13,41.667,23.636,13.889,7,5,33,127,4,1,0,115
2026-03-30 21:39:33,7.666,Saiki,33.533,4.912,3,32,1,4.982,17,53.488,28.378,24,8,3,56,167,3,2,1,115
2026-04-01 14:00:26,7.742,Saiki,23.913,5.467,2,25,2,5.091,11,48.148,18.033,18,6,2,33,138,5,1,0,115
2026-04-05 17:46:11,8.102,Saiki,26.126,7.808,4,13,1,4.069,14,39.286,17.391,27.027,5,3,29,111,3,2,0,115
2026-04-09 18:12:32,8.19,Saiki,28.148,7.81,2,24,4,3.947,19,43.243,24.074,20.455,9,7,38,135,3,1,1,115
2026-04-10 21:38:08,8.365,Saiki,18.841,5.398,4,20,2,4.5,7,22.5,17.241,17.5,5,3,26,138,2,4,0,115
2026-04-13 14:04:29,8.185,Saiki,35.849,7.096,0,8,0,4.079,14,36,39.623,28.571,8,3,38,106,2,4,0,115
2026-04-13 19:02:02,8.007,Saiki,27.517,8.744,4,19,0,3.805,18,40,29.31,17.857,6,12,41,149,1,5,0,115
2026-04-16 18:35:33,7.658,Saiki,23.134,8.671,6,20,1,3.387,19,30.769,21.538,16.667,11,6,31,134,3,2,1,115
2026-04-17 14:03:23,7.735,Saiki,18.75,5.108,4,22,0,3.333,9,34.783,16.667,0,6,2,15,80,2,3,0,115
2026-04-17 17:36:21,7.645,Saiki,23.232,4.502,1,14,0,4.609,7,36.364,24.444,12.5,3,4,23,99,2,2,1,115
2026-04-18 21:12:03,7.653,Saiki,26.829,5.281,1,19,0,4.091,16,27.273,27.273,25.714,5,7,33,123,4,1,0,115
2026-04-20 13:47:22,7.928,Saiki,20.301,4.804,4,32,2,4.667,10,34.211,14.035,15.789,7,4,27,133,2,4,0,115
2026-04-20 22:24:29,7.751,Saiki,25.758,5.849,4,28,0,4.059,14,44,20.339,22.917,5,6,34,132,1,4,0,115
2026-04-21 13:51:52,7.476,Saiki,22.581,5.727,3,16,0,4.393,10,15.789,29.412,20,6,4,28,124,4,2,0,115
2026-04-21 18:25:22,7.668,Saiki,30.657,7.916,6,33,1,3.81,20,31.707,29.825,30.769,13,6,42,137,3,3,0,115
2026-04-24 14:02:24,7.685,Saiki,28.302,7.378,6,24,0,4.1,13,40,19.565,30,8,5,30,106,3,2,0,115
2026-04-25 14:37:20,7.764,Saiki,28.472,7.367,6,25,0,3.805,19,36.667,24.658,29.268,8,7,41,144,2,4,0,115
2026-04-25 21:35:54,7.576,Saiki,33.663,9.819,7,14,2,3.5,21,56.522,30.612,20.69,10,5,34,101,4,2,0,115
2026-04-27 18:57:55,7.757,Saiki,23.649,6.437,4,30,1,4.171,16,40,20.513,17.5,5,7,35,148,4,2,0,115
2026-04-28 14:08:03,7.935,Saiki,15.789,4.217,3,24,0,4.056,10,13.636,19.672,9.677,5,2,18,114,2,3,0,115
2026-04-29 13:52:18,7.843,Saiki,22.695,7.077,3,24,1,3.906,16,29.032,23.529,16.667,7,8,32,141,2,4,0,115
2026-04-29 18:16:04,7.663,Saiki,29.464,5.73,2,22,0,4.061,17,36.842,28.333,27.273,9,3,33,112,5,1,0,115
2026-05-01 21:20:47,8.03,Saiki,25.676,4.376,1,18,0,4.658,13,26.667,20.69,31.111,3,5,38,148,3,3,0,115
2026-05-02 23:23:31,8.014,Saiki,21.667,5.437,5,36,0,4.038,14,41.667,17.188,15.625,8,2,26,120,4,0,1,115
2026-05-03 13:50:06,8.368,Saiki,22.581,6.45,4,11,0,3.762,13,34.783,23.256,11.111,4,3,21,93,2,3,0,115
2026-05-05 18:37:55,8.289,Saiki,22.727,6.351,7,21,1,3.76,12,26.923,16.949,32,8,3,25,110,4,2,0,115
2026-05-06 18:46:33,8.483,Saiki,32.061,9.955,11,28,0,3.595,23,26.667,35.714,31.111,14,4,42,131,6,0,0,115
2026-05-06 21:00:14,9.019,Saiki,25.758,6.085,4,18,2,4.794,11,34.286,17.647,28.261,6,3,34,132,4,2,0,115
2026-05-07 14:18:37,9.214,Saiki,23.649,4.238,2,31,3,4.771,10,28.889,26.667,13.953,5,2,35,148,5,1,0,115
2026-05-09 21:18:01,9.562,Saiki,25.0,6.89,3,15,3,4.226,11,28.571,21.311,28.571,8,3,31,124,2,4,0,115
2026-05-11 14:04:11,9.045,Saiki,27.632,6.56,3,30,1,4.619,14,34.375,28.947,20.455,5,7,42,152,3,3,0,115
2026-05-11 18:11:15,9.036,Saiki,28.846,6.758,5,11,0,4.633,8,61.111,23.077,20.588,6,0,30,104,4,2,0,115
2026-05-14 14:18:15,9.206,Saiki,26.515,7.304,2,30,1,4.057,18,34.783,24.638,25,9,6,35,132,2,4,0,115
2026-05-14 21:21:37,9.027,Saiki,18.881,4.067,1,16,1,4.852,6,15.625,24.638,11.905,3,1,27,143,3,2,0,115
2026-05-15 17:46:44,9.111,Saiki,16.854,3.577,1,28,1,4.067,6,26.667,13.636,16.667,2,3,15,89,0,5,0,115
2026-05-17 21:31:48,8.244,Saiki,24.762,7.087,4,17,0,3.846,14,27.586,29.787,13.793,5,6,26,105,3,3,0,115
2026-05-18 15:08:53,8.261,Saiki,25.547,7.199,6,32,1,4.171,15,32.258,21.311,26.667,12,3,35,137,1,4,1,115
2026-05-18 21:53:11,7.99,Saiki,28.346,5.86,3,23,0,4.278,15,27.273,32.759,22.222,5,6,36,127,4,2,0,115
2026-05-19 14:12:22,8.165,Saiki,26.19,5.958,5,23,0,4.606,12,34.615,23.333,25,6,3,33,126,3,3,0,115
2026-05-22 14:23:24,8.163,Saiki,28.689,6.45,3,24,0,4.486,15,41.935,28.571,17.143,6,4,35,122,4,2,0,115
2026-05-22 21:04:09,8.334,Saiki,22.0,5.365,3,35,1,4.364,16,38.889,15.152,18.75,7,6,33,150,1,4,0,115
2026-05-26 13:56:18,8.054,Saiki,28.448,7.341,7,29,0,3.788,17,29.63,32.692,21.622,9,4,33,116,4,2,0,115
2026-05-26 18:30:52,8.233,Saiki,26.087,5.323,3,16,0,4.861,10,30.233,21.667,28.571,5,5,36,138,2,4,0,115
2026-05-27 14:37:10,8.056,Saiki,17.763,6.129,7,29,1,3.519,16,17.857,14.706,21.429,7,8,27,152,3,2,1,115
2026-05-30 21:04:03,8.151,Saiki,18.421,4.41,3,12,0,4.571,8,20.69,16.364,20,4,2,21,114,2,4,0,115
2026-06-03 14:14:56,7.977,Saiki,18.293,2.669,2,44,1,4.8,9,29.167,13.636,14,3,4,30,164,2,3,1,115
2026-06-03 18:55:58,7.898,Saiki,23.134,6.147,2,24,1,4.226,17,29.63,24.242,17.073,5,9,31,134,2,4,0,115
2026-06-04 18:25:20,7.732,Saiki,22.727,5.451,3,32,1,4.314,15,36.842,18.333,17.857,6,7,35,154,3,3,0,115
2026-06-05 17:50:16,7.742,Saiki,32.075,9.308,5,21,1,3.412,20,41.379,33.333,21.875,10,8,34,106,2,3,0,115
2026-06-06 22:27:02,7.552,Saiki,31.343,9.393,4,16,2,3.571,25,43.243,28.333,24.324,9,9,42,134,6,0,0,115
2026-06-07 18:18:38,8.078,Saiki,30.0,6.562,3,17,2,4.689,15,37.209,30.882,20.513,5,7,45,150,3,2,1,115
2026-06-10 21:20:02,8.179,Saiki,27.778,6.663,6,27,0,4.343,15,42.424,25.926,17.949,10,5,35,126,4,1,0,115
2026-06-11 14:01:41,8.447,Saiki,25.51,6.293,4,10,0,4.2,9,33.333,23.404,22.222,7,2,25,98,2,3,0,115
2026-06-11 18:19:17,8.363,Saiki,28.0,6.362,1,13,1,4.0,14,38.889,17.857,42.308,5,3,28,100,4,1,0,115
2026-06-12 14:04:43,8.629,Saiki,25.926,5.296,2,13,1,4.75,9,38.462,20,24.324,5,5,28,108,2,2,1,115
2026-06-12 18:27:27,8.628,Saiki,28.358,7.342,2,13,4,4.605,14,34.615,21.739,35.897,7,6,38,134,4,2,0,115
2026-06-16 23:18:25,8.8,Saiki,20.833,4.107,1,24,1,4.48,8,22.222,18.868,22.5,4,2,25,120,1,3,1,115
2026-06-17 16:20:35,8.449,Saiki,30.282,6.271,4,22,2,4.744,15,44.444,25.676,25,8,5,43,142,2,4,0,115
2026-06-18 07:29:56,8.629,Saiki,19.355,3.852,0,15,2,4.9,7,38.71,15,14.062,2,4,30,155,2,4,0,115
2026-06-19 05:24:35,8.289,Saiki,30.392,6.189,3,15,1,3.839,16,33.333,31.915,25.806,6,7,31,102,1,5,0,115
2026-06-19 22:59:11,7.937,Saiki,25.253,5.963,1,9,3,4.24,9,50,22,16.129,4,1,25,99,2,3,0,115
2026-06-23 23:11:54,7.852,Saiki,32.8,8.24,6,26,1,4.024,19,48.936,17.647,33.333,9,7,41,125,4,2,0,115
2026-06-25 00:18:18,8.026,Saiki,26.786,5.313,1,16,0,5.089,10,47.368,20.513,21.154,3,6,45,168,2,3,1,115
2026-06-27 17:17:15,7.932,Saiki,25.197,4.848,2,6,1,4.812,7,28.947,19.149,28.571,3,2,32,127,2,4,0,115
2026-07-01 14:17:09,7.672,Saiki,25.373,6.639,4,11,1,3.882,7,18.75,25,31.579,7,0,17,67,3,3,0,115
2026-07-01 14:36:06,7.672,Saiki,27.5,7.112,6,20,1,3.727,16,29.032,22.222,34.286,11,2,33,120,3,3,0,115
2026-07-01 23:43:02,7.672,Saiki,29.921,6.659,5,26,1,3.605,23,35.897,29.31,23.333,10,7,38,127,4,2,0,115
2026-07-02 13:52:04,7.841,Saiki,22.047,4.093,2,32,3,4.821,10,32.353,22.642,12.5,5,1,28,127,4,1,0,115
2026-07-02 18:34:06,7.841,Saiki,22.297,5.806,2,23,1,4.394,11,33.333,13.158,30.952,7,2,33,148,2,4,0,115
2026-07-05 14:02:38,7.924,Saiki,24.409,4.577,1,15,2,4.71,12,42.857,14.035,26.19,2,2,31,127,2,4,0,115
2026-01-07 14:00:01,7.61,Fumiii,27.723,4.288,0,15,1,4.964,6,24,20.833,42.857,1,6,28,101,1,4,0,119
2026-01-09 14:00:22,7.263,Fumiii,23.567,5.505,3,30,2,4.73,13,33.333,18.667,25,4,5,37,157,4,2,0,119
2026-01-11 02:20:53,7.503,Fumiii,21.379,2.445,0,39,2,5.194,5,23.81,22.414,17.778,0,5,31,145,1,5,0,119
2026-01-17 00:37:47,7.049,Fumiii,31.447,5.108,4,32,0,4.6,16,35.135,30.303,30.357,6,2,50,159,4,1,1,119
2026-01-17 22:50:02,7.381,Fumiii,24.286,4.822,2,36,1,4.294,13,25,23.077,25.532,8,3,34,140,4,2,0,119
2026-01-19 13:49:48,7.582,Fumiii,19.084,3.426,2,37,1,4.88,8,20.513,18.033,19.355,6,2,25,131,3,3,0,119
2026-02-03 20:22:50,7.585,Fumiii,25.0,3.642,0,21,1,4.75,7,25.926,26.984,21.053,0,6,32,128,1,5,0,119
2026-02-05 15:04:09,7.148,Fumiii,28.477,3.761,1,24,0,5.628,5,34.884,18.31,40.541,1,2,43,151,3,3,0,119
2026-02-05 20:53:38,7.165,Fumiii,21.569,4.853,4,29,1,4.333,9,20.455,23.077,20.455,8,2,33,153,5,1,0,119
2026-02-10 18:27:03,7.582,Fumiii,27.879,5.036,3,42,0,4.565,14,40.909,26.25,17.073,4,5,46,165,2,4,0,119
2026-02-17 21:05:31,7.365,Fumiii,23.622,4.313,2,22,1,4.767,8,32.258,16.667,27.778,3,5,30,127,2,3,0,119
2026-02-18 16:22:28,7.279,Fumiii,27.451,4.572,1,35,0,4.762,13,20,25.316,34.694,3,4,42,153,3,2,1,119
2026-02-28 11:06:18,7.38,Fumiii,27.976,4.035,0,30,2,5.447,7,30.233,26.582,28.261,2,5,47,168,3,2,1,119
2026-03-07 00:48:43,7.474,Fumiii,27.083,4.507,0,23,1,4.846,11,42.5,19.718,24.242,2,5,39,144,3,3,0,119
2026-03-09 19:09:10,7.453,Fumiii,29.375,4.69,1,33,0,4.702,15,30.556,25,34.615,5,2,47,160,2,4,0,119
2026-03-10 19:04:37,7.275,Fumiii,32.143,6.417,1,13,2,4.639,9,29.63,36,28.571,4,5,36,112,2,4,0,119
2026-03-15 00:14:27,7.072,Fumiii,24.286,3.445,1,31,0,5.5,7,31.429,12.308,37.5,2,5,34,140,2,3,0,119
2026-03-16 19:05:41,7.073,Fumiii,28.462,6.724,3,20,1,4.486,14,35.135,27.119,23.529,6,9,37,130,4,2,0,119
2026-03-20 19:13:56,7.28,Fumiii,28.873,3.275,0,23,2,5.829,3,18.182,27.692,34.545,1,1,41,142,1,4,1,119
2026-03-22 14:22:46,7.005,Fumiii,20.43,4.189,2,19,0,4.263,7,13.043,15.385,32.258,2,2,19,93,0,5,0,119
2026-03-25 13:45:37,6.507,Fumiii,15.972,2.462,1,30,3,5.522,4,23.684,16.393,8.889,3,1,23,144,4,2,0,119
2026-03-26 13:51:53,6.703,Fumiii,22.293,3.486,1,27,1,5.286,5,33.333,16.456,24.444,2,2,35,157,3,3,0,119
2026-03-28 15:30:09,6.717,Fumiii,30.994,5.781,4,29,1,4.906,13,30.435,33.333,28.571,7,2,53,171,3,3,0,119
2026-03-30 21:39:33,6.73,Fumiii,36.054,4.913,2,24,2,5.019,12,43.75,28.169,43.182,5,7,53,147,3,3,0,119
2026-04-03 13:50:59,6.744,Fumiii,22.794,3.209,1,36,0,5.29,5,41.176,16.071,17.391,2,1,31,136,3,3,0,119
2026-04-09 00:14:04,6.748,Fumiii,33.735,6.051,2,16,0,4.946,14,35.135,29.268,40.426,3,5,56,166,5,1,0,119
2026-04-10 21:38:08,7.135,Fumiii,25.18,5.605,0,21,0,4.571,9,23.333,20,34.091,2,7,35,139,4,2,0,119
2026-04-20 18:43:30,7.331,Fumiii,29.661,5.391,3,16,0,4.857,10,34.483,22.807,37.5,5,2,35,118,4,2,0,119
2026-04-20 22:24:29,7.537,Fumiii,28.696,5.077,0,24,1,4.394,12,25,28.889,30.435,4,7,33,115,3,2,0,119
2026-04-29 09:20:39,7.637,Fumiii,26.471,5.488,6,35,0,4.222,15,36.364,19.643,27.66,8,6,36,136,4,2,0,119
2026-05-01 11:41:50,7.827,Fumiii,28.467,5.086,1,27,1,4.462,14,34.375,26.786,26.531,6,4,39,137,4,1,1,119
2026-05-01 21:20:47,8.099,Fumiii,28.205,6.901,5,25,0,3.841,18,28.261,26.087,31.707,8,8,44,156,2,3,1,119
2026-05-02 23:23:31,8.034,Fumiii,27.027,4.4,3,31,0,4.867,8,40.909,20,28.205,5,3,30,111,2,3,0,119
2026-05-04 18:44:00,7.942,Fumiii,28.8,4.153,1,19,2,5.028,8,40.741,26.562,23.529,3,1,36,125,3,2,0,119
2026-05-06 23:26:01,8.039,Fumiii,27.083,4.169,3,47,0,4.692,13,28.571,20.588,35.417,4,6,39,144,1,5,0,119
2026-05-09 10:03:51,7.651,Fumiii,17.834,2.049,2,71,0,3.714,15,25.641,11.111,20,7,4,28,157,2,4,0,119
2026-05-09 21:18:01,7.454,Fumiii,29.008,5.999,1,22,1,4.895,11,40.541,26.984,19.355,6,3,38,131,4,2,0,119
2026-05-11 18:11:15,7.642,Fumiii,31.959,6.029,2,12,0,4.871,7,45.455,27.451,29.167,3,3,31,97,2,4,0,119
2026-05-15 17:46:44,7.45,Fumiii,31.915,5.7,3,33,0,4.778,15,39.394,28.767,31.429,6,4,45,141,3,2,0,119
2026-05-16 10:16:26,7.641,Fumiii,28.767,4.951,2,14,0,5.238,8,30.303,22.973,38.462,4,4,42,146,1,5,0,119
2026-05-18 11:01:47,6.929,Fumiii,25.0,4.308,1,18,0,4.241,10,25,25.862,23.529,4,3,29,116,1,4,1,119
2026-05-18 21:53:11,6.649,Fumiii,22.951,5.292,5,25,0,4.036,11,18.75,23.913,25,7,2,28,122,2,4,0,119
2026-05-20 14:25:13,6.467,Fumiii,22.581,4.004,2,37,0,4.714,11,25.926,14.545,30.952,4,3,28,124,1,4,0,119
2026-05-21 14:29:56,6.188,Fumiii,23.699,2.975,1,33,0,5.561,6,38.889,13.953,29.412,3,0,41,173,4,1,1,119
2026-05-22 21:04:09,6.457,Fumiii,27.778,3.186,0,13,1,5.167,4,30,24.49,31.034,0,2,30,108,4,1,0,119
2026-05-24 13:57:54,6.748,Fumiii,25.41,4.416,3,38,0,4.903,11,27.586,15.385,36.585,4,6,31,122,1,4,0,119
2026-05-26 18:30:52,6.467,Fumiii,24.615,4.226,1,11,2,4.875,8,28,24.615,22.5,4,0,32,130,2,4,0,119
2026-06-03 18:55:58,6.284,Fumiii,30.986,3.942,0,28,1,5.409,9,26.667,33.333,29.73,7,2,44,142,3,2,1,119
2026-06-04 23:57:00,6.371,Fumiii,25.385,5.134,4,30,0,4.364,10,15.625,26.667,31.579,6,5,33,130,3,3,0,119
2026-06-05 17:50:16,6.36,Fumiii,33.607,6.221,4,23,1,4.439,13,40.625,29.412,33.333,7,3,41,122,1,4,0,119
2026-06-07 04:19:09,5.835,Fumiii,36.364,5.03,2,11,0,5.432,7,46.429,36.364,28.947,2,3,44,121,2,3,0,119
2026-06-09 18:18:54,5.66,Fumiii,24.675,4.455,0,12,1,4.737,7,22.727,22.857,30,2,0,19,77,4,0,0,119
2026-06-09 23:10:50,5.835,Fumiii,18.519,1.623,1,20,0,5.45,2,17.857,22,13.333,2,0,20,108,2,4,0,119
2026-06-11 18:19:17,5.82,Fumiii,33.824,5.56,3,24,0,4.848,13,35.484,23.611,54.545,7,6,46,136,4,1,0,119
2026-06-16 00:10:57,6.106,Fumiii,27.2,4.746,2,43,0,4.382,12,28.125,24,30.233,6,6,34,125,2,3,0,119
2026-07-03 21:32:13,6.009,Fumiii,31.176,4.818,2,21,0,5.019,12,32.432,25,43.902,4,3,53,170,3,2,1,119
2026-01-17 16:40:47,9.262,HiHi,33.333,6.445,4,24,1,4.935,14,43.902,27.119,31.579,4,4,46,138,2,3,0,120
2026-01-17 16:42:16,9.262,HiHi,33.333,6.445,4,24,1,4.935,14,43.902,27.119,31.579,4,4,46,138,2,3,0,120
2026-03-03 09:00:41,9.15,HiHi,44.355,7.574,1,13,0,4.927,16,58.333,42,34.211,5,4,55,124,4,2,0,120
2026-03-17 10:03:05,9.383,HiHi,31.724,4.704,2,37,0,5.0,11,45.652,23.729,27.5,5,4,46,145,3,2,1,120
2026-03-19 11:00:41,9.49,HiHi,31.25,6.45,5,32,2,4.175,15,34.375,32.143,27.5,8,4,40,128,2,4,0,120
2026-03-19 14:23:48,9.254,HiHi,41.593,6.653,6,29,0,4.851,13,37.143,36.538,57.692,9,1,47,113,3,1,0,120
2026-03-24 10:46:54,9.501,HiHi,37.5,8.977,9,30,2,4.333,22,47.5,30.357,37.5,14,7,54,144,5,1,0,120
2026-03-30 04:38:23,9.938,HiHi,35.417,6.673,1,19,2,5.118,14,47.368,27.027,40.625,3,7,51,144,4,2,0,120
2026-04-02 13:54:01,10.146,HiHi,32.847,8.421,3,22,1,4.378,17,43.75,27.419,32.558,6,6,45,137,3,3,0,120
2026-04-13 04:24:01,10.14,HiHi,38.621,9.033,2,27,0,4.714,20,50,42.466,25,7,4,56,145,3,3,0,120
2026-04-13 14:04:29,10.139,HiHi,42.982,8.245,2,21,0,4.347,17,52,50,18.519,8,4,49,114,4,2,0,120
2026-04-13 19:02:02,10.356,HiHi,30.201,5.907,0,19,0,4.667,11,34.286,36.207,21.429,3,7,45,149,1,5,0,120
2026-04-17 14:03:23,9.943,HiHi,26.25,6.806,5,22,0,3.286,12,34.783,16.667,40,7,5,21,80,2,3,0,120
2026-04-20 13:47:22,9.836,HiHi,28.44,4.726,0,25,0,5.065,8,21.429,26.923,37.931,2,8,31,109,1,5,0,120
2026-04-22 06:15:10,9.423,HiHi,34.694,6.459,1,12,1,5.0,7,47.619,26.923,40,3,5,34,98,3,2,0,120
2026-04-23 15:00:23,9.531,HiHi,26.59,4.342,2,39,1,5.326,10,51.515,20.69,20.755,4,1,46,173,1,5,0,120
2026-04-27 05:23:52,9.111,HiHi,34.066,7.288,4,11,0,3.677,16,43.478,29.268,33.333,9,3,31,91,6,0,0,120
2026-04-27 18:57:55,9.111,HiHi,36.025,6.039,1,26,0,4.845,14,53.659,31.507,27.66,2,4,58,161,5,1,0,120
2026-04-28 14:08:03,10.109,HiHi,23.009,5.082,2,28,0,4.269,8,36,18.644,20.69,5,3,26,113,1,3,1,120
2026-05-04 06:27:59,9.892,HiHi,32.061,7.666,10,27,0,3.81,19,54.545,26.667,21.053,10,5,42,131,2,4,0,120
2026-05-04 18:44:00,9.688,HiHi,37.405,6.186,3,22,0,5.0,11,36.585,28.846,50,7,4,49,131,3,2,0,120
2026-05-07 07:15:21,9.678,HiHi,28.767,6.064,4,28,0,4.69,13,44.444,22.388,25.581,4,6,42,146,4,1,1,120
2026-05-14 07:57:04,9.973,HiHi,32.895,5.986,4,39,2,4.94,16,46.875,20.635,38.596,7,7,50,152,1,5,0,120
2026-05-19 14:12:22,9.973,HiHi,34.559,6.296,2,20,0,4.702,12,47.059,31.148,29.268,7,4,47,136,3,3,0,120
2026-05-20 14:25:13,9.982,HiHi,38.636,6.763,3,30,0,4.49,16,35.484,40.741,38.298,6,5,51,132,3,2,0,120
2026-05-20 18:28:10,10.09,HiHi,30.645,7.435,4,21,1,4.289,16,37.838,28,27.027,7,7,38,124,3,3,0,120
2026-05-21 07:13:01,10.092,HiHi,34.545,6.275,2,23,1,4.579,11,45.455,34.615,27.778,2,9,38,110,2,4,0,120
2026-05-23 06:57:28,9.905,HiHi,36.134,6.824,2,18,1,4.837,9,36.364,43.396,24.242,2,6,43,119,0,5,0,120
2026-05-24 19:25:18,9.404,HiHi,33.333,7.56,3,22,0,4.578,17,52.174,33.333,25.455,6,7,45,135,4,2,0,120
2026-05-25 07:30:37,9.616,HiHi,26.891,5.813,1,25,0,4.375,12,24.242,26.531,29.73,2,4,32,119,5,1,0,120
2026-05-29 07:43:45,10.01,HiHi,32.911,7.304,5,43,0,3.75,30,43.59,35.211,20.833,8,16,52,158,4,2,0,120
2026-05-29 18:24:54,10.197,HiHi,32.192,8.709,5,27,0,4.043,20,32.258,34.783,28.261,9,8,47,146,5,1,0,120
2026-06-03 18:55:58,10.572,HiHi,35.526,7.749,4,29,1,4.481,21,45.161,31.25,36.585,6,6,54,152,3,2,1,120
2026-06-04 18:25:20,10.651,HiHi,23.81,5.536,5,40,0,4.475,16,23.81,20.548,28.302,7,6,40,168,2,4,0,120
2026-06-11 14:01:41,10.456,HiHi,31.915,5.026,1,16,0,4.833,5,35,37.5,23.529,1,2,30,94,1,4,0,120
2026-06-13 04:37:13,10.167,HiHi,33.333,5.975,0,15,1,5.25,10,44.444,28.788,33.333,1,7,44,132,2,3,0,120
2026-06-13 18:45:41,10.066,HiHi,28.571,5.194,0,32,0,4.5,17,47.059,23.256,25.455,2,14,50,175,2,2,2,120
2026-06-29 18:09:56,10.179,HiHi,36.691,6.658,3,26,0,4.922,15,59.259,34.286,26.19,5,9,51,139,1,5,0,120
2026-07-02 13:52:04,9.816,HiHi,37.607,9.271,7,25,2,4.136,18,42.857,42.105,25,10,7,44,117,3,2,0,120
2026-07-02 18:34:06,9.816,HiHi,36.364,7.169,3,28,0,4.875,14,41.304,36.145,33.333,6,6,72,198,3,2,1,120
2026-07-03 13:56:00,10.015,HiHi,34.395,7.461,6,35,0,4.778,19,46.154,30.986,33.333,9,4,54,157,3,2,1,120
2026-07-04 14:18:33,10.102,HiHi,37.903,6.751,3,13,0,5.191,9,44.444,38.333,32.432,6,2,47,124,4,2,0,120
2026-01-01 22:39:32,6.726,Janoxx,21.495,4.883,2,22,0,3.957,12,36.364,15,14.706,5,4,23,107,2,3,0,121
2026-01-17 16:40:47,6.611,Janoxx,16.807,3.311,1,18,2,4.9,6,21.875,15.789,13.333,3,3,20,119,4,1,0,121
2026-01-17 16:42:16,6.611,Janoxx,16.807,3.311,1,18,2,4.9,6,21.875,15.789,13.333,3,3,20,119,4,1,0,121
2026-01-17 22:50:02,6.611,Janoxx,18.657,2.732,0,23,1,4.92,7,36.364,14.286,10.526,4,1,25,134,2,4,0,121
2026-01-26 19:25:39,6.738,Janoxx,19.608,4.11,1,16,1,4.95,7,20.833,23.077,11.538,4,2,20,102,4,1,0,121
2026-02-10 18:27:03,7.055,Janoxx,21.656,6.167,9,30,4,3.941,17,23.404,21.538,20,11,5,34,157,4,2,0,121
2026-02-28 18:08:03,7.265,Janoxx,17.143,4.054,4,50,2,3.292,15,23.529,17.241,12.5,5,5,24,140,5,1,0,121
2026-03-07 13:52:35,7.672,Janoxx,15.942,3.097,1,29,3,4.909,6,28.571,15.152,9.091,2,4,22,138,1,4,0,121
2026-03-12 22:28:14,7.359,Janoxx,16.379,4.378,3,21,0,4.263,8,28.571,13.725,10.811,3,2,19,116,4,2,0,121
2026-03-16 16:08:49,7.558,Janoxx,17.606,2.599,0,36,3,4.56,6,27.778,16.667,10.87,2,1,25,142,3,3,0,121
2026-04-04 10:52:22,7.549,Janoxx,19.868,5.746,2,26,2,4.2,12,32.258,16.667,16.667,3,6,30,151,4,2,0,121
2026-04-14 18:31:24,7.747,Janoxx,22.321,3.32,0,18,1,5.0,4,48,14.545,15.625,1,2,25,112,1,5,0,121
2026-04-16 00:39:38,7.334,Janoxx,16.807,2.235,1,27,0,5.5,4,34.375,10,11.111,3,0,20,119,2,3,0,121
2026-04-16 18:35:33,7.241,Janoxx,22.222,4.664,2,17,0,4.735,10,35.185,16.667,11.111,5,3,34,153,2,3,1,121
2026-04-17 14:03:23,7.139,Janoxx,22.727,3.812,2,35,1,4.32,9,66.667,12.727,6.452,4,3,25,110,3,1,1,121
2026-04-25 14:37:20,7.341,Janoxx,23.926,5.413,6,33,1,4.282,14,36.111,20.988,19.565,11,2,39,163,4,2,0,121
2026-04-27 18:57:55,7.525,Janoxx,18.919,3.647,0,30,2,4.75,10,26.667,17.949,15,3,5,28,148,4,2,0,121
2026-05-01 21:20:47,7.724,Janoxx,24.183,5.076,1,30,0,4.027,15,25.581,23.333,24,7,5,37,153,3,2,1,121
2026-05-02 23:23:31,7.812,Janoxx,22.131,5.315,4,32,0,3.889,14,30.769,20.968,17.647,4,7,27,122,1,3,1,121
2026-05-06 18:46:33,7.606,Janoxx,16.216,2.496,1,36,1,4.833,5,28.205,10.811,14.286,2,2,24,148,1,5,0,121
2026-05-15 17:46:44,7.224,Janoxx,22.936,4.568,1,20,0,4.36,13,47.826,14.583,18.421,2,5,25,109,2,3,0,121
2026-01-14 17:31:59,5.743,Konsumenci,21.875,4.503,2,27,0,4.5,13,32.258,20,16.216,3,4,28,128,3,2,0,123
2026-02-18 16:22:28,5.848,Konsumenci,21.569,4.113,2,35,1,4.667,13,24,17.722,26.531,4,4,33,153,3,2,1,123
2026-04-05 17:46:11,5.96,Konsumenci,24.074,4.833,2,25,1,4.872,10,30,17.742,26,4,5,39,162,3,2,0,123
2026-04-18 21:12:03,6.079,Konsumenci,28.571,6.356,3,28,0,3.974,19,51.613,23.333,19.048,9,3,38,133,1,3,1,123
2026-04-28 14:08:03,5.842,Konsumenci,21.495,4.115,0,28,2,4.435,9,55,20,3.125,5,0,23,107,2,3,0,123
2026-05-01 14:47:12,5.73,Konsumenci,17.544,4.034,2,20,2,4.45,7,39.13,10.909,13.889,3,4,20,114,4,2,0,123
2026-05-02 23:23:31,5.938,Konsumenci,17.708,2.733,0,24,0,4.588,7,38.889,13.462,11.538,4,2,17,96,2,3,0,123
2026-05-06 18:46:33,5.822,Konsumenci,19.014,2.209,0,35,1,5.296,5,38.235,11.268,16.216,3,0,27,142,2,4,0,123
2026-05-22 21:04:09,5.606,Konsumenci,28.205,4.969,2,21,1,4.848,9,48.148,16.667,28.571,4,3,33,117,2,3,0,123
2026-05-24 19:25:18,5.494,Konsumenci,27.007,5.186,0,16,1,4.703,14,55.556,17.742,22.917,4,3,37,137,3,3,0,123
2026-05-30 21:04:03,5.469,Konsumenci,21.094,4.605,1,14,2,4.481,11,38.235,13.793,16.667,2,4,27,128,4,2,0,123
2026-06-01 13:46:50,5.665,Konsumenci,29.008,5.695,4,17,2,4.579,12,47.5,15.094,28.947,6,4,38,131,2,3,1,123
2026-06-03 14:14:56,5.574,Konsumenci,18.421,2.918,1,24,1,4.762,6,44.828,9.091,9.756,3,4,21,114,2,3,1,123
2026-06-05 17:50:16,5.482,Konsumenci,23.485,5.722,5,27,2,3.806,15,43.478,22.951,14.583,6,5,31,132,4,1,0,123
2026-06-09 13:58:23,6.096,Konsumenci,22.078,4.857,3,30,3,4.235,13,47.222,11.475,17.544,4,4,34,154,2,4,0,123
2026-06-10 18:04:55,5.886,Konsumenci,24.779,4.651,1,10,0,4.714,5,43.478,24.49,14.634,3,2,28,113,3,2,0,123
2026-06-17 23:35:10,5.983,Konsumenci,22.523,3.785,1,19,1,4.8,5,52.381,17.241,12.5,4,0,25,111,2,3,0,123
2026-06-23 23:11:54,5.876,Konsumenci,23.81,3.676,0,17,0,4.767,9,43.59,8.621,27.586,3,5,30,126,2,4,0,123
2026-01-02 00:57:04,11.709,LelPop,39.007,8.1,7,34,0,4.436,20,42.5,44.643,28.889,13,5,55,141,3,2,1,124
2026-01-03 00:30:48,11.817,LelPop,46.377,10.005,4,23,1,4.266,28,50,47.368,41.463,8,16,64,138,4,2,0,124
2026-01-04 06:10:39,12.022,LelPop,39.766,10.367,10,48,0,3.735,33,51.515,40.244,32.143,14,13,68,171,5,1,0,124
2026-02-17 21:05:31,12.463,LelPop,40.769,9.73,2,27,0,3.981,23,48,48.438,24.39,9,7,53,130,3,2,0,124
2026-02-20 05:26:49,12.529,LelPop,38.411,8.538,1,11,1,4.534,20,40.909,36.667,38.298,6,8,58,151,5,1,0,124
2026-02-21 05:13:59,12.966,LelPop,42.105,7.76,0,14,0,4.732,16,37.037,49.231,34.146,2,3,56,133,2,3,1,124
2026-02-27 06:33:50,12.857,LelPop,40.336,10.986,7,17,1,4.229,15,47.059,38.462,36.364,10,5,48,119,4,2,0,124
2026-03-02 06:44:58,13.043,LelPop,35.833,7.985,3,14,0,4.651,18,39.286,36.207,32.353,6,9,43,120,2,4,0,124
2026-03-04 05:02:33,12.829,LelPop,43.333,11.633,9,14,0,4.058,25,57.143,36.066,47.368,11,8,52,120,4,2,0,124
2026-03-09 05:38:02,13.027,LelPop,44.516,11.015,7,17,2,5.13,19,47.5,43.284,43.75,10,7,69,155,2,4,0,124
2026-03-15 19:01:50,12.821,LelPop,35.398,10.304,4,9,0,3.95,16,28.571,40.426,34.211,5,9,40,113,4,2,0,124
2026-03-23 04:20:46,13.043,LelPop,36.025,10.116,7,23,0,4.034,22,33.333,44.444,25,11,4,58,161,1,5,0,124
2026-03-27 05:20:46,12.644,LelPop,33.019,9.238,15,35,1,2.829,24,52,24.444,30.556,16,4,35,106,4,2,0,124
2026-03-30 04:38:23,12.84,LelPop,42.361,11.002,1,19,1,4.557,24,44.737,47.297,28.125,6,15,61,144,4,2,0,124
2026-04-06 04:10:38,13.026,LelPop,42.029,10.835,5,25,0,3.776,30,53.333,39.216,38.596,8,15,58,138,1,5,0,124
2026-04-19 04:54:10,12.627,LelPop,38.547,8.539,1,15,2,5.072,16,33.333,45.57,32.759,3,8,69,179,5,1,0,124
2026-04-21 00:49:52,13.006,LelPop,37.333,10.001,4,24,0,3.893,30,31.818,44.286,30.556,8,8,56,150,2,4,0,124
2026-04-22 06:15:10,12.827,LelPop,35.043,8.049,1,18,0,4.537,13,45.714,36,21.875,3,6,41,117,2,3,0,124
2026-04-23 05:08:06,12.729,LelPop,38.462,9.319,4,25,2,3.76,28,46.154,43.396,29.412,7,19,50,130,3,2,0,124
2026-04-24 04:52:40,12.834,LelPop,44.444,13.122,12,28,1,3.368,41,47.5,50,32.558,16,15,68,153,4,1,1,124
2026-04-25 06:26:43,13.124,LelPop,43.704,10.611,4,12,0,4.712,17,48.276,50,26.471,8,7,59,135,3,2,1,124
2026-04-26 04:32:57,13.231,LelPop,40.972,8.275,3,18,0,5.085,12,50,40.351,34.043,5,6,59,144,0,6,0,124
2026-04-27 05:23:52,12.662,LelPop,36.719,8.736,9,35,0,3.553,24,50,36.364,30,11,9,47,128,2,4,0,124
2026-04-28 05:07:35,12.492,LelPop,45.714,13.509,8,20,0,3.344,37,48,47.826,41.304,14,18,64,140,3,3,0,124
2026-05-01 04:08:42,12.484,LelPop,32.759,7.189,9,31,0,3.684,16,42.857,30.909,30,12,4,38,116,5,1,0,124
2026-06-06 04:57:28,12.844,LelPop,47.134,10.077,3,15,1,5.081,16,51.111,47.143,42.857,5,9,74,157,3,2,1,124
2026-06-07 04:19:09,12.944,LelPop,42.5,8.728,4,16,0,4.745,18,41.379,48.98,35.714,6,5,51,120,3,2,0,124
2026-06-10 21:20:02,13.136,LelPop,46.341,9.296,5,24,0,4.526,19,60.714,43.86,39.474,6,12,57,123,3,2,0,124
2026-06-13 04:37:13,13.238,LelPop,50.0,11.613,2,6,0,4.768,19,46.875,55.882,42.105,9,3,69,138,3,2,0,124
2026-06-15 06:22:37,13.338,LelPop,47.287,11.098,16,32,0,2.787,43,50,54.545,33.333,19,21,61,129,3,3,0,124
2026-06-16 00:10:57,13.326,LelPop,38.211,9.388,9,39,0,3.511,26,54.545,41.463,24.49,12,12,47,123,2,3,0,124
2026-06-19 21:13:50,13.239,LelPop,40.426,10.991,1,12,0,3.816,18,48.148,43.59,28.571,5,9,38,94,3,2,0,124
2026-06-22 00:04:06,13.336,LelPop,41.985,10.616,7,19,2,4.727,16,48.571,43.636,34.146,9,7,55,131,2,3,0,124
2026-06-29 03:00:46,13.245,LelPop,49.275,11.471,4,13,0,4.235,24,51.22,45,54.054,11,3,68,138,2,4,0,124
2026-06-30 05:07:25,13.029,LelPop,40.437,7.827,2,12,3,5.324,13,50,42.045,32.203,5,3,74,183,2,3,1,124
2026-07-04 04:26:07,12.927,LelPop,45.588,10.53,8,17,0,4.355,26,41.86,55.357,35.135,9,14,62,136,6,0,0,124
2026-05-17 07:27:17,9.0,paperyoshi10,27.941,6.294,6,46,0,3.763,20,67.742,16.949,15.217,9,9,38,136,2,2,1,125
2026-01-01 10:11:46,9.051,apurplenose,33.333,5.339,2,26,0,4.684,8,40,28.846,34.375,5,3,38,114,1,4,0,128
2026-01-02 13:57:28,8.727,apurplenose,31.858,4.848,0,23,2,5.111,8,46.154,30.189,23.529,0,3,36,113,2,3,0,128
2026-01-06 14:13:54,8.63,apurplenose,36.129,6.614,0,28,0,4.911,15,33.333,42.857,26.667,3,1,56,155,5,1,0,128
2026-01-14 17:31:59,9.038,apurplenose,34.884,8.787,6,26,1,3.844,20,55.556,28.571,30.769,8,6,45,129,2,3,0,128
2026-01-15 18:44:32,8.937,apurplenose,33.758,6.307,1,22,0,4.434,15,42.105,25,40.426,1,10,53,157,2,3,1,128
2026-01-16 18:32:49,8.831,apurplenose,29.091,4.497,0,28,0,4.656,9,22.727,31.111,30.233,1,4,32,110,1,4,0,128
2026-01-17 10:53:12,8.529,apurplenose,32.867,7.53,2,18,1,4.702,14,28.571,38.356,25.714,4,5,47,143,2,3,1,128
2026-01-18 10:29:54,8.434,apurplenose,32.203,7.152,2,15,0,4.263,15,29.63,32.203,34.375,3,8,38,118,3,2,0,128
2026-01-19 13:49:48,8.524,apurplenose,33.333,6.187,4,39,1,4.604,15,35.294,31.507,35.135,8,6,48,144,5,1,0,128
2026-01-22 14:29:28,8.926,apurplenose,33.108,6.108,4,46,0,4.327,19,43.182,25,34.091,9,7,49,148,3,2,1,128
2026-01-24 11:00:37,9.021,apurplenose,34.746,8.009,3,15,0,4.22,15,42.308,32.075,33.333,6,5,41,118,0,6,0,128
2026-01-25 07:18:08,8.436,apurplenose,36.364,6.716,0,4,0,5.045,8,40,30.159,45.455,2,3,44,121,3,3,0,128
2026-01-25 09:22:33,8.424,apurplenose,35.0,5.642,1,28,3,5.089,14,52.5,32.099,23.077,6,2,56,160,3,3,0,128
2026-01-29 16:37:47,8.415,apurplenose,28.302,5.902,3,27,1,4.1,14,34.483,20,37.037,5,5,30,106,4,1,0,128
2026-01-30 19:32:32,8.725,apurplenose,34.711,5.433,1,18,1,4.881,11,32,32.787,40,2,7,42,121,2,4,0,128
2026-01-31 08:22:55,8.519,apurplenose,38.889,5.779,0,17,0,5.367,9,44.444,38.182,36.364,2,6,49,126,1,3,1,128
2026-01-31 16:22:08,8.315,apurplenose,33.735,6.45,4,45,1,4.286,23,29.73,37.333,31.481,9,3,56,166,3,3,0,128
2026-02-05 15:04:09,8.318,apurplenose,40.881,6.925,0,19,0,5.077,16,37.143,46.774,37.097,4,12,65,159,3,3,0,128
2026-02-07 10:29:10,8.327,apurplenose,29.508,5.779,2,27,0,4.306,13,34.615,29.31,26.316,7,3,36,122,3,3,0,128
2026-02-10 18:27:03,8.314,apurplenose,37.58,6.447,3,30,1,4.661,18,46.809,33.846,33.333,6,9,59,157,4,2,0,128
2026-02-20 14:01:01,8.502,apurplenose,33.803,5.397,1,28,0,5.229,10,37.5,33.784,30.556,1,5,48,142,0,5,1,128
2026-02-22 07:42:23,8.034,apurplenose,28.03,5.329,1,14,4,4.892,11,15.152,26.667,41.026,2,1,37,132,4,2,0,128
2026-02-22 17:23:05,8.211,apurplenose,36.943,8.51,4,27,0,4.241,22,40.741,37.209,34.091,8,2,58,157,4,2,0,128
2026-03-01 17:42:33,8.394,apurplenose,34.821,6.071,5,20,0,4.821,10,43.333,26.316,44,5,3,39,112,3,2,0,128
2026-03-02 06:44:58,8.466,apurplenose,36.697,6.001,0,13,2,4.95,13,46.429,36.364,26.923,4,0,40,109,5,1,0,128
2026-03-02 19:23:01,8.838,apurplenose,31.148,6.278,3,32,0,4.5,13,34.783,33.333,24.242,5,5,38,122,1,5,0,128
2026-03-04 14:45:10,8.474,apurplenose,33.784,6.293,0,29,0,4.56,17,33.333,31.818,36.957,7,8,50,148,2,3,1,128
2026-03-06 10:48:41,8.403,apurplenose,30.464,3.883,3,47,1,5.043,12,25,26.786,38.182,6,5,46,151,3,3,0,128
2026-03-07 13:52:35,8.409,apurplenose,41.071,5.969,2,22,0,5.348,11,48.485,38,37.931,5,1,46,112,1,3,1,128
2026-03-09 14:33:55,8.218,apurplenose,29.078,5.859,2,23,1,4.976,9,20.588,35.821,25,5,4,41,141,1,5,0,128
2026-03-09 19:09:10,7.843,apurplenose,34.437,6.301,4,27,1,4.635,16,38.462,31.343,35.556,8,6,52,151,5,1,0,128
2026-03-10 10:21:36,8.218,apurplenose,32.051,5.214,1,29,1,5.12,15,44.118,24.658,34.694,2,7,50,156,3,3,0,128
2026-03-10 19:04:37,8.227,apurplenose,41.221,10.862,3,16,0,4.204,21,37.931,36.667,50,13,8,54,131,4,2,0,128
2026-03-11 10:35:17,8.411,apurplenose,38.462,5.501,2,18,0,5.291,8,45.455,28.814,45.098,3,5,55,143,4,2,0,128
2026-03-16 10:28:16,8.595,apurplenose,40.588,7.333,6,27,1,5.188,13,53.571,34.848,33.333,6,3,69,170,1,4,1,128
2026-03-16 13:43:54,8.309,apurplenose,29.808,6.935,4,19,0,3.968,15,28,26.667,35.294,5,11,31,104,4,2,0,128
2026-03-16 16:08:49,8.499,apurplenose,35.211,7.649,8,36,0,4.02,20,41.667,30,36.957,9,5,50,142,3,3,0,128
2026-03-16 19:05:41,8.491,apurplenose,35.659,6.938,2,21,1,4.717,14,51.351,31.481,26.316,5,3,46,129,5,1,0,128
2026-03-17 10:03:05,8.862,apurplenose,33.793,6.988,4,37,0,4.49,19,34.783,35.593,30,10,8,49,145,3,2,1,128
2026-03-18 14:41:23,8.947,apurplenose,31.298,6.558,4,19,0,5.049,12,40,18.644,42.857,5,5,41,131,1,5,0,128
2026-03-19 11:00:41,8.58,apurplenose,30.986,4.89,2,41,1,4.636,13,37.931,30.986,26.19,4,6,44,142,1,4,1,128
2026-03-19 14:23:48,8.318,apurplenose,39.759,7.006,4,44,1,4.424,27,45.238,38.961,36.17,13,9,66,166,5,1,0,128
2026-03-19 19:00:40,8.711,apurplenose,31.081,5.368,0,22,1,4.761,11,46.875,30.556,20.455,2,4,46,148,1,5,0,128
2026-03-20 19:13:56,8.351,apurplenose,37.086,8.056,3,25,0,4.714,16,40.476,35.484,36.17,7,5,56,151,3,3,0,128
2026-03-21 14:05:45,8.34,apurplenose,30.263,5.019,1,30,0,5.0,8,21.622,35.897,27.027,5,2,46,152,2,3,0,128
2026-03-23 04:20:46,8.252,apurplenose,39.86,7.883,1,16,0,4.649,14,44.737,36.232,41.667,4,5,57,143,6,0,0,128
2026-03-23 19:15:16,8.79,apurplenose,44.068,9.249,3,14,0,4.346,18,51.515,47.059,32.353,6,6,52,118,1,4,0,128
2026-03-24 10:46:54,8.509,apurplenose,39.583,7.159,2,30,1,4.667,18,45,42.857,31.25,8,6,57,144,5,1,0,128
2026-03-24 13:55:04,8.866,apurplenose,33.333,6.963,6,47,0,3.816,26,32.558,33.333,34.211,7,15,49,147,4,2,0,128
2026-03-25 10:07:16,9.059,apurplenose,40.441,7.828,2,19,0,4.6,16,51.163,36.667,33.333,6,3,55,136,4,2,0,128
2026-03-25 13:45:37,9.253,apurplenose,26.389,5.153,3,30,0,5.132,10,34.211,27.869,17.778,5,3,38,144,4,2,0,128
2026-03-26 10:19:38,9.432,apurplenose,36.424,7.334,6,47,1,3.891,27,15,40.506,38.462,13,8,55,151,3,3,0,128
2026-03-26 13:51:53,9.427,apurplenose,35.862,6.297,0,14,2,5.096,11,21.212,39.13,41.86,8,1,52,145,4,2,0,128
2026-03-27 19:09:40,9.601,apurplenose,28.966,6.298,1,28,0,4.714,14,31.579,21.875,37.209,6,6,42,145,2,4,0,128
2026-03-28 09:47:58,9.409,apurplenose,34.906,8.135,1,17,0,4.216,16,47.826,38.636,23.077,5,1,37,106,3,2,1,128
2026-03-28 15:30:09,9.51,apurplenose,48.611,10.175,8,21,0,4.571,20,51.282,47.826,47.222,15,2,70,144,3,3,0,128
2026-03-30 09:40:19,9.512,apurplenose,34.375,6.666,3,15,1,5.136,7,48.485,36,22.222,5,3,44,128,2,4,0,128
2026-03-30 13:56:39,9.369,apurplenose,31.757,4.145,2,40,0,5.468,8,42.222,27.869,26.19,3,3,47,148,1,4,1,128
2026-03-31 10:11:52,9.105,apurplenose,36.842,7.126,1,22,2,5.184,14,37.5,42.857,26.316,2,9,49,133,1,5,0,128
2026-04-01 14:00:26,8.754,apurplenose,32.609,7.489,2,25,0,4.978,12,44.444,29.508,30,6,3,45,138,5,1,0,128
2026-04-02 13:54:01,9.114,apurplenose,36.8,7.946,2,23,0,4.761,13,47.619,36.508,31.707,8,4,46,125,3,3,0,128
2026-04-02 18:30:27,9.127,apurplenose,40.541,9.317,3,17,0,4.267,15,54.167,44.898,26.316,6,5,45,111,1,4,0,128
2026-04-03 06:41:19,8.902,apurplenose,34.81,6.36,0,26,1,5.364,13,47.059,30.263,33.333,5,5,55,158,5,1,0,128
2026-04-03 13:50:59,9.266,apurplenose,31.818,6.718,4,45,0,4.571,16,31.707,33.824,28.889,6,4,49,154,3,3,0,128
2026-04-04 10:52:22,9.263,apurplenose,31.788,6.739,0,26,0,4.625,13,41.935,30.556,27.083,2,3,48,151,4,2,0,128
2026-04-05 07:51:40,9.437,apurplenose,30.986,6.194,2,10,0,4.955,6,32.258,29.577,32.5,2,2,44,142,6,0,0,128
2026-04-05 17:46:11,9.976,apurplenose,37.037,7.185,1,25,0,4.783,17,30,43.548,36,2,10,60,162,3,2,0,128
2026-04-06 18:07:46,10.069,apurplenose,34.211,7.681,6,25,0,4.654,15,33.333,34.286,34.615,6,2,52,152,3,3,0,128
2026-04-09 07:20:05,10.067,apurplenose,32.258,7.173,5,24,0,4.15,18,44.444,30.357,30,6,10,40,124,5,1,0,128
2026-04-09 18:12:32,10.428,apurplenose,40.196,8.961,3,21,0,4.439,14,56,38.298,30,5,7,41,102,1,3,1,128
2026-04-10 07:34:26,10.261,apurplenose,25.658,4.398,0,36,0,4.923,10,35.556,22.581,20,3,5,39,152,0,5,0,128
2026-04-11 13:56:22,9.815,apurplenose,32.624,6.957,1,19,1,4.804,12,28.947,40.323,24.39,3,3,46,141,2,4,0,128
2026-04-12 10:13:20,9.653,apurplenose,29.508,6.917,2,19,0,4.639,13,31.034,25.862,34.286,4,4,36,122,2,3,0,128
2026-04-14 05:05:01,9.557,apurplenose,35.2,7.271,2,20,0,4.682,14,37.838,40.984,18.519,3,8,44,125,4,1,0,128
2026-04-14 07:36:39,9.82,apurplenose,43.137,7.809,3,18,1,4.939,15,44.186,41.429,45,6,7,66,153,2,4,0,128
2026-04-14 18:31:24,9.557,apurplenose,37.324,7.909,4,18,0,4.547,13,43.75,36.111,34.211,9,4,53,142,2,4,0,128
2026-04-15 10:03:16,9.438,apurplenose,36.957,5.66,0,27,0,5.373,11,50,36.667,30,3,10,51,138,2,4,0,128
2026-04-23 15:00:23,9.257,apurplenose,35.294,5.862,1,28,1,4.958,9,37.037,32,41.176,3,3,48,136,3,3,0,128
2026-04-24 14:02:24,9.27,apurplenose,30.147,6.515,1,38,0,4.146,19,35.714,27.143,31.579,4,11,41,136,2,3,0,128
2026-04-25 09:12:57,9.183,apurplenose,31.544,6.777,1,28,0,4.213,15,32.353,33.333,28.261,3,10,47,149,2,4,0,128
2026-04-29 13:52:18,9.0,apurplenose,31.915,6.631,1,24,0,4.489,12,45.161,27.941,28.571,3,8,45,141,2,4,0,128
2026-04-29 18:16:04,8.82,apurplenose,33.562,6.412,4,33,0,4.102,23,35.897,37.5,22.857,7,14,49,146,3,3,0,128
2026-05-02 09:39:52,8.81,apurplenose,28.788,6.014,2,22,0,4.842,11,22.222,31.429,28.571,4,5,38,132,1,5,0,128
2026-05-03 13:50:06,8.461,apurplenose,29.032,7.761,3,11,0,3.815,14,26.087,27.907,33.333,5,9,27,93,2,3,0,128
2026-05-04 18:44:00,8.382,apurplenose,42.188,8.059,3,27,0,4.593,18,34.783,41.935,46.512,7,5,54,128,2,2,1,128
2026-05-05 14:09:04,8.382,apurplenose,37.209,6.61,4,41,0,4.922,17,43.75,33.333,36.957,6,8,64,172,2,2,1,128
2026-05-05 18:37:55,8.378,apurplenose,44.86,8.956,4,17,0,4.104,20,51.613,45.833,35.714,6,11,48,107,1,5,0,128
2026-05-06 18:46:33,8.022,apurplenose,34.307,6.594,4,25,0,4.468,16,41.026,36.842,24.39,5,2,47,137,3,3,0,128
2026-05-07 14:18:37,8.009,apurplenose,38.012,6.972,2,36,1,4.708,21,50,37.143,28.302,8,8,65,171,3,1,2,128
2026-05-08 18:02:51,8.196,apurplenose,40.0,6.189,1,15,0,4.92,12,55.556,32.203,41.026,3,6,50,125,1,4,0,128
2026-05-09 10:11:56,7.93,apurplenose,42.424,9.816,8,34,5,5.06,18,54.167,37.349,40.299,13,2,84,198,2,2,2,128
2026-05-11 14:04:11,7.75,apurplenose,39.855,7.991,2,15,1,4.818,13,46.667,36.923,39.535,8,2,55,138,3,3,0,128
2026-05-11 18:11:15,7.734,apurplenose,35.577,6.568,3,11,0,4.811,6,33.333,32.692,41.176,3,2,37,104,4,2,0,128
2026-05-12 14:05:09,7.903,apurplenose,35.976,6.994,3,41,0,4.136,26,38.71,34.091,37.778,7,11,59,164,4,2,0,128
2026-05-12 18:15:50,8.089,apurplenose,43.704,8.711,3,29,0,4.305,20,50,39.344,44.444,6,5,59,135,3,1,1,128
2026-05-13 13:44:45,8.271,apurplenose,34.188,6.308,3,11,0,5.125,8,46.154,34.694,26.19,4,2,40,117,4,2,0,128
2026-05-13 16:03:02,8.444,apurplenose,36.567,7.839,3,27,1,4.531,16,42.857,40.58,24.324,5,8,49,134,0,5,1,128
2026-05-14 14:18:15,7.996,apurplenose,34.043,5.424,2,31,0,5.146,8,32.258,38.889,26.316,7,1,48,141,5,1,0,128
2026-05-16 04:37:10,8.357,apurplenose,42.105,6.708,2,25,2,5.071,15,51.515,42.424,32.353,4,4,56,133,3,2,0,128
2026-05-16 10:16:26,8.53,apurplenose,35.772,6.641,2,11,0,5.023,9,37.037,37.5,31.25,4,4,44,123,1,4,0,128
2026-05-17 09:37:26,8.023,apurplenose,42.105,8.325,0,10,0,4.542,15,44.444,41.071,41.935,1,5,48,114,4,2,0,128
2026-05-18 15:08:53,8.199,apurplenose,37.5,7.579,2,24,0,4.526,19,45.714,39.474,26.829,9,3,57,152,5,1,0,128
2026-05-19 14:12:22,8.529,apurplenose,27.143,5.436,1,35,1,4.474,13,20,35.714,22.727,6,4,38,140,4,1,1,128
2026-05-20 14:25:13,8.791,apurplenose,40.152,7.878,5,30,1,4.321,17,35.484,35.185,48.936,8,10,53,132,3,2,0,128
2026-05-20 18:28:10,8.888,apurplenose,30.645,6.403,4,21,0,4.658,12,35.135,28,29.73,8,1,38,124,3,3,0,128
2026-05-22 14:23:24,8.89,apurplenose,36.364,8.14,2,13,0,4.271,18,34.375,29.231,51.429,9,2,48,132,3,2,1,128
2026-05-26 18:30:52,8.965,apurplenose,36.111,6.76,1,17,2,4.692,15,43.478,32.258,33.333,4,8,52,144,2,3,1,128
2026-05-27 14:37:10,8.883,apurplenose,30.286,5.074,0,43,1,4.925,17,47.368,23.684,27.869,2,8,53,175,2,3,1,128
2026-05-28 13:55:32,8.802,apurplenose,26.95,4.968,3,41,0,3.947,19,31.707,32.203,14.634,6,8,38,141,3,3,0,128
2026-05-28 18:22:53,8.799,apurplenose,37.838,8.555,3,16,1,3.857,19,34.783,36.538,41.667,6,6,42,111,5,1,0,128
2026-05-29 18:24:54,9.137,apurplenose,40.136,9.202,2,24,2,4.119,22,42.424,41.791,36.17,6,14,59,147,3,3,0,128
2026-05-30 09:01:45,9.146,apurplenose,27.778,5.373,4,31,2,5.225,8,36.364,21.429,31.707,7,1,40,144,3,3,0,128
2026-06-01 18:21:54,9.142,apurplenose,36.686,7.579,3,36,2,4.581,25,35.897,35.714,39.13,7,11,62,169,1,3,2,128
2026-06-02 14:21:12,8.958,apurplenose,34.328,7.897,1,11,0,4.783,13,32,35.593,34,5,5,46,134,4,2,0,128
2026-06-03 14:14:56,9.142,apurplenose,32.8,5.63,3,30,0,4.439,15,35.135,36.957,26.19,7,7,41,125,2,4,0,128
2026-06-03 18:55:58,8.946,apurplenose,34.921,7.254,4,21,1,4.659,15,33.333,34.921,35.897,8,4,44,126,3,3,0,128
2026-06-04 18:25:20,8.954,apurplenose,36.735,7.591,3,22,0,4.519,19,46.154,37.879,26.19,7,6,54,147,3,3,0,128
2026-06-05 17:50:16,8.962,apurplenose,43.0,7.684,2,21,0,4.558,15,60.87,34.146,41.667,6,7,43,100,1,4,0,128
2026-06-07 08:09:22,8.439,apurplenose,41.436,7.575,0,23,1,5.133,13,47.5,39.773,39.623,3,8,75,181,3,2,1,128
2026-06-07 18:18:38,8.541,apurplenose,34.752,5.811,0,25,0,5.061,14,40,30.769,36.585,4,4,49,141,5,0,1,128
2026-06-09 18:18:54,9.0,apurplenose,36.765,7.24,2,18,0,4.6,16,35.294,36.364,38.889,8,5,50,136,2,4,0,128
2026-06-10 18:04:55,8.831,apurplenose,30.0,6.405,2,15,0,4.433,7,30.435,29.167,31.034,5,1,30,100,5,0,0,128
2026-06-11 18:19:17,9.268,apurplenose,33.0,6.144,2,13,0,4.424,9,44.444,30.357,30.769,5,1,33,100,4,1,0,128
2026-06-12 18:27:27,9.533,apurplenose,35.616,9.7,5,17,0,4.519,18,30.556,35.938,39.13,11,6,52,146,2,4,0,128
2026-06-13 07:12:37,9.36,apurplenose,35.762,5.442,0,11,1,5.463,7,43.182,37.5,25.581,1,4,54,151,5,0,0,128
2026-06-13 18:45:41,9.813,apurplenose,39.735,7.174,1,26,0,4.417,21,43.75,38.806,38.462,5,10,60,151,1,4,1,128
2026-06-14 06:19:48,9.538,apurplenose,35.185,8.266,1,12,0,4.289,13,40.741,34.091,32.432,9,3,38,108,5,1,0,128
2026-06-14 14:19:33,9.892,apurplenose,44.578,10.653,6,25,0,4.77,23,51.163,38.462,48.889,11,5,74,166,4,2,0,128
2026-06-17 23:35:10,10.054,apurplenose,35.0,6.987,2,18,1,4.381,14,36,38.462,30.233,4,6,42,120,1,3,1,128
2026-06-18 14:24:55,9.966,apurplenose,41.86,9.82,5,25,0,4.037,25,40.741,47.458,34.884,12,3,54,129,5,0,0,128
2026-06-19 05:24:35,10.413,apurplenose,41.346,9.979,4,24,0,3.279,30,50,42.222,35.897,11,9,43,104,4,2,0,128
2026-06-20 18:11:36,10.589,apurplenose,36.25,5.774,0,32,0,5.19,13,32.258,38.028,36.207,3,7,58,160,2,3,1,128
2026-06-21 22:16:46,10.496,apurplenose,36.066,8.0,2,16,0,4.432,14,45.833,32.203,35.897,2,10,44,122,3,2,0,128
2026-06-22 21:35:21,10.588,apurplenose,37.297,8.229,2,43,1,4.348,26,39.024,40.909,30.357,9,12,69,185,2,2,2,128
2026-06-25 14:15:46,10.678,apurplenose,31.293,5.561,1,26,1,5.0,9,17.143,34.247,38.462,2,6,46,147,1,5,0,128
2026-06-25 17:15:02,10.592,apurplenose,29.787,4.392,1,21,0,5.071,5,50,22.727,15,3,3,28,94,3,2,0,128
2026-06-29 18:09:56,10.34,apurplenose,32.258,7.14,2,23,0,4.3,13,44,28.07,30.952,6,8,40,124,4,2,0,128
2026-07-01 14:17:09,10.529,apurplenose,26.667,4.339,1,13,0,4.625,4,46.667,25,14.286,2,1,16,60,1,5,0,128
2026-07-01 14:36:06,10.529,apurplenose,31.387,5.965,4,26,0,4.372,15,36.842,29.31,29.268,8,4,43,137,1,5,0,128
2026-07-02 13:52:04,10.184,apurplenose,39.37,8.367,5,32,0,4.48,18,47.059,41.509,30,7,7,50,127,4,1,0,128
2026-07-02 18:34:06,10.184,apurplenose,37.821,7.654,3,22,1,4.932,14,55.556,30.986,34.694,4,5,59,156,3,2,1,128
2026-07-04 14:18:33,10.528,apurplenose,37.226,8.661,2,15,1,4.51,18,42.105,39.623,30.435,6,6,51,137,3,3,0,128
2026-07-05 09:14:33,10.513,apurplenose,38.583,7.253,2,24,0,4.633,13,40,44.643,29.268,8,1,49,127,3,3,0,128
2026-07-05 14:02:38,10.518,apurplenose,37.324,8.508,3,25,0,4.377,21,41.935,37.143,34.146,6,11,53,142,3,3,0,128
2026-01-01 10:11:46,12.364,peeku,42.982,9.475,5,26,0,4.102,20,50,48.077,28.125,7,9,49,114,1,4,0,129
2026-01-01 22:39:32,12.09,peeku,43.836,10.328,4,9,0,3.812,16,55,37.143,44.444,4,12,32,73,0,5,0,129
2026-01-04 06:10:39,11.604,peeku,43.293,11.211,7,43,1,3.62,37,41.176,40.476,50,16,16,71,164,2,4,0,129
2026-01-05 07:23:46,11.368,peeku,47.552,9.46,11,48,0,3.544,41,63.636,40.909,45.455,17,16,68,143,3,3,0,129
2026-01-07 01:49:38,11.368,peeku,37.267,8.6,7,37,0,3.85,27,55.556,28.571,32.075,10,16,60,161,1,5,0,129
2026-01-16 08:28:15,10.957,peeku,37.195,8.066,2,21,1,4.656,17,52.381,33.333,30.357,4,11,61,164,2,4,0,129
2026-01-17 00:37:47,10.761,peeku,47.619,9.546,4,28,1,3.943,31,64.103,47.059,32.5,9,15,70,147,3,3,0,129
2026-01-17 10:53:12,10.736,peeku,35.664,6.821,2,18,0,5.059,11,48.571,32.877,28.571,5,2,51,143,2,3,1,129
2026-01-19 07:43:44,10.646,peeku,40.26,8.171,1,24,2,4.258,27,44.444,37.5,43.59,4,13,62,154,1,5,0,129
2026-01-22 09:18:28,10.275,peeku,36.025,8.135,6,42,0,4.397,20,48.649,34.211,29.167,9,8,58,161,2,4,0,129
2026-01-22 22:13:39,10.076,peeku,43.411,9.658,5,31,0,3.929,25,40,40,52.941,7,15,56,129,3,1,1,129
2026-01-24 06:26:17,10.271,peeku,48.667,10.123,5,25,0,4.342,27,66.667,47.222,41.176,12,3,73,150,2,3,1,129
2026-01-26 19:25:39,10.178,peeku,36.082,8.863,4,14,0,4.257,12,50,32.653,33.333,6,5,35,97,2,3,0,129
2026-01-29 13:10:54,10.077,peeku,41.221,8.711,2,24,0,4.463,22,72,38.462,26.829,5,12,54,131,3,3,0,129
2026-01-31 08:22:55,10.113,peeku,44.444,12.233,5,14,0,4.107,18,57.576,38.182,42.105,8,2,56,126,1,3,1,129
2026-02-01 10:15:38,9.926,peeku,43.75,11.149,9,29,1,3.304,33,58.621,39.394,39.394,13,14,56,128,3,3,0,129
2026-02-03 20:22:50,9.926,peeku,41.406,9.937,4,21,0,3.906,24,55.556,31.746,47.368,6,15,53,128,1,5,0,129
2026-02-07 10:29:10,9.55,peeku,43.443,11.072,7,27,0,3.755,24,53.846,39.655,42.105,11,8,53,122,3,3,0,129
2026-02-08 19:05:51,9.538,peeku,38.806,8.112,6,30,0,4.231,23,58.065,40,21.053,10,3,52,134,4,2,0,129
2026-02-17 09:16:51,9.722,peeku,41.176,9.341,5,34,0,4.397,22,57.895,38.961,28.947,7,13,63,153,2,4,0,129
2026-02-20 05:26:49,9.552,peeku,43.939,10.193,2,9,0,4.362,20,48.571,46.774,34.286,7,7,58,132,3,3,0,129
2026-02-25 11:19:38,9.544,peeku,44.681,9.758,2,23,0,4.032,25,64.516,42.466,32.432,8,8,63,141,3,3,0,129
2026-02-27 06:33:50,9.527,peeku,42.537,10.047,3,14,0,4.491,21,40,44.828,41.667,8,10,57,134,1,4,1,129
2026-02-28 11:06:18,9.256,peeku,45.349,9.355,2,33,0,4.782,24,55.263,47.5,35.185,7,15,78,172,5,0,1,129
2026-03-08 10:05:52,9.711,peeku,39.041,8.668,3,30,0,4.579,18,42.857,41.096,33.333,7,7,57,146,2,3,1,129
2026-03-09 05:38:02,9.634,peeku,45.161,7.61,1,17,0,5.529,15,57.5,43.284,37.5,2,6,70,155,2,4,0,129
2026-03-10 10:21:36,9.447,peeku,42.029,9.276,3,26,0,4.293,22,54.839,39.13,36.842,8,6,58,138,4,1,1,129
2026-03-15 00:14:27,9.676,peeku,37.324,6.773,1,14,1,4.811,17,58.333,32.353,26.316,3,8,53,142,3,2,0,129
2026-03-15 10:12:57,9.842,peeku,46.835,10.575,5,27,0,4.5,25,51.515,47.297,43.137,11,9,74,158,4,2,0,129
2026-03-17 10:03:05,10.023,peeku,40.69,9.328,5,37,0,4.203,26,50,32.203,42.5,13,9,59,145,3,2,1,129
2026-03-24 10:46:54,10.108,peeku,38.182,8.702,3,48,0,4.143,31,38.462,40.964,32.558,9,14,63,165,3,2,1,129
2026-03-29 10:08:23,10.204,peeku,42.038,9.624,1,21,0,4.773,16,45,46.032,35.185,5,7,66,157,2,4,0,129
2026-03-31 10:11:52,10.022,peeku,44.828,8.727,0,11,0,4.831,15,52.778,46.032,36.957,6,2,65,145,5,1,0,129
2026-04-03 06:41:19,10.392,peeku,44.882,10.642,2,12,0,4.667,19,62.857,35.088,42.857,6,7,57,127,3,3,0,129
2026-04-05 07:51:40,10.382,peeku,40.0,11.038,0,13,0,4.283,25,56.818,30.303,37.5,2,13,60,150,2,4,0,129
2026-04-09 00:14:04,10.201,peeku,44.578,9.615,1,16,0,4.527,27,45.946,47.561,38.298,6,8,74,166,5,1,0,129
2026-04-10 07:34:26,10.562,peeku,44.928,9.934,2,16,0,4.323,19,52.83,47.059,29.412,9,3,62,138,2,3,0,129
2026-04-11 07:24:55,10.47,peeku,40.146,8.759,3,13,0,4.855,11,36.364,42.647,38.889,7,3,55,137,3,3,0,129
2026-04-12 10:13:20,10.462,peeku,39.45,9.625,1,12,0,4.465,15,50,31.579,45.833,3,10,43,109,2,3,0,129
2026-04-14 07:36:39,10.38,peeku,40.288,7.18,2,19,0,4.929,13,51.163,37.288,32.432,4,3,56,139,6,0,0,129
2026-04-22 06:15:10,10.917,peeku,41.667,8.467,0,15,0,4.88,14,54.286,34.783,38.462,5,5,50,120,1,4,0,129
2026-04-23 05:08:06,10.631,peeku,43.81,9.265,3,21,0,3.957,22,55.556,42.308,40,9,10,46,105,4,1,0,129
2026-04-26 04:32:57,10.921,peeku,44.286,9.39,2,13,0,4.952,20,57.143,41.379,38.298,8,5,62,140,4,1,1,129
2026-04-29 09:20:39,11.178,peeku,46.875,10.723,4,16,0,3.711,26,63.333,44.681,26.316,8,12,45,96,4,1,0,129
2026-04-30 07:23:58,11.44,peeku,45.385,8.255,3,20,0,4.542,19,51.724,46.774,38.462,5,9,59,130,1,5,0,129
2026-05-02 09:39:52,11.071,peeku,37.5,6.738,1,18,0,5.021,11,47.222,43.75,22.727,5,4,48,128,3,3,0,129
2026-05-06 18:46:33,11.059,peeku,40.146,8.84,5,25,0,4.2,21,61.538,33.333,29.268,9,10,55,137,3,3,0,129
2026-05-06 21:00:14,11.046,peeku,39.394,8.271,2,18,1,4.75,17,57.143,33.333,32.609,7,6,52,132,4,2,0,129
2026-05-09 10:11:56,11.241,peeku,39.899,6.763,1,34,1,5.43,15,47.917,37.349,37.313,5,5,79,198,2,2,2,129
2026-05-09 21:18:01,11.241,peeku,40.323,11.23,2,15,0,4.14,22,42.857,39.344,40,8,11,50,124,2,4,0,129
2026-05-11 08:22:11,11.058,peeku,41.606,8.441,4,36,0,3.86,31,43.59,48.387,27.778,11,16,57,137,3,3,0,129
2026-05-16 04:37:10,11.054,peeku,33.654,7.652,2,22,0,4.143,14,60.714,24.49,22.222,5,6,35,104,3,2,0,129
2026-05-16 10:16:26,11.215,peeku,29.457,6.26,1,13,0,4.632,10,43.333,21.053,30.952,2,3,38,129,3,3,0,129
2026-05-20 08:34:07,11.21,peeku,42.276,9.238,1,12,0,4.385,23,54.545,45.614,24.242,10,5,52,123,5,1,0,129
2026-05-20 22:26:33,11.566,peeku,42.667,11.125,11,29,0,3.391,37,55.263,44.444,30.612,15,14,64,150,0,6,0,129
2026-05-23 06:57:28,11.044,peeku,40.268,8.631,3,25,0,4.55,22,51.351,47.541,23.529,6,9,60,149,2,3,0,129
2026-05-26 08:23:25,10.948,peeku,39.623,7.101,2,21,0,5.048,15,48.649,40.299,32.727,6,5,63,159,3,2,1,129
2026-05-27 11:00:45,11.027,peeku,39.437,10.512,2,19,0,4.321,19,57.576,36.842,27.273,6,9,56,142,4,2,0,129
2026-05-31 06:42:17,11.027,peeku,45.033,11.452,5,22,0,4.529,23,55.556,39.437,45.455,11,6,68,151,3,3,0,129
2026-06-05 06:23:16,11.206,peeku,42.683,9.207,1,16,0,4.886,18,59.459,38.961,36,9,3,70,164,3,2,1,129
2026-06-06 07:47:40,11.295,peeku,41.667,9.479,2,14,0,4.218,25,53.333,41.791,31.429,6,4,55,132,4,2,0,129
2026-06-10 21:20:02,11.462,peeku,35.625,8.298,4,44,0,4.123,28,55.556,34.568,20.93,6,14,57,160,2,3,0,129
2026-06-15 06:22:37,11.364,peeku,41.584,9.054,9,27,0,2.929,28,33.333,41.509,50,13,16,42,101,3,3,0,129
2026-06-17 16:20:35,11.186,peeku,48.148,12.865,7,27,0,3.938,35,63.333,55.738,27.273,13,9,65,135,5,1,0,129
2026-06-18 07:29:56,11.367,peeku,42.581,9.627,3,15,0,4.667,14,58.065,38.333,39.062,3,12,66,155,2,4,0,129
2026-06-18 22:34:18,11.527,peeku,42.105,9.809,4,16,0,3.812,20,46.875,37.288,47.826,6,14,48,114,4,2,0,129
2026-06-22 00:04:06,11.698,peeku,37.374,8.585,3,10,0,4.838,10,44.444,36.735,34.375,4,3,37,99,4,1,0,129
2026-07-03 21:32:13,11.96,peeku,45.882,9.982,1,21,0,4.282,30,45.946,42.391,53.659,4,19,78,170,3,2,1,129
2026-06-11 04:24:29,4.0,Fuj,17.355,2.284,1,8,1,5.524,2,19.355,16.981,16.216,1,0,21,121,1,4,0,130
2026-06-11 04:24:29,2.0,binesh,10.744,1.459,1,8,0,5.769,1,19.355,5.66,10.811,1,0,13,121,1,4,0,131
2026-01-02 13:57:28,7.215,ChrisLefko,25.0,3.537,1,11,1,5.682,3,40.909,24.444,9.524,3,0,22,88,3,2,0,133
2026-01-03 05:26:37,7.322,ChrisLefko,19.62,3.676,2,52,2,4.774,10,41.935,11.111,18.182,3,4,31,158,3,3,0,133
2026-01-17 10:53:12,7.314,ChrisLefko,23.596,3.911,1,26,0,5.5,9,56.818,11.111,15.094,6,1,42,178,6,0,0,133
2026-01-18 12:22:26,7.978,ChrisLefko,26.471,3.41,1,41,0,5.278,9,52.632,19.697,9.375,5,3,36,136,5,1,0,133
2026-01-22 14:29:28,8.443,ChrisLefko,23.649,3.463,2,46,0,4.943,10,47.727,11.667,15.909,7,3,35,148,3,2,1,133
2026-01-31 16:22:08,8.552,ChrisLefko,19.231,2.925,1,44,0,4.833,10,41.667,13.235,11.538,3,2,30,156,2,4,0,133
2026-02-20 14:01:01,8.342,ChrisLefko,22.535,2.206,0,28,0,5.969,3,34.375,17.568,22.222,0,0,32,142,0,5,1,133
2026-02-22 04:59:06,7.812,ChrisLefko,29.921,6.607,3,21,0,4.184,14,50,21.154,21.622,7,4,38,127,4,2,0,133
2026-02-22 07:42:23,8.023,ChrisLefko,22.857,3.23,0,22,0,5.438,6,48.649,13.235,14.286,2,3,32,140,4,2,0,133
2026-02-28 18:08:03,8.233,ChrisLefko,28.824,4.699,3,60,0,4.245,20,63.636,14.474,20,6,11,49,170,3,3,0,133
2026-03-07 13:52:35,8.247,ChrisLefko,27.559,4.154,2,27,1,5.343,7,54.839,19.298,17.949,3,1,35,127,1,3,1,133
2026-03-16 13:43:54,8.035,ChrisLefko,23.704,2.99,1,46,0,5.094,6,46.154,16.667,20.408,2,3,32,135,3,3,0,133
2026-03-19 11:00:41,8.037,ChrisLefko,24.648,4.185,3,41,0,4.743,12,51.724,19.718,14.286,7,2,35,142,1,4,1,133
2026-03-21 14:05:45,7.741,ChrisLefko,28.058,5.728,1,24,0,4.615,13,78.125,12.308,14.286,4,6,39,139,3,2,0,133
2026-03-24 10:46:54,7.839,ChrisLefko,22.143,3.796,2,33,0,4.871,8,54.545,12.698,11.364,4,2,31,140,1,5,0,133
2026-03-28 09:47:58,7.436,ChrisLefko,21.277,3.75,0,14,0,4.7,4,55,14.286,8,3,1,20,94,2,4,0,133
2026-03-29 10:08:23,7.224,ChrisLefko,25.478,4.662,0,22,1,5.225,7,58.974,12.121,17.308,2,5,40,157,5,1,0,133
2026-04-01 14:00:26,7.621,ChrisLefko,23.622,3.432,0,22,0,5.867,4,51.515,15.094,12.195,2,2,30,127,2,4,0,133
2026-04-03 13:50:59,7.417,ChrisLefko,21.324,3.724,1,38,0,4.966,8,50,12.963,8.696,5,1,29,136,4,2,0,133
2026-04-06 14:24:31,7.611,ChrisLefko,17.544,2.504,0,49,0,5.1,5,46.154,7.5,11.538,1,3,30,171,3,3,0,133
2026-04-11 13:56:22,7.613,ChrisLefko,30.37,5.655,1,13,1,5.098,8,53.659,18.868,21.951,4,2,41,135,4,2,0,133
2026-04-12 04:56:46,7.818,ChrisLefko,25.185,4.657,0,21,2,4.794,12,51.515,21.569,11.765,3,1,34,135,4,2,0,133
2026-04-28 14:08:03,8.006,ChrisLefko,20.492,3.132,1,29,4,5.0,5,36.667,13.725,17.073,2,2,25,122,2,2,1,133
2026-05-01 04:08:42,8.001,ChrisLefko,26.619,4.858,4,38,1,4.0,19,62.162,15.254,11.628,9,4,37,139,4,2,0,133
2026-05-01 14:47:12,8.191,ChrisLefko,17.6,3.192,1,21,0,4.818,8,44.828,10.526,7.692,2,4,22,125,2,4,0,133
2026-05-11 14:04:11,8.004,ChrisLefko,21.711,3.751,2,30,3,5.242,5,56.25,11.842,13.636,2,3,33,152,3,3,0,133
2026-05-13 13:44:45,7.994,ChrisLefko,23.77,3.916,2,13,1,5.517,5,61.29,10.909,11.111,2,2,29,122,1,5,0,133
2026-05-16 04:37:10,7.615,ChrisLefko,32.593,5.053,1,22,1,5.045,11,60.714,29.412,17.949,3,4,44,135,1,3,1,133
2026-05-17 15:14:41,7.253,ChrisLefko,28.571,4.565,0,26,1,5.457,11,59.524,23.611,8.511,1,8,46,161,1,5,0,133
2026-05-28 10:37:26,6.885,ChrisLefko,24.658,3.851,2,41,0,4.694,9,71.875,10.294,13.043,3,3,36,146,2,4,0,133
2026-06-11 14:01:41,6.697,ChrisLefko,27.119,3.799,1,25,1,5.125,5,56,17.857,21.622,3,4,32,118,2,3,0,133
2026-06-13 07:12:37,6.603,ChrisLefko,27.044,4.325,1,16,2,5.744,7,48,15.942,20,2,4,43,159,4,1,0,133
2026-06-16 23:18:25,6.89,ChrisLefko,20.833,4.294,2,24,0,4.56,8,51.852,13.208,10,4,4,25,120,1,3,1,133
2026-06-27 17:17:15,6.707,ChrisLefko,29.921,5.618,2,6,0,4.816,10,52.632,14.894,26.19,2,4,38,127,2,4,0,133
2026-07-04 04:26:07,6.521,ChrisLefko,24.615,2.855,0,9,1,5.344,5,62.162,9.434,10,1,1,32,130,1,5,0,133
2026-07-05 09:14:33,6.166,ChrisLefko,29.677,5.599,1,22,1,4.674,15,68.421,16.901,17.391,4,9,46,155,3,3,0,133
2026-01-02 08:00:50,6.044,Jakemonkey,26.415,5.765,2,5,1,4.357,10,42.857,14.815,35.484,4,3,28,106,1,3,1,134
2026-01-05 07:23:46,5.844,Jakemonkey,28.358,4.508,5,52,0,4.184,15,37.143,25,25.641,6,8,38,134,3,3,0,134
2026-01-06 05:29:39,5.826,Jakemonkey,24.324,4.679,1,27,0,4.778,13,40,25,9.756,1,7,36,148,3,3,0,134
2026-01-07 01:49:38,5.835,Jakemonkey,28.662,4.294,0,35,0,4.667,13,38,25,23.256,5,3,45,157,3,3,0,134
2026-01-11 02:20:53,5.85,Jakemonkey,24.503,2.471,0,29,0,5.676,6,35,25.758,13.333,2,3,37,151,3,3,0,134
2026-01-14 05:49:52,5.758,Jakemonkey,25.0,2.857,0,30,1,5.73,3,36.364,25.352,15.909,0,3,37,148,1,5,0,134
2026-01-18 05:07:20,5.36,Jakemonkey,23.14,3.309,2,28,0,4.786,9,41.379,21.053,11.429,3,2,28,121,3,2,0,134
2026-01-18 12:22:26,5.466,Jakemonkey,25.735,5.119,5,41,2,4.657,13,39.474,18.182,25,10,3,35,136,5,1,0,134
2026-01-31 08:22:55,5.877,Jakemonkey,33.333,4.503,1,17,2,5.571,6,48.148,30.909,27.273,1,0,42,126,1,3,1,134
2026-02-02 09:29:42,5.671,Jakemonkey,33.136,5.488,5,41,1,4.571,18,50,28.571,23.913,7,8,56,169,1,3,2,134
2026-02-04 12:07:51,5.473,Jakemonkey,22.667,4.017,2,31,2,4.794,10,31.25,20.896,19.608,2,3,34,150,2,4,0,134
2026-02-04 13:43:18,5.296,Jakemonkey,26.23,4.537,0,16,0,4.531,10,36,27.941,13.793,5,2,32,122,3,3,0,134
2026-02-08 11:33:44,5.3,Jakemonkey,26.619,3.97,2,29,4,4.811,11,32,25.862,19.355,6,1,37,139,2,4,0,134
2026-02-09 18:53:08,5.12,Jakemonkey,26.613,4.474,2,18,0,5.212,11,42.308,24.528,20,6,3,33,124,4,1,0,134
2026-02-13 00:43:49,5.4,Jakemonkey,15.823,2.997,2,52,1,4.44,10,35.294,8,14.286,5,0,25,158,0,5,1,134
2026-02-25 09:17:06,4.935,Jakemonkey,30.37,5.886,2,17,0,4.878,14,51.613,22.535,27.273,4,6,41,135,2,4,0,134
2026-02-27 06:33:50,4.744,Jakemonkey,28.205,5.76,1,13,0,4.758,10,45.161,26,16.667,6,2,33,117,5,1,0,134
2026-02-28 11:06:18,5.107,Jakemonkey,30.12,6.093,3,28,1,4.98,11,48.485,31.081,18.644,6,3,50,166,3,3,0,134
2026-03-01 07:10:28,5.107,Jakemonkey,27.778,4.418,2,24,3,5.289,9,43.59,23.077,22.414,3,3,45,162,3,2,1,134
2026-03-03 09:00:41,5.201,Jakemonkey,27.044,5.818,6,29,1,4.674,13,41.176,23.377,22.917,8,2,43,159,3,3,0,134
2026-03-04 05:02:33,5.212,Jakemonkey,31.579,4.053,1,16,1,5.357,8,39.286,33.803,20.588,2,3,42,133,1,4,1,134
2026-03-05 09:50:08,4.935,Jakemonkey,30.882,5.825,2,23,1,4.452,14,34.286,28.571,31.111,7,4,42,136,4,2,0,134
2026-03-06 05:51:01,5.119,Jakemonkey,23.226,3.88,0,19,2,5.194,9,15.625,25,25.455,0,3,36,155,2,4,0,134
2026-03-08 10:05:52,4.929,Jakemonkey,30.081,5.717,2,16,0,5.189,12,34.483,28.814,28.571,5,2,37,123,5,0,1,134
2026-03-09 05:38:02,5.394,Jakemonkey,34.302,3.561,0,10,2,6.136,5,54.762,27.848,27.451,2,0,59,172,3,3,0,134
2026-03-22 07:43:08,5.403,Jakemonkey,27.746,4.265,1,17,0,5.583,5,25.581,29.63,26.531,2,1,48,173,3,2,1,134
2026-03-25 10:07:16,5.506,Jakemonkey,22.059,2.334,0,19,1,5.533,1,34.884,15,18.182,1,0,30,136,4,2,0,134
2026-03-27 05:20:46,5.703,Jakemonkey,19.811,3.467,3,35,2,3.905,10,24,17.778,19.444,4,3,21,106,4,2,0,134
2026-03-30 04:38:23,5.884,Jakemonkey,17.73,3.65,1,20,2,5.0,6,23.684,13.846,18.421,4,1,25,141,1,5,0,134
2026-04-06 04:10:38,5.516,Jakemonkey,24.832,4.846,4,35,0,4.757,12,32.432,30.769,15,6,2,37,149,4,2,0,134
2026-04-10 07:34:26,5.713,Jakemonkey,27.692,6.339,3,12,1,4.333,10,19.355,32.353,25.806,5,2,36,130,5,0,0,134
2026-04-11 07:24:55,6.168,Jakemonkey,31.69,6.123,1,14,0,5.067,13,47.5,28.169,19.355,3,4,45,142,1,5,0,134
2026-04-12 04:56:46,5.812,Jakemonkey,20.741,3.539,1,21,0,5.143,9,27.273,17.647,19.608,3,0,28,135,4,2,0,134
2026-04-14 05:05:01,5.986,Jakemonkey,27.559,4.234,0,19,0,4.971,8,48.571,16.667,26.923,3,2,35,127,2,3,0,134
2026-04-16 06:43:37,5.889,Jakemonkey,22.689,3.134,3,26,0,4.704,8,36.667,14.815,22.857,3,2,27,119,2,4,0,134
2026-04-20 18:43:30,5.751,Jakemonkey,34.746,6.093,1,16,0,4.732,11,44.828,29.825,34.375,3,6,41,118,4,2,0,134
2026-04-20 22:24:29,5.947,Jakemonkey,24.444,4.892,4,36,1,4.485,9,34.375,26.984,12.5,8,2,33,135,4,1,0,134
2026-04-23 05:08:06,6.232,Jakemonkey,27.692,5.635,4,25,1,4.306,17,46.154,22.642,23.529,7,6,36,130,3,2,0,134
2026-04-25 06:26:43,6.331,Jakemonkey,31.111,6.452,2,12,0,5.024,11,41.379,29.167,26.471,3,5,42,135,3,2,1,134
2026-04-25 09:12:57,6.432,Jakemonkey,30.508,6.732,4,15,2,4.611,11,40,32.143,21.622,8,1,36,118,3,3,0,134
2026-04-27 05:23:52,6.43,Jakemonkey,29.73,5.24,3,20,0,4.182,12,46.429,25.455,21.429,8,2,33,111,3,3,0,134
2026-04-28 14:08:03,6.423,Jakemonkey,28.409,6.095,2,16,0,4.4,8,25,31.429,27.273,5,3,25,88,5,0,0,134
2026-04-30 14:25:20,6.883,Jakemonkey,23.313,3.88,2,47,1,4.579,12,30.769,21.918,19.608,4,7,38,163,3,3,0,134
2026-05-01 04:08:42,6.867,Jakemonkey,28.462,4.967,6,43,0,4.27,12,48.276,19.672,27.5,6,6,37,130,1,5,0,134
2026-05-04 18:44:00,6.421,Jakemonkey,25.342,6.37,5,33,1,4.027,14,32.143,18.75,34.211,6,4,37,146,5,0,0,134
2026-05-05 14:09:04,6.421,Jakemonkey,24.0,5.606,4,21,2,4.367,11,37.037,16.949,25.641,4,2,30,125,3,2,0,134
2026-05-06 21:00:14,6.967,Jakemonkey,28.369,5.163,3,24,2,5.2,9,43.333,28.333,19.608,4,3,40,141,1,4,1,134
2026-05-09 21:37:31,6.698,Jakemonkey,26.923,3.913,10,69,0,3.69,21,28.571,25,29.167,13,7,42,156,3,2,1,134
2026-05-14 07:57:04,6.793,Jakemonkey,32.075,5.198,1,34,1,5.059,14,51.613,29.851,24.59,6,6,51,159,3,3,0,134
2026-05-14 21:21:37,6.793,Jakemonkey,26.471,5.561,3,13,2,5.25,7,47.059,21.429,17.391,4,2,36,136,2,3,0,134
2026-05-15 07:01:20,6.705,Jakemonkey,23.129,4.09,4,43,0,4.265,14,36.667,21.127,17.391,6,3,34,147,2,4,0,134
2026-05-17 07:27:17,6.54,Jakemonkey,27.857,3.578,2,38,0,4.872,12,30,22.642,31.915,5,1,39,140,4,0,1,134
2026-05-18 21:53:11,6.902,Jakemonkey,25.954,4.113,1,27,0,4.647,8,35.484,32.075,12.766,2,6,34,131,3,3,0,134
2026-05-20 08:34:07,6.898,Jakemonkey,30.081,5.569,1,12,0,4.838,10,45.455,21.053,30.303,3,5,37,123,5,1,0,134
2026-05-20 22:26:33,7.255,Jakemonkey,26.667,4.489,1,29,0,4.225,16,39.474,22.222,22.449,1,8,40,150,0,6,0,134
2026-05-27 04:53:54,6.731,Jakemonkey,39.157,6.796,3,16,1,5.215,12,50,37.662,31.111,6,3,65,166,4,1,1,134
2026-06-01 05:57:19,7.002,Jakemonkey,31.847,3.798,0,26,1,5.08,11,50,25,23.404,3,5,50,157,4,2,0,134
2026-06-01 18:21:54,7.181,Jakemonkey,29.012,4.466,1,30,0,5.085,12,44.444,25.676,23.077,2,6,47,162,2,3,1,134
2026-06-03 04:26:23,7.087,Jakemonkey,21.569,3.998,0,15,0,4.682,6,38.095,17.778,16.667,3,2,22,102,3,2,0,134
2026-06-05 06:23:16,7.185,Jakemonkey,27.815,4.051,0,11,1,5.381,6,42.105,26.154,18.75,0,2,42,151,3,2,1,134
2026-06-05 17:50:16,7.27,Jakemonkey,32.787,4.622,1,23,0,4.8,10,46.875,33.333,20.513,5,4,40,122,1,4,0,134
2026-06-07 04:19:09,6.756,Jakemonkey,26.316,3.36,1,10,0,5.32,3,36.842,21.951,25.714,1,0,25,95,2,3,0,134
2026-06-09 18:18:54,6.588,Jakemonkey,30.075,5.55,4,17,0,4.975,9,39.394,28.571,24.324,5,2,40,133,6,0,0,134
2026-06-10 18:04:55,7.118,Jakemonkey,33.036,4.785,0,16,0,5.351,8,48,27.778,30.303,4,2,37,112,2,3,0,134
2026-06-11 04:24:29,7.02,Jakemonkey,24.51,3.865,0,11,0,4.96,5,45.833,17.778,18.182,2,2,25,102,4,1,0,134
2026-06-13 07:12:37,7.277,Jakemonkey,28.369,6.838,4,22,3,4.925,9,29.63,27.692,28.571,4,5,40,141,1,4,0,134
2026-06-15 06:22:37,7.01,Jakemonkey,26.718,3.929,3,40,0,3.971,17,20,25,37.5,7,4,35,131,2,4,0,134
2026-06-16 00:10:57,6.842,Jakemonkey,21.6,3.712,3,43,1,4.519,10,34.375,14,20.93,4,5,27,125,2,3,0,134
2026-06-16 23:18:25,6.748,Jakemonkey,26.471,4.181,0,26,2,4.861,8,37.5,29.688,12.5,1,5,36,136,1,2,2,134
2026-06-18 10:54:28,6.664,Jakemonkey,23.926,5.775,5,32,1,4.333,16,31.707,14.286,30.769,6,8,39,163,2,3,1,134
2026-06-18 22:34:18,6.581,Jakemonkey,20.863,4.35,1,23,0,4.069,12,27.5,23.81,8.333,1,8,29,139,2,4,0,134
2026-06-28 00:57:32,6.426,Jakemonkey,25.954,4.406,1,17,0,5.0,7,37.5,20.312,25.714,2,5,34,131,5,1,0,134
2026-07-03 17:57:14,6.791,Jakemonkey,21.951,4.698,2,23,0,4.407,12,29.63,23.333,13.889,5,3,27,123,3,3,0,134
2026-07-05 04:52:45,6.779,Jakemonkey,25.146,3.574,1,12,3,5.465,8,48.276,25.974,13.846,2,1,43,171,4,1,1,134
2026-01-07 14:00:01,4.151,benevelante,20.0,3.393,0,7,1,4.895,6,19.231,22.222,16.667,2,2,19,95,0,5,0,139
2026-01-19 13:49:48,3.593,benevelante,22.917,3.716,1,39,1,4.879,10,38.235,13.699,27.027,5,3,33,144,5,1,0,139
2026-01-27 19:12:40,4.037,benevelante,22.148,3.712,1,20,1,5.03,9,31.25,15.278,26.667,4,4,33,149,5,1,0,139
2026-01-29 13:10:54,4.462,benevelante,22.581,3.269,0,17,2,5.286,9,30.435,18.462,25,3,1,28,124,4,2,0,139
2026-01-02 13:57:28,5.896,Gua,23.404,5.865,1,9,2,4.227,9,13.636,31.25,16.667,2,3,22,94,3,2,0,141
2026-01-09 14:00:22,6.0,Gua,23.846,4.294,3,21,1,5.29,6,27.586,26.316,18.182,4,1,31,130,1,5,0,141
2026-01-19 13:49:48,5.588,Gua,19.328,3.662,1,22,1,4.565,10,16.129,21.538,17.391,6,3,23,119,4,2,0,141
2026-02-04 13:43:18,5.787,Gua,20.968,5.719,3,17,0,3.846,11,21.429,22.951,17.143,5,5,26,124,3,3,0,141
2026-02-11 13:43:55,5.786,Gua,20.93,6.947,2,18,1,3.815,14,21.875,20.635,20.588,4,4,27,129,4,2,0,141
2026-02-14 14:04:22,5.992,Gua,23.077,5.023,3,27,1,4.75,9,25.641,19.697,25.49,3,4,36,156,2,4,0,141
2026-02-17 21:05:31,5.793,Gua,24.409,4.544,2,27,2,4.839,8,25,15.385,34.884,3,3,31,127,2,3,0,141
2026-02-20 14:01:01,5.689,Gua,28.758,5.299,2,14,1,5.023,13,26.667,27.778,33.333,6,0,44,153,5,1,0,141
2026-02-21 09:56:08,6.09,Gua,26.573,5.136,0,20,1,4.632,11,30,18.462,36.842,5,2,38,143,4,2,0,141
2026-03-07 13:52:35,6.293,Gua,29.6,5.058,0,20,0,4.973,12,42.857,25,27.027,5,3,37,125,5,0,0,141
2026-03-09 14:33:55,6.805,Gua,29.323,7.431,4,21,0,4.462,12,30.769,26.23,33.333,7,2,39,133,4,2,0,141
2026-03-20 19:13:56,7.015,Gua,29.252,5.56,2,22,0,5.163,8,27.778,31.343,27.273,4,3,43,147,3,3,0,141
2026-03-21 14:05:45,6.999,Gua,31.41,6.24,3,29,2,4.898,14,38.235,26.866,32.727,7,3,49,156,0,5,0,141
2026-03-22 14:22:46,6.49,Gua,24.648,3.923,1,37,0,4.8,10,29.412,17.808,34.286,3,6,35,142,4,1,0,141
2026-03-25 13:45:37,6.81,Gua,29.605,7.016,3,17,3,4.933,17,37.778,26.866,25,7,4,45,152,3,3,0,141
2026-03-30 13:56:39,6.812,Gua,28.8,6.212,5,20,0,4.722,12,28.571,32.727,22.857,8,3,36,125,6,0,0,141
2026-04-13 14:04:29,7.398,Gua,35.256,5.617,3,30,0,4.836,12,31.429,44.595,23.404,6,6,55,156,3,3,0,141
2026-04-17 14:03:23,7.401,Gua,30.909,5.955,5,35,0,4.029,13,41.667,32.727,19.355,8,3,34,110,3,1,1,141
2026-04-19 07:32:45,7.598,Gua,30.252,6.823,7,23,0,3.75,17,24,32.075,31.707,10,4,36,119,4,2,0,141
2026-04-20 13:47:22,7.788,Gua,23.853,2.999,1,25,0,5.538,5,25,23.077,24.138,3,2,26,109,1,5,0,141
2026-04-20 18:43:30,7.405,Gua,19.82,4.668,2,22,1,4.455,9,31.818,18.868,13.889,3,6,22,111,1,5,0,141
2026-04-21 10:13:47,7.019,Gua,26.761,4.729,1,23,4,5.053,9,25,27.778,26.316,2,5,38,142,2,3,0,141
2026-04-21 13:51:52,6.925,Gua,25.6,5.47,1,18,0,4.625,13,26.471,24.074,27.027,4,2,32,125,3,3,0,141
2026-04-22 15:13:20,6.919,Gua,29.252,5.043,3,29,2,4.744,12,30.556,28.571,29.167,7,6,43,147,2,4,0,141
2026-04-24 14:02:24,6.725,Gua,27.35,6.257,5,30,3,4.406,13,3.846,30.189,39.474,9,3,32,117,3,2,0,141
2026-04-25 09:12:57,6.821,Gua,19.835,4.045,1,18,0,4.708,9,8.696,24.194,19.444,1,5,24,121,4,2,0,141
2026-04-25 14:37:20,7.024,Gua,27.778,7.222,4,25,1,3.65,21,26.667,21.918,39.024,6,9,40,144,2,4,0,141
2026-04-27 18:57:55,6.824,Gua,25.0,4.903,2,30,2,4.649,10,23.529,29.851,19.149,4,1,37,148,3,3,0,141
2026-04-28 14:08:03,6.838,Gua,26.364,6.349,1,21,1,4.103,16,32,22.917,27.027,5,7,29,110,2,3,0,141
2026-05-01 14:47:12,6.746,Gua,33.6,9.126,6,21,0,3.81,23,51.724,29.825,25.641,6,11,42,125,2,4,0,141
2026-05-04 13:50:06,6.563,Gua,27.891,7.48,5,27,3,4.293,16,34.286,25.714,26.19,8,5,41,147,3,3,0,141
2026-05-05 14:09:04,6.55,Gua,30.4,9.209,8,21,0,3.974,18,22.222,37.288,25.641,8,7,38,125,3,2,0,141
2026-05-12 14:05:09,6.633,Gua,23.077,4.339,2,38,1,4.273,12,30.303,20.513,21.875,6,4,33,143,3,3,0,141
2026-05-16 13:47:04,6.646,Gua,20.202,5.789,1,13,1,4.05,8,25,18.75,21.739,3,5,20,99,3,3,0,141
2026-05-18 15:08:53,6.643,Gua,25.0,5.169,2,33,0,4.615,13,27.5,19.697,30,4,7,39,156,3,2,1,141
2026-05-20 18:28:10,6.74,Gua,28.682,6.393,3,29,1,4.486,14,28.571,28.302,29.268,4,8,37,129,4,2,0,141
2026-05-24 13:57:54,6.917,Gua,20.492,3.776,2,38,3,4.76,9,13.793,23.077,21.951,4,3,25,122,1,4,0,141
2026-05-25 14:28:52,6.633,Gua,23.27,3.302,2,31,1,5.514,9,31.707,23.288,15.556,3,3,37,159,4,2,0,141
2026-05-29 13:51:29,6.822,Gua,26.05,5.611,6,30,0,3.903,16,50,28.125,10.811,9,6,31,119,3,3,0,141
2026-06-18 07:46:33,6.825,Gua,21.552,6.707,1,18,3,3.6,14,25,21.875,18.75,6,2,25,116,4,2,0,141
2026-06-19 22:59:11,7.011,Gua,22.642,3.848,1,19,0,5.375,6,31.818,19.149,21.622,2,3,24,106,1,4,0,141
2026-01-01 10:11:46,4.752,mahzrunner,22.628,2.858,1,31,0,5.226,6,22.222,18.841,29.268,3,3,31,137,1,4,0,143
2026-01-02 08:00:50,4.44,mahzrunner,27.027,6.088,2,6,1,4.65,7,28.571,24.39,31.579,3,1,20,74,2,2,0,143
2026-01-03 10:38:36,4.437,mahzrunner,24.46,3.099,0,8,0,5.559,4,27.5,26.562,17.143,3,0,34,139,5,1,0,143
2026-01-04 11:41:01,4.799,mahzrunner,25.203,5.298,1,13,1,4.355,13,48.387,12.069,26.471,7,2,31,123,3,3,0,143
2026-01-04 14:34:40,4.815,mahzrunner,21.642,3.738,0,33,0,4.586,9,22.581,18.333,25.581,2,4,29,134,1,3,1,143
2026-01-05 14:10:20,4.627,mahzrunner,25.688,5.257,1,11,0,5.036,8,25,31.25,18.182,3,3,28,109,6,0,0,143
2026-01-07 14:00:01,5.179,mahzrunner,22.222,3.453,0,17,0,5.0,5,20.69,17.778,37.5,1,1,20,90,3,2,0,143
2026-01-07 16:34:15,5.28,mahzrunner,18.699,3.172,0,24,3,4.696,5,18.519,19.118,17.857,2,2,23,123,1,5,0,143
2026-01-11 19:25:15,4.924,mahzrunner,31.852,7.15,4,24,0,4.349,17,21.429,33.333,36.364,9,5,43,135,4,2,0,143
2026-01-14 17:31:59,4.942,mahzrunner,20.29,2.192,0,26,1,5.393,5,29.73,15.625,18.919,0,0,28,138,1,4,0,143
2026-01-15 18:44:32,4.669,mahzrunner,28.03,5.269,0,21,0,4.486,16,27.273,20.968,40.541,4,5,37,132,2,2,2,143
2026-01-16 18:32:49,4.671,mahzrunner,19.588,3.751,1,18,1,4.421,7,20,17.391,23.077,1,4,19,97,2,3,0,143
2026-01-17 05:38:38,4.577,mahzrunner,27.2,4.221,1,17,0,5.559,7,25.806,20.896,44.444,3,4,34,125,0,5,0,143
2026-01-17 10:39:09,4.11,mahzrunner,27.465,3.387,6,56,0,3.641,21,26.316,22.727,36.842,9,12,39,142,2,3,1,143
2026-01-18 07:26:58,4.003,mahzrunner,26.471,4.677,2,28,0,5.25,8,33.333,21.538,29.545,4,3,36,136,4,2,0,143
2026-01-18 10:29:54,4.202,mahzrunner,29.661,5.777,1,19,1,4.457,13,38.462,18.182,40.541,6,4,35,118,3,2,0,143
2026-01-18 12:22:26,4.297,mahzrunner,27.679,3.285,1,38,1,5.355,9,34.615,19.643,36.667,2,2,31,112,0,3,1,143
2026-01-20 11:16:49,4.017,mahzrunner,24.113,4.524,2,40,1,4.235,14,25.714,21.429,27.778,8,1,34,141,4,2,0,143
2026-01-20 19:15:46,4.202,mahzrunner,29.577,6.03,4,25,0,4.5,14,36.667,29.73,23.684,5,6,42,142,2,4,0,143
2026-01-22 22:13:39,4.016,mahzrunner,20.0,3.636,2,19,0,4.444,5,21.429,10.526,33.333,5,0,18,90,4,1,0,143
2026-01-24 11:00:37,4.298,mahzrunner,31.897,6.76,3,12,1,4.541,11,34.483,22.807,46.667,6,2,37,116,3,3,0,143
2026-01-26 00:05:52,4.303,mahzrunner,24.324,4.785,2,16,0,4.667,8,26.923,21.429,25.581,5,3,27,111,5,1,0,143
2026-01-27 19:12:40,4.666,mahzrunner,24.793,4.75,2,16,0,4.733,8,45.833,12.698,32.353,6,2,30,121,4,2,0,143
2026-01-29 13:10:54,4.85,mahzrunner,26.613,4.477,1,17,2,5.03,10,26.087,24.615,30.556,3,2,33,124,4,2,0,143
2026-01-29 16:37:47,5.012,mahzrunner,16.102,3.5,1,38,1,3.947,9,8.333,18.966,16.667,2,6,19,118,2,3,0,143
2026-01-30 19:32:32,4.924,mahzrunner,26.241,3.96,2,19,1,4.973,9,33.333,14.754,36.364,4,5,37,141,4,2,0,143
2026-02-01 10:15:38,5.123,mahzrunner,24.219,4.313,4,29,0,4.258,12,27.586,18.182,33.333,6,2,31,128,3,3,0,143
2026-02-03 20:22:50,5.124,mahzrunner,20.354,5.28,5,16,0,4.304,11,20.69,17.308,25,6,3,23,113,4,2,0,143
2026-02-05 20:53:38,5.318,mahzrunner,21.6,4.286,1,27,0,4.333,8,29.412,17.742,20.69,2,3,27,125,3,3,0,143
2026-02-06 18:13:10,5.328,mahzrunner,30.986,5.355,1,22,0,4.864,13,36.111,24.49,33.333,2,5,44,142,3,3,0,143
2026-02-07 22:12:56,5.242,mahzrunner,28.125,6.461,5,23,2,4.361,14,33.333,24.138,30,8,6,36,128,3,3,0,143
2026-02-08 19:05:51,5.261,mahzrunner,23.881,5.425,4,30,1,4.188,14,22.581,24.615,23.684,8,3,32,134,4,2,0,143
2026-02-09 18:53:08,5.441,mahzrunner,32.895,5.337,1,5,0,4.92,8,31.818,19.048,42.424,2,1,25,76,1,4,0,143
2026-02-10 18:27:03,5.169,mahzrunner,32.484,5.347,3,30,0,4.804,15,36.17,27.692,35.556,6,5,51,157,4,2,0,143
2026-02-15 19:18:05,5.347,mahzrunner,21.97,4.997,5,27,1,4.207,11,25.806,17.742,25.641,5,4,29,132,4,2,0,143
2026-02-16 18:20:23,5.518,mahzrunner,21.951,3.138,3,34,0,4.861,9,33.333,12.048,31.111,4,3,36,164,3,3,0,143
2026-02-17 21:05:31,5.514,mahzrunner,22.047,3.726,1,22,1,4.821,6,22.581,23.333,19.444,3,3,28,127,2,3,0,143
2026-02-18 16:22:28,5.44,mahzrunner,22.222,4.561,2,35,3,4.471,11,16,16.456,34.694,6,3,34,153,3,2,1,143
2026-02-19 20:56:12,5.527,mahzrunner,24.59,4.526,2,28,1,4.667,11,18.519,28.07,23.684,7,3,30,122,5,1,0,143
2026-02-21 05:13:59,5.89,mahzrunner,17.986,1.974,0,16,2,5.76,3,21.212,15.493,20,1,2,25,139,2,4,0,143
2026-02-21 09:56:08,5.703,mahzrunner,22.759,3.672,1,24,2,5.091,5,33.333,17.91,21.429,2,4,33,145,0,6,0,143
2026-02-22 04:59:06,5.172,mahzrunner,29.134,6.515,3,21,1,4.108,14,26.316,26.923,35.135,4,8,37,127,4,2,0,143
2026-02-22 07:42:23,5.35,mahzrunner,24.306,5.02,2,16,2,5.086,10,17.143,20,36.364,4,6,35,144,3,3,0,143
2026-02-25 11:19:38,5.364,mahzrunner,28.676,3.829,1,27,0,5.128,5,48,21.127,30,2,2,39,136,2,4,0,143
2026-02-27 06:33:50,5.2,mahzrunner,25.758,5.869,4,20,3,4.676,9,23.077,23.333,33.333,4,1,34,132,1,4,1,143
2026-02-27 19:13:22,4.958,mahzrunner,25.455,4.5,0,16,1,4.857,8,27.273,14.894,40,1,5,28,110,4,0,1,143
2026-02-28 18:08:03,5.311,mahzrunner,18.824,3.276,3,60,0,4.281,15,29.545,14.474,16,7,6,32,170,3,3,0,143
2026-03-01 07:10:28,5.323,mahzrunner,20.53,2.934,1,23,2,5.484,6,30.303,7.692,30.189,1,3,31,151,3,3,0,143
2026-03-01 17:42:33,5.314,mahzrunner,18.333,2.944,1,25,1,4.864,6,24.242,10.714,25.806,2,3,22,120,1,4,0,143
2026-03-02 06:44:58,5.053,mahzrunner,23.853,2.916,0,13,3,5.5,4,28.571,21.818,23.077,1,2,26,109,5,1,0,143
2026-03-02 11:58:43,5.407,mahzrunner,19.685,3.234,0,18,0,5.36,6,16.129,21.667,19.444,4,1,25,127,3,3,0,143
2026-03-03 09:00:41,5.419,mahzrunner,25.0,3.505,1,17,0,5.467,6,25.806,19.149,30.952,2,2,30,120,3,3,0,143
2026-03-04 14:45:10,5.419,mahzrunner,22.674,3.26,1,43,1,5.231,9,27.5,22.078,20,3,1,39,172,3,2,1,143
2026-03-05 09:50:08,5.488,mahzrunner,23.577,3.931,1,28,2,4.552,7,31.034,18.182,25.641,3,4,29,123,3,3,0,143
2026-03-05 20:48:03,5.495,mahzrunner,22.535,3.327,1,25,1,4.938,10,34.286,16.049,26.923,4,0,32,142,0,6,0,143
2026-03-06 10:48:41,4.954,mahzrunner,22.819,3.243,3,53,0,4.853,10,25.806,19.178,26.667,7,1,34,149,4,2,0,143
2026-03-09 14:33:55,5.126,mahzrunner,21.053,3.597,1,21,1,5.143,5,25.641,18.033,21.212,3,1,28,133,4,2,0,143
2026-03-09 19:09:10,5.312,mahzrunner,28.477,5.088,4,27,0,4.767,14,28.205,28.358,28.889,7,3,43,151,5,1,0,143
2026-03-10 10:21:36,5.673,mahzrunner,24.638,4.529,1,26,0,4.824,10,25.806,20.29,31.579,4,5,34,138,4,1,1,143
2026-03-10 19:04:37,5.898,mahzrunner,25.954,5.533,1,16,0,4.706,12,17.241,21.667,38.095,6,1,34,131,4,2,0,143
2026-03-11 10:35:17,6.074,mahzrunner,26.49,4.895,3,23,3,4.95,10,23.684,19.643,35.088,5,3,40,151,2,4,0,143
2026-03-15 19:01:50,5.901,mahzrunner,29.078,4.472,1,14,0,5.415,7,31.111,19.643,40,3,4,41,141,2,4,0,143
2026-03-16 10:28:16,5.707,mahzrunner,22.941,5.033,6,29,0,5.077,9,15.556,23.077,29.787,6,2,39,170,4,2,0,143
2026-03-16 16:08:49,5.881,mahzrunner,24.051,3.022,1,35,0,5.132,10,29.412,18.31,28.302,2,4,38,158,3,3,0,143
2026-03-17 10:03:05,5.873,mahzrunner,21.094,3.866,3,37,0,4.852,8,27.778,14.583,22.727,4,4,27,128,3,2,1,143
2026-03-19 19:00:40,5.954,mahzrunner,22.297,4.774,2,22,2,4.697,10,34.375,22.222,13.636,4,4,33,148,1,5,0,143
2026-03-20 19:13:56,5.601,mahzrunner,28.169,3.187,0,23,0,5.925,3,18.182,27.692,32.727,3,0,40,142,1,4,1,143
2026-03-23 04:20:46,5.355,mahzrunner,28.667,6.169,1,25,0,4.674,13,35.484,21.538,33.333,5,5,43,150,2,4,0,143
2026-03-23 19:15:16,5.195,mahzrunner,29.474,4.85,0,10,0,4.857,9,33.333,23.684,33.333,1,5,28,95,4,1,0,143
2026-03-24 10:46:54,5.468,mahzrunner,27.083,4.799,0,30,2,4.744,16,20,32.143,27.083,5,6,39,144,5,1,0,143
2026-03-26 10:19:38,5.819,mahzrunner,25.828,3.997,4,47,1,4.615,12,15,20.253,38.462,9,0,39,151,3,3,0,143
2026-03-27 19:09:40,5.812,mahzrunner,17.241,3.991,2,28,7,4.64,7,21.053,14.062,18.605,5,2,25,145,2,4,0,143
2026-03-28 09:47:58,5.623,mahzrunner,27.434,6.845,2,12,1,4.355,10,22.727,36.538,17.949,8,2,31,113,3,3,0,143
2026-03-28 15:30:09,5.628,mahzrunner,29.861,4.917,2,21,2,4.977,11,23.077,27.536,41.667,8,2,43,144,3,3,0,143
2026-03-30 21:39:33,5.631,mahzrunner,22.785,4.546,4,33,3,4.278,15,21.622,17.568,31.915,11,2,36,158,2,3,1,143
2026-04-02 18:30:27,5.544,mahzrunner,33.333,7.477,2,17,1,4.351,11,41.667,28.571,34.211,5,2,37,111,1,4,0,143
2026-04-06 04:10:38,5.322,mahzrunner,22.148,4.514,3,35,2,4.636,11,27.027,23.077,18.333,3,6,33,149,4,2,0,143
2026-04-06 14:24:31,5.513,mahzrunner,22.674,3.765,0,48,0,4.846,12,32.432,17.241,25,3,3,39,172,4,2,0,143
2026-04-09 07:20:05,5.704,mahzrunner,25.503,3.479,0,30,3,4.789,9,45.833,20.29,23.214,2,3,38,149,2,4,0,143
2026-04-09 18:12:32,5.516,mahzrunner,28.155,5.263,1,8,0,4.793,9,22.727,22.222,35.556,4,2,29,103,1,4,0,143
2026-04-11 07:24:55,5.243,mahzrunner,24.138,3.48,1,6,1,5.643,3,23.81,22.034,27.778,2,1,28,116,4,2,0,143
2026-04-13 19:02:02,5.416,mahzrunner,22.156,4.735,2,20,0,4.757,11,22.222,21.053,23.913,5,2,37,167,2,4,0,143
2026-04-15 10:03:16,5.232,mahzrunner,25.362,2.92,1,27,1,5.943,4,25,26.667,24,2,2,35,138,2,4,0,143
2026-04-16 18:35:33,5.052,mahzrunner,21.642,4.777,1,20,1,4.448,11,25.641,18.462,23.333,2,6,29,134,3,2,1,143
2026-04-17 17:36:21,5.128,mahzrunner,31.683,8.089,2,15,0,3.75,14,42.105,25,35.294,3,9,32,101,1,3,1,143
2026-04-18 16:41:41,4.944,mahzrunner,23.026,4.87,5,24,1,4.714,7,24.49,20,27.273,6,0,35,152,2,3,1,143
2026-04-18 21:12:03,4.884,mahzrunner,21.429,5.417,3,27,0,3.583,15,23.077,13.559,37.037,7,6,24,112,2,2,1,143
2026-04-19 07:32:45,4.881,mahzrunner,27.027,5.267,2,26,0,3.967,15,25.714,21.429,35.294,8,5,30,111,2,4,0,143
2026-04-19 14:28:30,4.693,mahzrunner,18.803,3.519,0,30,2,4.773,8,28,18.966,11.765,3,2,22,117,3,3,0,143
2026-04-20 18:43:30,4.707,mahzrunner,26.667,3.984,2,29,1,5.306,8,32.258,25.397,24.39,5,2,36,135,3,3,0,143
2026-04-21 10:13:47,4.695,mahzrunner,20.423,2.625,0,23,2,5.552,5,21.875,22.222,15.789,0,1,29,142,2,3,0,143
2026-04-21 18:25:22,4.609,mahzrunner,27.007,5.271,4,33,0,4.405,12,29.268,26.316,25.641,8,5,37,137,3,3,0,143
2026-04-22 10:47:24,4.62,mahzrunner,23.077,4.002,2,28,1,5.051,8,23.529,19.718,26.562,3,4,39,169,4,1,1,143
2026-04-23 15:00:23,4.878,mahzrunner,31.056,5.28,1,31,0,5.14,11,46.875,25.882,29.545,5,3,50,161,5,1,0,143
2026-04-25 21:35:54,5.238,mahzrunner,28.03,5.175,3,34,2,4.568,14,32.143,23.077,33.333,5,3,37,132,1,5,0,143
2026-04-28 14:08:03,4.891,mahzrunner,30.328,6.507,3,29,0,4.459,15,40,27.451,26.829,6,4,37,122,2,2,1,143
2026-04-29 18:16:04,4.886,mahzrunner,27.679,4.523,1,22,0,4.452,13,42.105,28.333,18.182,6,2,31,112,5,1,0,143
2026-05-01 21:20:47,5.249,mahzrunner,19.858,2.978,1,23,0,4.893,7,20,13.559,28.571,2,1,28,141,3,3,0,143
2026-05-02 23:23:31,5.246,mahzrunner,27.049,4.095,1,32,0,4.636,10,46.154,20.968,23.529,3,4,33,122,1,3,1,143
2026-05-06 05:45:40,5.062,mahzrunner,21.622,4.25,1,4,1,4.917,5,17.241,19.608,29.032,1,2,24,111,4,2,0,143
2026-05-06 23:26:01,5.241,mahzrunner,25.15,4.513,6,56,0,4.643,16,25.641,15.068,38.182,10,3,42,167,2,4,0,143
2026-05-07 14:18:37,5.072,mahzrunner,21.818,4.693,4,30,0,4.556,12,28.889,13.043,27.451,6,5,36,165,1,4,1,143
2026-05-10 12:17:28,5.072,mahzrunner,28.44,4.406,0,12,1,4.968,8,33.333,32.075,21.053,2,3,31,109,3,3,0,143
2026-05-11 08:22:11,5.057,mahzrunner,33.333,7.0,6,22,1,3.839,15,50,27.451,30,6,7,31,93,1,5,0,143
2026-05-11 10:54:27,4.712,mahzrunner,25.0,3.624,1,31,1,4.939,9,31.429,22.222,23.256,3,5,33,132,5,0,1,143
2026-05-12 09:38:12,5.127,mahzrunner,29.412,4.966,4,30,0,4.225,15,41.026,20.635,32.353,6,5,40,136,4,2,0,143
2026-05-12 14:05:09,5.299,mahzrunner,24.476,4.071,1,38,1,4.429,12,24.242,23.077,28.125,4,5,35,143,3,3,0,143
2026-05-13 16:03:02,5.311,mahzrunner,23.188,2.788,0,26,2,5.5,3,24.324,18.033,30,1,2,32,138,3,2,1,143
2026-05-14 07:57:04,5.389,mahzrunner,28.0,5.379,5,42,4,4.837,16,41.026,15.714,33.333,5,5,49,175,3,3,0,143
2026-05-14 14:18:15,5.391,mahzrunner,23.684,3.879,1,29,1,5.139,9,20,17.143,36.17,5,3,36,152,3,2,1,143
2026-05-15 07:01:20,5.473,mahzrunner,19.205,2.707,0,47,0,4.517,10,17.647,15,29.73,5,2,29,151,2,4,0,143
2026-05-15 17:46:44,5.296,mahzrunner,31.193,7.165,5,20,0,4.147,15,39.13,20.833,39.474,6,3,34,109,2,3,0,143
2026-05-17 07:27:17,5.131,mahzrunner,20.588,3.614,3,46,0,4.357,11,19.355,22.034,19.565,4,8,28,136,2,2,1,143
2026-05-17 09:37:26,5.124,mahzrunner,24.242,4.137,0,14,0,5.0,7,17.857,28.788,21.053,0,6,32,132,2,4,0,143
2026-05-17 15:14:41,4.949,mahzrunner,25.0,4.313,1,5,3,5.31,5,42.424,17.021,19.444,2,2,29,116,4,2,0,143
2026-05-18 11:01:47,5.129,mahzrunner,19.014,3.083,1,31,0,4.481,8,14.286,24.59,15.094,1,4,27,142,2,3,1,143
2026-05-18 15:08:53,5.055,mahzrunner,26.016,4.839,1,19,2,4.812,9,38.462,19.298,27.5,4,2,32,123,2,4,0,143
2026-05-19 14:12:22,4.904,mahzrunner,16.429,2.441,0,35,1,5.087,5,22.5,14.286,13.636,2,1,23,140,4,1,1,143
2026-05-20 08:34:07,5.164,mahzrunner,23.913,3.55,0,21,0,5.242,7,36.842,17.91,21.212,0,6,33,138,3,3,0,143
2026-05-20 18:28:10,5.182,mahzrunner,23.022,4.954,2,35,0,4.562,13,23.529,20,26.667,3,6,32,139,3,3,0,143
2026-05-21 14:29:56,5.186,mahzrunner,27.333,4.773,3,24,0,5.244,11,32.432,20.896,32.609,5,4,41,150,3,3,0,143
2026-05-25 07:30:37,5.181,mahzrunner,22.222,5.126,2,25,0,4.267,11,14.286,19.048,35.135,3,6,30,135,2,4,0,143
2026-05-25 12:49:49,5.001,mahzrunner,24.59,4.067,1,11,1,4.933,8,24.242,21.154,29.73,2,2,30,122,1,5,0,143
2026-05-26 18:30:52,4.654,mahzrunner,28.462,6.148,2,11,2,4.541,12,40,24.615,27.5,9,0,37,130,2,4,0,143
2026-05-27 11:00:45,4.478,mahzrunner,20.53,3.46,1,16,1,5.258,3,16.667,18.919,25.532,2,0,31,151,3,3,0,143
2026-05-28 10:37:26,4.473,mahzrunner,26.316,5.536,5,36,0,4.4,15,25.926,21.212,35,8,3,35,133,6,0,0,143
2026-05-28 16:09:41,5.0,mahzrunner,29.412,5.591,3,29,0,4.575,14,30.769,20.69,38.462,6,2,40,136,2,4,0,143
2026-05-28 18:22:53,4.829,mahzrunner,24.638,3.013,1,20,0,5.118,5,16.667,23.529,32.5,2,1,34,138,2,4,0,143
2026-05-29 18:24:54,4.651,mahzrunner,23.973,4.117,1,27,0,4.8,8,38.71,20.29,19.565,3,1,35,146,5,1,0,143
2026-05-30 21:04:03,4.995,mahzrunner,28.125,6.455,3,14,1,4.417,14,26.471,25.862,33.333,5,5,36,128,4,2,0,143
2026-06-03 14:14:56,5.158,mahzrunner,32.456,6.104,5,24,0,4.297,13,48.276,25,29.268,7,3,37,114,2,3,1,143
2026-06-03 18:55:58,5.08,mahzrunner,25.0,4.578,2,29,1,4.868,11,25.806,22.5,29.268,4,3,38,152,3,2,1,143
2026-06-05 17:50:16,5.154,mahzrunner,24.038,4.341,1,24,0,4.4,9,35.294,12.245,34.211,2,8,25,104,3,2,0,143
2026-06-06 22:27:02,5.332,mahzrunner,28.358,4.388,0,16,1,4.789,10,32.432,25,29.73,2,3,38,134,6,0,0,143
2026-06-07 18:18:38,5.855,mahzrunner,32.867,7.275,5,13,2,4.702,14,38.462,25.806,38.095,7,4,47,143,3,3,0,143
2026-06-09 13:58:23,5.816,mahzrunner,23.333,4.886,3,36,0,4.686,13,45.161,14.062,21.818,4,9,35,150,2,4,0,143
2026-06-09 18:18:54,5.633,mahzrunner,32.886,6.042,3,18,1,4.878,14,34.286,23.81,43.137,6,5,49,149,2,4,0,143
2026-06-11 14:01:41,5.451,mahzrunner,22.034,2.979,0,25,2,5.115,6,40,8.929,29.73,2,2,26,118,2,3,0,143
2026-06-11 18:19:17,5.364,mahzrunner,21.154,3.798,0,16,1,4.636,8,18.519,21.277,23.333,3,7,22,104,2,3,0,143
2026-06-12 18:27:27,5.28,mahzrunner,22.603,2.714,0,17,2,5.667,3,27.778,15.625,28.261,1,3,33,146,2,4,0,143
2026-06-13 18:45:41,5.106,mahzrunner,21.127,3.945,3,39,0,4.7,7,29.63,18.571,20,4,3,30,142,4,2,0,143
2026-06-16 00:10:57,5.284,mahzrunner,32.353,4.531,2,39,1,4.705,11,54.839,24.59,27.273,4,4,44,136,1,4,0,143
2026-06-17 16:20:35,5.017,mahzrunner,26.056,4.769,3,22,0,5.081,11,27.778,25.676,25,7,4,37,142,2,4,0,143
2026-06-18 07:29:56,5.018,mahzrunner,23.684,3.765,0,13,3,5.333,8,11.765,23.333,31.034,2,2,36,152,3,3,0,143
2026-06-18 10:54:28,4.858,mahzrunner,24.837,4.343,2,22,1,4.947,12,33.333,19.718,25.581,6,4,38,153,4,2,0,143
2026-06-19 19:28:06,4.957,mahzrunner,24.841,4.363,0,21,2,4.872,12,35.484,13.158,36,1,4,39,157,4,1,1,143
2026-06-19 21:13:50,5.221,mahzrunner,24.272,5.059,1,14,0,4.4,6,22.727,25,24.242,2,2,25,103,2,3,0,143
2026-06-19 22:59:11,5.042,mahzrunner,25.253,3.882,0,9,0,5.08,4,22.222,28,22.581,1,1,25,99,2,3,0,143
2026-06-20 18:11:36,5.125,mahzrunner,23.239,5.193,2,24,2,4.545,11,20.69,21.739,27.273,4,3,33,142,3,3,0,143
2026-06-21 22:16:46,5.141,mahzrunner,27.193,4.443,0,17,1,5.032,7,26.667,18.868,41.935,1,3,31,114,3,2,0,143
2026-06-22 22:49:49,5.211,mahzrunner,28.571,4.584,1,5,0,5.0,9,31.25,25.532,30,3,0,34,119,5,0,0,143
2026-06-24 20:18:32,5.654,mahzrunner,24.324,4.276,2,30,0,4.889,11,30,20.548,26.667,4,5,36,148,2,4,0,143
2026-06-25 14:15:46,5.477,mahzrunner,25.175,4.133,1,19,2,5.167,7,20.588,22.581,31.915,3,3,36,143,4,2,0,143
2026-06-25 17:15:02,5.474,mahzrunner,24.194,2.598,0,31,0,5.7,4,24.138,19.608,29.545,1,3,30,124,2,2,1,143
2026-06-30 14:01:09,5.738,mahzrunner,25.503,5.199,2,29,0,4.526,13,21.429,24.615,30.952,4,9,38,149,2,4,0,143
2026-07-01 23:43:02,5.635,mahzrunner,16.875,2.546,1,48,0,4.37,10,23.256,16.25,10.811,3,3,27,160,3,3,0,143
2026-07-02 13:52:04,5.641,mahzrunner,28.182,5.328,0,19,0,4.484,13,25.714,28.889,30,4,3,31,110,4,1,0,143
2026-07-03 21:32:13,5.908,mahzrunner,24.242,3.551,0,20,3,5.156,7,42.105,16.923,17.241,0,7,32,132,1,4,1,143
2026-07-05 09:14:33,5.644,mahzrunner,27.068,4.036,0,13,0,5.111,8,32.353,27.119,22.5,1,3,36,133,3,3,0,143
2026-01-16 08:28:15,5.171,liljakatsuragi,22.785,2.402,0,19,0,5.889,2,24.324,29.167,12.245,1,0,36,158,3,3,0,144
2026-01-17 10:39:09,5.171,liljakatsuragi,27.439,3.354,3,67,0,3.378,28,32.558,13.699,43.75,9,14,45,164,4,1,1,144
2026-01-18 10:29:54,5.518,liljakatsuragi,23.622,3.773,1,21,3,4.933,9,33.333,18.462,25.714,2,3,30,127,3,2,0,144
2026-02-21 05:13:59,5.629,liljakatsuragi,22.556,3.948,0,14,1,5.067,7,25.926,16.923,29.268,4,2,30,133,2,3,1,144
2026-03-11 10:35:17,5.514,liljakatsuragi,22.481,3.466,0,17,1,5.172,7,33.333,15.517,23.684,3,3,29,129,2,4,0,144
2026-04-06 04:10:38,5.306,liljakatsuragi,23.881,4.346,1,27,1,4.688,10,30,25.455,18.367,5,4,32,134,3,3,0,144
2026-04-14 05:05:01,5.295,liljakatsuragi,24.107,3.702,1,13,0,5.296,6,54.545,15,20,3,2,27,112,2,2,1,144
2026-04-16 06:43:37,5.307,liljakatsuragi,26.543,3.306,0,46,1,4.605,14,47.727,14.062,24.074,2,5,43,162,3,3,0,144
2026-04-19 07:32:45,5.323,liljakatsuragi,23.529,3.564,2,23,1,4.357,9,28,9.434,39.024,2,3,28,119,4,2,0,144
2026-04-28 05:07:35,5.527,liljakatsuragi,18.954,2.757,0,23,0,4.897,8,35.294,13.433,15.385,1,4,29,153,3,3,0,144
2026-05-04 06:27:59,5.538,liljakatsuragi,24.219,4.254,3,29,0,4.516,10,25.714,28.302,17.5,6,5,31,128,2,4,0,144
2026-06-04 07:25:31,5.331,liljakatsuragi,24.828,2.35,0,42,1,5.278,8,37.143,22.059,19.048,3,1,36,145,3,3,0,144
2026-07-05 04:52:45,5.331,liljakatsuragi,21.176,2.978,0,12,1,5.111,5,28.571,13.75,27.273,1,4,36,170,1,4,1,144
2026-01-20 11:16:49,6.538,tapumomo,23.404,4.324,2,40,0,4.333,14,37.143,18.571,19.444,6,3,33,141,4,2,0,146
2026-01-20 19:15:46,6.747,tapumomo,25.397,5.166,5,23,1,4.844,9,19.231,28.169,24.138,7,2,32,126,1,5,0,146
2026-01-27 02:46:22,6.299,tapumomo,23.944,2.615,1,34,1,5.588,5,24.242,18.75,31.111,1,3,34,142,1,4,1,146
2026-04-13 04:24:01,6.018,tapumomo,27.097,5.043,1,20,1,5.048,9,29.032,28.09,22.857,2,1,42,155,4,1,1,146
2026-04-21 18:25:22,6.33,tapumomo,27.407,3.732,0,24,0,5.0,8,28.125,25,30.233,4,4,37,135,3,3,0,146
2026-05-02 23:23:31,6.33,tapumomo,28.261,5.739,4,26,1,4.346,9,38.889,20,34.483,7,1,26,92,2,2,0,146
2026-06-10 21:20:02,6.34,tapumomo,23.077,3.508,1,26,0,5.0,6,28.125,18.367,25,3,2,27,117,1,4,0,146
2026-06-12 14:04:43,6.016,tapumomo,28.155,4.863,0,17,0,4.966,8,62.5,16.667,28.205,3,3,29,103,1,4,0,146
2026-06-13 04:37:13,5.712,tapumomo,31.538,5.235,2,7,0,5.61,7,45.161,32.727,20.455,4,0,41,130,2,3,0,146
2026-06-19 21:13:50,5.6,tapumomo,22.549,3.77,0,13,0,4.957,5,30,19.608,22.581,1,3,23,102,3,2,0,146
2026-06-29 03:00:46,5.71,tapumomo,27.692,4.819,1,19,0,4.861,9,39.474,22.034,24.242,5,3,36,130,3,3,0,146
2026-01-27 02:46:22,3.547,thjalago,21.186,3.362,0,25,2,4.72,7,29.167,16.071,23.684,3,1,25,118,4,2,0,147
2026-05-30 21:04:03,4.609,uy5gf,21.477,2.766,0,21,0,5.531,8,34.286,6.667,29.63,2,3,32,149,3,3,0,148
2026-05-31 11:11:49,4.619,uy5gf,20.155,3.294,1,19,1,4.885,8,20.588,23.333,14.286,5,1,26,129,3,3,0,148
2026-06-22 22:49:49,4.612,uy5gf,17.391,1.665,0,13,3,5.85,2,29.412,14.286,9.375,1,0,20,115,3,2,0,148
2026-01-01 10:11:46,8.17,Zozo,22.807,3.221,1,26,0,5.038,6,23.333,19.231,28.125,2,2,26,114,1,4,0,149
2026-01-04 11:41:01,7.862,Zozo,27.642,6.312,2,13,0,4.324,14,38.71,24.138,23.529,6,5,34,123,3,3,0,149
2026-02-17 09:16:51,7.873,Zozo,21.569,3.974,2,34,3,4.879,8,26.316,18.182,23.684,4,2,33,153,2,4,0,149
2026-02-20 05:26:49,7.679,Zozo,33.333,6.357,0,14,2,4.739,14,39.474,25,40,3,5,46,138,1,5,0,149
2026-02-22 04:59:06,7.261,Zozo,23.622,4.089,1,21,0,4.7,8,21.053,19.231,32.432,4,2,30,127,4,2,0,149
2026-02-23 11:23:01,7.467,Zozo,23.944,5.084,3,27,0,4.529,13,35.714,9.375,36.111,8,1,34,142,3,3,0,149
2026-02-25 11:19:38,7.479,Zozo,26.95,5.155,2,23,0,4.395,13,38.71,21.918,27.027,4,2,38,141,3,3,0,149
2026-03-02 06:44:58,7.461,Zozo,25.62,2.687,1,13,2,6.0,5,51.724,12.698,27.586,1,1,31,121,2,4,0,149
2026-03-06 05:51:01,7.266,Zozo,24.342,6.152,4,28,2,4.784,12,28,17.808,31.481,7,5,37,152,3,3,0,149
2026-03-23 04:20:46,7.277,Zozo,26.25,5.762,2,24,2,4.762,14,30.556,13.889,40.385,6,2,42,160,3,3,0,149
2026-03-28 22:07:01,7.265,Zozo,25.0,4.316,1,18,0,5.107,5,21.622,28.261,24.138,3,1,28,112,2,3,0,149
2026-04-10 07:34:26,7.154,Zozo,24.46,5.253,0,26,1,4.471,13,28.205,16.393,33.333,4,8,34,139,3,1,1,149
2026-04-12 04:56:46,7.35,Zozo,33.103,5.664,0,23,0,4.917,12,24,32.927,39.474,5,3,48,145,3,3,0,149
2026-04-14 05:05:01,7.351,Zozo,30.4,5.765,2,20,1,4.868,10,37.838,27.869,25.926,3,4,38,125,4,1,0,149
2026-04-16 00:39:38,7.642,Zozo,30.508,5.811,0,14,0,4.417,13,38.889,20.408,36.364,3,8,36,118,2,3,0,149
2026-04-19 04:54:10,7.545,Zozo,33.533,6.075,0,4,1,5.304,9,37.143,25,42.857,5,3,56,167,3,3,0,149
2026-04-21 00:49:52,7.556,Zozo,31.757,7.15,5,18,0,4.404,15,23.684,27.273,45.455,6,6,47,148,2,4,0,149
2026-04-22 06:15:10,7.349,Zozo,29.808,4.125,0,5,0,5.419,3,31.818,20.93,38.462,1,1,31,104,3,2,0,149
2026-04-23 05:08:06,7.446,Zozo,33.628,6.418,1,20,0,4.211,17,29.167,31.25,39.024,10,1,38,113,2,3,0,149
2026-04-25 06:26:43,7.294,Zozo,24.684,5.429,2,17,3,4.974,10,24.324,23.611,26.531,5,3,39,158,3,3,0,149
2026-04-30 07:23:58,7.294,Zozo,31.538,4.298,2,20,0,5.122,9,31.034,24.194,43.59,4,2,41,130,1,5,0,149
2026-05-06 23:26:01,6.897,Zozo,29.054,5.049,2,43,1,4.186,17,40,19.697,34.043,8,6,43,148,5,1,0,149
2026-05-16 04:37:10,7.287,Zozo,27.612,3.165,0,27,0,5.378,5,30.435,20.513,42.424,1,2,37,134,2,2,1,149
2026-05-18 06:06:48,7.288,Zozo,26.613,5.433,2,17,0,5.03,10,37.037,14.815,34.884,4,3,33,124,3,3,0,149
2026-05-23 06:57:28,7.269,Zozo,30.909,4.681,1,14,1,5.441,8,38.889,25,34.091,5,1,34,110,5,0,0,149
2026-05-24 19:25:18,7.751,Zozo,24.074,5.161,1,32,2,4.692,15,22.857,15.584,38,5,6,39,162,3,2,1,149
2026-05-30 09:01:45,7.848,Zozo,22.051,4.058,2,43,1,4.93,9,27.907,21.359,18.367,3,5,43,195,1,4,1,149
2026-05-31 06:42:17,7.848,Zozo,32.544,4.519,0,20,1,5.6,7,44.681,22.222,36,3,5,55,169,3,2,1,149
2026-06-05 08:39:16,7.673,Zozo,33.125,6.74,3,39,1,4.415,21,36.111,29.577,35.849,7,9,53,160,4,2,0,149
2026-06-06 04:57:28,7.865,Zozo,28.662,4.211,0,15,3,5.689,7,22.222,27.143,38.095,4,1,45,157,3,2,1,149
2026-06-07 04:19:09,7.963,Zozo,33.645,7.078,1,10,0,4.528,12,32.143,22.222,50,3,8,36,107,3,2,0,149
2026-06-11 04:24:29,8.127,Zozo,34.286,7.259,2,13,0,4.639,10,23.81,28.571,48.571,5,4,36,105,2,3,0,149
2026-06-13 04:37:13,8.033,Zozo,25.862,5.377,1,15,1,5.133,9,24,27.273,25,3,2,30,116,5,0,0,149
2026-06-16 00:10:57,8.507,Zozo,36.029,4.75,2,39,0,4.837,11,61.29,27.869,29.545,4,5,49,136,1,4,0,149
2026-06-18 14:24:55,8.23,Zozo,29.921,5.2,2,28,2,4.789,11,37.143,30.909,21.622,3,5,38,127,2,3,0,149
2026-06-19 05:24:35,8.142,Zozo,36.364,7.55,5,24,1,3.773,25,31.818,32.203,45,11,6,44,121,3,3,0,149
2026-06-19 19:28:06,8.146,Zozo,32.484,5.828,0,21,0,4.843,16,35.484,27.632,38,3,5,51,157,4,1,1,149
2026-06-19 21:13:50,8.419,Zozo,28.431,4.8,1,12,1,4.966,5,40,24.49,25,1,4,29,102,0,5,0,149
2026-06-22 00:04:06,7.959,Zozo,31.313,6.958,2,10,0,4.903,10,44.444,30.612,25,4,3,31,99,4,1,0,149
2026-07-05 04:52:45,8.229,Zozo,34.104,5.343,0,21,0,5.22,12,29.73,28.75,44.643,3,3,59,173,2,4,0,149
2026-04-19 09:37:53,3.0,Bommie,8.911,1.898,1,12,1,5.0,3,8.696,6.977,11.429,1,1,9,101,1,4,0,150
2026-05-16 04:37:10,3.0,Sayuriii,8.654,0.863,0,22,0,5.667,1,25,2.041,3.704,1,0,9,104,3,2,0,154
2026-01-01 22:39:32,2.046,Unborned,22.881,3.084,0,19,1,4.963,7,39.474,17.544,8.696,3,1,27,118,5,0,0,155
2026-01-05 07:23:46,2.607,Unborned,20.28,2.715,2,48,1,4.552,11,39.394,12.121,18.182,6,2,29,143,3,3,0,155
2026-01-18 05:07:20,2.606,Unborned,15.652,2.825,3,34,1,4.444,7,26.667,15.686,5.882,3,3,18,115,3,2,0,155
2026-01-26 00:05:52,2.715,Unborned,22.727,2.771,0,25,0,5.3,7,42.424,15.789,16.667,1,1,30,132,3,3,0,155
2026-02-05 15:04:09,2.723,Unborned,16.406,2.058,1,16,1,5.905,2,34.375,10,11.111,2,0,21,128,4,2,0,155
2026-02-13 00:43:49,2.699,Unborned,17.419,2.595,1,41,1,5.037,8,31.111,14.062,8.696,3,3,27,155,2,2,2,155
2026-02-21 09:56:08,2.697,Unborned,15.504,2.404,1,19,0,5.15,3,27.586,9.615,14.583,1,1,20,129,4,2,0,155
2026-02-23 11:23:01,2.907,Unborned,15.094,1.895,1,22,0,5.292,4,15.556,16.438,12.195,1,0,24,159,2,4,0,155
2026-02-25 09:17:06,2.907,Unborned,14.689,1.823,2,33,0,5.885,3,23.913,8.235,17.391,2,1,26,177,2,3,1,155
2026-03-07 00:48:43,2.591,Unborned,12.698,2.032,0,14,1,5.312,5,27.778,7.692,5.263,2,1,16,126,3,3,0,155
2026-03-15 00:14:27,2.566,Unborned,19.718,2.897,2,14,0,5.464,6,38.889,14.706,10.526,3,2,28,142,3,2,0,155
2026-03-16 10:28:16,2.753,Unborned,17.532,2.845,0,23,5,5.407,7,30.769,20.635,3.846,0,4,27,154,4,2,0,155
2026-03-18 14:41:23,2.973,Unborned,17.91,1.387,0,17,1,6.417,2,42.857,8.197,10.526,1,0,24,134,3,3,0,155
2026-03-20 22:04:30,2.966,Unborned,17.037,1.915,1,29,0,5.609,5,36.842,10.294,6.897,1,3,23,135,2,4,0,155
2026-03-25 22:25:20,2.769,Unborned,21.233,3.852,0,14,2,5.194,9,36.111,13.333,20,3,2,31,146,5,1,0,155
2026-04-11 07:24:55,3.176,Unborned,17.606,3.201,1,14,3,5.32,5,27.5,16.901,6.452,3,1,25,142,1,5,0,155
2026-04-14 05:05:01,2.789,Unborned,20.536,2.189,0,13,2,5.565,3,36.364,16.667,16.667,0,1,23,112,2,2,1,155
2026-05-09 10:03:51,2.801,Unborned,19.118,1.537,1,51,0,4.615,9,33.333,14.286,14.894,1,4,26,136,3,3,0,155
2026-05-11 14:04:11,2.855,Unborned,16.34,2.698,0,25,1,5.16,4,27.778,11.594,14.583,1,2,25,153,5,1,0,155
2026-05-18 11:01:47,3.25,Unborned,15.625,2.806,3,28,1,4.95,6,34.783,9.091,14,4,2,20,128,3,2,1,155
2026-05-29 18:24:54,3.342,Unborned,18.182,2.318,1,29,2,5.4,5,38.462,11.429,12.5,2,1,30,165,2,4,0,155
2026-06-04 23:57:00,3.138,Unborned,25.85,2.877,0,25,1,5.474,8,30.769,23.288,25.714,3,2,38,147,1,5,0,155
2026-06-07 04:19:09,2.747,Unborned,21.739,1.741,0,22,2,6.1,2,37.5,13.115,22.222,0,1,30,138,4,1,0,155
2026-06-09 23:10:50,2.747,Unborned,15.328,1.958,2,31,1,4.905,8,28.125,11.429,11.429,4,0,21,137,2,4,0,155
2026-06-11 04:24:29,3.101,Unborned,21.008,2.833,0,9,1,5.36,3,50,15.789,10.526,1,1,25,119,2,3,0,155
2026-06-17 23:35:10,3.003,Unborned,19.469,2.467,0,19,0,5.409,4,45,11.538,17.073,1,2,22,113,1,4,0,155
2026-02-09 18:53:08,2.525,legrandort,16.102,2.59,1,20,0,4.895,4,14.706,16.327,17.143,2,2,19,118,3,2,0,159
2026-04-24 14:02:24,2.657,legrandort,16.197,1.872,1,43,1,5.391,4,31.034,12.857,11.628,2,1,23,142,3,2,0,159
2026-05-05 14:09:04,2.784,legrandort,16.279,2.018,0,21,0,5.619,5,20.588,21.053,5.263,1,2,21,129,3,1,1,159
2026-05-09 21:37:31,3.031,legrandort,16.279,1.099,1,74,1,5.321,8,22.857,15.385,13.559,1,4,28,172,4,2,0,159
2026-05-16 13:47:04,3.246,legrandort,10.317,1.361,0,13,7,5.385,1,11.111,5.797,17.949,0,0,13,126,3,3,0,159
2026-05-22 21:04:09,3.226,legrandort,18.447,2.247,1,13,0,5.789,3,42.424,10,3.333,2,0,19,103,2,3,0,159
2026-05-26 13:56:18,3.114,legrandort,12.931,1.859,1,29,3,4.867,4,22.222,11.538,8.108,1,2,15,116,4,2,0,159
2026-05-28 13:55:32,3.335,legrandort,16.058,1.524,0,36,0,5.227,4,21.739,12.5,18,0,2,22,137,1,5,0,159
2026-06-24 20:18:32,2.89,legrandort,19.82,3.042,2,15,3,5.318,6,29.167,12.195,21.739,3,2,22,111,5,1,0,159
2026-06-25 17:15:02,3.307,legrandort,15.833,1.675,0,26,2,5.421,3,18.75,13.725,16.216,1,0,19,120,1,4,0,159
2026-06-29 18:09:56,2.983,legrandort,17.266,1.274,0,26,3,6.125,1,29.63,17.143,9.524,1,0,24,139,1,5,0,159
2026-01-02 13:57:28,6.642,Skychael,24.468,4.643,1,9,0,4.826,4,18.182,33.333,12.5,3,1,23,94,3,2,0,160
2026-01-04 11:41:01,6.741,Skychael,28.226,6.876,2,20,1,4.171,16,20,28.571,35.484,5,9,35,124,4,2,0,160
2026-01-04 14:34:40,6.948,Skychael,23.529,5.299,2,25,0,4.0,10,29.167,13.636,32.353,3,6,24,102,2,3,0,160
2026-01-05 14:10:20,6.848,Skychael,23.853,5.844,1,11,1,4.731,9,25,22.917,24.242,5,3,26,109,6,0,0,160
2026-01-09 14:00:22,7.46,Skychael,21.656,3.372,0,30,1,5.176,10,26.667,20,21.154,2,5,34,157,4,2,0,160
2026-01-15 18:44:32,7.679,Skychael,23.288,4.43,1,17,0,4.471,9,40.541,20.635,13.043,4,3,34,146,4,1,1,160
2026-01-16 18:32:49,7.98,Skychael,25.664,4.929,1,23,1,4.276,8,39.13,24.074,19.444,1,7,29,113,3,2,0,160
2026-01-17 10:53:12,8.07,Skychael,22.561,4.888,0,27,5,4.973,12,35.135,18.571,19.298,4,5,37,164,0,6,0,160
2026-01-18 10:29:54,7.468,Skychael,25.984,4.546,3,21,0,5.0,8,29.63,20,34.286,5,2,33,127,3,2,0,160
2026-01-20 11:16:49,7.57,Skychael,25.0,4.899,2,25,1,4.167,12,17.857,18.182,40.541,6,5,30,120,3,3,0,160
2026-01-29 13:10:54,7.569,Skychael,26.718,4.497,0,24,0,5.086,11,36,30.769,14.634,1,8,35,131,3,3,0,160
2026-02-16 18:20:23,7.598,Skychael,25.0,4.617,2,34,0,4.317,19,27.778,19.277,33.333,3,8,41,164,3,3,0,160
2026-02-18 16:22:28,7.593,Skychael,32.394,5.579,1,28,0,4.739,11,48.571,28.07,26,2,10,46,142,1,5,0,160
2026-02-23 11:23:01,7.213,Skychael,26.415,4.734,0,22,0,4.429,15,28.889,20.548,34.146,5,5,42,159,2,4,0,160
2026-02-24 21:10:41,7.213,Skychael,25.49,5.412,5,14,1,4.231,11,31.034,18.868,35,8,0,26,102,3,3,0,160
2026-02-25 11:19:38,7.033,Skychael,24.812,5.543,3,25,0,4.242,13,26.667,26.389,19.355,10,1,33,133,4,2,0,160
2026-02-27 19:13:22,7.217,Skychael,26.042,4.775,1,6,0,4.76,5,44.444,15.217,26.087,3,2,25,96,3,2,0,160
2026-03-02 11:58:43,7.313,Skychael,25.0,7.823,4,21,1,4.29,16,23.529,32.558,19.149,7,8,31,124,4,2,0,160
2026-03-02 19:23:01,7.512,Skychael,25.664,4.548,2,15,0,4.759,7,33.333,21.154,26.471,5,1,29,113,4,2,0,160
2026-03-04 14:45:10,7.707,Skychael,23.016,3.781,1,29,0,4.897,7,16,23.333,26.829,2,2,29,126,3,3,0,160
2026-03-05 09:50:08,7.708,Skychael,24.648,5.03,4,37,1,4.543,13,27.778,28.07,18.367,7,3,35,142,2,4,0,160
2026-03-06 10:48:41,7.512,Skychael,33.113,6.84,10,47,0,4.32,22,47.5,26.786,29.091,12,5,50,151,3,3,0,160
2026-03-08 10:05:52,7.519,Skychael,23.973,4.059,0,30,0,5.171,8,28.571,24.658,20,3,5,35,146,2,3,1,160
2026-03-09 19:09:10,7.438,Skychael,18.382,3.036,1,25,1,4.68,8,19.444,21.311,12.821,3,5,25,136,1,5,0,160
2026-03-10 10:21:36,7.052,Skychael,30.872,5.598,2,28,1,4.848,13,25,33.333,30.612,7,4,46,149,3,3,0,160
2026-03-16 10:28:16,7.072,Skychael,29.63,5.482,1,27,0,4.979,13,39.13,29.577,20,2,6,48,162,2,3,1,160
2026-03-16 13:43:54,6.976,Skychael,31.731,7.853,4,19,0,3.879,17,40,31.111,26.471,8,8,33,104,4,2,0,160
2026-03-17 10:03:05,7.171,Skychael,21.849,4.614,3,27,1,4.5,9,29.63,19.298,20,7,2,26,119,2,4,0,160
2026-03-18 14:41:23,6.984,Skychael,25.625,4.68,2,24,2,5.0,11,36.585,24.638,18,4,5,41,160,4,2,0,160
2026-03-19 11:00:41,7.182,Skychael,29.688,6.232,5,32,0,4.158,17,31.25,37.5,17.5,9,4,38,128,2,4,0,160
2026-03-26 10:19:38,6.985,Skychael,29.56,4.736,4,47,0,4.638,18,31.707,28.395,29.73,6,9,47,159,3,3,0,160
2026-03-28 22:07:01,6.991,Skychael,26.786,5.842,0,18,0,4.367,11,20,29.787,30,1,6,30,112,4,1,0,160
2026-03-30 13:56:39,7.277,Skychael,27.711,4.362,1,44,1,4.935,12,36.17,25.61,21.622,4,6,46,166,1,4,1,160
2026-03-31 10:11:52,7.0,Skychael,24.528,5.414,2,28,4,4.821,11,37.143,19.737,22.917,7,3,39,159,3,3,0,160
2026-04-01 14:00:26,6.987,Skychael,26.4,6.044,2,18,3,5.121,8,50,26.316,10,4,4,33,125,2,4,0,160
2026-04-02 13:54:01,6.803,Skychael,19.38,5.526,3,25,0,4.28,9,23.333,18.644,17.5,5,3,25,129,2,4,0,160
2026-04-03 13:50:59,6.62,Skychael,20.29,5.225,2,29,1,3.964,12,19.355,18.182,24.39,5,3,28,138,2,4,0,160
2026-04-06 14:24:31,6.439,Skychael,22.222,4.852,2,49,1,4.342,15,35.897,18.75,17.308,4,9,38,171,3,3,0,160
2026-04-09 18:12:32,6.44,Skychael,26.549,5.425,2,16,0,4.733,10,39.286,22.222,22.5,5,2,30,113,3,2,0,160
2026-04-11 13:56:22,6.528,Skychael,23.009,6.017,3,13,1,4.654,6,13.793,23.636,31.034,4,3,26,113,3,3,0,160
2026-04-12 10:13:20,6.507,Skychael,25.556,4.439,0,11,0,4.826,4,39.13,23.81,16,2,1,23,90,3,2,0,160
2026-04-15 10:03:16,6.595,Skychael,32.0,6.087,4,26,0,5.167,10,44.118,24.615,33.333,6,4,48,150,4,2,0,160
2026-04-17 17:36:21,6.785,Skychael,24.779,6.389,2,13,0,4.071,13,34.783,21.818,22.857,7,3,28,113,2,3,0,160
2026-04-21 10:13:47,6.692,Skychael,25.234,5.635,1,11,0,4.407,8,19.355,25.532,31.034,4,4,27,107,1,4,0,160
2026-04-22 15:13:20,6.412,Skychael,32.812,6.23,2,25,0,4.429,16,41.667,30.769,27.5,7,5,42,128,5,1,0,160
2026-04-28 14:08:03,6.782,Skychael,22.321,5.331,4,25,3,4.32,11,33.333,17.544,24.324,6,1,25,112,3,1,1,160
2026-04-29 13:52:18,6.97,Skychael,23.404,4.667,2,26,0,4.848,8,21.739,17.808,33.333,3,4,33,141,3,3,0,160
2026-05-01 11:41:50,6.995,Skychael,23.622,4.261,1,31,0,4.533,10,35.135,17.308,21.053,4,4,30,127,2,4,0,160
2026-05-07 14:18:37,6.85,Skychael,25.731,4.679,2,36,2,4.932,15,39.583,17.143,24.528,7,4,44,171,3,1,2,160
2026-05-08 18:02:51,7.04,Skychael,27.869,4.133,1,13,0,5.059,6,28.125,30.357,23.529,3,1,34,122,4,1,0,160
2026-05-11 10:54:27,6.85,Skychael,28.788,6.296,7,31,0,4.316,16,28.571,29.63,27.907,11,4,38,132,5,0,1,160
2026-05-13 13:44:45,7.548,Skychael,26.496,4.531,0,11,1,5.258,8,46.154,22.449,19.048,5,0,31,117,4,2,0,160
2026-05-18 11:01:47,7.725,Skychael,31.25,5.479,4,28,1,4.55,12,30.435,34.545,28,6,3,40,128,3,2,1,160
2026-05-26 13:56:18,7.811,Skychael,27.068,5.692,5,30,0,4.194,12,29.032,25,28.571,5,8,36,133,1,5,0,160
2026-05-28 10:37:26,7.45,Skychael,24.06,4.355,1,36,1,4.562,11,29.63,24.242,20,5,4,32,133,6,0,0,160
2026-05-29 13:51:29,7.988,Skychael,25.547,5.134,4,36,0,3.857,18,32.258,22.581,25,6,8,35,137,2,4,0,160
2026-06-01 13:46:50,7.808,Skychael,30.534,5.326,1,17,2,4.725,13,30,32.075,28.947,2,7,40,131,2,3,1,160
2026-06-05 14:41:15,7.73,Skychael,34.667,5.764,1,23,0,4.942,14,40,35.526,29.545,4,4,52,150,3,3,0,160
2026-06-09 13:58:23,7.74,Skychael,32.0,6.827,2,32,1,4.417,19,42.424,37.705,19.643,8,9,48,150,4,2,0,160
2026-06-11 18:19:17,7.92,Skychael,28.319,4.475,2,22,0,4.969,9,51.852,23.333,15.385,3,1,32,113,0,5,0,160
2026-06-18 07:46:33,7.463,Skychael,15.447,4.856,1,24,3,3.789,9,16.129,18.182,10.811,1,6,19,123,3,3,0,160
2026-06-18 14:24:55,7.486,Skychael,27.559,4.791,1,33,0,4.686,9,29.63,30.769,22.917,3,9,35,127,2,3,0,160
2026-06-25 14:15:46,7.387,Skychael,27.273,4.797,2,19,0,5.128,7,29.412,20.968,34.043,5,1,39,143,4,2,0,160
2026-06-29 18:09:56,7.568,Skychael,25.899,3.121,1,26,0,5.611,7,48.148,21.429,19.048,1,3,36,139,1,5,0,160
2026-06-30 14:01:09,7.222,Skychael,22.603,3.514,1,28,1,4.727,5,12.903,29.688,19.608,6,0,33,146,4,2,0,160
2026-07-01 14:17:09,7.131,Skychael,29.63,4.931,0,16,0,4.542,8,33.333,19.444,40.741,6,3,24,81,6,0,0,160
2026-07-01 14:36:06,7.131,Skychael,30.0,5.374,3,31,0,4.467,15,36.111,24.615,32.653,11,3,45,150,6,0,0,160
2026-04-21 00:49:52,2.396,gw13,14.865,1.433,0,18,0,5.727,1,21.053,13.636,11.364,1,0,22,148,2,4,0,166
2026-04-23 05:08:06,2.148,gw13,20.952,2.207,0,21,0,5.273,5,27.778,19.231,20,1,0,22,105,4,1,0,166
2026-04-24 04:52:40,2.527,gw13,15.441,2.942,2,18,1,4.571,8,14.286,12.308,22.222,4,1,21,136,3,3,0,166
2026-06-16 00:10:57,2.529,gw13,20.325,2.755,1,39,1,4.68,6,27.273,21.951,14.286,1,2,25,123,2,3,0,166
2026-01-18 05:07:20,5.178,Lightning,20.0,1.995,1,28,2,5.364,3,25,11.538,30,2,1,22,110,1,4,0,168
2026-01-29 16:37:47,4.834,Lightning,18.095,2.496,0,19,0,5.105,6,36.364,11.628,15,2,1,19,105,0,4,1,168
2026-01-31 08:22:55,4.369,Lightning,22.314,1.505,0,14,3,6.37,0,32,15.789,25.641,0,0,27,121,2,2,1,168
2026-02-22 04:59:06,4.362,Lightning,18.605,3.014,1,25,0,4.792,6,16.129,18.519,20.455,4,2,24,129,5,1,0,168
2026-03-18 14:41:23,4.818,Lightning,21.25,2.816,1,24,0,5.647,7,34.146,18.841,14,1,4,34,160,4,2,0,168
2026-06-04 23:57:00,5.049,Lightning,17.5,1.934,0,35,1,5.393,4,21.429,14.706,18,2,0,28,160,4,2,0,168
2026-06-06 04:57:28,5.277,Lightning,18.243,1.459,0,12,4,6.407,1,24.39,14.754,17.391,3,0,27,148,3,3,0,168
2026-06-18 10:54:28,5.28,Lightning,15.951,1.855,0,32,1,5.385,6,29.268,14.286,7.692,0,3,26,163,2,3,1,168
2026-07-03 13:56:00,5.181,Lightning,19.084,1.822,0,31,2,5.88,4,32.143,19.643,10.638,0,0,25,131,5,1,0,168
2026-01-03 00:30:48,4.454,yashadox,20.611,2.836,1,17,1,5.185,5,26.829,10,27.5,4,0,27,131,2,4,0,169
2026-01-04 11:41:01,4.252,yashadox,23.276,2.897,0,18,0,5.333,4,37.5,22.222,15.789,2,2,27,116,2,4,0,169
2026-01-17 16:40:47,4.042,yashadox,22.464,3.619,2,24,0,5.387,6,21.951,23.729,21.053,3,2,31,138,2,3,0,169
2026-01-17 16:42:16,4.042,yashadox,22.464,3.619,2,24,0,5.387,6,21.951,23.729,21.053,3,2,31,138,2,3,0,169
2026-01-17 22:50:02,4.042,yashadox,26.866,5.095,5,23,0,4.528,12,42.424,22.222,21.053,6,3,36,134,2,4,0,169
2026-01-22 14:29:28,3.736,yashadox,14.173,1.666,0,39,1,5.111,3,29.032,10.606,6.667,1,1,18,127,2,3,1,169
2026-01-22 22:13:39,3.622,yashadox,17.241,3.185,2,23,3,4.65,7,33.333,5,26.923,4,2,20,116,1,4,0,169
2026-01-24 11:00:37,3.314,yashadox,13.559,1.243,0,15,0,5.875,1,23.077,9.434,12.821,1,0,16,118,0,6,0,169
2026-01-26 19:25:39,2.709,yashadox,18.557,1.972,0,14,0,5.556,2,16.667,24.49,10,0,2,18,97,2,3,0,169
2026-01-30 19:32:32,2.6,yashadox,20.0,2.524,0,14,1,5.208,6,25,16.667,20.588,2,0,24,120,2,4,0,169
2026-01-31 16:22:08,2.393,yashadox,16.026,2.764,2,44,1,4.76,7,19.444,14.706,15.385,4,2,25,156,2,4,0,169
2026-02-05 20:53:38,2.207,yashadox,16.993,1.92,0,29,0,5.269,4,22.727,20,6.818,0,0,26,153,5,1,0,169
2026-02-06 18:13:10,2.599,yashadox,23.853,5.264,1,7,0,4.538,10,33.333,30,10.526,5,2,26,109,1,5,0,169
2026-02-07 22:12:56,2.209,yashadox,22.581,3.382,0,29,0,4.914,8,36.364,20,17.021,4,2,35,155,4,2,0,169
2026-02-15 19:18:05,2.401,yashadox,23.77,4.54,2,16,1,4.379,11,50,18.75,14.706,6,1,29,122,3,3,0,169
2026-02-16 18:20:23,2.405,yashadox,18.71,2.306,1,26,0,5.069,7,25.714,18.919,13.043,2,3,29,155,4,2,0,169
2026-02-17 21:05:31,2.613,yashadox,20.0,3.498,1,16,0,5.0,7,28,15.873,21.875,4,2,24,120,3,2,0,169
2026-02-18 16:22:28,2.708,yashadox,20.0,3.142,3,34,2,5.281,6,31.429,23.377,6.25,5,0,32,160,3,3,0,169
2026-02-19 20:56:12,2.709,yashadox,21.311,3.003,1,28,0,5.154,6,25.926,24.561,13.158,5,0,26,122,5,1,0,169
2026-02-27 19:13:22,3.1,yashadox,17.969,3.145,1,25,1,5.087,6,28.571,15.873,13.514,4,2,23,128,1,3,1,169
2026-02-28 18:08:03,2.919,yashadox,22.857,3.178,1,50,0,4.406,8,32.353,18.966,20.833,4,2,32,140,5,1,0,169
2026-03-01 17:42:33,3.29,yashadox,20.408,1.999,0,27,1,5.6,4,34.211,14.286,17.391,0,3,30,147,4,1,0,169
2026-03-05 20:48:03,3.58,yashadox,23.529,2.954,1,36,1,5.25,8,20.69,30.488,11.905,1,1,36,153,5,1,0,169
2026-03-11 10:35:17,3.969,yashadox,23.179,3.65,2,23,2,5.314,7,31.579,23.214,17.544,5,1,35,151,2,4,0,169
2026-03-15 00:14:27,3.783,yashadox,26.613,3.857,2,14,0,5.303,4,35.294,28.814,12.903,3,0,33,124,4,1,0,169
2026-03-16 19:05:41,3.783,yashadox,20.946,2.809,0,27,1,5.194,4,23.529,23.288,14.634,3,0,31,148,3,3,0,169
2026-03-20 19:13:56,3.764,yashadox,18.293,1.632,0,32,4,6.133,1,23.333,15.385,19.643,0,2,30,164,4,1,1,169
2026-04-09 07:20:05,4.05,yashadox,18.548,2.013,0,24,0,5.391,4,27.778,19.643,14,1,2,23,124,5,1,0,169
2026-04-10 21:38:08,4.427,yashadox,22.378,2.884,1,19,0,5.844,2,38.636,12.281,19.048,2,0,32,143,3,2,0,169
2026-04-12 10:13:20,4.526,yashadox,19.672,2.211,0,19,1,5.667,2,37.931,17.241,8.571,0,0,24,122,2,3,0,169
2026-04-17 17:36:21,4.426,yashadox,11.215,1.429,0,18,0,5.417,2,18.182,10.638,7.895,1,0,12,107,3,2,0,169
2026-04-18 16:41:41,4.521,yashadox,14.394,1.096,0,19,1,6.158,1,32.258,9.677,7.692,1,0,19,132,3,3,0,169
2026-04-18 21:12:03,4.539,yashadox,21.053,2.911,1,28,0,4.929,9,22.581,20,21.429,3,2,28,133,1,3,1,169
2026-04-25 21:35:54,4.346,yashadox,25.743,3.494,0,14,0,4.923,8,43.478,18.367,24.138,1,2,26,101,4,2,0,169
2026-05-09 21:37:31,4.533,yashadox,17.308,1.895,4,69,0,4.444,9,17.857,18.75,14.583,7,2,27,156,3,2,1,169
2026-05-11 08:22:11,4.639,yashadox,16.129,2.027,0,22,1,4.867,4,27.273,15.686,5,2,1,15,93,1,5,0,169
2026-05-11 10:54:27,4.28,yashadox,27.152,2.146,0,34,0,5.927,6,44.118,25.352,17.391,2,3,41,151,3,1,2,169
2026-05-12 09:38:12,4.447,yashadox,16.556,1.887,1,44,1,5.0,4,22.857,16.216,11.905,2,3,25,151,1,4,1,169
2026-05-12 18:15:50,4.181,yashadox,18.487,2.955,1,21,1,4.955,6,28.125,16.129,12,2,3,22,119,1,4,0,169
2026-05-13 13:44:45,3.905,yashadox,18.033,2.122,0,13,2,6.0,3,32.258,14.545,11.111,2,1,22,122,1,5,0,169
2026-05-13 16:03:02,3.547,yashadox,17.293,2.121,0,23,1,5.391,2,17.241,16.418,18.919,0,1,23,133,3,3,0,169
2026-05-14 14:18:15,3.562,yashadox,16.788,2.368,1,24,1,5.522,4,36.364,7.463,16.216,2,1,23,137,1,4,1,169
2026-05-15 17:46:44,3.288,yashadox,21.154,3.26,0,17,1,4.909,7,37.5,16.667,15.625,3,2,22,104,3,2,0,169
2026-05-20 18:28:10,3.46,yashadox,15.827,2.373,0,35,1,5.227,7,17.647,21.667,6.667,0,3,22,139,3,3,0,169
2026-05-22 21:04:09,3.464,yashadox,20.0,2.191,1,35,0,5.7,5,38.889,18.182,8.333,2,1,30,150,1,4,0,169
2026-05-25 12:49:49,3.179,yashadox,25.373,3.619,0,15,0,4.941,7,43.75,15.278,30,0,2,34,134,4,2,0,169
2026-05-25 14:28:52,3.347,yashadox,14.545,1.323,0,9,0,5.938,3,36.842,12.963,5.405,1,0,16,110,0,6,0,169
2026-05-30 21:04:03,2.807,yashadox,20.0,2.515,0,9,1,5.217,1,22.727,19.672,18.75,0,2,23,115,3,3,0,169
2026-06-03 18:55:58,2.81,yashadox,19.737,2.337,0,29,0,5.567,5,25.806,16.25,21.951,1,2,30,152,3,2,1,169
2026-06-05 17:50:16,2.885,yashadox,19.492,3.196,1,24,0,5.0,9,24.138,30.612,2.5,3,2,23,118,3,2,0,169
2026-06-19 05:24:35,3.064,yashadox,23.529,3.127,0,15,0,4.667,7,25,21.277,25.806,1,6,24,102,1,5,0,169
2026-07-03 17:57:14,2.706,yashadox,18.333,2.706,1,21,0,5.045,5,26.087,15.686,17.391,2,2,22,120,1,5,0,169
2026-07-05 14:02:38,2.355,yashadox,16.197,1.64,0,25,1,5.87,3,29.032,14.286,9.756,0,1,23,142,3,3,0,169
2026-04-17 14:03:23,0.4,JustAWeirdo,12.676,0.884,0,48,0,5.611,1,9.677,8.065,20.408,1,0,18,142,3,1,1,171
2026-01-27 05:46:13,4.0,oolli,12.121,0.991,0,39,1,5.95,2,17.308,12.121,6.383,1,0,20,165,3,3,0,172
2026-02-04 13:43:18,4.009,oolli,14.754,2.682,1,16,0,4.611,5,12,14.706,17.241,3,1,18,122,3,3,0,172
2026-01-05 07:23:46,-0.427,TateyamaAyano,8.176,0.664,1,58,0,5.538,1,15.909,4.545,6.122,1,0,13,159,4,2,0,174
2026-02-08 11:33:44,-0.183,TateyamaAyano,11.333,1.319,0,40,3,5.059,3,20.588,4.167,15.909,2,1,17,150,2,4,0,174
2026-05-17 09:37:26,-0.42,TateyamaAyano,12.281,1.275,0,10,0,6.0,1,25.926,7.143,9.677,1,0,14,114,4,2,0,174
2026-06-09 23:10:50,-0.194,TateyamaAyano,17.593,1.67,0,20,1,5.263,5,28.571,14,13.333,2,2,19,108,2,4,0,174
2026-01-04 11:41:01,6.872,Kirox,29.839,6.234,1,20,0,4.432,15,23.333,30.159,35.484,4,6,37,124,4,2,0,175
2026-01-04 14:34:40,7.065,Kirox,24.719,5.344,2,15,1,4.273,7,37.037,13.889,26.923,5,4,22,89,3,1,1,175
2026-01-05 14:10:20,7.262,Kirox,17.647,3.394,0,14,0,4.792,8,25,16.667,12.5,4,0,24,136,2,4,0,175
2026-01-06 14:13:54,7.08,Kirox,28.571,4.886,1,21,1,5.31,10,32.353,29.412,24.444,3,3,42,147,2,4,0,175
2026-01-07 14:00:01,6.899,Kirox,34.737,5.183,0,14,0,5.03,7,46.667,35,20,2,2,33,95,3,2,0,175
2026-01-11 19:25:15,6.992,Kirox,27.407,5.285,2,24,0,4.676,15,32.143,17.46,38.636,6,5,37,135,4,2,0,175
2026-01-15 18:44:32,7.207,Kirox,24.204,4.879,4,22,0,4.553,11,36.842,12.5,31.915,6,0,38,157,2,3,1,175
2026-01-16 18:32:49,7.106,Kirox,21.818,4.0,1,28,0,4.542,10,22.727,17.778,25.581,2,2,24,110,1,4,0,175
2026-01-17 10:39:09,6.818,Kirox,28.261,4.322,10,58,0,2.974,26,23.529,22.581,40.476,19,4,39,138,3,1,1,175
2026-01-17 16:40:47,7.016,Kirox,29.412,5.29,2,18,0,4.943,11,37.5,19.298,40,6,1,35,119,4,1,0,175
2026-01-17 16:42:16,7.016,Kirox,29.412,5.29,2,18,0,4.943,11,37.5,19.298,40,6,1,35,119,4,1,0,175
2026-01-18 12:22:26,7.316,Kirox,29.697,4.462,2,50,1,5.0,15,48.837,21.918,24.49,7,5,49,165,2,3,1,175
2026-01-19 13:49:48,7.221,Kirox,23.529,3.896,2,22,0,4.893,8,35.484,16.923,26.087,6,1,28,119,4,2,0,175
2026-01-20 11:16:49,7.398,Kirox,20.611,4.946,4,33,0,3.704,12,30,19.672,15,7,5,27,131,5,1,0,175
2026-01-20 19:15:46,7.763,Kirox,25.352,3.804,0,25,0,4.944,10,30,25.676,21.053,1,6,36,142,2,4,0,175
2026-01-22 09:18:28,7.58,Kirox,20.497,3.582,3,42,2,5.0,7,35.135,15.789,16.667,3,2,33,161,2,4,0,175
2026-01-22 22:13:39,7.381,Kirox,24.031,3.677,1,31,1,4.742,10,36.667,16.923,26.471,2,5,31,129,3,1,1,175
2026-01-23 10:40:06,7.207,Kirox,25.862,5.93,2,11,0,4.733,11,24,20.37,35.135,5,2,30,116,4,2,0,175
2026-01-26 19:25:39,7.726,Kirox,22.881,3.178,1,26,0,5.444,3,19.355,21.429,29.032,2,1,27,118,2,2,1,175
2026-01-27 19:12:40,7.73,Kirox,23.276,5.905,3,18,4,4.333,11,32,18.644,25,3,8,27,116,2,4,0,175
2026-01-29 16:37:47,7.554,Kirox,22.481,3.614,0,38,0,4.483,9,31.25,13.462,26.667,2,5,29,129,2,2,1,175
2026-02-02 20:29:58,7.535,Kirox,22.436,5.479,1,20,2,4.8,10,26.19,18.182,25,6,1,35,156,3,3,0,175
2026-02-03 20:22:50,7.54,Kirox,28.448,6.674,4,23,0,4.152,15,53.846,16,27.5,6,4,33,116,3,3,0,175
2026-02-05 20:53:38,7.545,Kirox,22.4,3.731,1,27,0,4.643,6,41.176,14.516,17.241,1,5,28,125,3,3,0,175
2026-02-09 18:53:08,7.554,Kirox,21.429,2.794,0,19,1,5.042,5,31.034,14.583,22.857,1,1,24,112,1,4,0,175
2026-02-15 19:18:05,7.269,Kirox,19.512,3.199,0,24,1,4.5,8,21.053,10.714,29.167,0,5,24,123,1,5,0,175
2026-02-19 20:56:12,6.893,Kirox,24.832,4.653,2,35,1,4.703,14,32.5,10.909,33.333,6,6,37,149,1,5,0,175
2026-02-22 17:23:05,6.529,Kirox,21.769,3.886,1,24,1,4.906,8,36.364,15.476,26.829,5,5,32,147,2,4,0,175
2026-02-24 21:10:41,6.342,Kirox,24.444,3.325,2,31,0,4.939,9,45.161,16.129,21.429,3,1,33,135,4,2,0,175
2026-02-27 19:13:22,6.521,Kirox,22.826,3.993,0,7,0,4.952,6,40.909,14.634,20.69,3,1,21,92,0,5,0,175
2026-02-28 11:06:18,6.059,Kirox,24.419,3.371,1,33,1,5.667,6,39.474,17.5,24.074,3,2,42,172,5,0,1,175
2026-03-02 19:23:01,6.515,Kirox,24.793,4.611,1,26,0,4.667,9,32,21.818,24.39,5,3,30,121,4,2,0,175
2026-03-05 09:50:08,6.694,Kirox,22.764,3.961,2,28,0,4.643,9,27.586,23.636,17.949,5,1,28,123,3,3,0,175
2026-03-05 20:48:03,6.701,Kirox,26.761,3.545,1,25,1,5.079,9,40,22.222,23.077,4,2,38,142,0,6,0,175
2026-03-06 10:48:41,6.147,Kirox,21.127,2.669,1,47,1,4.933,7,26.316,13.115,27.907,3,2,30,142,2,4,0,175
2026-03-07 13:52:35,5.956,Kirox,20.29,2.625,0,29,0,5.429,4,35.714,19.697,11.364,0,4,28,138,1,4,0,175
2026-03-08 10:05:52,5.685,Kirox,21.138,1.959,0,16,3,6.115,3,20.69,18.644,25.714,2,0,26,123,5,0,1,175
2026-03-09 14:33:55,6.14,Kirox,18.44,3.874,1,23,1,5.077,9,26.471,14.925,17.5,3,5,26,141,1,5,0,175
2026-03-10 10:21:36,5.773,Kirox,24.161,2.251,0,28,1,5.778,4,32.143,19.444,26.531,1,0,36,149,3,3,0,175
2026-03-10 19:04:37,5.793,Kirox,27.193,3.849,1,12,0,5.355,3,28.571,27.778,25,2,1,31,114,0,5,1,175
2026-03-19 11:00:41,5.342,Kirox,27.95,4.197,1,43,1,4.867,17,42.5,23.944,22,6,6,45,161,2,3,1,175
2026-03-19 19:00:40,5.254,Kirox,23.529,4.712,3,25,0,4.861,10,35.484,16.923,24.561,5,3,36,153,3,3,0,175
2026-03-22 14:22:46,5.249,Kirox,21.774,4.788,3,39,0,4.296,11,16,24.561,21.429,7,4,27,124,3,2,0,175
2026-03-23 19:15:16,5.341,Kirox,28.431,3.91,0,14,0,5.069,5,25.926,22,44,1,4,29,102,2,3,0,175
2026-03-24 10:46:54,5.245,Kirox,24.204,3.512,1,39,1,5.158,11,40,21.212,15.686,1,5,38,157,2,3,1,175
2026-03-26 10:19:38,5.151,Kirox,25.166,3.36,2,47,1,4.816,10,25,20.253,32.692,5,3,38,151,3,3,0,175
2026-03-30 21:39:33,5.145,Kirox,33.594,4.541,0,23,0,5.023,11,58.333,23.729,24.242,4,5,43,128,3,3,0,175
2026-03-31 10:11:52,5.144,Kirox,31.034,5.282,1,11,0,5.244,11,38.889,28.571,28.261,3,1,45,145,5,1,0,175
2026-04-06 14:24:31,5.512,Kirox,26.667,5.15,2,18,0,4.812,11,40,15.789,33.333,5,6,32,120,3,3,0,175
2026-04-09 07:20:05,5.493,Kirox,25.0,4.77,2,24,1,4.419,13,33.333,28.571,18,7,3,31,124,5,1,0,175
2026-04-10 07:34:26,5.854,Kirox,24.476,3.202,0,27,1,5.429,7,32.432,18.182,27.5,0,2,35,143,1,4,0,175
2026-04-17 07:29:19,5.58,Kirox,27.143,4.458,3,23,0,4.789,8,37.5,26.866,19.512,4,3,38,140,3,3,0,175
2026-04-17 17:36:21,5.572,Kirox,19.626,3.168,0,18,0,4.762,6,31.818,10.638,23.684,1,3,21,107,3,2,0,175
2026-04-30 07:23:58,5.663,Kirox,23.913,4.314,3,21,0,4.697,8,32.258,28.814,12.5,4,3,33,138,4,2,0,175
2026-05-01 11:41:50,5.869,Kirox,24.627,5.013,4,28,0,4.424,13,30,26.23,18.605,4,4,33,134,4,1,1,175
2026-05-04 13:50:06,6.129,Kirox,18.367,2.69,0,27,3,5.333,5,34.286,14.286,11.905,4,0,27,147,3,3,0,175
2026-05-07 07:15:21,6.117,Kirox,24.818,4.134,2,18,0,4.882,7,26.471,28.333,18.605,2,0,34,137,3,3,0,175
2026-05-11 08:22:11,6.111,Kirox,24.731,3.656,1,22,0,4.522,7,40.909,23.529,10,2,5,23,93,1,5,0,175
2026-05-11 18:11:15,5.753,Kirox,31.959,6.5,3,12,0,4.774,8,40.909,31.373,25,3,2,31,97,2,4,0,175
2026-05-12 18:15:50,5.569,Kirox,26.277,3.316,1,32,0,5.5,7,35.294,26.761,15.625,2,3,36,137,2,3,0,175
2026-05-18 21:53:11,5.472,Kirox,25.984,4.945,3,23,0,4.545,11,33.333,24.138,22.222,5,5,33,127,4,2,0,175
2026-05-22 21:04:09,5.647,Kirox,29.0,6.012,1,18,0,4.276,13,37.037,24.39,28.125,4,4,29,100,4,1,0,175
2026-05-26 08:23:25,5.919,Kirox,30.189,4.1,0,21,0,5.521,8,37.838,25.373,30.909,2,2,48,159,3,2,1,175
2026-06-04 07:25:31,5.999,Kirox,24.841,3.888,2,45,0,4.385,17,38.889,20.29,21.154,6,3,39,157,2,3,1,175
2026-06-04 18:25:20,5.914,Kirox,25.85,3.889,1,22,1,5.132,9,43.59,19.697,19.048,2,2,38,147,3,3,0,175
2026-06-05 08:39:16,5.922,Kirox,29.375,4.479,2,39,0,4.936,12,50,22.535,24.528,4,4,47,160,4,2,0,175
2026-06-10 21:20:02,6.106,Kirox,26.19,4.249,1,27,0,4.848,9,36.364,16.667,30.769,3,8,33,126,4,1,0,175
2026-06-11 18:19:17,6.374,Kirox,31.618,4.656,2,24,0,5.047,9,38.71,25,39.394,8,1,43,136,4,1,0,175
2026-06-12 14:04:43,6.654,Kirox,27.778,5.357,2,13,2,4.767,8,42.308,20,27.027,3,5,30,108,2,2,1,175
2026-06-16 23:18:25,6.653,Kirox,20.301,3.267,0,31,1,4.963,7,34.375,15.517,16.279,4,1,27,133,2,2,1,175
2026-06-18 10:54:28,6.655,Kirox,26.136,3.593,2,32,0,5.304,7,48.649,19.355,21.739,4,1,46,176,3,1,2,175
2026-06-29 18:09:56,6.813,Kirox,27.465,4.784,2,26,1,4.846,11,38.889,23.529,23.684,3,3,39,142,3,3,0,175
2026-06-30 14:01:09,6.808,Kirox,23.529,6.501,4,23,1,3.643,14,41.667,19.231,9.677,7,3,28,119,2,4,0,175
2026-07-03 21:32:13,6.641,Kirox,29.282,4.051,2,24,1,5.377,9,30.909,28.235,29.268,3,3,53,181,2,1,3,175
2026-05-15 07:01:20,7.427,Spitzell,26.389,4.669,5,41,0,4.5,15,40,22.727,22.917,6,6,38,144,2,4,0,176
2026-01-12 05:30:57,10.467,oh95,37.634,6.986,0,5,0,4.629,9,61.905,27.273,35.714,1,9,35,93,3,2,0,177
2026-01-18 07:26:58,10.559,oh95,29.032,6.094,1,27,0,4.778,14,41.379,23.377,30.612,5,3,45,155,4,2,0,177
2026-01-20 11:16:49,10.748,oh95,34.167,6.925,2,25,0,4.024,16,57.143,21.818,35.135,6,12,41,120,3,3,0,177
2026-01-23 10:40:06,10.559,oh95,25.833,4.337,0,13,0,4.968,7,36.111,22.642,19.355,1,3,31,120,0,6,0,177
2026-02-21 07:37:52,10.175,oh95,28.758,4.788,1,28,1,5.205,8,45.455,23.944,24.49,3,2,44,153,2,3,1,177
2026-02-23 11:23:01,10.068,oh95,34.965,8.176,3,29,1,3.96,21,45.652,25,37.838,9,6,50,143,5,1,0,177
2026-02-26 01:09:58,10.454,oh95,27.778,4.619,1,27,0,4.925,12,43.75,22.222,24.49,3,2,40,144,2,4,0,177
2026-02-28 11:06:18,10.256,oh95,18.939,2.626,0,25,0,5.52,3,37.5,13.846,16.279,2,1,25,132,0,6,0,177
2026-03-01 07:10:28,9.681,oh95,34.211,8.189,4,31,0,4.577,22,57.895,30.645,21.154,6,8,52,152,3,2,1,177
2026-03-02 11:58:43,9.785,oh95,29.078,4.029,1,21,0,5.561,5,44.444,26.866,18.421,1,2,41,141,4,2,0,177
2026-03-03 09:00:41,9.967,oh95,27.642,6.243,2,23,0,4.353,12,45.714,24,15.789,7,5,34,123,2,4,0,177
2026-03-04 05:02:33,9.76,oh95,35.0,7.311,3,14,1,4.5,16,57.143,27.869,34.211,4,8,42,120,4,2,0,177
2026-03-09 05:38:02,9.948,oh95,36.0,6.193,2,13,4,5.352,6,40.541,34.783,34.091,5,1,54,150,5,1,0,177
2026-04-19 14:28:30,10.318,oh95,30.37,5.246,1,29,1,4.951,12,45.946,26.866,19.355,2,7,41,135,2,4,0,177
2026-05-04 18:44:00,10.125,oh95,38.168,7.037,2,22,0,4.76,14,56.098,26.923,34.211,4,10,50,131,3,2,0,177
2026-05-06 23:26:01,10.215,oh95,30.405,6.307,5,43,0,3.933,20,40,27.273,27.66,8,9,45,148,5,1,0,177
2026-05-16 04:37:10,10.6,oh95,35.577,7.987,2,22,0,4.162,13,71.429,20.408,25.926,3,8,37,104,3,2,0,177
2026-05-17 09:37:26,10.771,oh95,29.825,5.863,1,10,1,4.765,9,48.148,21.429,29.032,3,3,34,114,4,2,0,177
2026-05-17 15:14:41,10.959,oh95,30.435,4.677,0,26,1,5.531,12,47.619,22.222,27.66,0,7,49,161,1,5,0,177
2026-05-19 14:12:22,10.595,oh95,36.0,7.719,5,34,0,4.444,18,50,32.877,30.233,7,7,54,150,1,4,1,177
2026-05-20 08:34:07,10.311,oh95,27.941,6.612,3,23,0,4.316,14,48.571,22.388,17.647,6,9,38,136,2,4,0,177
2026-05-21 14:29:56,10.087,oh95,32.0,4.459,1,24,0,5.375,9,48.649,25.373,28.261,2,6,48,150,3,3,0,177
2026-05-24 13:57:54,10.081,oh95,25.0,3.481,0,29,1,4.926,8,36.364,25.49,17.143,2,4,27,108,3,2,0,177
2026-01-02 13:57:28,23.357,Eryth,71.277,30.908,17,9,0,3.03,42,77.273,77.083,54.167,21,18,67,94,3,2,0,178
2026-01-05 14:10:20,23.465,Eryth,66.055,24.313,10,11,0,3.708,38,67.857,75,51.515,20,10,72,109,6,0,0,178
2026-01-06 14:13:54,24.138,Eryth,70.068,27.08,21,21,0,3.612,59,76.471,75,57.778,25,29,103,147,2,4,0,178
2026-01-07 14:00:01,23.928,Eryth,73.684,27.01,14,7,0,3.143,45,84.615,77.778,54.167,20,27,70,95,0,5,0,178
2026-01-09 14:00:22,23.365,Eryth,72.519,26.792,20,15,0,3.558,50,84,74.286,61.111,29,18,95,131,3,3,0,178
2026-01-12 05:30:57,23.35,Eryth,71.545,24.914,12,17,0,3.25,54,84,73.333,60.526,13,43,88,123,0,4,1,178
2026-02-02 13:53:19,22.912,Eryth,64.789,21.883,7,22,0,3.761,50,77.778,65.278,55.814,13,28,92,142,3,3,0,178
2026-02-04 13:43:18,22.896,Eryth,75.41,28.793,22,16,0,2.88,64,72,83.824,58.621,29,34,92,122,3,3,0,178
2026-02-11 13:43:55,22.901,Eryth,63.566,26.586,10,18,0,3.171,51,71.875,66.667,50,16,30,82,129,4,2,0,178
2026-02-14 14:04:22,23.111,Eryth,62.5,25.415,17,21,0,3.329,51,59.259,70,55.102,23,21,85,136,3,3,0,178
2026-02-20 14:01:01,23.116,Eryth,78.431,25.648,18,14,0,3.767,60,84.444,80.556,66.667,25,28,120,153,5,1,0,178
2026-03-07 13:52:35,23.527,Eryth,73.913,29.421,16,13,0,3.044,47,80.769,79.545,54.545,22,21,68,92,3,2,0,178
2026-06-18 07:46:33,23.638,Eryth,66.379,27.428,9,18,0,2.974,58,70,71.875,53.125,18,31,77,116,4,2,0,178
2026-06-19 22:59:11,23.849,Eryth,73.759,25.656,14,18,0,3.519,61,96.429,73.077,57.143,18,40,104,141,1,3,1,178
2026-06-21 22:16:46,23.642,Eryth,64.035,21.828,11,17,0,3.603,38,70,71.698,45.161,16,18,73,114,3,2,0,178
2026-06-22 22:49:49,23.723,Eryth,70.543,26.147,16,16,0,3.044,61,76.471,79.31,51.351,18,35,91,129,0,5,0,178
2026-01-20 00:30:42,7.768,Floth,25.175,4.301,3,27,1,4.944,11,20.455,26.786,27.907,6,6,36,143,3,3,0,179
2026-02-06 18:13:10,7.772,Floth,23.333,5.486,2,9,0,4.357,10,25,17.308,30.556,5,2,28,120,2,4,0,179
2026-03-01 17:42:33,7.58,Floth,19.643,4.04,4,20,3,4.682,8,23.333,15.789,24,4,2,22,112,3,2,0,179
2026-03-04 14:45:10,7.669,Floth,20.635,5.546,3,29,2,4.077,12,24,13.333,29.268,7,4,26,126,3,3,0,179
2026-03-15 00:14:27,7.67,Floth,20.339,5.108,0,24,0,4.167,12,32.143,12.5,21.429,3,6,24,118,0,5,0,179
2026-05-15 17:46:44,7.108,Floth,14.607,1.974,0,28,1,4.769,2,20,6.818,23.333,1,0,13,89,0,5,0,179
2026-05-17 07:27:17,6.024,Floth,18.116,3.621,2,52,2,3.88,12,16.129,16.949,20.833,5,4,25,138,1,3,1,179
2026-05-30 04:57:21,5.803,Floth,20.588,2.289,0,8,4,5.821,2,32.143,12.857,26.316,2,0,28,136,3,3,0,179
2026-06-01 13:46:50,5.802,Floth,23.932,3.485,0,17,0,4.893,6,26.923,20.339,28.125,2,2,28,117,5,1,0,179
2026-06-05 17:50:16,6.225,Floth,15.574,2.519,1,23,3,4.789,6,12.5,21.569,10.256,5,0,19,122,1,4,0,179
2026-06-07 04:19:09,5.608,Floth,24.793,3.734,1,11,3,5.433,6,32.143,21.818,23.684,2,4,30,121,2,3,0,179
2026-06-12 18:27:27,5.404,Floth,23.134,5.402,3,13,2,4.968,10,19.231,17.391,35.897,6,1,31,134,4,2,0,179
2026-02-22 04:59:06,3.294,psirockin,10.577,1.777,0,13,1,4.818,4,14.286,9.091,9.375,1,1,11,104,2,4,0,180
2026-02-23 11:23:01,3.039,psirockin,15.723,2.562,1,22,1,4.8,7,11.111,19.178,14.634,3,0,25,159,2,4,0,180
2026-02-25 09:17:06,3.039,psirockin,19.76,3.224,1,31,3,4.97,7,20.588,22.989,13.043,2,4,33,167,5,1,0,180
2026-04-06 18:07:46,3.305,psirockin,15.217,2.318,0,21,2,5.381,4,21.053,11.475,15.385,1,3,21,138,3,3,0,180
2026-01-04 14:34:40,7.0,Yolowolf75,17.647,2.986,1,25,0,4.722,5,54.167,9.091,2.941,4,0,18,102,2,3,0,181
2026-03-23 04:20:46,6.0,redeyes,18.634,2.794,0,23,1,5.0,3,26.667,13.889,18.182,0,2,30,161,1,5,0,191
2026-04-10 07:34:26,5.518,redeyes,21.538,3.51,0,12,1,4.857,7,19.355,23.529,19.355,0,2,28,130,5,0,0,191
2026-04-11 07:24:55,6.108,redeyes,23.276,5.348,3,6,0,5.185,7,14.286,27.119,22.222,5,0,27,116,4,2,0,191
2026-04-16 00:39:38,6.337,redeyes,28.07,5.441,2,16,0,4.594,9,26.471,32.653,22.581,3,5,32,114,1,4,0,191
2026-04-19 09:37:53,5.98,redeyes,19.82,3.578,1,16,1,5.182,4,23.333,17.021,20.588,2,3,22,111,3,2,0,191
2026-04-21 00:49:52,6.101,redeyes,29.752,6.354,2,15,0,4.278,14,34.615,23.214,35.897,3,5,36,121,2,4,0,191
2026-04-22 06:15:10,5.877,redeyes,22.449,2.658,0,12,0,5.773,2,38.095,15.385,24,1,0,22,98,3,2,0,191
2026-04-23 05:08:06,5.985,redeyes,26.154,4.648,2,25,0,4.618,13,34.615,20.755,27.451,5,6,34,130,3,2,0,191
2026-04-24 04:52:40,6.106,redeyes,24.39,3.551,1,13,0,4.833,7,15.789,23.944,30.303,1,3,30,123,3,3,0,191
2026-04-25 06:26:43,6.097,redeyes,25.316,3.879,0,17,1,5.4,5,37.838,18.056,26.531,2,1,40,158,3,3,0,191
2026-04-25 21:35:54,6.097,redeyes,27.273,4.303,1,22,0,4.758,11,21.739,29.825,26.829,4,2,33,121,2,4,0,191
2026-04-26 04:32:57,5.885,redeyes,25.385,4.68,0,11,5,5.091,8,29.032,24.615,23.529,2,4,33,130,3,3,0,191
2026-04-28 05:07:35,5.887,redeyes,23.438,5.285,1,13,0,4.133,14,33.333,18.75,23.529,4,5,30,128,3,3,0,191
2026-05-16 04:37:10,5.881,redeyes,26.119,3.433,0,27,0,5.257,6,30.435,23.077,30.303,4,0,35,134,2,2,1,191
2026-05-17 07:27:17,5.88,redeyes,19.565,3.298,2,52,0,4.333,11,22.581,22.034,14.583,3,4,27,138,1,3,1,191
2026-05-31 06:42:17,5.671,redeyes,23.077,2.543,0,28,6,5.929,5,22.449,20.455,28.889,2,1,42,182,2,3,1,191
2026-06-10 21:20:02,5.569,redeyes,26.087,4.798,1,22,0,4.567,11,38.71,22.222,20,4,2,30,115,2,3,0,191
2026-06-11 04:24:29,5.474,redeyes,23.81,3.361,1,13,1,5.28,3,19.048,22.449,28.571,2,0,25,105,2,3,0,191
2026-06-16 00:10:57,5.37,redeyes,22.018,3.88,4,37,2,4.708,8,33.333,16.327,20,6,2,24,109,5,0,0,191
2026-06-22 00:04:06,5.886,redeyes,29.293,5.429,1,10,1,5.069,7,33.333,36.735,15.625,2,3,29,99,4,1,0,191
2026-06-30 05:07:25,6.186,redeyes,21.333,4.221,2,10,4,5.562,5,27.273,13.636,27.451,2,3,32,150,2,4,0,191
2026-03-10 19:04:37,16.0,Math1234,44.275,9.922,0,16,0,4.379,21,58.621,41.667,38.095,7,14,58,131,4,2,0,194
2026-05-24 19:25:18,16.24,Math1234,49.383,13.034,7,32,0,4.188,36,57.143,57.143,32,11,16,80,162,3,2,1,194
2026-06-09 18:18:54,16.361,Math1234,56.618,14.544,5,18,0,4.026,35,73.529,46.97,58.333,12,17,77,136,2,4,0,194
2026-04-12 10:13:20,3.64,BijouKoseki,19.318,4.528,2,5,1,4.765,4,19.355,15.625,24,3,1,17,88,2,3,0,199
2026-04-13 04:24:01,3.539,BijouKoseki,15.862,2.672,1,27,3,5.652,6,14.286,17.808,13.636,2,2,23,145,3,3,0,199
2026-04-14 05:05:01,3.538,BijouKoseki,20.472,2.138,0,22,0,5.692,3,35.294,14.035,16.667,0,1,26,127,2,2,1,199
2026-04-15 10:03:16,3.542,BijouKoseki,21.569,2.653,0,21,2,5.788,5,28.947,14.667,27.5,1,3,33,153,4,2,0,199
2026-04-16 06:43:37,3.731,BijouKoseki,18.954,2.807,0,33,0,4.207,12,27.027,15.942,17.021,4,2,29,153,4,2,0,199
2026-04-20 22:24:29,3.935,BijouKoseki,19.355,2.319,0,31,1,5.083,3,25,20,14.286,0,1,24,124,4,1,0,199
2026-04-21 00:49:52,4.222,BijouKoseki,17.333,2.164,0,24,0,5.5,3,22.727,14.286,16.667,1,2,26,150,2,4,0,199
2026-04-23 05:08:06,4.048,BijouKoseki,18.033,2.238,1,42,0,5.182,4,23.81,11.667,24.39,2,2,22,122,3,2,0,199
2026-04-24 04:52:40,4.139,BijouKoseki,17.647,2.85,2,25,0,4.792,5,27.778,11.667,17.5,2,3,24,136,1,4,1,199
2026-05-04 06:27:59,3.852,BijouKoseki,22.148,3.335,1,32,0,4.545,13,19.512,29.508,14.894,2,3,33,149,5,1,0,199
2026-05-07 07:15:21,4.236,BijouKoseki,18.436,2.456,0,29,0,5.364,6,22.857,18.681,15.094,2,3,33,179,3,2,1,199
2026-05-11 10:54:27,4.336,BijouKoseki,14.729,1.939,0,31,0,5.053,6,29.63,7.018,15.556,2,2,19,129,1,4,1,199
2026-05-16 10:16:26,4.056,BijouKoseki,18.462,4.22,2,12,0,4.792,7,11.429,18.75,25.806,5,2,24,130,5,1,0,199
2026-05-25 07:30:37,4.782,BijouKoseki,18.939,2.562,0,23,0,5.28,7,22.727,17.647,19.048,1,0,25,132,0,6,0,199
2026-05-25 12:49:49,4.216,BijouKoseki,14.167,2.576,2,21,0,5.059,4,22.222,8.772,14.815,3,2,17,120,3,3,0,199
2026-05-28 10:37:26,4.224,BijouKoseki,11.0,1.148,1,28,0,6.0,2,18.182,4.255,16.129,1,0,11,100,0,6,0,199
2026-05-30 09:01:45,3.656,BijouKoseki,23.611,3.111,0,31,2,5.676,5,27.273,18.571,29.268,1,4,34,144,3,3,0,199
2026-05-31 11:11:49,3.653,BijouKoseki,15.217,1.567,0,22,1,5.571,4,9.091,17.647,16.216,2,1,21,138,3,2,1,199
2026-06-01 05:57:19,3.656,BijouKoseki,18.254,2.494,0,25,0,4.783,5,22.857,15.625,18.519,2,2,23,126,3,3,0,199
2026-06-04 07:25:31,3.748,BijouKoseki,17.105,1.947,2,43,0,5.231,7,28.571,12.5,13.043,3,3,26,152,3,3,0,199
2026-06-09 23:10:50,3.731,BijouKoseki,28.205,3.671,4,42,1,4.795,14,30.952,25.758,29.167,6,4,44,156,4,2,0,199
2026-06-10 09:01:42,3.91,BijouKoseki,18.939,2.23,0,24,2,5.64,4,20.588,23.077,13.043,0,3,25,132,5,1,0,199
2026-06-10 21:20:02,4.28,BijouKoseki,18.125,2.573,0,44,2,5.138,7,36.111,14.815,9.302,2,3,29,160,2,3,0,199
2026-06-13 04:37:13,4.178,BijouKoseki,22.951,2.954,1,11,3,6.0,2,16.667,23.333,28.125,2,0,28,122,4,1,0,199
2026-06-16 00:10:57,4.46,BijouKoseki,13.821,1.869,0,39,0,4.824,6,24.242,7.317,12.245,2,3,17,123,2,3,0,199
2026-06-19 19:28:06,4.373,BijouKoseki,19.108,2.208,0,21,2,5.6,4,19.355,11.842,30,2,0,30,157,4,1,1,199
2026-06-19 21:13:50,4.65,BijouKoseki,16.505,2.74,0,14,0,4.824,4,18.182,22.917,6.061,1,0,17,103,2,3,0,199
2026-01-02 00:57:04,7.168,rorf,27.273,4.677,4,41,0,4.833,15,33.333,24.691,26.415,5,9,48,176,3,2,1,201
2026-01-03 00:30:48,7.265,rorf,22.4,4.688,2,24,0,4.357,11,24.39,23.077,18.75,4,5,28,125,4,2,0,201
2026-01-07 14:00:01,7.466,rorf,18.889,3.554,0,17,1,4.706,6,24.138,8.889,37.5,4,0,17,90,3,2,0,201
2026-01-18 05:07:20,7.578,rorf,21.905,4.844,4,34,0,3.826,12,23.077,18.367,26.667,7,1,23,105,2,3,0,201
2026-01-20 00:30:42,7.479,rorf,17.931,3.493,2,29,4,4.923,9,17.391,21.667,12.821,4,4,26,145,4,2,0,201
2026-01-22 14:29:28,7.675,rorf,23.214,4.001,2,21,0,4.538,9,21.622,31.915,10.714,4,2,26,112,1,5,0,201
2026-01-29 00:15:00,7.28,rorf,25.49,4.03,2,41,0,4.615,12,30.233,20.833,28.947,3,7,39,153,3,3,0,201
2026-02-05 15:04:09,7.29,rorf,28.477,5.325,3,24,2,5.163,12,25.581,29.577,29.73,3,2,43,151,3,3,0,201
2026-02-19 20:56:12,7.306,rorf,18.261,2.7,1,28,2,4.905,6,29.167,16.667,13.514,2,2,21,115,4,2,0,201
2026-02-22 17:23:05,7.499,rorf,16.154,3.46,0,13,2,4.571,9,12.5,11.429,27.778,1,8,21,130,1,5,0,201
2026-03-01 17:42:33,7.1,rorf,26.446,3.278,1,24,0,5.25,7,26.923,26.923,25.581,2,2,32,121,2,3,0,201
2026-03-02 11:58:43,6.998,rorf,17.647,4.049,2,22,1,4.958,6,25.641,11.111,18.605,4,1,24,136,1,5,0,201
2026-03-07 00:48:43,6.593,rorf,24.603,4.485,1,14,2,4.806,7,27.778,17.308,31.579,4,1,31,126,3,3,0,201
2026-03-16 13:43:54,6.569,rorf,21.212,5.481,4,39,2,3.679,14,35.714,15.254,20,5,7,28,132,1,5,0,201
2026-05-12 14:05:09,3.621,Torradinhas,18.293,3.37,3,41,0,4.533,11,19.355,15.909,22.222,4,2,30,164,4,2,0,214
2026-05-12 18:15:50,3.869,Torradinhas,19.811,3.055,0,24,0,4.952,5,29.032,18.182,12.903,2,1,21,106,1,4,0,214
2026-01-11 02:20:53,4.859,ShelterRin,19.31,2.219,0,39,0,5.321,5,21.429,13.793,24.444,0,3,28,145,1,5,0,217
2026-01-14 05:49:52,4.427,ShelterRin,23.478,2.209,0,13,2,5.963,1,24,26.415,18.919,0,3,27,115,5,1,0,217
2026-01-17 05:38:38,4.854,ShelterRin,18.692,3.446,0,7,0,5.1,6,34.783,12.963,16.667,3,1,20,107,1,4,0,217
2026-04-12 04:56:46,4.542,ShelterRin,20.0,3.186,1,21,0,5.222,5,21.212,15.686,23.529,2,1,27,135,4,2,0,217
2026-04-18 21:12:03,4.741,ShelterRin,25.203,4.087,0,19,0,4.419,10,24.242,12.727,45.714,4,10,31,123,4,1,0,217
2026-04-19 07:32:45,5.06,ShelterRin,19.286,2.491,1,32,0,4.963,6,20.93,12.069,28.205,2,3,27,140,1,5,0,217
2026-05-02 23:23:31,4.657,ShelterRin,20.833,3.909,2,36,1,4.56,10,33.333,14.062,25,3,3,25,120,4,0,1,217
2026-05-03 13:50:06,5.063,ShelterRin,21.481,2.567,0,31,0,5.345,5,32.353,20,14.634,1,3,29,135,3,2,0,217
2026-05-04 06:27:59,5.174,ShelterRin,23.664,3.511,1,27,1,4.548,9,30.303,25,15.789,1,6,31,131,2,4,0,217
2026-05-09 21:37:31,4.97,ShelterRin,21.019,1.407,1,73,0,4.97,5,14.286,16.901,31.373,2,4,33,157,2,4,0,217
2026-05-17 07:27:17,4.766,ShelterRin,24.138,3.409,3,21,1,4.821,7,28.205,20.833,24.138,4,0,28,116,0,4,1,217
2026-05-25 07:30:37,4.367,ShelterRin,16.807,3.408,2,25,0,4.85,5,18.182,10.204,24.324,2,2,20,119,5,1,0,217
2026-06-07 04:19:09,4.771,ShelterRin,21.495,3.544,1,10,0,5.13,5,28.571,11.111,29.412,2,2,23,107,3,2,0,217
2026-06-18 07:29:56,4.947,ShelterRin,28.161,4.751,3,16,2,5.531,6,20.455,31.169,30.189,3,3,49,174,2,4,0,217
2026-06-19 22:59:11,4.751,ShelterRin,24.167,3.466,0,17,2,5.379,5,34.783,17.91,30,1,2,29,120,3,2,0,217
2026-06-22 00:04:06,4.853,ShelterRin,25.49,3.312,0,8,0,5.692,3,31.818,22.642,25.926,2,0,26,102,2,2,1,217
2026-06-29 03:00:46,4.861,ShelterRin,29.0,4.764,0,10,0,4.931,7,38.462,29.167,19.231,5,0,29,100,4,2,0,217
2026-07-05 04:52:45,5.049,ShelterRin,26.316,2.737,0,12,2,5.733,3,17.241,22.078,35.385,0,1,45,171,4,1,1,217
2026-01-01 22:39:32,5.379,Neumann,29.0,4.82,1,23,0,4.655,10,48,21.154,26.087,4,4,29,100,3,2,0,221
2026-01-02 08:00:50,5.489,Neumann,19.811,3.587,0,5,0,4.714,9,33.333,9.259,29.032,2,1,21,106,1,3,1,221
2026-01-04 06:10:39,5.3,Neumann,25.146,4.499,4,48,0,4.581,10,45.455,15.854,26.786,5,5,43,171,5,1,0,221
2026-01-05 14:10:20,5.706,Neumann,22.619,4.234,0,11,0,4.947,4,33.333,24.242,15.152,3,1,19,84,1,3,0,221
2026-01-09 14:00:22,5.508,Neumann,28.244,4.121,1,15,0,5.351,5,48,18.571,33.333,3,2,37,131,3,3,0,221
2026-01-12 05:30:57,5.494,Neumann,30.189,5.422,2,15,2,4.938,7,52.941,16.279,34.783,3,4,32,106,5,0,0,221
2026-01-15 18:44:32,5.979,Neumann,30.137,5.911,2,17,0,4.341,12,40.541,26.984,26.087,3,7,44,146,4,1,1,221
2026-01-16 18:32:49,6.26,Neumann,21.818,4.155,1,28,0,4.542,9,22.727,15.556,27.907,3,2,24,110,1,4,0,221
2026-01-17 16:40:47,6.076,Neumann,30.0,6.331,5,19,3,5.026,11,30.556,27.419,34.375,6,5,39,130,3,2,0,221
2026-01-17 16:42:16,6.076,Neumann,30.0,6.331,5,19,3,5.026,11,30.556,27.419,34.375,6,5,39,130,3,2,0,221
2026-01-18 12:22:26,6.174,Neumann,31.618,4.449,2,41,0,5.116,11,50,22.727,28.125,5,2,43,136,5,1,0,221
2026-01-20 19:15:46,6.573,Neumann,27.407,4.412,1,19,0,4.892,9,33.333,26.027,25,3,2,37,135,5,1,0,221
2026-01-22 14:29:28,6.943,Neumann,31.081,5.672,3,46,0,4.413,17,40.909,20,36.364,6,6,46,148,3,2,1,221
2026-01-25 07:18:08,6.937,Neumann,25.676,4.835,1,17,3,5.211,9,40,22.368,18.919,3,2,38,148,3,3,0,221
2026-01-25 09:22:33,6.944,Neumann,29.341,4.928,3,28,0,5.265,11,28.947,29.762,28.889,5,4,49,167,4,2,0,221
2026-01-27 19:12:40,7.131,Neumann,28.226,5.187,4,20,1,5.029,9,41.379,22.581,27.273,6,2,35,124,1,5,0,221
2026-01-29 06:07:11,6.755,Neumann,37.681,6.803,2,10,0,5.288,10,42.857,36.842,33.333,3,4,52,138,3,2,0,221
2026-01-29 16:37:47,6.839,Neumann,26.596,4.554,0,20,1,4.24,9,32,27.778,21.212,3,4,25,94,4,1,0,221
2026-01-30 19:32:32,7.1,Neumann,24.823,3.022,1,19,1,5.229,6,36.111,14.754,29.545,4,3,35,141,4,2,0,221
2026-01-31 08:22:55,7.305,Neumann,29.655,4.928,1,17,0,5.326,10,36.842,24.286,32.432,2,4,43,145,4,0,1,221
2026-02-02 13:53:19,7.6,Neumann,27.143,3.439,0,21,0,5.684,6,48.148,17.647,28.889,2,0,38,140,3,3,0,221
2026-02-02 20:29:58,7.596,Neumann,21.795,4.17,1,20,3,5.147,6,26.19,16.667,25,1,3,34,156,3,3,0,221
2026-02-22 17:23:05,7.601,Neumann,25.287,3.965,2,24,0,5.205,10,39.394,13.095,35.088,5,3,44,174,5,1,0,221
2026-02-25 11:19:38,7.978,Neumann,31.579,6.676,5,25,0,4.333,12,36.667,31.944,25.806,9,3,42,133,4,2,0,221
2026-02-27 06:33:50,8.152,Neumann,26.866,3.459,0,14,0,5.472,7,30,22.414,30.556,2,5,36,134,1,4,1,221
2026-02-27 19:13:22,7.88,Neumann,33.019,7.279,2,11,0,4.714,11,37.5,27.451,38.71,5,5,35,106,4,1,0,221
2026-02-28 11:06:18,8.157,Neumann,25.0,5.444,3,25,2,4.879,8,33.333,18.462,30.233,4,5,33,132,0,6,0,221
2026-03-04 05:02:33,7.618,Neumann,30.833,6.893,4,14,1,4.459,15,38.095,27.869,31.579,6,5,37,120,4,2,0,221
2026-03-04 14:45:10,7.798,Neumann,34.302,7.574,5,43,0,4.475,23,50,29.87,29.091,8,9,59,172,3,2,1,221
2026-03-06 05:51:01,7.868,Neumann,29.299,4.853,2,21,1,5.304,7,42.857,28.571,20,2,6,46,157,3,3,0,221
2026-03-07 00:48:43,7.842,Neumann,27.826,6.044,3,27,0,4.688,11,40,25.455,20,4,5,32,115,1,5,0,221
2026-03-07 13:52:35,7.524,Neumann,34.821,4.971,1,22,1,5.436,9,57.576,26,24.138,6,3,39,112,1,3,1,221
2026-03-09 05:38:02,7.336,Neumann,37.791,6.985,4,10,2,5.646,13,40.476,34.177,41.176,7,3,65,172,3,3,0,221
2026-03-09 19:09:10,7.345,Neumann,29.927,5.202,2,29,0,4.707,13,45.161,27.778,20.588,4,6,41,137,4,2,0,221
2026-03-10 19:04:37,7.507,Neumann,31.034,6.24,3,19,1,4.689,10,42.105,25.806,28.889,3,2,45,145,5,0,1,221
2026-03-12 22:28:14,7.959,Neumann,24.138,6.274,4,21,0,4.286,12,46.429,13.725,21.622,5,4,28,116,4,2,0,221
2026-03-15 00:14:27,8.131,Neumann,35.211,6.378,2,14,1,4.9,16,50,33.824,23.684,6,8,50,142,3,2,0,221
2026-03-15 10:12:57,8.296,Neumann,38.235,8.188,5,29,1,4.646,20,44.737,30.556,43.333,8,4,65,170,5,0,1,221
2026-03-16 10:28:16,8.73,Neumann,41.176,6.536,2,27,0,5.271,14,55.357,37.879,29.167,3,4,70,170,1,4,1,221
2026-03-16 13:43:54,8.451,Neumann,28.696,5.874,3,34,0,4.182,14,37.037,28.947,24,7,3,33,115,4,2,0,221
2026-03-17 10:03:05,8.627,Neumann,31.933,5.455,2,27,0,4.684,10,37.037,24.561,40,6,4,38,119,2,4,0,221
2026-03-18 14:41:23,8.448,Neumann,29.6,7.624,3,22,0,4.378,15,42.857,16.981,36.364,9,5,37,125,4,2,0,221
2026-03-19 04:19:23,8.627,Neumann,34.615,7.629,2,13,0,4.756,10,55.263,21.154,32.5,5,7,45,130,2,4,0,221
2026-03-19 14:23:48,8.455,Neumann,33.588,6.647,4,31,0,4.068,19,52.174,19.355,43.478,7,8,44,131,1,5,0,221
2026-03-22 07:43:08,7.812,Neumann,31.214,5.368,0,17,1,5.296,8,30.233,27.16,38.776,2,4,54,173,3,2,1,221
2026-03-25 10:07:16,7.912,Neumann,39.716,7.134,2,15,0,4.946,19,47.727,27.083,44.898,6,8,56,141,3,3,0,221
2026-03-25 13:45:37,7.907,Neumann,29.605,5.436,2,18,0,5.244,10,57.895,14.925,27.66,5,1,45,152,2,4,0,221
2026-03-26 13:51:53,7.721,Neumann,31.034,6.345,3,14,2,5.067,12,27.273,24.638,44.186,8,2,45,145,4,2,0,221
2026-03-27 19:09:40,7.895,Neumann,31.41,5.56,0,27,0,5.041,13,30.556,31.25,32.143,7,4,49,156,2,4,0,221
2026-03-28 09:47:58,7.717,Neumann,21.277,5.773,3,14,0,4.1,7,35,20.408,12,4,3,20,94,2,4,0,221
2026-04-19 04:54:10,7.529,Neumann,34.078,6.655,1,15,3,5.328,11,50,25.316,34.483,6,3,61,179,5,1,0,221
2026-04-19 09:37:53,7.876,Neumann,27.027,4.56,0,16,0,5.1,8,46.667,25.532,11.765,2,3,30,111,3,2,0,221
2026-04-19 14:28:30,7.97,Neumann,37.037,7.631,2,29,1,4.56,17,45.946,29.851,41.935,5,7,50,135,2,4,0,221
2026-04-21 13:51:52,7.789,Neumann,21.374,4.721,2,27,0,4.25,9,25.926,18.033,23.256,4,2,28,131,3,3,0,221
2026-04-21 18:25:22,7.792,Neumann,38.519,7.877,4,24,0,4.288,20,40.625,35,41.86,10,9,52,135,3,3,0,221
2026-04-22 06:15:10,7.788,Neumann,35.714,6.853,0,18,0,4.8,10,52.778,17.308,44.737,4,4,45,126,3,2,0,221
2026-04-22 10:47:24,7.868,Neumann,30.286,6.245,4,36,0,4.66,14,33.333,33.75,22.642,9,4,53,175,4,1,1,221
2026-04-23 15:00:23,8.135,Neumann,32.919,7.133,6,31,2,4.811,14,37.5,24.706,45.455,8,5,53,161,5,1,0,221
2026-04-25 06:26:43,8.499,Neumann,31.646,7.146,4,17,0,4.92,14,45.946,25,30.612,5,4,50,158,3,3,0,221
2026-04-29 13:52:18,8.499,Neumann,31.613,7.084,2,22,1,4.449,17,34.483,31.25,30.435,6,6,49,155,5,1,0,221
2026-06-09 13:58:23,8.847,Neumann,36.719,6.675,2,22,0,4.66,14,62.5,28.333,34.091,5,9,47,128,4,2,0,221
2026-06-10 18:04:55,9.03,Neumann,43.75,7.663,2,16,0,4.98,11,56,40.741,39.394,5,4,49,112,2,3,0,221
2026-06-12 18:27:27,8.931,Neumann,35.256,6.403,2,23,1,5.182,13,50,28.358,34.545,7,1,55,156,6,0,0,221
2026-06-13 18:45:41,9.463,Neumann,29.577,6.815,3,39,0,4.167,18,37.037,31.429,22.222,9,6,42,142,4,2,0,221
2026-06-14 14:19:33,9.642,Neumann,37.349,8.188,5,25,1,4.968,18,55.814,29.487,33.333,5,7,62,166,4,2,0,221
2026-06-17 23:35:10,9.805,Neumann,38.938,8.096,3,19,0,4.455,16,50,32.692,41.463,5,7,44,113,1,4,0,221
2026-06-18 07:29:56,9.806,Neumann,38.158,7.231,1,13,1,5.0,13,47.059,35,36.207,4,1,58,152,3,3,0,221
2026-06-18 07:46:33,9.529,Neumann,30.496,8.531,6,25,0,4.209,17,35,21.429,37.778,6,9,43,141,2,4,0,221
2026-06-19 22:59:11,9.343,Neumann,41.026,8.175,2,18,2,4.958,14,61.111,37.5,37.143,8,5,48,117,4,0,1,221
2026-06-21 22:16:46,9.697,Neumann,24.752,4.772,0,18,0,4.76,7,31.25,16,34.286,4,3,25,101,1,3,0,221
2026-06-22 00:04:06,9.516,Neumann,34.483,7.484,2,23,0,4.725,9,45.833,25,40,5,4,40,116,2,3,0,221
2026-06-25 00:18:18,9.435,Neumann,39.85,7.954,2,13,0,5.132,14,51.515,38.983,31.707,7,4,53,133,1,4,1,221
2026-06-28 00:57:32,9.162,Neumann,41.985,10.199,3,17,0,4.255,23,46.875,35.938,48.571,7,11,55,131,5,1,0,221
2026-06-29 18:09:56,9.618,Neumann,30.986,5.891,2,26,1,4.659,13,52.778,23.529,23.684,4,8,44,142,3,3,0,221
2026-06-30 05:07:25,9.613,Neumann,31.481,7.864,2,7,1,5.059,8,30.435,29.167,35.135,3,3,34,108,2,2,0,221
2026-01-01 10:11:46,2.879,VuhrCulls,14.912,1.916,1,26,0,5.353,3,13.333,11.538,21.875,3,0,17,114,1,4,0,223
2026-01-02 08:00:50,2.585,VuhrCulls,18.121,2.075,0,12,0,5.63,4,23.256,11.667,21.739,0,2,27,149,2,2,1,223
2026-01-05 07:23:46,2.586,VuhrCulls,17.391,1.87,0,48,1,4.708,9,29.412,14.516,11.905,3,2,24,138,2,4,0,223
2026-01-07 16:34:15,2.396,VuhrCulls,13.636,1.798,1,24,0,5.722,3,12.121,14.062,14.286,2,1,18,132,2,4,0,223
2026-01-14 17:31:59,2.206,VuhrCulls,18.471,1.921,1,31,0,5.793,5,21.951,19.403,14.286,1,3,29,157,3,2,0,223
2026-01-15 18:44:32,2.307,VuhrCulls,17.007,3.734,3,20,3,4.4,9,21.053,17.808,11.111,5,4,25,147,1,3,2,223
2026-01-16 08:28:15,2.12,VuhrCulls,18.987,3.562,1,20,0,5.167,8,27.778,17.91,14.545,4,1,30,158,5,1,0,223
2026-01-16 18:32:49,2.505,VuhrCulls,14.423,3.293,1,19,0,3.867,5,16,13.043,15.152,2,3,15,104,4,1,0,223
2026-01-17 05:38:38,2.797,VuhrCulls,19.167,4.207,2,21,2,4.783,6,22.581,15.873,23.077,3,3,23,120,3,2,0,223
2026-01-18 07:26:58,2.897,VuhrCulls,16.774,3.374,2,27,5,5.0,7,17.241,15.584,18.367,3,1,26,155,4,2,0,223
2026-01-18 10:29:54,3.079,VuhrCulls,14.286,2.689,0,15,0,4.6,5,17.391,15.217,11.111,1,3,15,105,2,3,0,223
2026-01-19 07:43:44,2.989,VuhrCulls,18.471,3.007,0,19,1,5.0,9,18.519,15.73,24.39,3,5,29,157,2,4,0,223
2026-01-20 19:15:46,2.78,VuhrCulls,17.293,2.221,1,11,0,5.565,4,22.222,13.636,19.355,1,2,23,133,4,2,0,223
2026-01-22 09:18:28,2.986,VuhrCulls,13.836,1.776,1,35,2,5.591,5,26.19,7.042,13.043,2,2,22,159,5,1,0,223
2026-01-22 22:13:39,3.363,VuhrCulls,14.655,2.13,2,23,0,5.412,5,23.333,11.667,11.538,4,0,17,116,1,4,0,223
2026-01-24 06:26:17,3.077,VuhrCulls,12.5,1.911,1,18,1,5.222,5,9.677,15.068,10,2,1,18,144,4,2,0,223
2026-01-26 00:05:52,3.27,VuhrCulls,12.879,1.381,0,25,2,5.588,3,12.121,14.035,11.905,0,3,17,132,3,3,0,223
2026-02-27 06:33:50,3.277,VuhrCulls,14.286,2.015,0,17,2,5.235,3,17.647,15.385,9.091,0,2,17,119,4,2,0,223
2026-03-01 07:10:28,3.449,VuhrCulls,19.608,2.382,0,16,1,5.667,6,36.364,11.29,14.894,2,1,30,153,2,4,0,223
2026-03-02 06:44:58,3.263,VuhrCulls,21.101,2.415,0,13,1,5.652,4,39.286,16.364,11.538,1,2,23,109,5,1,0,223
2026-03-03 09:00:41,3.634,VuhrCulls,19.355,2.123,1,13,5,5.875,2,27.778,12,21.053,2,0,24,124,4,2,0,223
2026-03-04 05:02:33,3.825,VuhrCulls,17.143,2.42,2,14,3,5.75,5,33.333,10.976,21.622,3,1,24,140,3,2,1,223
2026-03-06 05:51:01,3.901,VuhrCulls,15.0,1.787,0,8,1,5.952,4,16.667,12.069,17.308,1,0,21,140,4,2,0,223
2026-03-09 05:38:02,4.107,VuhrCulls,10.692,1.713,1,16,7,6.0,3,14.634,6.667,13.953,1,1,17,159,2,4,0,223
2026-03-19 04:19:23,3.929,VuhrCulls,9.231,0.981,0,13,4,6.0,1,13.158,5.769,10,0,0,12,130,2,4,0,223
2026-03-20 19:13:56,3.751,VuhrCulls,12.245,1.684,0,22,5,5.667,3,8.333,14.925,11.364,1,1,18,147,3,3,0,223
2026-03-22 07:43:08,3.736,VuhrCulls,13.953,2.437,0,7,2,5.389,3,10.256,16.364,14.286,1,0,18,129,4,2,0,223
2026-03-27 05:20:46,3.899,VuhrCulls,12.5,1.528,1,37,1,4.688,4,12.5,11.321,13.953,3,1,16,128,2,4,0,223
2026-04-02 18:30:27,3.72,VuhrCulls,19.549,2.901,1,21,4,5.385,5,24.324,16.129,20.588,1,3,26,133,2,3,0,223
2026-04-03 06:41:19,3.613,VuhrCulls,14.615,2.741,0,20,2,5.053,6,25,9.231,15.152,1,0,19,130,4,2,0,223
2026-04-05 07:51:40,3.804,VuhrCulls,17.606,3.285,1,10,1,5.16,3,12.903,16.901,22.5,1,1,25,142,6,0,0,223
2026-04-09 00:14:04,4.357,VuhrCulls,16.547,2.781,0,18,2,5.087,7,15.152,13.235,23.684,4,2,23,139,2,3,1,223
2026-04-09 07:20:05,4.259,VuhrCulls,16.783,1.699,0,22,0,5.625,5,25.926,10.294,20.833,0,2,24,143,4,2,0,223
2026-04-09 18:12:32,4.438,VuhrCulls,24.272,4.05,1,8,1,5.04,6,50,11.111,22.222,4,0,25,103,1,4,0,223
2026-04-10 07:34:26,4.157,VuhrCulls,10.526,1.136,0,36,2,5.875,2,20,4.839,8.889,2,0,16,152,0,5,0,223
2026-04-12 04:56:46,3.7,VuhrCulls,15.603,3.114,2,13,1,4.955,6,18.75,16.176,12.195,4,1,22,141,2,4,0,223
2026-04-13 04:24:01,3.528,VuhrCulls,10.526,2.065,0,13,1,5.0,4,6.452,10.294,14.706,2,2,14,133,2,3,1,223
2026-04-13 19:02:02,3.438,VuhrCulls,15.126,2.998,0,19,2,4.722,5,15.789,11.538,20.69,2,2,18,119,4,2,0,223
2026-04-14 05:05:01,3.625,VuhrCulls,21.053,3.196,0,7,1,5.15,3,35,17.308,17.391,3,0,20,95,2,3,0,223
2026-04-14 07:36:39,3.53,VuhrCulls,19.149,1.918,0,31,1,5.852,3,24,14.865,23.81,1,0,27,141,3,3,0,223
2026-04-16 00:39:38,3.534,VuhrCulls,14.607,2.654,0,13,1,4.538,6,16.667,17.391,8,3,1,13,89,4,1,0,223
2026-04-16 06:43:37,3.818,VuhrCulls,15.126,1.207,0,26,0,5.556,3,16.667,12.963,17.143,0,1,18,119,2,4,0,223
2026-04-17 07:29:19,3.68,VuhrCulls,19.737,2.136,0,33,1,5.367,5,28.571,12.676,23.077,0,1,30,152,4,2,0,223
2026-04-19 04:54:10,3.882,VuhrCulls,23.563,3.195,2,12,9,6.098,3,31.818,22.368,18.519,3,1,41,174,2,4,0,223
2026-04-19 07:32:45,3.692,VuhrCulls,9.848,1.01,0,35,1,5.0,2,16.216,9.804,4.545,0,1,13,132,5,1,0,223
2026-04-20 05:13:11,4.061,VuhrCulls,16.154,2.304,1,7,0,5.571,2,16.129,9.836,26.316,2,0,21,130,2,4,0,223
2026-04-21 18:25:22,4.061,VuhrCulls,20.741,3.213,2,24,0,4.964,7,9.375,23.333,25.581,2,2,28,135,3,3,0,223
2026-04-22 06:15:10,4.058,VuhrCulls,15.748,2.8,0,7,5,5.2,4,17.143,20.69,5.882,2,2,20,127,1,4,0,223
2026-04-23 05:08:06,3.634,VuhrCulls,11.475,1.422,0,42,1,5.143,5,14.286,13.333,7.317,1,1,14,122,3,2,0,223
2026-04-24 04:52:40,3.718,VuhrCulls,14.504,2.863,2,26,1,4.421,6,15.152,11.864,17.949,2,3,19,131,4,0,1,223
2026-04-26 04:32:57,4.086,VuhrCulls,13.846,1.074,0,11,1,6.389,1,16.129,13.846,11.765,0,1,18,130,3,3,0,223
2026-04-27 05:23:52,4.088,VuhrCulls,15.625,2.06,1,35,0,4.95,5,31.818,15.152,7.5,3,2,20,128,2,4,0,223
2026-04-27 18:57:55,4.088,VuhrCulls,14.189,2.522,0,30,2,4.952,7,14.706,14.925,12.766,3,1,21,148,3,3,0,223
2026-04-28 05:07:35,3.941,VuhrCulls,15.033,2.69,2,23,1,4.739,7,17.647,16.418,11.538,4,2,23,153,3,3,0,223
2026-04-29 18:16:04,3.95,VuhrCulls,16.364,2.231,0,27,1,4.815,9,22.222,14.286,15.556,3,3,27,165,3,3,0,223
2026-05-01 04:08:42,3.94,VuhrCulls,17.986,2.244,2,38,1,4.84,6,21.622,10.169,25.581,3,1,25,139,4,2,0,223
2026-05-01 14:47:12,4.116,VuhrCulls,13.158,1.485,1,20,1,5.8,2,17.391,10.909,13.889,1,0,15,114,4,2,0,223
2026-05-04 06:27:59,4.284,VuhrCulls,14.844,2.11,1,29,1,5.0,5,20,15.094,10,3,2,19,128,2,4,0,223
2026-05-06 05:45:40,4.104,VuhrCulls,13.475,1.301,0,6,2,6.0,1,18.75,15.873,6.522,0,0,19,141,2,4,0,223
2026-05-06 18:46:33,4.104,VuhrCulls,11.486,2.46,3,36,4,4.235,4,23.077,8.108,5.714,3,0,17,148,1,5,0,223
2026-05-06 23:26:01,3.562,VuhrCulls,18.056,3.008,2,47,1,4.654,9,28.571,14.706,16.667,5,2,26,144,1,5,0,223
2026-05-07 07:15:21,3.191,VuhrCulls,13.408,1.846,0,29,2,5.333,5,17.143,15.385,7.547,3,2,24,179,3,2,1,223
2026-05-08 18:02:51,3.284,VuhrCulls,15.556,2.006,1,25,1,5.429,3,12.821,16.071,17.5,3,1,21,135,4,0,1,223
2026-05-09 06:27:18,3.64,VuhrCulls,17.568,1.749,0,21,2,5.808,3,23.333,17.647,14,0,2,26,148,4,2,0,223
2026-05-11 18:11:15,3.633,VuhrCulls,19.205,2.837,2,23,1,5.448,4,29.412,21.053,7.317,2,2,29,151,2,4,0,223
2026-05-12 18:15:50,3.463,VuhrCulls,17.778,2.626,1,29,0,5.125,7,21.053,18.033,13.889,3,0,24,135,3,1,1,223
2026-05-14 07:57:04,3.647,VuhrCulls,17.143,1.716,1,42,4,5.933,5,28.205,14.286,13.636,2,0,30,175,3,3,0,223
2026-05-15 07:01:20,3.647,VuhrCulls,19.643,2.716,0,25,1,4.636,7,16.667,20.339,20,1,5,22,112,6,0,0,223
2026-05-15 17:46:44,4.183,VuhrCulls,9.821,1.925,0,33,2,4.182,5,7.407,11.111,9.091,2,1,11,112,2,3,0,223
2026-05-16 04:37:10,4.009,VuhrCulls,17.0,2.736,0,16,0,5.059,4,22.727,9.756,21.622,1,3,17,100,3,2,0,223
2026-05-17 07:27:17,4.164,VuhrCulls,13.235,2.642,1,46,1,4.111,10,16.129,16.949,6.522,4,3,18,136,2,2,1,223
2026-05-18 06:06:48,4.157,VuhrCulls,21.769,2.701,1,24,2,5.844,4,38.462,21.739,13.462,3,0,32,147,2,4,0,223
2026-05-20 08:34:07,3.986,VuhrCulls,13.971,2.172,1,23,1,5.158,3,17.143,14.925,8.824,1,1,19,136,2,4,0,223
2026-05-20 18:28:10,3.772,VuhrCulls,20.896,3.563,0,21,0,4.964,9,26.923,20.896,17.073,4,3,28,134,2,4,0,223
2026-05-21 07:13:01,3.596,VuhrCulls,17.073,2.433,0,26,0,4.762,5,24,14.286,16.667,0,7,21,123,3,3,0,223
2026-05-23 06:57:28,3.594,VuhrCulls,15.966,2.005,1,18,2,5.842,2,18.182,16.981,12.121,2,0,19,119,0,5,0,223
2026-05-25 07:30:37,3.137,VuhrCulls,17.424,2.55,0,23,0,5.217,4,13.636,19.118,16.667,3,0,23,132,0,6,0,223
2026-05-26 08:23:25,2.607,VuhrCulls,19.512,2.102,0,16,3,5.844,3,27.907,14.706,18.868,1,1,32,164,3,2,1,223
2026-05-27 04:53:54,2.706,VuhrCulls,19.549,3.953,1,13,0,5.0,7,21.739,17.143,22.5,3,5,26,133,2,4,0,223
2026-05-28 16:09:41,2.522,VuhrCulls,15.625,1.843,1,27,0,5.5,2,22.222,19.048,5.263,1,1,20,128,4,2,0,223
2026-05-28 18:22:53,2.704,VuhrCulls,19.82,2.983,0,16,0,4.773,5,17.391,17.308,25,2,3,22,111,5,1,0,223
2026-05-29 07:43:45,3.045,VuhrCulls,19.424,3.695,2,30,1,4.074,11,27.586,18.841,14.634,6,2,27,139,2,4,0,223
2026-05-29 18:24:54,2.87,VuhrCulls,22.078,3.377,0,30,0,5.059,8,17.949,19.697,28.571,0,5,34,154,2,4,0,223
2026-05-30 04:57:21,2.702,VuhrCulls,18.519,1.928,0,18,3,6.04,3,22.222,19.718,15.217,1,0,25,135,3,3,0,223
2026-05-31 06:42:17,2.706,VuhrCulls,9.272,0.69,0,22,4,6.429,1,11.111,8.451,9.091,0,0,14,151,3,3,0,223
2026-06-01 05:57:19,2.87,VuhrCulls,21.831,2.171,1,24,3,5.71,5,34.884,13.846,20.588,4,1,31,142,4,2,0,223
2026-06-03 04:26:23,2.853,VuhrCulls,22.764,2.841,1,19,2,5.643,4,36.364,15.217,20.455,2,3,28,123,2,3,0,223
2026-06-03 06:38:37,2.768,VuhrCulls,9.589,0.779,0,23,3,5.857,0,7.895,9.375,11.364,0,0,14,146,3,3,0,223
2026-06-04 07:25:31,2.76,VuhrCulls,12.102,1.254,0,45,2,5.158,4,16.667,10.145,11.538,0,3,19,157,2,3,1,223
2026-06-04 18:25:20,2.675,VuhrCulls,12.5,1.728,0,40,1,5.476,6,9.524,12.329,15.094,1,3,21,168,2,4,0,223
2026-06-05 06:23:16,2.493,VuhrCulls,17.647,2.968,1,11,3,5.556,6,15.789,18.841,17.391,3,0,27,153,4,2,0,223
2026-06-05 14:41:15,2.672,VuhrCulls,16.418,1.468,0,27,1,6.0,2,25,15.493,9.677,2,0,22,134,1,3,1,223
2026-06-05 17:50:16,2.506,VuhrCulls,12.0,3.444,2,24,0,3.5,8,27.778,11.364,5.263,5,1,12,100,5,0,0,223
2026-06-06 04:57:28,3.373,VuhrCulls,14.894,2.644,0,11,4,5.429,4,20,9.677,17.949,2,2,21,141,5,0,1,223
2026-06-07 04:19:09,3.807,VuhrCulls,20.833,2.454,1,16,2,5.72,3,24.138,24.49,14.286,2,0,25,120,3,2,0,223
2026-06-10 21:20:02,3.989,VuhrCulls,20.325,2.245,0,24,1,5.6,5,32.143,21.053,10.526,2,2,25,123,3,2,0,223
2026-06-11 18:19:17,4.086,VuhrCulls,16.912,1.702,0,24,4,5.435,2,16.129,16.667,18.182,1,0,23,136,4,1,0,223
2026-06-12 18:27:27,4.365,VuhrCulls,23.077,4.358,1,23,4,5.25,11,20.588,16.418,32.727,4,3,36,156,6,0,0,223
2026-06-14 06:19:48,4.894,VuhrCulls,15.323,1.828,0,6,1,5.632,2,25.714,10.169,13.333,1,0,19,124,3,3,0,223
2026-06-15 06:22:37,4.888,VuhrCulls,9.901,1.391,0,27,0,4.1,5,8.333,13.208,4.167,2,2,10,101,3,3,0,223
2026-06-18 14:24:55,4.891,VuhrCulls,20.769,2.579,0,28,1,5.185,4,27.586,18.75,18.919,0,3,27,130,3,2,0,223
2026-06-28 00:57:32,4.976,VuhrCulls,12.821,1.354,0,23,3,5.85,2,17.949,9.877,13.889,1,1,20,156,2,3,1,223
2026-07-02 18:34:06,4.875,VuhrCulls,18.182,3.592,0,13,2,5.083,9,21.429,17.857,16.667,3,4,24,132,3,3,0,223
2026-07-05 04:52:45,4.887,VuhrCulls,18.59,2.748,0,21,5,5.241,6,21.212,13.846,22.414,2,0,29,156,4,2,0,223
2026-04-09 18:12:32,0.89,MythAndroid,13.675,1.996,0,17,3,5.125,3,30.435,12.245,6.667,2,0,16,117,3,2,0,225
2026-05-02 23:23:31,1.003,MythAndroid,11.29,1.55,1,38,1,5.357,4,28,8.065,5.405,3,0,14,124,1,2,2,225
2026-05-08 18:02:51,0.898,MythAndroid,16.296,1.772,1,25,3,5.864,3,22.222,13.636,15.152,2,1,22,135,2,2,1,225
2026-05-15 17:46:44,0.906,MythAndroid,13.462,1.709,0,17,3,5.214,3,45.833,0,9.375,1,0,14,104,3,2,0,225
2026-06-11 18:19:17,1.12,MythAndroid,12.844,1.267,0,17,2,5.643,1,24.242,10.204,3.704,0,2,14,109,2,3,0,225
2026-01-01 10:11:46,10.544,Dry,24.561,7.715,6,17,1,3.357,19,22.222,29.412,19.444,10,4,28,114,2,3,0,228
2026-01-01 22:39:32,10.433,Dry,27.778,6.496,3,17,3,4.24,12,32,31.707,16.667,6,6,25,90,3,2,0,228
2026-01-03 10:38:36,10.532,Dry,33.813,10.111,6,8,1,4.17,20,32.5,43.75,17.143,10,7,47,139,5,1,0,228
2026-01-04 11:41:01,10.906,Dry,30.709,9.402,5,17,2,3.487,24,31.034,36.508,20,8,10,39,127,3,3,0,228
2026-01-05 14:10:20,10.903,Dry,24.59,8.233,4,15,1,4.033,13,32.143,20,25,8,4,30,122,2,4,0,228
2026-01-07 14:00:01,10.711,Dry,28.421,6.199,2,14,0,4.704,10,40,30,12,6,3,27,95,3,2,0,228
2026-01-17 22:50:02,10.803,Dry,33.083,8.294,7,28,0,3.773,20,48.718,27.451,25.581,11,7,44,133,1,5,0,228
2026-01-18 10:29:54,10.434,Dry,29.661,11.48,13,15,1,3.2,22,29.63,30.508,28.125,13,5,35,118,3,2,0,228
2026-01-24 11:00:37,10.519,Dry,32.5,8.382,1,17,0,3.872,19,35.714,40.741,18.421,7,5,39,120,5,1,0,228
2026-02-01 10:15:38,10.893,Dry,29.31,7.029,4,23,2,3.5,19,25,27.869,34.286,7,10,34,116,2,4,0,228
2026-02-07 10:29:10,10.72,Dry,26.154,8.248,10,33,0,3.676,19,27.273,29.091,22.642,10,6,34,130,2,4,0,228
2026-02-07 22:12:56,10.528,Dry,39.098,10.647,12,20,0,4.058,22,41.176,39.286,37.209,15,6,52,133,2,4,0,228
2026-02-14 14:04:22,10.34,Dry,20.438,6.979,7,19,1,4.143,12,24.324,21.818,15.556,8,3,28,137,2,4,0,228
2026-02-21 09:56:08,10.145,Dry,33.566,10.957,9,20,1,3.812,25,42.5,30.769,28.947,14,8,48,143,4,2,0,228
2026-02-22 17:23:05,10.331,Dry,34.694,10.197,6,24,1,3.843,28,40.909,38.095,24.39,9,14,51,147,2,4,0,228
2026-02-27 19:13:22,10.141,Dry,33.962,10.256,6,11,1,4.194,16,50,29.412,29.032,8,6,36,106,4,1,0,228
2026-03-08 10:05:52,10.423,Dry,27.132,6.71,4,32,0,4.6,11,25.714,22.222,35,8,4,35,129,3,3,0,228
2026-03-10 19:04:37,10.415,Dry,28.947,7.742,5,12,2,4.424,11,39.286,27.778,21.875,8,3,33,114,0,5,1,228
2026-03-20 22:04:30,9.952,Dry,28.44,8.551,9,23,0,3.452,19,26.923,29.688,26.316,12,5,31,109,5,1,0,228
2026-03-21 14:05:45,10.325,Dry,30.952,9.962,6,18,0,3.949,20,35.714,40,13.158,10,9,39,126,4,1,0,228
2026-03-23 19:15:16,10.596,Dry,32.632,9.643,6,10,1,3.774,17,33.333,39.474,24.242,8,6,31,95,4,1,0,228
2026-03-28 15:30:09,10.88,Dry,35.185,10.768,12,26,0,3.982,27,40.476,36.111,29.167,17,9,57,162,5,1,0,228
2026-03-28 22:07:01,11.237,Dry,26.596,6.064,1,12,1,4.52,8,37.931,24.324,17.857,4,5,25,94,3,2,0,228
2026-03-29 10:08:23,11.329,Dry,34.395,12.837,10,22,5,4.0,24,46.154,34.848,25,13,10,54,157,5,1,0,228
2026-04-05 07:51:40,11.693,Dry,33.803,10.692,3,10,0,4.167,20,41.935,36.62,22.5,8,2,48,142,6,0,0,228
2026-04-05 17:46:11,12.247,Dry,35.849,10.74,5,15,2,4.079,17,36.842,39.583,30.769,6,6,38,106,2,3,0,228
2026-04-06 14:24:31,12.145,Dry,24.167,6.914,7,18,2,4.172,12,40,22.807,12.121,10,3,29,120,3,3,0,228
2026-04-09 18:12:32,12.126,Dry,32.979,11.782,5,14,0,3.065,19,33.333,43.59,20.588,10,6,31,94,3,2,0,228
2026-04-10 21:38:08,12.225,Dry,27.465,7.313,3,24,1,4.564,13,26.471,31.25,22.727,7,2,39,142,2,4,0,228
2026-04-11 07:24:55,12.028,Dry,27.068,8.379,6,11,3,4.472,13,35.294,20.833,33.333,9,3,36,133,4,2,0,228
2026-04-11 13:56:22,12.215,Dry,30.973,9.38,4,13,0,4.2,12,24.138,36.364,27.586,5,5,35,113,3,3,0,228
2026-04-17 17:36:21,12.195,Dry,24.752,6.625,3,15,0,3.72,11,36.842,29.167,11.765,4,4,25,101,1,3,1,228
2026-04-18 16:41:41,12.005,Dry,34.307,8.702,8,20,1,4.489,15,37.143,38.71,25,11,4,47,137,1,5,0,228
2026-04-25 09:12:57,11.635,Dry,34.711,9.797,5,18,0,3.929,17,39.13,38.71,25,11,4,42,121,4,2,0,228
2026-04-25 21:35:54,11.828,Dry,30.693,10.068,8,14,1,3.355,20,21.739,34.694,31.034,10,7,31,101,4,2,0,228
2026-05-01 14:47:12,12.012,Dry,32.0,7.92,3,21,0,3.975,19,31.034,42.105,17.949,7,9,40,125,2,4,0,228
2026-05-01 21:20:47,11.837,Dry,35.811,9.608,7,18,0,3.755,29,37.778,43.103,24.444,12,10,53,148,3,3,0,228
2026-05-03 13:50:06,11.821,Dry,25.806,8.973,6,11,0,3.333,16,30.435,25.581,22.222,7,6,24,93,2,3,0,228
2026-05-06 21:00:14,11.741,Dry,31.852,7.862,3,18,2,4.279,17,37.209,32.787,22.581,5,5,43,135,2,4,0,228
2026-05-09 21:18:01,11.546,Dry,35.484,11.957,9,15,0,3.886,21,35.714,44.262,20,11,6,44,124,2,4,0,228
2026-05-11 18:11:15,11.375,Dry,38.462,11.279,8,11,0,4.1,17,50,42.308,26.471,9,5,40,104,4,2,0,228
2026-05-15 17:46:44,11.548,Dry,27.885,8.596,5,21,0,3.448,18,42.857,26.667,17.391,9,6,29,104,4,1,0,228
2026-05-16 10:16:26,12.085,Dry,31.008,11.884,8,13,1,3.65,21,50,28.07,21.429,10,10,40,129,3,3,0,228
2026-05-17 15:14:41,12.08,Dry,33.54,9.929,6,26,2,4.556,24,40.476,36.111,23.404,9,12,54,161,1,5,0,228
2026-05-17 21:31:48,11.731,Dry,30.0,7.698,5,24,0,3.929,22,53.333,27.869,18.367,6,7,42,140,4,2,0,228
2026-05-22 21:04:09,11.919,Dry,30.097,8.1,6,13,1,4.161,14,39.394,32.5,16.667,8,4,31,103,2,3,0,228
2026-05-26 18:30:52,11.828,Dry,33.333,7.391,1,16,0,4.522,18,39.535,31.667,28.571,2,9,46,138,2,4,0,228
2026-05-28 18:22:53,11.648,Dry,31.532,8.829,7,16,0,3.6,17,30.435,34.615,27.778,9,8,35,111,5,1,0,228
2026-05-29 18:24:54,11.994,Dry,33.117,8.034,5,30,0,4.196,21,43.59,34.848,22.449,9,8,51,154,2,4,0,228
2026-05-30 21:04:03,11.824,Dry,33.594,10.298,6,14,0,3.814,24,32.353,32.759,36.111,9,12,43,128,4,2,0,228
2026-06-01 18:21:54,11.989,Dry,28.188,7.443,5,23,1,4.048,21,36.364,29.167,20.455,9,5,42,149,2,4,0,228
2026-06-02 14:21:12,11.822,Dry,32.09,8.285,0,11,2,4.581,17,32,35.593,28,7,7,43,134,4,2,0,228
2026-06-04 18:25:20,12.011,Dry,24.675,7.183,6,32,0,3.895,21,28.947,21.667,25,9,9,38,154,3,3,0,228
2026-06-05 17:50:16,12.021,Dry,34.746,9.718,8,24,1,3.683,25,44.828,36.735,25,10,9,41,118,3,2,0,228
2026-06-06 07:47:40,12.2,Dry,33.333,9.182,7,24,1,4.07,27,39.535,37.778,15.789,7,13,57,171,2,3,1,228
2026-06-06 22:27:02,12.109,Dry,34.0,9.321,9,25,1,4.059,22,42.424,36.765,24.49,10,10,51,150,1,5,0,228
2026-06-07 18:18:38,11.757,Dry,33.333,10.404,9,25,2,4.128,25,34.286,32.308,34.146,10,9,47,141,5,0,1,228
2026-06-10 18:04:55,12.224,Dry,26.0,9.515,7,15,0,3.462,13,17.391,39.583,10.345,10,3,26,100,5,0,0,228
2026-06-10 21:20:02,12.669,Dry,30.952,10.254,7,27,2,3.41,24,33.333,37.037,20.513,11,14,39,126,4,1,0,228
2026-06-11 18:19:17,12.939,Dry,36.538,10.577,5,16,0,3.711,22,44.444,36.17,30,9,12,38,104,2,3,0,228
2026-06-12 18:27:27,12.854,Dry,39.759,9.714,3,25,3,4.621,24,43.478,41.892,32.609,4,15,66,166,0,6,0,228
2026-06-14 14:19:33,12.323,Dry,32.727,7.753,3,19,0,4.667,18,33.333,37.097,27.586,7,7,54,165,1,5,0,228
2026-06-17 16:20:35,11.797,Dry,29.915,8.105,3,16,0,3.886,21,48,29.091,18.919,7,3,35,117,4,2,0,228
2026-06-18 07:29:56,11.979,Dry,33.548,10.798,6,15,0,4.154,23,41.935,38.333,25,8,11,52,155,2,4,0,228
2026-06-20 18:11:36,11.985,Dry,32.54,8.725,4,18,0,4.39,18,40.909,38.71,19.048,9,4,41,126,2,4,0,228
2026-06-21 22:16:46,11.802,Dry,36.885,12.708,5,22,0,3.622,26,50,40.678,24.39,11,11,45,122,2,3,0,228
2026-06-22 21:35:21,11.728,Dry,35.664,8.202,3,18,0,4.353,19,35.714,35.385,36,9,5,51,143,3,3,0,228
2026-06-25 00:18:18,11.722,Dry,32.374,10.468,5,15,4,4.0,18,20,46.032,21.739,8,10,45,139,3,3,0,228
2026-06-27 17:17:15,11.733,Dry,32.203,7.929,4,9,2,4.421,16,40.741,29.63,29.73,6,4,38,118,2,4,0,228
2026-07-01 23:43:02,11.651,Dry,27.778,6.077,5,35,1,3.686,18,36.842,28.07,16.129,9,5,35,126,1,5,0,228
2026-07-03 17:57:14,11.294,Dry,32.52,9.963,7,23,1,3.525,25,29.63,33.333,33.333,11,6,40,123,3,3,0,228
2026-07-03 21:32:13,11.282,Dry,30.0,8.422,6,21,6,3.824,24,32.432,31.522,24.39,7,13,51,170,3,2,1,228
2026-01-02 00:57:04,5.596,BigSmo,22.137,4.86,3,29,0,4.345,13,29.412,16.949,23.684,6,4,29,131,3,3,0,230
2026-01-02 08:00:50,5.605,BigSmo,25.926,3.739,0,11,0,5.214,7,50,17.544,25.806,0,3,28,108,3,2,0,230
2026-01-03 00:30:48,5.699,BigSmo,23.134,5.081,6,28,0,4.484,9,21.429,14.545,37.838,6,2,31,134,2,4,0,230
2026-01-03 05:26:37,5.504,BigSmo,28.481,5.781,6,52,0,4.667,15,38.71,20.833,32.727,9,3,45,158,3,3,0,230
2026-01-06 05:29:39,5.497,BigSmo,25.949,4.844,3,27,0,4.927,10,45.455,13.514,31.373,3,6,41,158,3,3,0,230
2026-01-07 01:49:38,5.502,BigSmo,22.481,5.296,5,35,0,4.103,14,31.429,16.071,23.684,7,5,29,129,3,3,0,230
2026-01-12 05:30:57,5.585,BigSmo,18.75,3.012,1,6,2,5.143,3,25,17.857,15.625,3,1,21,112,1,3,1,230
2026-01-14 17:31:59,5.391,BigSmo,34.959,8.022,6,27,1,4.116,16,59.375,23.529,30,9,4,43,123,3,2,0,230
2026-01-15 18:44:32,5.491,BigSmo,23.129,4.125,2,20,0,4.676,9,28.947,17.808,27.778,4,3,34,147,1,3,2,230
2026-01-16 08:28:15,5.307,BigSmo,29.747,5.924,2,19,2,5.0,12,32.432,22.222,38.776,3,5,47,158,3,3,0,230
2026-01-16 18:32:49,5.31,BigSmo,24.779,5.37,2,12,0,4.179,10,33.333,15.686,31.707,6,1,28,113,2,3,0,230
2026-01-17 00:37:47,5.211,BigSmo,28.571,4.09,1,28,1,4.667,12,43.59,19.118,30,3,4,42,147,3,3,0,230
2026-01-17 05:38:38,5.187,BigSmo,23.529,5.611,1,10,0,4.4,6,8.333,24,30.435,4,3,20,85,3,1,0,230
2026-01-17 10:39:09,5.381,BigSmo,25.352,2.78,4,56,0,3.889,17,28.947,19.697,31.579,10,5,36,142,2,3,1,230
2026-01-17 22:50:02,5.27,BigSmo,22.857,4.183,3,36,0,4.562,10,39.286,16.923,21.277,4,6,32,140,4,2,0,230
2026-01-18 05:07:20,5.443,BigSmo,27.273,4.558,4,28,0,4.6,12,42.857,15.385,33.333,5,3,30,110,1,4,0,230
2026-01-18 10:29:54,5.158,BigSmo,20.635,3.195,1,29,1,5.038,6,31.25,16.393,18.182,2,2,26,126,2,3,0,230
2026-01-18 12:22:26,5.06,BigSmo,30.909,5.059,4,50,1,4.922,14,53.488,16.438,32.653,8,5,51,165,2,3,1,230
2026-01-20 00:30:42,4.966,BigSmo,24.026,3.804,1,27,0,4.757,10,32.609,14.286,31.579,2,1,37,154,1,4,1,230
2026-01-29 16:37:47,4.693,BigSmo,27.358,5.195,4,27,0,4.448,10,34.483,18,37.037,7,1,29,106,4,1,0,230
2026-01-31 08:22:55,4.989,BigSmo,32.407,5.224,0,6,2,5.2,6,34.483,25.49,42.857,2,3,35,108,3,2,0,230
2026-01-31 23:17:02,5.088,BigSmo,28.671,5.832,3,18,0,4.707,13,38.889,21.538,30.952,8,5,41,143,4,2,0,230
2026-02-07 10:29:10,5.276,BigSmo,20.161,3.248,2,30,1,4.96,6,27.586,12.903,27.273,5,2,25,124,4,2,0,230
2026-02-07 22:12:56,5.471,BigSmo,27.068,4.673,3,20,0,4.944,8,29.412,17.857,37.209,5,2,36,133,2,4,0,230
2026-02-10 18:27:03,5.48,BigSmo,25.466,2.899,1,39,1,5.366,7,32.432,22.785,24.444,1,1,41,161,3,3,0,230
2026-02-13 00:43:49,5.485,BigSmo,16.456,3.635,4,52,0,4.269,12,20.588,9.333,24.49,5,3,26,158,0,5,1,230
2026-02-19 20:56:12,5.035,BigSmo,26.923,4.697,3,27,0,4.686,11,32.258,23.438,28.571,8,1,35,130,2,4,0,230
2026-02-21 05:13:59,4.852,BigSmo,28.226,4.29,0,7,0,5.286,7,33.333,22.034,34.375,5,0,35,124,4,2,0,230
2026-02-22 17:23:05,5.045,BigSmo,20.769,4.323,2,13,0,4.704,9,33.333,12.857,27.778,4,2,27,130,1,5,0,230
2026-02-24 21:10:41,4.679,BigSmo,26.207,4.189,4,29,0,4.789,10,35.135,17.333,36.364,6,4,38,145,4,2,0,230
2026-02-26 01:09:58,4.893,BigSmo,28.378,5.042,3,26,1,4.881,12,39.286,19.118,34.615,5,2,42,148,5,1,0,230
2026-03-02 06:44:58,5.26,BigSmo,30.579,4.668,1,13,2,5.541,9,62.069,17.46,27.586,2,5,37,121,2,4,0,230
2026-03-30 21:39:33,5.085,BigSmo,31.25,4.445,3,23,0,5.1,10,55.556,16.949,30.303,4,6,40,128,3,3,0,230
2026-04-13 14:04:29,5.083,BigSmo,28.205,3.785,0,30,0,5.068,9,34.286,25.676,27.66,3,4,44,156,3,3,0,230
2026-04-20 18:43:30,5.086,BigSmo,29.661,5.461,3,16,1,4.686,11,31.034,17.544,50,3,2,35,118,4,2,0,230
2026-04-22 15:13:20,5.281,BigSmo,27.731,4.802,1,17,0,4.515,8,23.81,23.077,34.783,3,5,33,119,3,3,0,230
2026-04-25 14:37:20,5.281,BigSmo,22.086,3.417,0,33,0,4.75,12,33.333,14.815,26.087,3,7,36,163,4,2,0,230
2026-04-27 18:57:55,5.448,BigSmo,23.602,4.947,6,26,1,4.895,11,34.146,12.329,31.915,6,1,38,161,5,1,0,230
2026-04-28 14:08:03,5.795,BigSmo,25.455,4.558,1,21,0,4.643,9,28,20.833,29.73,4,3,28,110,2,3,0,230
2026-04-29 13:52:18,5.707,BigSmo,18.065,3.462,2,22,0,5.036,8,17.241,12.5,28.261,2,3,28,155,5,1,0,230
2026-04-29 18:16:04,6.06,BigSmo,29.452,5.226,4,33,0,4.419,19,43.59,26.389,20,11,3,43,146,3,3,0,230
2026-04-30 14:25:20,6.05,BigSmo,23.353,3.45,0,45,0,4.795,13,34.783,11.111,30.612,3,11,39,167,1,4,1,230
2026-05-01 14:47:12,5.777,BigSmo,23.853,3.376,1,13,0,5.115,3,39.13,14.815,28.125,3,1,26,109,3,3,0,230
2026-05-06 05:45:40,5.778,BigSmo,22.115,3.209,0,1,1,5.565,4,34.783,16.364,23.077,1,2,23,104,3,3,0,230
2026-05-07 14:18:37,5.771,BigSmo,27.703,4.473,3,31,2,5.268,10,32.353,21.538,32.653,4,5,41,148,1,4,1,230
2026-05-09 06:27:18,5.503,BigSmo,29.139,5.267,2,23,0,4.841,12,40.741,27.5,25,6,4,44,151,3,3,0,230
2026-05-09 10:03:51,5.504,BigSmo,28.235,3.291,7,77,0,3.875,25,37.838,25.974,25,8,11,48,170,4,2,0,230
2026-05-11 14:04:11,5.936,BigSmo,29.71,4.742,0,15,1,5.171,8,36.667,27.692,27.907,5,0,41,138,3,3,0,230
2026-05-11 18:11:15,5.92,BigSmo,19.811,2.073,0,6,0,5.762,2,27.273,22.951,4.348,1,1,21,106,4,2,0,230
2026-05-12 14:05:09,6.104,BigSmo,22.628,4.961,4,31,0,4.032,14,22.222,22.388,23.256,5,7,31,137,4,2,0,230
2026-05-13 13:44:45,6.282,BigSmo,20.175,3.656,2,6,1,5.391,5,24.138,11.864,34.615,4,0,23,114,4,2,0,230
2026-05-13 16:03:02,6.472,BigSmo,24.627,4.347,1,27,0,5.061,9,28.571,17.391,35.135,1,5,33,134,0,5,1,230
2026-05-15 17:46:44,6.018,BigSmo,20.536,3.337,1,23,0,4.609,8,32.143,12,23.529,3,3,23,112,1,4,0,230
2026-05-16 04:37:10,5.464,BigSmo,21.591,5.161,2,8,0,4.053,7,26.316,18.75,23.81,4,0,19,88,1,4,0,230
2026-05-20 14:25:13,4.937,BigSmo,33.621,4.947,2,23,0,5.0,10,34.783,28.07,41.667,5,3,39,116,2,3,0,230
2026-05-21 14:29:56,4.839,BigSmo,26.351,3.362,2,21,2,5.564,5,38.889,20.548,25.641,2,3,39,148,1,5,0,230
2026-05-24 13:57:54,4.489,BigSmo,25.0,3.37,1,23,0,5.185,8,43.75,23.438,17.857,3,2,27,108,4,1,0,230
2026-05-25 14:28:52,4.764,BigSmo,23.226,3.283,2,30,1,5.611,8,43.59,13.514,21.429,5,1,36,155,3,3,0,230
2026-05-26 18:30:52,4.766,BigSmo,31.013,5.211,3,18,1,5.122,8,37.5,25.373,33.333,4,5,49,158,5,0,1,230
2026-05-27 14:37:10,5.206,BigSmo,23.03,3.48,0,41,1,5.158,11,32.353,16.667,25.424,2,5,38,165,2,4,0,230
2026-05-28 13:55:32,5.035,BigSmo,22.727,3.654,2,47,0,4.286,14,29.032,24.242,17.544,4,7,35,154,4,2,0,230
2026-05-28 16:09:41,5.214,BigSmo,27.941,4.882,3,29,0,4.763,9,34.615,20.69,32.692,5,2,38,136,2,4,0,230
2026-05-28 18:22:53,5.041,BigSmo,26.846,4.67,2,22,0,4.425,13,35.294,19.118,31.915,3,3,40,149,2,4,0,230
2026-05-29 13:51:29,4.877,BigSmo,24.648,3.983,4,32,0,4.571,14,30.303,21.212,25.581,7,3,35,142,4,2,0,230
2026-05-29 18:24:54,5.07,BigSmo,23.288,5.418,4,27,1,4.529,12,38.71,17.391,21.739,8,1,34,146,5,1,0,230
2026-06-01 18:21:54,5.418,BigSmo,23.077,2.642,1,36,1,5.667,5,28.205,17.857,28.261,1,4,39,169,1,3,2,230
2026-06-02 14:21:12,5.231,BigSmo,27.778,5.344,1,10,2,5.175,9,32.5,25.397,26.829,4,3,40,144,1,5,0,230
2026-06-03 04:26:23,4.888,BigSmo,30.201,3.267,0,16,0,5.667,5,26.829,21.818,41.509,4,2,45,149,3,2,0,230
2026-06-03 14:14:56,4.973,BigSmo,33.333,4.699,2,18,1,4.865,10,30,39.13,28.571,4,3,37,111,5,1,0,230
2026-06-03 18:55:58,5.329,BigSmo,25.397,4.967,2,21,0,4.875,11,33.333,19.048,30.769,5,6,32,126,3,3,0,230
2026-06-04 18:25:20,5.337,BigSmo,22.819,2.598,0,24,0,5.765,6,38.298,12.308,21.622,2,2,34,149,4,2,0,230
2026-06-05 17:50:16,5.501,BigSmo,24.242,5.21,2,27,0,4.188,15,30.435,18.033,29.167,6,5,32,132,4,1,0,230
2026-06-07 08:09:22,6.028,BigSmo,25.843,3.47,1,22,3,5.957,6,27.273,17.284,37.736,3,1,46,178,4,1,1,230
2026-06-07 18:18:38,6.316,BigSmo,34.266,6.587,2,13,1,4.878,14,53.846,22.581,33.333,5,4,49,143,3,3,0,230
2026-06-09 13:58:23,5.989,BigSmo,28.571,5.24,3,30,0,4.682,11,44.444,21.311,26.316,3,7,44,154,2,4,0,230
2026-06-09 18:18:54,6.09,BigSmo,29.412,4.93,2,18,0,5.025,10,41.176,19.697,36.111,4,3,40,136,2,4,0,230
2026-06-10 18:04:55,5.92,BigSmo,32.353,6.522,2,12,0,4.848,12,40.741,26.829,32.353,3,7,33,102,2,3,0,230
2026-06-11 14:01:41,5.836,BigSmo,22.034,2.943,1,25,1,5.269,4,40,17.857,16.216,4,0,26,118,2,3,0,230
2026-06-11 18:19:17,5.748,BigSmo,25.962,5.097,1,16,0,4.593,11,33.333,19.149,30,5,4,27,104,2,3,0,230
2026-06-12 14:04:43,5.664,BigSmo,27.434,3.847,2,24,0,5.548,7,41.379,23.81,21.429,4,2,31,113,3,1,1,230
2026-06-12 18:27:27,5.843,BigSmo,27.711,4.297,2,25,1,5.5,7,34.783,21.622,30.435,2,3,46,166,0,6,0,230
2026-06-13 18:45:41,5.316,BigSmo,28.313,4.462,1,31,1,4.851,13,32.432,23.288,32.143,2,3,47,166,3,2,1,230
2026-06-14 06:19:48,5.397,BigSmo,26.277,4.36,2,16,0,5.194,6,31.579,19.355,32.432,4,1,36,137,1,5,0,230
2026-06-14 14:19:33,5.051,BigSmo,29.197,4.949,2,14,1,5.275,7,26.471,26.316,34.783,4,2,40,137,4,2,0,230
2026-06-16 23:18:25,5.233,BigSmo,16.981,3.598,2,24,0,4.389,5,18.182,16.667,16.667,2,1,18,106,3,2,0,230
2026-06-17 23:35:10,5.313,BigSmo,32.432,6.796,5,12,1,4.694,10,46.154,17.308,45.455,7,2,36,111,5,0,0,230
2026-06-18 14:24:55,5.769,BigSmo,32.432,5.963,2,26,0,4.5,15,29.412,24.242,45.833,5,4,48,148,2,2,1,230
2026-06-19 21:13:50,5.863,BigSmo,26.042,4.93,1,8,0,4.8,6,25,24.39,29.032,3,1,25,96,4,1,0,230
2026-06-19 22:59:11,5.77,BigSmo,21.667,2.819,0,17,1,5.615,3,43.478,10.448,30,1,2,26,120,3,2,0,230
2026-06-22 21:35:21,6.217,BigSmo,28.649,5.139,1,43,0,4.83,16,36.585,27.273,25,5,5,53,185,2,2,2,230
2026-06-22 22:49:49,6.129,BigSmo,26.087,4.087,2,13,0,5.3,6,41.176,14.286,28.125,3,2,30,115,3,2,0,230
2026-06-23 23:11:54,6.221,BigSmo,21.138,4.199,2,21,1,4.308,9,38.235,12.5,18.182,6,3,26,123,5,1,0,230
2026-06-25 14:15:46,6.652,BigSmo,24.49,4.319,1,26,1,5.083,7,37.143,20.548,20.513,1,4,36,147,1,5,0,230
2026-06-25 17:15:02,6.567,BigSmo,24.468,2.639,0,21,0,5.522,3,40,15.909,20,2,2,23,94,3,2,0,230
2026-06-27 17:17:15,6.313,BigSmo,33.898,5.786,1,9,0,5.0,9,44.444,22.222,43.243,3,4,40,118,2,4,0,230
2026-06-29 03:00:46,6.148,BigSmo,27.119,4.873,2,18,0,5.031,7,36.364,15.686,35.294,5,1,32,118,3,3,0,230
2026-07-01 14:17:09,6.176,BigSmo,28.333,6.354,2,13,0,4.0,7,33.333,25,28.571,3,4,17,60,1,5,0,230
2026-07-01 14:36:06,6.176,BigSmo,26.277,5.069,4,26,1,4.361,12,31.579,20.69,29.268,7,4,36,137,1,5,0,230
2026-07-02 13:52:04,5.829,BigSmo,22.018,3.737,1,23,0,5.0,8,32.432,13.043,23.077,4,1,24,109,1,4,0,230
2026-07-03 13:56:00,5.56,BigSmo,30.573,5.653,5,35,0,5.146,12,30.769,28.169,33.333,6,3,48,157,3,2,1,230
2026-07-04 04:26:07,5.643,BigSmo,38.235,5.579,0,17,1,5.096,13,48.837,35.714,29.73,2,8,52,136,6,0,0,230
2026-07-04 14:18:33,6.171,BigSmo,25.547,3.791,0,15,0,5.371,8,28.947,16.981,32.609,1,4,35,137,3,3,0,230
2026-07-05 04:52:45,6.156,BigSmo,35.673,7.146,3,12,0,4.918,18,41.379,24.675,46.154,8,3,61,171,4,1,1,230
2026-07-05 09:14:33,6.419,BigSmo,28.966,5.221,2,9,0,4.881,12,43.75,25,24.324,7,2,42,145,3,3,0,230
2026-07-05 14:02:38,6.424,BigSmo,35.484,8.057,2,14,0,4.318,16,48.387,31.667,30.303,7,7,44,124,2,4,0,230
2026-01-07 01:49:38,5.307,Serozero,18.634,2.65,1,37,1,4.9,7,17.778,19.048,18.868,3,5,30,161,1,5,0,236
2026-01-18 12:22:26,4.825,Serozero,20.859,2.527,2,48,3,5.412,7,36.585,13.75,19.048,4,0,34,163,1,4,1,236
2026-02-07 10:29:10,4.498,Serozero,20.548,2.269,1,30,1,5.5,4,28.571,20.29,14.286,1,1,30,146,3,3,0,236
2026-02-08 11:33:44,4.503,Serozero,15.672,2.89,3,30,7,4.571,7,25,10.938,13.333,4,2,21,134,4,2,0,236
2026-02-15 19:18:05,4.701,Serozero,15.315,2.604,0,21,0,4.529,7,11.111,18.519,12.821,3,1,17,111,4,2,0,236
2026-02-17 09:16:51,4.931,Serozero,18.75,2.916,1,35,2,5.481,5,30.556,11.111,20,2,4,27,144,2,4,0,236
2026-02-18 16:22:28,4.706,Serozero,19.718,3.336,0,28,2,4.821,10,25.714,8.772,28,1,6,28,142,1,5,0,236
2026-02-20 05:26:49,4.297,Serozero,15.827,1.647,0,16,0,5.773,3,22.222,13.333,11.765,0,2,22,139,3,3,0,236
2026-02-21 07:37:52,4.285,Serozero,15.686,2.155,0,26,1,5.625,4,13.793,17.073,14.286,1,3,24,153,0,6,0,236
2026-02-24 21:10:41,3.666,Serozero,12.308,1.38,0,32,3,4.938,4,22.857,10,5.714,0,4,16,130,1,5,0,236
2026-03-15 19:01:50,3.215,Serozero,28.8,5.076,2,12,3,5.167,8,38.095,22.642,26.667,2,3,36,125,2,4,0,236
2026-03-16 10:28:16,3.031,Serozero,15.432,2.321,1,27,4,5.6,6,21.739,12.676,13.333,2,1,25,162,2,3,1,236
2026-03-16 19:05:41,2.927,Serozero,21.849,2.469,0,18,0,5.692,3,21.875,25,14.815,1,3,26,119,0,6,0,236
2026-04-15 10:03:16,2.327,Serozero,17.61,2.693,0,28,2,4.964,2,33.333,16.216,8.163,0,2,28,159,2,4,0,236
2026-04-16 00:39:38,2.13,Serozero,15.966,2.361,0,27,2,5.211,5,37.5,8.333,7.407,1,2,19,119,2,3,0,236
2026-04-16 18:35:33,2.038,Serozero,19.632,2.646,1,21,3,5.469,6,26.786,13.433,20,2,0,32,163,2,2,2,236
2026-04-19 04:54:10,2.049,Serozero,19.767,3.447,2,11,5,5.765,5,24.39,16.438,20.69,3,1,34,172,2,4,0,236
2026-04-20 22:24:29,1.861,Serozero,21.739,2.54,0,24,0,5.08,4,29.167,17.778,21.739,1,1,25,115,3,2,0,236
2026-04-26 04:32:57,1.964,Serozero,22.84,3.877,1,18,3,5.243,5,35.714,19.737,20.69,2,1,37,162,4,1,1,236
2026-04-29 18:16:04,2.268,Serozero,20.0,3.644,3,27,0,4.394,14,19.444,21.429,17.778,5,4,33,165,3,3,0,236
2026-05-04 13:50:06,2.257,Serozero,18.0,3.051,0,29,3,4.963,6,25,14.754,16.981,2,2,27,150,2,4,0,236
2026-05-04 18:44:00,2.087,Serozero,16.535,3.01,0,18,2,4.667,8,24,17.91,8.571,1,5,21,127,2,3,0,236
2026-05-07 07:15:21,1.985,Serozero,14.516,1.923,0,15,2,5.389,4,19.355,12.963,12.821,1,1,18,124,1,5,0,236
2026-05-09 06:27:18,1.607,Serozero,18.11,2.603,0,9,1,4.87,3,15.625,18.033,20.588,0,1,23,127,3,3,0,236
2026-05-09 10:03:51,1.609,Serozero,13.529,1.131,2,77,0,4.87,8,18.919,15.584,7.143,3,4,23,170,4,2,0,236
2026-05-10 12:17:28,1.789,Serozero,19.355,3.558,1,16,0,4.875,8,21.739,20.635,15.789,2,3,24,124,2,4,0,236
2026-05-12 09:38:12,1.591,Serozero,20.261,2.995,1,43,0,4.516,11,31.429,13.415,25,5,3,31,153,3,2,1,236
2026-05-13 13:44:45,1.683,Serozero,19.298,2.687,0,6,1,5.545,3,20.69,15.254,26.923,1,1,22,114,4,2,0,236
2026-05-16 04:37:10,1.884,Serozero,17.593,2.502,1,27,3,5.684,4,22.222,14.286,18.75,3,1,19,108,3,2,0,236
2026-05-17 07:27:17,2.093,Serozero,15.0,2.589,1,37,1,4.222,8,13.043,16.071,14.634,5,1,18,120,3,2,0,236
2026-05-17 09:37:26,2.195,Serozero,16.667,3.281,1,14,2,4.955,6,25,10.606,21.053,3,2,22,132,2,4,0,236
2026-05-18 06:06:48,2.008,Serozero,14.074,1.652,0,18,0,5.632,2,13.793,13.433,15.385,1,0,19,135,3,3,0,236
2026-05-21 14:29:56,2.024,Serozero,19.653,2.483,0,33,3,5.441,7,25,18.605,17.647,1,1,34,173,4,1,1,236
2026-05-27 04:53:54,2.298,Serozero,18.792,3.523,1,9,0,5.214,7,17.143,19.444,19.048,4,1,28,149,3,2,1,236
2026-06-03 04:26:23,2.386,Serozero,20.805,2.638,1,16,4,5.581,7,21.951,18.182,22.642,3,0,31,149,3,2,0,236
2026-06-14 14:19:33,2.476,Serozero,23.684,3.257,0,20,1,5.694,7,38.636,22.222,11.111,3,0,36,152,3,3,0,236
2026-06-17 23:35:10,2.472,Serozero,15.044,2.497,0,15,5,4.941,6,19.355,13.636,13.158,4,2,17,113,3,2,0,236
2026-06-22 21:35:21,2.573,Serozero,22.013,5.522,5,39,3,4.486,14,31.579,21.429,15.686,6,5,35,159,4,2,0,236
2026-06-29 18:09:56,2.686,Serozero,15.888,2.103,0,11,0,5.176,3,30,11.475,15.385,2,0,17,107,4,2,0,236
2026-07-02 18:34:06,2.849,Serozero,20.455,2.786,1,13,0,5.778,3,25,14.286,25,2,1,27,132,3,3,0,236
2026-07-05 14:02:38,2.861,Serozero,16.794,3.349,2,24,1,4.909,6,20,18.033,12.5,4,2,22,131,5,1,0,236
2026-06-14 06:19:48,1.5,transfer,8.264,2.301,0,18,6,4.2,6,10,6.122,9.524,3,1,10,121,3,3,0,237
2026-06-15 06:22:37,1.494,transfer,7.921,1.887,3,27,0,3.0,5,12.5,1.887,16.667,5,0,8,101,3,3,0,237
2026-06-17 16:20:35,1.498,transfer,13.675,3.144,1,16,3,4.438,8,24,7.273,16.216,5,0,16,117,4,2,0,237
2026-06-18 22:34:18,1.974,transfer,17.544,4.308,3,16,0,3.95,9,21.875,13.559,21.739,4,4,20,114,4,2,0,237
2026-06-19 05:24:35,1.744,transfer,9.615,2.539,1,24,2,3.0,9,5,13.333,7.692,3,2,10,104,4,2,0,237
2026-06-25 00:18:18,2.195,transfer,11.607,2.814,1,10,1,5.0,4,21.739,9.259,8.571,4,0,13,112,5,1,0,237
2026-06-29 18:09:56,2.648,transfer,14.953,3.897,0,11,4,3.75,9,25,13.115,11.538,5,0,16,107,4,2,0,237
2026-07-01 23:43:02,2.846,transfer,13.492,2.686,2,35,2,4.0,7,13.158,12.281,16.129,6,1,17,126,1,5,0,237
2026-01-05 00:32:24,7.317,Progenitor,29.927,4.906,0,28,2,4.61,18,36.585,26.316,28.205,5,9,41,137,4,2,0,238
2026-01-14 17:31:59,7.514,Progenitor,32.609,5.482,3,26,0,4.8,12,35.135,37.5,21.622,5,4,45,138,1,4,0,238
2026-01-17 16:40:47,7.199,Progenitor,23.77,5.799,2,27,0,4.414,12,26.923,20.37,26.19,5,4,29,122,3,2,0,238
2026-01-17 16:42:16,7.199,Progenitor,23.77,5.799,2,27,0,4.414,12,26.923,20.37,26.19,5,4,29,122,3,2,0,238
2026-01-22 22:13:39,7.296,Progenitor,27.966,4.959,2,26,0,4.394,11,27.273,32.143,22.5,3,6,33,118,2,2,1,238
2026-03-02 11:58:43,7.306,Progenitor,29.787,5.414,1,21,0,5.238,9,38.889,31.343,18.421,5,1,42,141,4,2,0,238
2026-03-04 14:45:10,7.5,Progenitor,24.324,3.576,1,29,0,5.056,8,33.333,21.212,21.739,5,0,36,148,2,3,1,238
2026-03-05 20:48:03,7.421,Progenitor,28.873,5.118,2,32,2,4.512,14,40,33.784,10.526,2,6,41,142,3,2,1,238
2026-03-09 14:33:55,7.521,Progenitor,26.241,3.599,0,18,2,5.514,4,34.375,25,22.222,2,1,37,141,4,1,1,238
2026-03-18 14:41:23,7.812,Progenitor,25.6,4.365,0,22,0,5.0,9,35.714,24.528,20.455,4,3,32,125,4,2,0,238
2026-03-19 19:00:40,8.011,Progenitor,27.083,4.892,1,26,0,4.923,10,25.806,28.788,25.532,5,5,39,144,5,1,0,238
2026-03-22 14:22:46,8.226,Progenitor,30.986,4.479,2,36,0,5.091,12,29.412,39.437,16.216,5,4,44,142,3,2,0,238
2026-03-30 21:39:33,8.319,Progenitor,34.694,4.768,2,24,1,5.078,13,40.625,33.803,31.818,5,5,51,147,3,3,0,238
2026-04-02 13:54:01,8.334,Progenitor,27.007,7.097,2,22,1,4.378,15,25,29.032,25.581,6,6,37,137,3,3,0,238
2026-04-02 18:30:27,8.328,Progenitor,26.136,5.875,2,10,0,4.826,9,42.105,27.5,13.793,3,4,23,88,2,3,0,238
2026-04-03 13:50:59,8.215,Progenitor,21.739,5.369,4,29,1,4.167,10,32.258,19.697,17.073,5,3,30,138,2,4,0,238
2026-04-09 00:14:04,8.023,Progenitor,30.723,6.07,2,16,1,4.843,12,32.432,35.366,21.277,5,4,51,166,5,1,0,238
2026-04-16 00:39:38,8.413,Progenitor,37.589,7.935,3,20,1,4.34,23,44.186,39.394,25,4,13,53,141,3,2,0,238
2026-04-18 21:12:03,8.503,Progenitor,26.429,3.513,1,23,1,4.973,9,30.769,29.231,16.667,3,2,37,140,2,2,1,238
2026-04-25 14:37:20,8.495,Progenitor,21.569,3.658,1,24,0,4.697,11,25,23.684,14.634,6,1,33,153,3,3,0,238
2026-04-27 18:57:55,8.515,Progenitor,30.508,6.707,3,30,1,4.5,18,30.909,34.722,24,7,9,54,177,0,6,0,238
2026-04-28 14:08:03,7.943,Progenitor,25.893,5.64,3,25,0,4.586,10,33.333,24.561,24.324,5,4,29,112,3,1,1,238
2026-05-01 14:47:12,8.14,Progenitor,25.949,3.952,1,32,2,5.024,10,27.273,29.487,19.149,4,3,41,158,3,3,0,238
2026-05-03 13:50:06,8.145,Progenitor,27.407,6.44,5,31,1,4.351,13,26.471,30,24.39,7,5,37,135,3,2,0,238
2026-05-06 23:26:01,8.248,Progenitor,30.07,4.675,4,44,0,4.744,12,30.556,32.787,26.087,6,5,43,143,4,2,0,238
2026-05-09 21:18:01,8.436,Progenitor,26.718,6.246,4,22,1,4.829,11,32.432,30.159,12.903,7,3,35,131,4,2,0,238
2026-05-10 12:17:28,8.628,Progenitor,24.161,4.83,1,20,1,4.417,13,25.714,28.788,16.667,3,7,36,149,3,3,0,238
2026-05-11 10:54:27,8.642,Progenitor,27.132,5.571,3,31,0,4.143,16,44.444,24.561,20,7,6,35,129,1,4,1,238
2026-05-12 09:38:12,8.356,Progenitor,27.815,3.602,1,44,0,4.643,12,40,25.676,21.429,3,2,42,151,1,4,1,238
2026-05-12 18:15:50,8.083,Progenitor,25.472,4.84,3,24,0,4.63,9,32.258,27.273,16.129,4,2,27,106,1,4,0,238
2026-05-22 14:23:24,7.804,Progenitor,28.966,3.979,0,31,0,5.357,10,42.857,33.333,9.756,1,4,42,145,2,4,0,238
2026-05-22 21:04:09,7.622,Progenitor,29.915,5.063,0,21,0,4.771,10,44.444,31.25,19.048,2,5,35,117,2,3,0,238
2026-05-28 16:09:41,7.527,Progenitor,24.503,6.58,6,42,0,3.946,18,42.308,25,15.094,7,9,37,151,3,3,0,238
2026-06-02 14:21:12,7.529,Progenitor,31.2,5.371,0,11,1,5.308,8,42.857,22.222,28.947,4,2,39,125,4,2,0,238
2026-06-05 17:50:16,7.717,Progenitor,24.038,5.086,4,24,0,4.32,8,41.176,24.49,15.789,7,0,25,104,3,2,0,238
2026-06-07 18:18:38,7.904,Progenitor,35.811,7.04,1,25,0,4.623,17,48.718,33.803,26.316,3,10,53,148,0,6,0,238
2026-06-12 14:04:43,7.363,Progenitor,28.713,5.28,3,27,0,4.897,7,50,27.273,17.143,4,3,29,101,2,3,0,238
2026-06-16 00:10:57,7.265,Progenitor,18.699,2.786,1,39,1,4.522,6,27.273,14.634,16.327,3,3,23,123,2,3,0,238
2026-01-01 10:11:46,7.341,yasashiikumo,20.513,4.119,1,23,1,4.333,9,25.926,23.214,11.765,5,2,24,117,2,3,0,241
2026-01-01 22:39:32,7.229,yasashiikumo,26.667,4.256,2,17,0,5.125,6,40,29.268,8.333,5,2,24,90,3,2,0,241
2026-01-02 00:57:04,7.336,yasashiikumo,31.507,4.509,3,32,1,5.13,11,42.5,26.471,28.947,4,5,46,146,2,4,0,241
2026-01-05 00:32:24,7.125,yasashiikumo,22.148,3.381,3,46,1,4.879,7,28.125,20,21.277,3,7,33,149,2,4,0,241
2026-01-07 16:34:15,6.899,yasashiikumo,26.515,5.311,3,24,1,4.657,12,27.273,31.25,17.143,7,4,35,132,2,4,0,241
2026-01-11 19:25:15,6.7,yasashiikumo,27.612,4.972,0,24,1,4.622,12,31.579,32.653,19.149,3,7,37,134,1,5,0,241
2026-01-17 00:37:47,6.278,yasashiikumo,26.705,4.498,1,39,0,4.319,18,25,33.333,15.556,3,9,47,176,1,3,2,241
2026-01-17 16:40:47,6.09,yasashiikumo,25.862,4.115,0,17,0,5.0,7,21.875,29.63,23.333,2,4,30,116,1,4,0,241
2026-01-17 16:42:16,6.09,yasashiikumo,25.862,4.115,0,17,0,5.0,7,21.875,29.63,23.333,2,4,30,116,1,4,0,241
2026-01-17 22:50:02,6.09,yasashiikumo,28.387,4.333,1,37,1,4.818,12,34.211,30.137,20.455,7,3,44,155,5,1,0,241
2026-01-18 10:29:54,6.182,yasashiikumo,27.119,4.415,1,19,0,4.844,9,34.615,27.273,21.622,4,4,32,118,3,2,0,241
2026-01-20 00:30:42,6.286,yasashiikumo,30.597,3.582,0,19,1,5.341,7,37.5,35.938,10,1,2,41,134,3,2,1,241
2026-01-22 22:13:39,6.384,yasashiikumo,25.556,6.194,3,19,1,3.652,12,21.429,31.579,20.833,6,3,23,90,4,1,0,241
2026-01-26 00:05:52,6.691,yasashiikumo,26.23,3.35,1,23,1,5.312,6,25,34.483,15,2,3,32,122,2,4,0,241
2026-01-29 16:37:47,6.49,yasashiikumo,21.705,3.959,1,38,1,4.321,9,34.375,21.154,13.333,7,1,28,129,2,2,1,241
2026-01-31 16:22:08,6.475,yasashiikumo,30.405,5.112,0,31,1,4.467,15,33.333,35.065,21.277,9,8,45,148,2,4,0,241
2026-01-31 23:17:02,6.275,yasashiikumo,28.0,5.631,1,21,2,4.371,13,37.931,27.419,20.588,3,7,35,125,2,4,0,241
2026-02-07 22:12:56,6.087,yasashiikumo,29.412,5.015,2,26,0,4.75,12,48.148,32.308,13.636,4,2,40,136,3,3,0,241
2026-02-13 00:43:49,6.082,yasashiikumo,16.8,3.064,2,28,1,4.667,9,19.444,22.642,5.556,2,3,21,125,4,1,1,241
2026-02-17 21:05:31,6.368,yasashiikumo,25.833,5.603,4,16,0,4.484,10,32,28.571,15.625,6,3,31,120,3,2,0,241
2026-02-18 16:22:28,6.461,yasashiikumo,35.032,7.255,6,27,1,4.618,17,37.931,39.506,25.532,10,6,55,157,4,1,1,241
2026-02-19 20:56:12,6.736,yasashiikumo,22.148,2.722,2,35,2,5.394,6,27.5,14.545,25.926,3,1,33,149,1,5,0,241
2026-02-22 17:23:05,6.361,yasashiikumo,28.662,6.55,2,27,1,4.311,16,33.333,34.884,13.636,6,5,45,157,4,2,0,241
2026-02-23 11:23:01,6.361,yasashiikumo,23.457,3.212,0,32,1,5.105,10,34.694,22.535,11.905,1,7,38,162,2,4,0,241
2026-02-24 21:10:41,6.545,yasashiikumo,29.655,4.767,3,29,1,4.581,13,29.73,32,24.242,6,6,43,145,4,2,0,241
2026-03-12 22:28:14,6.562,yasashiikumo,20.339,3.767,0,22,0,4.625,9,13.333,33.333,11.628,3,3,24,118,3,3,0,241
2026-03-16 10:28:16,6.553,yasashiikumo,27.059,4.664,3,29,1,5.174,7,28.889,35.897,10.638,4,2,46,170,4,2,0,241
2026-03-16 16:08:49,6.736,yasashiikumo,23.776,4.571,4,27,1,4.147,11,21.875,29.688,17.021,4,3,34,143,2,4,0,241
2026-03-22 14:22:46,6.564,yasashiikumo,29.577,4.896,1,37,1,4.714,14,41.176,31.507,14.286,2,5,42,142,4,1,0,241
2026-03-25 22:25:20,6.864,yasashiikumo,27.536,5.469,1,13,1,4.842,10,32.353,33.846,12.821,5,1,38,138,3,3,0,241
2026-03-28 15:30:09,6.856,yasashiikumo,28.926,4.241,2,20,1,5.4,5,42.424,32,13.158,5,2,35,121,1,5,0,241
2026-03-28 22:07:01,6.481,yasashiikumo,27.273,5.516,2,11,1,4.778,6,25,29.787,25,4,1,27,99,1,4,0,241
2026-03-30 09:40:19,6.196,yasashiikumo,32.335,4.921,2,17,2,5.556,7,40.909,33.333,22.222,3,0,54,167,5,1,0,241
2026-03-30 13:56:39,6.569,yasashiikumo,24.427,3.705,1,30,0,5.25,9,21.212,28.125,20.588,3,4,32,131,3,3,0,241
2026-04-05 17:46:11,6.569,yasashiikumo,29.078,3.616,1,19,1,5.659,6,37.778,31.746,12.121,1,2,41,141,3,2,0,241
2026-04-06 14:24:31,6.673,yasashiikumo,22.093,4.989,3,48,0,4.316,18,29.73,22.989,14.583,6,4,38,172,4,2,0,241
2026-04-10 21:38:08,6.871,yasashiikumo,21.739,5.244,3,20,1,4.733,6,15,24.138,25,4,0,30,138,2,4,0,241
2026-04-11 13:56:22,6.686,yasashiikumo,28.889,4.289,0,13,2,5.333,4,41.463,33.962,9.756,2,3,39,135,4,2,0,241
2026-04-18 16:41:41,6.878,yasashiikumo,29.927,3.86,0,20,0,5.366,6,40,32.258,17.5,3,3,41,137,1,5,0,241
2026-04-18 21:12:03,6.504,yasashiikumo,29.268,6.576,3,19,1,3.833,16,21.212,38.182,22.857,8,6,36,123,4,1,0,241
2026-04-19 14:28:30,6.787,yasashiikumo,24.786,5.348,2,30,0,4.483,11,32,27.586,14.706,5,4,29,117,3,3,0,241
2026-04-20 13:47:22,6.801,yasashiikumo,22.556,3.39,1,32,1,5.2,6,31.579,26.316,7.895,3,3,30,133,2,4,0,241
2026-04-20 22:24:29,6.619,yasashiikumo,25.185,3.586,0,36,0,4.853,8,28.125,33.333,10,4,2,34,135,4,1,0,241
2026-04-21 13:51:52,6.905,yasashiikumo,28.0,6.744,3,18,0,4.429,14,26.471,29.63,27.027,8,4,35,125,3,3,0,241
2026-04-22 15:13:20,6.902,yasashiikumo,26.712,4.087,3,27,0,5.077,9,35.484,30.137,14.286,5,1,39,146,2,4,0,241
2026-04-23 15:00:23,6.716,yasashiikumo,21.739,2.581,1,31,2,5.743,3,37.5,18.824,15.909,2,0,35,161,5,1,0,241
2026-04-24 14:02:24,7.088,yasashiikumo,24.648,4.155,1,43,0,4.686,11,44.828,25.714,9.302,5,5,35,142,3,2,0,241
2026-04-25 14:37:20,7.189,yasashiikumo,21.569,3.368,0,24,0,4.788,9,19.444,28.947,9.756,5,2,33,153,3,3,0,241
2026-04-25 21:35:54,7.207,yasashiikumo,33.884,6.571,4,22,1,4.366,14,39.13,40.351,21.951,6,6,41,121,2,4,0,241
2026-04-29 13:52:18,7.031,yasashiikumo,26.95,5.089,2,26,0,4.868,10,17.391,35.616,17.778,3,4,38,141,3,3,0,241
2026-04-30 14:25:20,7.056,yasashiikumo,30.625,3.907,0,40,1,4.878,11,41.667,27.941,22.727,2,6,49,160,4,2,0,241
2026-05-01 14:47:12,7.236,yasashiikumo,24.8,5.141,2,21,0,4.452,12,24.138,36.842,7.692,5,4,31,125,2,4,0,241
2026-05-03 13:50:06,7.061,yasashiikumo,29.921,5.195,1,22,0,4.816,11,36,33.333,20.513,5,4,38,127,2,3,0,241
2026-05-04 13:50:06,6.984,yasashiikumo,22.727,3.635,1,24,1,4.967,5,33.333,23.636,14.894,1,1,30,132,4,2,0,241
2026-05-05 14:09:04,7.165,yasashiikumo,28.488,4.855,2,41,3,4.98,12,29.167,30.769,23.913,4,5,49,172,2,2,1,241
2026-05-06 23:26:01,7.153,yasashiikumo,23.776,3.211,2,44,1,4.941,8,16.667,32.787,17.391,3,6,34,143,4,2,0,241
2026-05-07 14:18:37,7.333,yasashiikumo,23.649,2.976,0,31,0,5.514,9,29.412,29.231,12.245,5,0,35,148,1,4,1,241
2026-05-09 21:18:01,7.065,yasashiikumo,27.206,6.957,4,17,0,4.486,13,40,31.746,11.628,8,1,37,136,4,2,0,241
2026-05-14 14:18:15,7.503,yasashiikumo,27.273,5.871,2,30,0,4.528,13,34.783,34.783,10,5,7,36,132,2,4,0,241
2026-05-14 21:21:37,7.321,yasashiikumo,33.088,4.11,0,13,1,5.667,3,47.059,37.5,17.391,0,2,45,136,2,3,0,241
2026-05-16 13:47:04,7.233,yasashiikumo,22.222,4.322,1,13,0,5.071,7,27.778,26.087,12.821,4,1,28,126,3,3,0,241
2026-05-18 15:08:53,7.215,yasashiikumo,26.016,5.07,1,19,0,4.812,11,23.077,35.088,15,5,3,32,123,2,4,0,241
2026-05-18 21:53:11,7.06,yasashiikumo,29.114,3.664,1,33,2,5.087,9,35.714,38.095,13.208,2,3,46,158,3,3,0,241
2026-05-19 14:12:22,7.065,yasashiikumo,25.0,3.759,1,20,1,5.029,7,29.412,27.869,17.073,2,3,34,136,3,3,0,241
2026-05-20 14:25:13,7.073,yasashiikumo,39.655,6.028,2,23,1,4.783,13,34.783,47.368,30.556,3,6,46,116,2,3,0,241
2026-05-20 22:26:33,6.975,yasashiikumo,23.333,4.123,2,29,0,4.229,12,36.842,28.571,6.122,3,3,35,150,0,6,0,241
2026-05-21 14:29:56,6.449,yasashiikumo,30.539,4.507,2,30,2,5.255,10,40.541,30.488,22.917,5,4,51,167,3,2,1,241
2026-05-22 21:04:09,6.543,yasashiikumo,31.356,4.682,1,24,0,5.027,10,45.455,36.364,14.634,1,3,37,118,2,3,0,241
2026-05-26 13:56:18,6.451,yasashiikumo,21.849,3.595,2,33,0,4.462,7,35,23.438,11.429,3,0,26,119,5,1,0,241
2026-05-27 14:37:10,6.803,yasashiikumo,23.026,4.117,2,29,0,4.714,11,32.143,27.941,12.5,4,4,35,152,3,2,1,241
2026-05-29 13:51:29,6.898,yasashiikumo,25.21,4.903,5,30,0,4.067,13,33.333,32.812,8.108,8,2,30,119,3,3,0,241
2026-06-05 17:50:16,6.901,yasashiikumo,30.159,5.055,2,28,0,4.684,14,45.161,35,8.571,5,3,38,126,1,4,0,241
2026-06-06 22:27:02,6.376,yasashiikumo,29.577,5.181,1,22,1,4.905,15,33.333,38.095,12.5,9,3,42,142,2,4,0,241
2026-06-09 13:58:23,6.205,yasashiikumo,27.344,4.649,1,22,1,4.857,10,25,35,18.182,3,5,35,128,4,2,0,241
2026-06-09 23:10:50,6.376,yasashiikumo,33.333,5.15,3,27,3,4.359,19,33.333,44.231,17.143,9,6,39,117,4,2,0,241
2026-06-10 21:20:02,6.597,yasashiikumo,26.496,4.228,0,26,0,4.774,10,34.375,30.612,13.889,3,3,31,117,1,4,0,241
2026-06-12 14:04:43,6.319,yasashiikumo,23.009,3.571,3,24,2,5.538,6,34.483,26.19,11.905,4,0,26,113,3,1,1,241
2026-06-14 14:19:33,6.499,yasashiikumo,22.289,1.828,0,25,1,6.189,2,34.884,15.385,22.222,1,0,37,166,4,2,0,241
2026-06-16 00:10:57,6.663,yasashiikumo,26.027,3.605,1,54,0,4.658,11,30.357,33.333,10.256,3,7,38,146,1,4,0,241
2026-06-16 23:18:25,6.39,yasashiikumo,20.652,4.637,1,16,0,4.368,9,16,28.261,9.524,3,3,19,92,4,1,0,241
2026-06-17 23:35:10,6.66,yasashiikumo,29.204,5.18,2,15,1,4.818,11,48.387,29.545,13.158,4,1,33,113,3,2,0,241
2026-06-19 05:24:35,6.757,yasashiikumo,21.154,3.056,1,24,0,4.409,8,25,24.444,15.385,2,2,22,104,4,2,0,241
2026-06-22 22:49:49,6.935,yasashiikumo,32.432,4.732,2,16,0,5.222,7,43.333,31.25,24.242,2,1,36,111,4,1,0,241
2026-06-25 00:18:18,7.212,yasashiikumo,33.083,4.715,0,13,1,5.523,6,45.455,35.593,19.512,4,2,44,133,1,4,1,241
2026-06-25 17:15:02,6.938,yasashiikumo,29.032,5.277,2,31,1,4.694,11,40,38,14.286,4,4,36,124,2,2,1,241
2026-07-01 23:43:02,6.944,yasashiikumo,34.921,6.022,2,35,0,4.023,21,44.737,36.842,19.355,4,12,44,126,1,5,0,241
2026-07-02 13:52:04,6.59,yasashiikumo,25.862,3.432,0,23,0,5.367,8,41.176,31.111,5.405,1,4,30,116,2,3,0,241
2026-07-03 21:32:13,6.494,yasashiikumo,30.973,5.159,1,13,0,4.886,9,45,34.483,17.143,5,0,35,113,3,2,1,241
2026-01-17 10:39:09,6.155,KNotAnyMore,23.529,2.942,5,54,0,3.438,18,23.333,19.643,28,8,7,32,136,4,2,0,244
2026-01-17 10:39:09,1.999,Shadow,16.176,1.64,2,54,0,3.955,10,13.333,12.5,22,7,1,22,136,4,2,0,247
2026-04-17 07:29:19,2.231,Shadow,14.085,1.674,0,33,2,5.25,4,23.077,7.407,14.286,0,1,20,142,1,5,0,247
2026-04-17 14:03:23,1.767,Shadow,13.934,2.399,2,38,1,4.294,6,18.519,10.345,16.216,2,2,17,122,1,4,0,247
2026-04-19 09:37:53,1.427,Shadow,14.679,2.891,0,14,2,5.0,4,19.355,8,21.429,3,3,16,109,4,1,0,247
2026-04-29 09:20:39,1.749,Shadow,11.429,1.503,0,18,1,4.583,4,4,5.882,27.586,2,1,12,105,2,4,0,247
2026-05-25 12:49:49,1.516,Shadow,12.687,1.591,0,15,1,5.294,2,18.75,5.556,23.333,0,1,17,134,4,2,0,247
2026-05-28 13:55:32,1.72,Shadow,10.949,1.491,0,36,1,4.733,6,13.043,6.25,16,2,1,15,137,1,5,0,247
2026-01-20 11:16:49,12.231,eternity,33.333,10.351,10,25,0,3.25,23,50,32.727,21.622,15,8,40,120,3,3,0,248
2026-03-16 13:43:54,12.229,eternity,31.731,9.554,10,19,1,3.545,17,44,37.778,14.706,13,5,33,104,4,2,0,248
2026-03-16 16:08:49,12.472,eternity,32.867,8.355,8,27,1,3.553,26,46.875,34.375,21.277,11,10,47,143,2,4,0,248
2026-03-28 22:07:01,12.259,eternity,36.17,10.507,3,12,2,3.941,16,48.276,43.243,14.286,8,7,34,94,3,2,0,248
2026-01-01 10:11:46,12.101,md22,36.842,8.821,4,17,0,3.81,21,37.037,39.216,33.333,7,7,42,114,2,3,0,250
2026-01-01 22:39:32,12.006,md22,34.118,8.075,2,18,0,3.793,16,23.077,40,37.5,6,6,29,85,2,3,0,250
2026-01-02 00:57:04,11.902,md22,36.879,6.114,3,34,0,4.788,15,35,42.857,31.111,8,5,52,141,3,2,1,250
2026-01-02 08:00:50,11.995,md22,37.719,10.472,3,20,0,3.953,25,39.286,54,13.889,9,9,43,114,4,1,0,250
2026-01-02 13:57:28,12.269,md22,44.444,9.268,3,22,1,4.75,16,58.974,35.088,43.59,6,7,60,135,1,4,0,250
2026-01-03 00:30:48,11.986,md22,36.8,8.835,5,24,1,3.978,19,34.146,46.154,25,8,9,46,125,4,2,0,250
2026-01-03 05:26:37,12.163,md22,32.0,7.292,6,63,0,4.143,22,45.946,34.722,21.212,11,6,56,175,1,5,0,250
2026-01-03 10:38:36,11.791,md22,42.308,10.945,4,21,2,4.409,23,51.351,41.176,35.294,7,12,66,156,2,4,0,250
2026-01-04 06:10:39,11.622,md22,40.23,7.829,7,47,0,4.343,23,45.714,40,37.037,9,9,70,174,3,2,1,250
2026-01-07 01:49:38,11.704,md22,44.056,10.81,10,31,0,3.698,25,42.857,50.943,37.5,17,7,63,143,5,1,0,250
2026-01-07 16:34:15,12.092,md22,36.585,8.195,5,24,0,4.244,16,33.333,39.706,32.143,7,5,45,123,1,5,0,250
2026-01-17 00:37:47,11.744,md22,44.253,9.483,9,37,1,3.896,34,59.091,40.506,37.255,14,11,77,174,2,3,1,250
2026-01-24 06:26:17,11.663,md22,44.667,9.545,6,25,0,4.343,24,44.444,45.833,43.137,11,5,67,150,2,3,1,250
2026-01-25 07:18:08,11.573,md22,41.216,9.611,4,17,0,4.77,17,48.571,44.737,27.027,5,5,61,148,3,3,0,250
2026-01-26 00:05:52,11.579,md22,38.525,8.665,6,23,0,4.426,17,37.5,41.379,35,8,9,47,122,2,4,0,250
2026-01-26 19:25:39,11.394,md22,35.294,8.403,3,16,0,4.444,15,20.833,42.308,34.615,6,3,36,102,4,1,0,250
2026-01-27 02:46:22,11.661,md22,37.013,6.463,2,30,0,4.596,18,50,36.111,30,6,6,57,154,2,4,0,250
2026-01-29 00:15:00,11.455,md22,39.568,8.24,5,35,0,4.109,24,40.541,46.032,28.205,10,12,55,139,2,4,0,250
2026-01-31 23:17:02,11.263,md22,40.559,8.419,1,18,1,4.328,24,44.444,43.077,33.333,8,7,58,143,4,2,0,250
2026-02-02 00:40:03,11.447,md22,37.984,8.746,6,30,0,4.592,17,43.243,38.596,31.429,12,3,49,129,5,1,0,250
2026-02-02 20:29:58,11.807,md22,28.986,6.009,2,23,0,5.125,7,39.394,28.814,21.739,3,3,40,138,2,4,0,250
2026-02-06 18:13:10,11.624,md22,42.975,10.769,2,12,1,4.135,22,28.571,52.941,42.857,7,9,52,121,6,0,0,250
2026-02-07 22:12:56,12.402,md22,41.912,8.5,3,26,0,4.351,22,51.852,40,38.636,6,10,57,136,3,3,0,250
2026-02-17 09:16:51,12.389,md22,40.972,8.857,2,35,0,4.542,23,52.778,42.857,28.889,6,8,59,144,2,4,0,250
2026-02-17 21:05:31,12.198,md22,46.154,12.026,6,27,0,3.883,24,44,57.812,29.268,15,6,60,130,3,2,0,250
2026-02-21 05:13:59,12.254,md22,33.333,7.342,2,21,0,4.522,12,24.138,42.254,23.684,5,4,46,138,3,2,1,250
2026-02-21 07:37:52,12.347,md22,35.294,7.689,2,26,0,4.722,19,34.483,34.146,38.095,5,7,54,153,0,6,0,250
2026-02-21 09:56:08,11.812,md22,38.76,10.765,7,19,1,4.06,19,51.724,44.231,25,8,6,50,129,4,2,0,250
2026-02-26 01:09:58,11.994,md22,39.189,7.851,6,26,1,4.655,18,42.857,44.118,30.769,9,7,58,148,5,1,0,250
2026-02-27 06:33:50,12.356,md22,39.496,9.253,3,17,0,4.383,14,47.059,38.462,33.333,6,7,47,119,4,2,0,250
2026-03-01 07:10:28,12.519,md22,39.869,8.162,3,16,2,4.721,19,36.364,41.935,40.426,7,7,61,153,2,4,0,250
2026-03-02 19:23:01,12.341,md22,37.705,7.818,2,32,0,4.348,16,52.174,40.909,21.212,4,8,46,122,1,5,0,250
2026-04-22 06:15:10,11.993,md22,24.167,3.756,0,15,1,5.552,6,25.714,26.087,20.513,2,3,29,120,1,4,0,250
2026-04-23 05:08:06,11.707,md22,35.0,7.79,3,22,0,3.738,21,39.13,32.353,37.931,4,13,42,120,2,3,0,250
2026-04-24 04:52:40,11.629,md22,33.088,7.665,4,25,0,3.956,21,38.889,35,25,7,7,45,136,1,4,1,250
2026-04-25 06:26:43,11.365,md22,34.409,7.308,2,26,2,5.016,16,39.535,39.759,23.333,7,8,64,186,3,1,2,250
2026-04-26 04:32:57,11.537,md22,33.333,4.814,2,18,2,5.542,5,37.5,38.596,23.404,2,0,48,144,0,6,0,250
2026-04-27 05:23:52,11.005,md22,31.818,5.796,5,26,0,4.257,12,48.387,28.261,21.212,5,6,35,110,1,5,0,250
2026-05-16 04:37:10,10.644,md22,37.594,7.649,7,25,3,4.88,16,45.455,31.818,41.176,7,5,50,133,3,2,0,250
2026-05-18 06:06:48,10.819,md22,21.93,3.713,0,17,1,5.08,5,23.077,25.806,11.538,3,2,25,114,4,2,0,250
2026-06-03 06:38:37,10.991,md22,35.664,8.77,7,25,0,4.49,17,37.5,28.788,44.444,10,6,51,143,3,3,0,250
2026-06-04 23:57:00,10.998,md22,28.462,7.125,5,30,0,3.865,17,21.875,31.667,28.947,8,6,37,130,3,3,0,250
2026-06-05 14:41:15,10.987,md22,35.333,5.513,1,23,1,5.038,11,46.667,42.105,15.909,3,4,53,150,3,3,0,250
2026-06-05 17:50:16,10.997,md22,36.508,7.267,4,28,1,4.326,20,32.258,36.667,40,7,4,46,126,1,4,0,250
2026-06-06 07:47:40,10.475,md22,35.22,6.866,1,24,0,4.607,17,43.59,41.026,16.667,3,10,56,159,3,2,1,250
2026-06-09 23:10:50,10.575,md22,31.41,4.257,3,42,0,4.653,17,38.095,28.788,29.167,6,7,49,156,4,2,0,250
2026-06-13 04:37:13,10.746,md22,22.68,5.829,0,5,1,4.682,8,25.926,25.532,13.043,3,3,22,97,2,3,0,250
2026-01-02 13:57:28,1.378,Rhummy,10.526,1.218,0,13,1,6.0,1,20,6.522,10.345,1,0,10,95,4,1,0,253
2026-01-17 00:37:47,1.711,Rhummy,7.955,1.186,2,39,3,5.0,3,13.636,4.598,8.889,2,0,14,176,1,3,2,253
2026-05-17 21:31:48,1.514,Rhummy,7.547,1.685,1,13,2,4.25,3,19.048,4.082,5.556,2,1,8,106,1,5,0,253
2026-06-18 22:34:18,1.082,Rhummy,7.194,0.736,0,23,1,5.5,1,10,7.937,2.778,1,0,10,139,2,4,0,253
2026-06-16 23:18:25,7.0,jung_wheein,24.265,5.431,5,26,1,4.576,9,40.625,14.062,27.5,7,4,33,136,1,2,2,255
2026-06-17 23:35:10,6.886,jung_wheein,25.0,4.727,0,18,2,4.533,10,32,15.385,32.558,6,2,30,120,1,3,1,255
2026-06-18 07:46:33,6.767,jung_wheein,18.103,4.793,1,18,0,4.238,7,50,7.812,18.75,4,3,21,116,4,2,0,255
2026-06-19 22:59:11,7.004,jung_wheein,29.915,4.388,2,18,0,5.657,7,55.556,18.75,37.143,6,0,35,117,4,0,1,255
2026-07-02 13:52:04,7.463,jung_wheein,23.423,6.094,4,14,2,4.077,12,26.923,18.519,29.032,7,4,26,111,1,4,0,255
2026-07-03 13:56:00,7.12,jung_wheein,23.14,4.605,1,18,0,4.75,9,36.364,16.364,25,6,1,28,121,1,4,1,255
2026-01-01 22:39:32,2.376,Patoche49,20.0,1.815,0,17,1,5.833,3,24,17.073,20.833,2,0,18,90,3,2,0,259
2026-01-17 22:50:02,2.494,Patoche49,18.71,2.02,1,37,0,5.517,5,34.211,15.068,11.364,2,1,29,155,5,1,0,259
2026-01-29 16:37:47,2.949,Patoche49,13.953,1.834,0,38,0,4.944,4,21.875,15.385,6.667,3,1,18,129,2,2,1,259
2026-03-16 13:43:54,2.926,Patoche49,18.519,1.841,1,46,1,5.44,1,26.923,11.667,22.449,2,0,25,135,3,3,0,259
2026-04-19 09:37:53,2.928,Patoche49,17.431,1.974,0,14,1,5.684,1,29.032,12,14.286,3,0,19,109,4,1,0,259
2026-05-09 21:37:31,3.247,Patoche49,18.286,1.576,2,88,1,4.5,8,19.048,18.519,17.308,4,5,32,175,2,3,1,259
2026-05-28 13:55:32,3.145,Patoche49,19.481,2.243,0,47,0,4.833,8,22.581,25.758,10.526,0,6,30,154,4,2,0,259
2026-06-06 22:27:02,3.361,Patoche49,19.718,1.745,0,22,1,5.929,4,33.333,17.46,10,1,1,28,142,2,4,0,259
2026-06-10 21:20:02,3.157,Patoche49,17.949,3.081,1,26,0,4.952,6,18.75,16.327,19.444,5,1,21,117,1,4,0,259
2026-01-11 19:25:15,5.894,AnotherWish,29.104,5.523,2,24,1,4.615,13,34.211,26.531,27.66,5,6,39,134,1,5,0,260
2026-02-17 21:05:31,5.41,AnotherWish,27.273,5.262,3,30,1,4.643,11,36.585,27.586,20,6,6,42,154,3,2,0,260
2026-03-10 10:21:36,5.536,AnotherWish,18.841,4.498,2,26,3,4.346,12,22.581,18.841,15.789,4,3,26,138,4,1,1,260
2026-04-17 14:03:23,5.826,AnotherWish,15.044,3.282,2,29,2,3.588,7,20.833,5.882,23.684,4,3,17,113,1,3,1,260
2026-05-09 21:37:31,5.604,AnotherWish,18.59,2.579,6,69,2,3.828,15,17.857,23.75,10.417,8,5,29,156,3,2,1,260
2026-05-25 14:28:52,5.721,AnotherWish,13.636,2.44,0,9,4,4.733,4,26.316,5.556,18.919,0,4,15,110,0,6,0,260
2026-07-01 23:43:02,5.06,AnotherWish,20.0,3.43,3,48,0,4.188,11,32.558,16.25,13.514,5,4,32,160,3,3,0,260
2026-02-02 09:29:42,3.767,Tvaz,21.893,2.248,1,41,0,5.432,5,56.522,10.39,6.522,2,3,37,169,1,3,2,263
2026-02-09 18:53:08,3.396,Tvaz,18.644,3.559,1,20,1,4.409,6,38.235,10.204,11.429,2,2,22,118,3,2,0,263
2026-02-19 20:56:12,3.529,Tvaz,23.77,4.447,4,28,2,4.69,10,40.741,17.544,21.053,6,2,29,122,5,1,0,263
2026-03-09 19:09:10,3.993,Tvaz,17.647,3.331,2,25,1,4.5,8,44.444,9.836,5.128,3,2,24,136,1,5,0,263
2026-03-10 19:04:37,3.527,Tvaz,21.429,3.657,0,13,0,5.083,6,55.556,10,11.429,3,2,24,112,2,4,0,263
2026-03-12 22:28:14,3.3,Tvaz,22.152,2.948,0,33,1,5.314,6,54.286,11.688,15.217,2,1,35,158,3,3,0,263
2026-03-17 10:03:05,3.323,Tvaz,21.429,3.839,1,25,1,4.625,6,45.161,17.308,3.448,5,2,24,112,3,3,0,263
2026-03-19 19:00:40,3.338,Tvaz,20.915,3.507,1,25,2,5.0,9,48.387,15.385,12.281,2,4,32,153,3,3,0,263
2026-03-20 22:04:30,3.331,Tvaz,20.741,3.586,4,29,1,4.857,9,55.263,8.824,3.448,6,2,28,135,2,4,0,263
2026-03-23 19:15:16,3.118,Tvaz,19.13,3.715,2,13,0,4.818,7,27.586,16.667,15.909,4,2,22,115,2,3,0,263
2026-03-27 19:09:40,3.008,Tvaz,18.243,3.566,1,24,2,5.074,9,35.294,17.188,8,3,3,27,148,4,2,0,263
2026-03-28 15:30:09,3.213,Tvaz,25.146,4.53,3,29,2,5.047,12,58.696,11.594,14.286,4,3,43,171,3,3,0,263
2026-04-02 18:30:27,3.226,Tvaz,21.774,2.103,0,17,0,5.926,2,44,20,8.824,1,2,27,124,3,2,0,263
2026-04-06 04:10:38,3.315,Tvaz,22.764,2.93,1,15,4,5.393,5,54.545,18.182,4.348,3,0,28,123,4,2,0,263
2026-04-06 18:07:46,3.528,Tvaz,26.974,4.08,1,22,1,5.195,7,59.524,13.433,16.279,4,0,41,152,3,3,0,263
2026-04-10 21:38:08,3.502,Tvaz,19.424,4.725,3,21,0,4.741,6,43.333,10.769,15.909,4,3,27,139,4,2,0,263
2026-04-13 19:02:02,3.712,Tvaz,34.109,6.373,0,8,0,4.909,11,52.941,23.214,33.333,3,6,44,129,5,1,0,263
2026-04-14 18:31:24,4.115,Tvaz,27.692,3.999,0,15,0,5.167,8,60.606,11.111,26.471,2,3,36,130,4,2,0,263
2026-04-16 00:39:38,4.315,Tvaz,27.66,4.165,1,20,0,5.0,9,55.814,9.091,28.125,5,1,39,141,3,2,0,263
2026-04-18 16:41:41,4.41,Tvaz,20.438,2.574,1,20,1,5.714,4,40,14.516,12.5,3,1,28,137,1,5,0,263
2026-04-29 18:16:04,3.998,Tvaz,23.973,3.353,1,33,0,4.743,13,48.718,13.889,17.143,7,5,35,146,3,3,0,263
2026-05-01 14:47:12,3.988,Tvaz,20.886,4.497,3,32,3,4.667,13,54.545,14.103,8.511,7,4,33,158,3,3,0,263
2026-05-02 23:23:31,3.993,Tvaz,19.101,3.007,0,19,0,4.529,5,47.826,8.333,10,3,3,17,89,3,2,0,263
2026-05-04 18:44:00,4.097,Tvaz,21.6,3.107,2,19,0,5.407,5,48.148,7.812,26.471,4,0,27,125,3,2,0,263
2026-05-06 21:00:14,4.2,Tvaz,27.143,4.813,1,20,0,4.921,9,52.632,20,14.286,3,4,38,140,4,1,1,263
2026-05-11 14:04:11,4.492,Tvaz,20.915,3.594,1,25,0,5.094,6,47.222,14.493,10.417,1,3,32,153,5,1,0,263
2026-05-12 18:15:50,4.889,Tvaz,23.77,3.238,1,21,1,5.207,6,41.176,17.308,16.667,4,2,29,122,3,1,1,263
2026-05-17 21:31:48,5.081,Tvaz,20.0,3.14,0,17,0,4.952,5,37.931,14.894,10.345,1,4,21,105,3,3,0,263
2026-05-18 21:53:11,5.1,Tvaz,22.137,4.447,3,27,0,4.414,12,48.387,16.981,10.638,5,5,29,131,3,3,0,263
2026-05-20 22:26:33,5.095,Tvaz,19.62,4.817,7,33,1,3.645,14,43.243,8.974,18.605,8,3,31,158,6,0,0,263
2026-05-22 21:04:09,5.665,Tvaz,23.0,4.261,0,18,0,4.522,9,33.333,21.951,15.625,3,3,23,100,4,1,0,263
2026-05-26 13:56:18,5.958,Tvaz,18.548,2.891,1,28,0,4.739,6,40.625,8.333,13.636,2,3,23,124,2,4,0,263
2026-06-03 14:14:56,5.772,Tvaz,21.93,4.457,4,24,2,4.28,10,51.724,15.909,7.317,7,1,25,114,2,3,1,263
2026-06-06 14:12:19,5.689,Tvaz,17.91,2.997,0,21,0,5.042,8,46.875,4.348,18.182,1,3,24,134,4,2,0,263
2026-06-11 18:19:17,5.893,Tvaz,23.077,5.299,4,20,0,4.417,10,45.833,16.667,15.625,4,2,24,104,3,2,0,263
2026-06-17 16:20:35,5.987,Tvaz,22.388,3.414,1,23,0,5.067,6,51.852,13.636,17.073,1,4,30,134,1,5,0,263
2026-04-18 21:12:03,5.5,LaggyGlassySky,21.429,4.119,1,23,3,4.3,13,20.513,21.538,22.222,4,6,30,140,2,2,1,265
2026-05-06 23:26:01,5.491,LaggyGlassySky,27.273,5.5,4,44,2,4.231,16,30.556,22.951,30.435,9,6,39,143,4,2,0,265
2026-01-02 13:57:28,16.246,civiltwlight,51.136,15.063,3,11,0,4.156,23,77.273,53.333,19.048,10,11,45,88,3,2,0,268
2026-01-05 14:10:20,16.353,civiltwlight,48.361,11.575,1,15,0,4.39,20,82.143,54,20.455,5,13,59,122,2,4,0,268
2026-01-25 09:22:33,16.123,civiltwlight,52.941,13.144,3,21,0,4.185,34,70.968,55.556,34.146,5,24,81,153,1,5,0,268
2026-01-27 19:12:40,15.679,civiltwlight,42.241,11.84,8,18,0,4.041,21,76,40.678,18.75,11,9,49,116,2,4,0,268
2026-01-29 13:10:54,15.466,civiltwlight,57.258,16.731,10,17,0,3.817,38,65.217,66.154,36.111,14,14,71,124,4,2,0,268
2026-02-01 10:15:38,15.674,civiltwlight,42.276,11.106,8,29,0,3.173,34,81.818,38.028,23.333,12,18,52,123,4,2,0,268
2026-02-02 09:29:42,15.888,civiltwlight,52.632,13.75,13,32,0,3.371,45,84.848,56.14,23.256,17,14,70,133,2,3,1,268
2026-02-02 13:53:19,15.805,civiltwlight,48.592,13.963,6,22,0,4.188,30,66.667,50,34.884,12,5,69,142,3,3,0,268
2026-02-04 12:07:51,15.789,civiltwlight,48.951,11.577,5,31,0,4.157,29,76.316,40.625,36.585,8,16,70,143,3,2,1,268
2026-02-04 13:43:18,15.88,civiltwlight,54.032,19.281,16,17,0,3.104,39,78.571,57.377,28.571,19,23,67,124,3,3,0,268
2026-02-05 15:04:09,15.879,civiltwlight,56.291,14.679,10,24,0,4.365,30,81.395,49.296,40.541,10,13,85,151,3,3,0,268
2026-02-06 18:13:10,15.895,civiltwlight,55.0,14.785,4,9,0,3.803,29,81.25,48.077,41.667,6,17,66,120,2,4,0,268
2026-02-09 18:53:08,15.723,civiltwlight,57.258,15.89,13,18,0,3.986,33,80.769,56.604,44.444,20,11,71,124,4,1,0,268
2026-02-10 18:27:03,16.03,civiltwlight,62.264,16.694,16,27,0,3.657,52,86.364,61.765,40.426,22,25,99,159,3,3,0,268
2026-02-11 13:43:55,16.033,civiltwlight,51.449,13.415,3,8,0,4.324,26,76.667,48.485,38.095,6,6,71,138,4,2,0,268
2026-02-18 16:22:28,16.238,civiltwlight,49.02,15.084,16,35,0,3.587,42,80,50.633,30.612,21,10,75,153,3,2,1,268
2026-02-20 14:01:01,16.337,civiltwlight,47.887,11.557,4,28,0,4.485,24,68.75,48.649,27.778,4,17,68,142,0,5,1,268
2026-02-21 05:13:59,15.837,civiltwlight,55.072,16.014,3,21,0,3.868,35,68.966,56.338,42.105,10,18,76,138,3,2,1,268
2026-02-21 07:37:52,15.94,civiltwlight,58.17,17.227,7,28,1,4.101,39,81.818,57.746,42.857,13,15,89,153,2,3,1,268
2026-02-21 09:56:08,15.831,civiltwlight,65.957,19.286,11,13,0,3.86,44,84,79.032,42.593,20,15,93,141,4,2,0,268
2026-02-22 07:42:23,16.021,civiltwlight,57.576,17.531,9,14,0,4.0,33,72.727,53.333,51.282,12,14,76,132,4,2,0,268
2026-02-22 17:23:05,16.206,civiltwlight,50.955,14.614,6,27,1,3.712,40,70.37,54.651,31.818,12,14,80,157,4,2,0,268
2026-02-23 11:23:01,16.206,civiltwlight,55.245,17.464,13,29,0,3.342,44,67.391,58.333,35.135,21,19,79,143,5,1,0,268
2026-02-25 09:17:06,16.398,civiltwlight,50.847,12.696,8,33,0,4.1,38,76.087,47.059,32.609,11,16,90,177,2,3,1,268
2026-02-27 06:33:50,16.673,civiltwlight,54.478,14.309,5,14,0,4.219,28,70,58.621,30.556,10,18,73,134,1,4,1,268
2026-03-02 11:58:43,16.385,civiltwlight,46.324,15.457,9,22,0,3.984,27,69.231,46.296,25.581,12,12,63,136,1,5,0,268
2026-03-04 14:45:10,15.99,civiltwlight,54.054,16.981,12,29,0,3.538,44,77.778,48.485,43.478,19,21,80,148,2,3,1,268
2026-06-07 04:19:09,15.917,civiltwlight,56.667,14.611,8,16,0,4.206,30,86.207,48.98,45.238,12,13,68,120,3,2,0,268
2026-06-09 13:58:23,16.112,civiltwlight,50.0,12.423,9,32,0,4.053,31,72.727,49.18,37.5,14,15,75,150,4,2,0,268
2026-06-09 23:10:50,15.917,civiltwlight,57.407,14.144,15,20,0,3.177,41,71.429,60,40,19,20,62,108,2,4,0,268
2026-06-10 09:01:42,16.101,civiltwlight,49.63,11.995,4,20,1,4.299,28,77.778,50,23.077,8,11,67,135,2,4,0,268
2026-06-10 18:04:55,15.897,civiltwlight,56.0,17.807,7,15,0,3.518,28,82.609,60.417,27.586,13,12,56,100,5,0,0,268
2026-06-11 04:24:29,16.367,civiltwlight,54.902,15.825,4,11,0,3.786,27,87.5,51.111,36.364,7,17,56,102,4,1,0,268
2026-06-11 14:01:41,16.64,civiltwlight,53.39,14.688,9,25,0,3.841,31,72,55.357,37.838,13,17,63,118,2,3,0,268
2026-06-11 18:19:17,16.547,civiltwlight,64.0,18.183,10,13,0,3.547,35,83.333,60.714,57.692,16,11,64,100,4,1,0,268
2026-06-12 14:04:43,16.829,civiltwlight,54.63,15.085,6,13,0,3.949,28,84.615,53.333,35.135,9,22,59,108,2,2,1,268
2026-06-12 18:27:27,16.828,civiltwlight,54.478,16.154,7,13,1,4.164,32,76.923,53.623,41.026,13,10,73,134,4,2,0,268
2026-06-13 04:37:13,17.009,civiltwlight,54.362,13.955,3,19,0,4.691,27,80,47.458,45.455,9,15,81,149,1,4,0,268
2026-06-13 07:12:37,16.717,civiltwlight,45.39,12.161,5,22,1,4.547,19,70.37,46.154,30.612,8,10,64,141,1,4,0,268
2026-06-14 06:19:48,16.438,civiltwlight,58.333,18.151,6,12,0,3.778,29,85.185,59.091,37.838,15,11,63,108,5,1,0,268
2026-06-14 14:19:33,16.811,civiltwlight,59.868,15.348,4,20,0,4.516,35,79.545,60.317,40,8,20,91,152,3,3,0,268
2026-06-16 23:18:25,16.807,civiltwlight,48.113,15.965,8,24,0,3.255,30,68.182,46.667,33.333,13,12,51,106,3,2,0,268
2026-06-17 16:20:35,17.365,civiltwlight,52.113,12.334,6,22,1,4.23,33,86.111,50,18.75,10,18,74,142,2,4,0,268
2026-06-17 23:35:10,17.264,civiltwlight,61.947,16.64,8,15,0,3.814,37,80.645,70.455,36.842,17,10,70,113,3,2,0,268
2026-06-18 07:29:56,16.891,civiltwlight,58.065,17.244,6,16,1,4.222,34,74.419,56.338,43.902,7,18,90,155,5,1,0,268
2026-06-18 07:46:33,17.199,civiltwlight,43.089,13.351,4,24,0,3.774,27,74.194,34.545,29.73,7,12,53,123,3,3,0,268
2026-06-19 22:59:11,17.223,civiltwlight,55.833,15.017,5,17,1,4.06,28,91.304,50.746,40,9,13,67,120,3,2,0,268
2026-06-25 00:18:18,17.319,civiltwlight,59.524,16.894,8,16,0,4.23,39,86.842,60.256,38.462,12,24,100,168,2,3,1,268
2026-02-13 00:43:49,2.5,icefeed2,12.025,1.508,1,52,1,5.263,3,26.471,4,14.286,2,0,19,158,0,5,1,269
2026-03-15 00:14:27,1.912,icefeed2,15.652,2.343,0,28,1,5.056,3,35.714,10.909,6.25,0,3,18,115,2,3,0,269
2026-05-12 18:15:50,1.917,icefeed2,24.088,3.784,2,32,2,5.152,9,38.235,18.31,21.875,4,3,33,137,2,3,0,269
2026-04-09 18:12:32,1.226,mitsorubi,9.804,0.745,0,21,2,6.2,0,16,6.383,10,0,0,10,102,1,3,1,271
2026-04-11 13:56:22,1.004,mitsorubi,8.511,1.025,0,19,1,6.167,2,7.895,6.452,12.195,1,0,12,141,2,4,0,271
2026-04-12 10:13:20,0.791,mitsorubi,10.309,1.886,1,12,2,5.4,2,7.692,8.333,17.391,1,0,10,97,3,2,0,271
2026-04-18 21:12:03,0.913,mitsorubi,10.714,2.665,3,27,0,4.0,5,19.231,8.475,7.407,3,3,12,112,2,2,1,271
2026-01-11 19:25:15,11.653,Mami,32.836,6.112,1,24,0,4.568,16,47.368,34.694,19.149,6,6,44,134,1,5,0,274
2026-01-12 05:30:57,11.193,Mami,45.283,11.507,4,15,1,4.146,21,52.941,58.14,30.435,4,10,48,106,5,0,0,274
2026-01-14 17:31:59,11.753,Mami,45.86,9.866,4,31,0,4.236,30,51.22,50.746,34.694,9,14,72,157,3,2,0,274
2026-01-15 18:44:32,11.867,Mami,41.497,8.415,2,20,0,4.213,22,55.263,38.356,33.333,4,11,61,147,1,3,2,274
2026-01-16 18:32:49,11.659,Mami,33.654,9.146,5,19,0,3.486,18,32,45.652,18.182,9,0,35,104,4,1,0,274
2026-01-17 10:53:12,11.983,Mami,35.429,10.494,6,33,2,4.355,26,38.636,42.105,23.636,11,12,62,175,3,2,1,274
2026-01-19 07:43:44,12.085,Mami,42.336,11.432,8,24,1,3.741,30,46.429,45.07,34.211,12,11,58,137,5,1,0,274
2026-01-19 13:49:48,12.52,Mami,39.695,11.532,10,37,1,3.673,28,56.41,36.066,25.806,16,8,52,131,3,3,0,274
2026-01-20 11:16:49,12.523,Mami,36.641,10.658,7,33,0,3.083,30,53.333,36.066,25,9,18,48,131,5,1,0,274
2026-01-20 19:15:46,12.925,Mami,35.211,6.392,0,25,0,4.44,18,63.333,29.73,23.684,2,12,50,142,2,4,0,274
2026-01-22 09:18:28,12.725,Mami,43.396,10.049,8,35,0,4.319,25,59.524,35.211,41.304,13,6,69,159,5,1,0,274
2026-01-22 14:29:28,13.133,Mami,31.915,7.903,9,44,1,3.889,22,42.857,29.412,25,11,9,45,141,5,1,0,274
2026-01-25 07:18:08,13.544,Mami,41.379,10.778,1,12,0,4.333,14,64,40.984,23.333,5,6,48,116,2,4,0,274
2026-01-25 09:22:33,13.338,Mami,42.515,8.615,2,28,1,4.676,24,55.263,47.619,22.222,7,9,71,167,4,2,0,274
2026-02-02 09:29:42,13.541,Mami,44.379,9.508,11,41,1,4.013,34,54.348,49.351,26.087,12,18,75,169,1,3,2,274
2026-02-05 20:53:38,13.334,Mami,38.4,10.179,6,27,0,3.833,23,50,37.097,27.586,9,7,48,125,3,3,0,274
2026-02-06 18:13:10,13.344,Mami,40.845,8.82,2,22,0,4.448,19,52.778,42.857,31.579,5,9,58,142,3,3,0,274
2026-02-07 22:12:56,13.347,Mami,36.719,8.775,6,23,0,4.234,18,40,41.379,27.5,10,7,47,128,3,3,0,274
2026-02-08 19:05:51,13.367,Mami,31.579,5.912,2,24,0,4.357,17,45.455,33.784,18.919,3,9,42,133,2,4,0,274
2026-02-14 14:04:22,13.174,Mami,35.256,8.592,2,27,0,4.4,18,53.846,36.364,19.608,4,10,55,156,2,4,0,274
2026-02-20 05:26:49,12.987,Mami,43.885,10.889,3,16,0,4.246,23,46.667,41.667,44.118,6,12,61,139,3,3,0,274
2026-02-21 05:13:59,12.976,Mami,39.568,8.314,2,16,1,4.636,17,48.485,36.62,37.143,3,6,55,139,2,4,0,274
2026-02-21 09:56:08,12.773,Mami,37.984,9.739,3,19,0,4.143,19,58.621,34.615,29.167,6,7,49,129,4,2,0,274
2026-02-22 07:42:23,12.968,Mami,35.606,7.217,2,14,1,4.809,12,36.364,31.667,41.026,4,4,47,132,4,2,0,274
2026-02-25 09:17:06,13.149,Mami,38.854,8.961,6,27,0,4.492,24,51.429,37.975,30.233,8,12,61,157,2,3,1,274
2026-02-25 11:19:38,13.045,Mami,41.912,10.581,6,27,0,4.0,26,56,45.07,27.5,8,13,57,136,2,4,0,274
2026-02-26 01:09:58,12.87,Mami,43.046,10.657,8,29,0,4.231,27,51.515,45,36.207,12,12,65,151,4,2,0,274
2026-02-27 06:33:50,13.053,Mami,40.336,8.727,2,17,0,4.438,12,61.765,36.538,24.242,2,7,48,119,4,2,0,274
2026-02-28 11:06:18,13.226,Mami,41.667,10.08,3,25,0,4.418,19,70.833,36.923,32.558,5,10,55,132,0,6,0,274
2026-03-02 19:23:01,12.667,Mami,34.211,8.223,3,41,1,4.115,22,57.576,32,20.455,6,15,52,152,3,3,0,274
2026-03-03 09:00:41,12.657,Mami,34.146,7.439,3,23,0,4.357,14,45.714,36,21.053,7,5,42,123,2,4,0,274
2026-03-04 05:02:33,12.454,Mami,44.186,12.339,7,16,1,3.877,32,57.692,47.143,27.273,9,19,57,129,3,3,0,274
2026-03-06 05:51:01,12.472,Mami,40.127,9.472,2,21,0,4.667,21,57.143,41.558,24.444,5,11,63,157,3,3,0,274
2026-03-07 13:52:35,12.445,Mami,39.344,8.507,2,25,0,4.479,17,40.625,44.068,29.032,7,3,48,122,3,2,0,274
2026-03-08 10:05:52,12.537,Mami,47.154,11.84,4,16,0,4.397,23,55.172,47.458,40,11,5,58,123,5,0,1,274
2026-03-09 05:38:02,13.005,Mami,44.654,9.308,1,16,1,5.014,17,53.659,42.667,39.535,7,9,71,159,2,4,0,274
2026-03-10 10:21:36,12.827,Mami,42.308,9.682,10,29,1,4.591,20,47.059,46.575,32.653,10,11,66,156,3,3,0,274
2026-03-15 10:12:57,12.837,Mami,35.065,7.706,3,33,0,4.407,19,48.718,38.235,19.149,3,9,54,154,1,5,0,274
2026-03-19 11:00:41,12.474,Mami,34.507,7.412,3,41,1,4.041,24,48.276,36.62,21.429,7,11,49,142,1,4,1,274
2026-03-21 14:05:45,12.207,Mami,38.129,7.36,2,24,0,4.642,14,53.125,40,23.81,5,4,53,139,3,2,0,274
2026-03-25 13:45:37,12.295,Mami,43.506,11.111,5,27,1,4.552,22,65.306,41.27,21.429,10,11,67,154,3,3,0,274
2026-03-26 13:51:53,12.302,Mami,37.58,10.054,5,27,0,4.356,20,54.545,34.177,31.111,9,10,59,157,3,3,0,274
2026-04-02 13:54:01,12.316,Mami,33.333,9.824,4,22,1,4.023,20,37.037,35,28.571,7,8,43,129,4,2,0,274
2026-04-03 06:41:19,12.491,Mami,41.139,8.673,1,26,1,5.031,20,58.824,38.158,33.333,3,12,65,158,5,1,0,274
2026-04-06 04:10:38,12.864,Mami,30.201,6.091,3,35,0,4.622,15,54.054,26.923,18.333,4,11,45,149,4,2,0,274
2026-04-09 18:12:32,13.062,Mami,39.259,7.625,1,24,0,4.604,19,48.649,44.444,25,4,8,53,135,3,1,1,274
2026-04-12 04:56:46,13.24,Mami,30.345,6.234,0,23,2,4.614,17,44,34.146,13.158,5,6,44,145,3,3,0,274
2026-04-16 18:35:33,13.24,Mami,41.818,12.536,5,12,0,3.783,22,51.282,38.636,33.333,13,2,46,110,3,3,0,274
2026-04-18 21:12:03,13.245,Mami,39.13,7.974,2,30,0,4.019,27,55.556,37.705,26.829,4,12,54,138,2,2,1,274
2026-04-19 09:37:53,13.242,Mami,40.541,10.966,4,16,0,4.289,18,40,46.809,32.353,6,5,45,111,3,2,0,274
2026-04-20 05:13:11,13.338,Mami,44.056,13.458,3,14,0,3.905,30,43.333,50.667,31.579,6,20,63,143,2,3,1,274
2026-04-23 10:37:04,13.245,Mami,43.75,11.064,5,34,2,4.091,35,54.054,52.381,23.636,10,13,77,176,2,2,2,274
2026-04-24 14:02:24,13.23,Mami,31.496,7.682,4,31,0,3.975,20,40.541,30.909,22.857,6,9,40,127,2,3,0,274
2026-04-25 06:26:43,13.15,Mami,39.259,7.131,1,12,0,5.113,10,51.724,41.667,23.529,5,2,53,135,3,2,1,274
2026-04-28 05:07:35,13.251,Mami,39.535,8.633,1,20,0,3.98,22,52,35.484,38.095,5,12,51,129,3,3,0,274
2026-04-29 13:52:18,13.255,Mami,31.915,9.603,4,28,0,3.822,25,42.424,29.577,27.027,10,8,45,141,2,4,0,274
2026-04-30 14:25:20,13.061,Mami,38.922,10.232,16,45,1,3.662,31,47.826,45.833,20.408,19,16,65,167,1,4,1,274
2026-05-01 04:08:42,12.789,Mami,39.837,8.915,9,32,0,3.51,24,40.741,45.283,32.558,17,7,49,123,2,4,0,274
2026-05-04 13:50:06,12.619,Mami,32.0,8.312,3,29,0,4.167,18,47.222,24.59,30.189,6,8,48,150,2,4,0,274
2026-05-05 14:09:04,12.462,Mami,36.0,8.904,5,21,0,4.222,18,70.37,28.814,23.077,5,8,45,125,3,2,0,274
2026-05-07 14:18:37,12.541,Mami,43.243,10.934,7,31,1,4.125,27,46.667,45,37.209,12,12,64,148,5,1,0,274
2026-05-09 06:27:18,12.891,Mami,43.307,8.308,1,9,0,4.4,15,53.125,42.623,35.294,5,4,55,127,3,3,0,274
2026-05-14 07:57:04,12.541,Mami,36.184,7.162,5,39,2,4.764,18,46.875,36.508,29.825,8,11,55,152,1,5,0,274
2026-05-14 14:18:15,12.183,Mami,36.364,10.186,5,30,0,4.021,18,47.826,36.232,30,9,13,48,132,2,4,0,274
2026-05-15 07:01:20,12.36,Mami,38.889,9.168,10,41,0,3.696,33,36.667,40.909,37.5,14,15,56,144,2,4,0,274
2026-05-15 17:46:44,12.166,Mami,45.255,11.561,7,27,0,3.968,33,64.516,38.571,41.667,12,13,62,137,5,0,0,274
2026-05-20 14:25:13,13.048,Mami,42.857,10.885,9,28,2,3.796,27,50,51.786,23.684,11,10,54,126,5,0,0,274
2026-05-20 18:28:10,13.5,Mami,33.333,7.807,2,29,0,4.349,17,40,37.736,21.951,5,13,43,129,4,2,0,274
2026-05-21 07:13:01,13.671,Mami,45.217,10.747,8,21,0,4.115,22,60.606,37.931,41.667,10,11,52,115,2,4,0,274
2026-05-21 14:29:56,13.487,Mami,43.243,9.418,3,21,1,4.453,22,47.222,49.315,28.205,3,12,64,148,1,5,0,274
2026-05-26 08:23:25,13.137,Mami,45.029,11.635,5,19,0,4.338,29,58.14,43.023,35.714,11,10,77,171,2,3,1,274
2026-05-27 11:00:45,13.046,Mami,40.426,7.984,0,20,1,4.842,12,43.333,52.239,20.455,2,6,57,141,3,3,0,274
2026-05-28 10:37:26,13.049,Mami,35.2,8.366,5,33,0,3.795,20,43.478,36.986,24.138,10,6,44,125,4,2,0,274
2026-05-29 13:51:29,13.229,Mami,37.956,7.221,4,36,0,3.846,24,54.839,38.71,25,7,13,52,137,2,4,0,274
2026-05-29 18:24:54,13.05,Mami,40.0,8.525,4,29,0,4.364,24,58.974,38.571,28.571,7,5,66,165,2,4,0,274
2026-05-30 09:01:45,12.862,Mami,37.949,9.862,3,43,0,4.162,28,46.512,41.748,22.449,6,18,74,195,1,4,1,274
2026-05-30 21:04:03,12.603,Mami,43.624,10.681,4,21,0,4.277,32,57.143,45,33.333,7,19,65,149,3,3,0,274
2026-06-01 13:46:50,12.611,Mami,42.748,10.137,7,17,0,4.196,23,52.5,41.509,34.211,9,11,56,131,2,3,1,274
2026-06-03 18:55:58,12.534,Mami,47.887,10.596,3,28,1,4.426,28,53.333,54.667,29.73,14,8,68,142,3,2,1,274
2026-06-04 18:25:20,12.619,Mami,34.524,9.435,7,40,1,3.983,27,42.857,35.616,26.415,12,19,58,168,2,4,0,274
2026-06-05 08:39:16,12.436,Mami,39.865,8.981,7,33,1,4.271,25,52.632,42.105,20.588,10,9,59,148,2,4,0,274
2026-06-05 14:41:15,12.258,Mami,44.667,11.57,6,28,1,4.209,28,47.222,47.143,38.636,9,19,67,150,4,2,0,274
2026-06-05 17:50:16,12.437,Mami,31.0,5.087,1,21,1,4.806,11,56.522,31.707,13.889,3,6,31,100,1,4,0,274
2026-06-06 04:57:28,11.91,Mami,44.681,10.14,0,11,1,4.698,17,50,45.161,38.462,8,5,63,141,5,0,1,274
2026-06-10 09:01:42,12.345,Mami,33.557,7.148,4,25,0,4.64,14,48.837,36.842,16.327,4,9,50,149,2,3,1,274
2026-06-10 18:04:55,12.257,Mami,37.143,7.882,0,15,0,4.359,13,51.724,31.25,32.143,4,5,39,105,1,4,0,274
2026-06-11 04:24:29,11.984,Mami,38.095,8.995,1,13,1,4.275,16,47.619,32.653,40,2,5,40,105,2,3,0,274
2026-06-11 18:19:17,11.894,Mami,38.462,8.86,4,20,0,4.075,17,45.833,43.75,25,7,4,40,104,3,2,0,274
2026-06-12 14:04:43,11.982,Mami,34.653,6.798,0,27,1,4.6,10,59.091,29.545,25.714,5,4,35,101,2,3,0,274
2026-06-13 04:37:13,11.887,Mami,40.769,6.977,1,7,0,5.377,9,45.161,45.455,31.818,4,5,53,130,2,3,0,274
2026-06-13 07:12:37,11.791,Mami,47.799,9.984,1,16,1,5.026,24,56,49.275,35,6,8,76,159,4,1,0,274
2026-06-13 18:45:41,12.06,Mami,42.857,9.458,4,32,0,4.093,31,50,45.349,34.545,6,16,75,175,2,2,2,274
2026-06-14 06:19:48,12.077,Mami,37.19,7.517,1,18,0,4.689,13,50,40.816,23.81,5,6,45,121,3,3,0,274
2026-06-14 14:19:33,12.072,Mami,46.053,9.36,2,20,0,4.9,23,52.273,47.619,37.778,6,9,70,152,3,3,0,274
2026-06-16 23:18:25,12.068,Mami,41.844,10.701,4,29,0,3.847,26,53.571,40.506,35.294,11,11,59,141,2,3,0,274
2026-06-17 23:35:10,11.973,Mami,45.045,9.078,2,12,1,4.42,18,53.846,46.154,36.364,7,7,50,111,5,0,0,274
2026-06-18 07:46:33,12.168,Mami,32.624,8.742,4,25,0,4.174,18,50,35.714,13.333,7,6,46,141,2,4,0,274
2026-06-18 10:54:28,12.428,Mami,36.842,8.911,6,32,0,4.214,23,44.828,42.308,22.222,7,11,56,152,1,4,1,274
2026-06-19 22:59:11,11.983,Mami,32.039,8.326,3,19,0,4.303,14,64.706,29.31,17.857,6,5,33,103,3,2,0,274
2026-06-23 23:11:54,12.071,Mami,46.341,11.85,5,21,1,3.579,31,55.882,53.571,24.242,9,13,57,123,5,1,0,274
2026-06-24 20:18:32,12.418,Mami,34.058,9.742,8,30,0,3.745,25,42.308,35.714,26.19,11,8,47,138,3,3,0,274
2026-06-25 14:15:46,12.43,Mami,38.71,8.884,3,25,0,4.55,17,50,43.077,24,6,8,60,155,2,4,0,274
2026-06-25 17:15:02,12.428,Mami,34.677,6.459,5,31,0,4.93,13,58.621,33.333,20.455,8,1,43,124,2,2,1,274
2026-06-30 14:01:09,12.254,Mami,35.294,8.896,2,23,0,3.738,18,50,36.538,16.129,6,12,42,119,2,4,0,274
2026-07-01 14:17:09,12.087,Mami,29.73,6.523,1,18,0,3.909,11,52.941,28.571,17.241,3,6,22,74,2,4,0,274
2026-07-01 14:36:06,12.087,Mami,38.519,9.555,4,25,0,3.596,30,45.946,45.455,23.256,9,14,52,135,2,4,0,274
2026-07-02 13:52:04,11.908,Mami,36.207,9.244,7,23,1,4.286,18,52.941,42.222,13.514,11,4,42,116,2,3,0,274
2026-07-02 18:34:06,11.908,Mami,37.179,8.07,2,22,1,4.724,18,58.333,35.211,24.49,5,5,58,156,3,2,1,274
2026-07-03 13:56:00,11.893,Mami,42.748,11.429,9,31,0,4.196,26,60.714,53.571,19.149,11,5,56,131,5,1,0,274
2026-07-03 17:57:14,12.253,Mami,39.535,9.484,4,23,0,4.098,26,63.158,31.667,40,12,4,51,129,4,2,0,274
2026-07-05 09:14:33,12.441,Mami,45.669,11.501,4,24,0,4.069,25,53.333,50,34.146,9,14,58,127,3,3,0,274
2026-01-02 13:57:28,11.325,Kryuell,33.028,7.455,1,18,0,4.472,10,45.455,32.727,14.286,3,6,36,109,2,3,0,275
2026-01-16 08:28:15,11.291,Kryuell,34.81,5.234,0,19,0,5.273,9,35.135,34.722,34.694,1,4,55,158,3,3,0,275
2026-01-16 18:32:49,11.294,Kryuell,33.636,7.613,4,28,0,4.135,16,36.364,33.333,32.558,6,4,37,110,1,4,0,275
2026-01-18 07:26:58,10.992,Kryuell,36.09,9.624,5,26,0,4.333,21,45.714,38.983,23.077,8,6,48,133,1,5,0,275
2026-01-18 10:29:54,10.582,Kryuell,31.69,6.813,3,25,0,4.333,18,41.935,35.938,19.149,6,8,45,142,2,3,0,275
2026-01-24 06:26:17,10.484,Kryuell,42.361,7.785,1,18,0,4.443,19,58.065,36.986,40,4,6,61,144,4,2,0,275
2026-01-26 19:25:39,10.685,Kryuell,30.097,4.375,1,17,0,5.355,6,37.931,31.25,19.231,4,1,31,103,4,1,0,275
2026-01-27 05:46:13,10.92,Kryuell,35.333,7.285,3,29,0,4.415,18,46,31.429,26.667,8,10,53,150,3,3,0,275
2026-01-29 16:37:47,10.975,Kryuell,27.966,6.881,2,38,0,3.576,19,58.333,22.414,16.667,2,14,33,118,2,3,0,275
2026-02-02 20:29:58,10.881,Kryuell,40.385,9.76,1,20,0,4.619,19,47.619,43.939,29.167,8,1,63,156,3,3,0,275
2026-02-08 19:05:51,10.886,Kryuell,42.537,9.243,5,30,1,4.07,25,64.516,38.462,31.579,9,12,57,134,4,2,0,275
2026-05-20 14:25:13,11.079,Kryuell,25.806,4.775,4,37,0,4.688,11,37.037,21.818,23.81,5,4,32,124,1,4,0,275
2026-05-21 14:29:56,10.788,Kryuell,37.838,6.861,2,21,0,4.839,19,58.333,34.247,25.641,2,8,56,148,1,5,0,275
2026-05-22 14:23:24,10.413,Kryuell,27.869,5.583,0,24,0,4.588,13,45.161,25,17.143,3,6,34,122,4,2,0,275
2026-06-19 19:28:06,10.406,Kryuell,31.387,3.907,1,12,0,5.512,5,47.368,22.642,28.261,1,0,43,137,2,3,1,275
2026-06-19 22:59:11,10.597,Kryuell,32.624,6.79,3,18,0,4.783,14,50,30.769,22.857,6,1,46,141,1,3,1,275
2026-06-25 17:15:02,10.283,Kryuell,31.452,5.894,3,31,1,4.667,11,52,26,26.531,5,4,39,124,2,2,1,275
2026-07-01 14:17:09,10.289,Kryuell,27.027,5.175,1,18,0,4.25,8,47.059,28.571,13.793,3,3,20,74,2,4,0,275
2026-07-01 14:36:06,10.289,Kryuell,31.852,6.34,3,25,0,4.14,17,43.243,34.545,18.605,8,3,43,135,2,4,0,275
2026-07-02 13:52:04,10.098,Kryuell,27.35,3.442,1,25,0,5.281,5,50,29.825,3.125,2,1,32,117,3,2,0,275
2026-01-01 10:11:46,8.189,hmsuis,35.088,7.846,2,17,0,3.925,20,37.037,31.373,38.889,4,10,40,114,2,3,0,276
2026-01-06 14:13:54,8.108,hmsuis,34.591,6.884,2,32,0,5.036,15,50,34.667,21.739,4,6,55,159,2,4,0,276
2026-01-07 14:00:01,7.898,hmsuis,33.333,6.029,1,12,0,4.703,11,48.485,21.569,37.037,3,4,37,111,3,2,0,276
2026-01-14 17:31:59,7.998,hmsuis,32.812,7.049,3,27,0,4.286,17,48.387,35,16.216,5,9,42,128,3,2,0,276
2026-01-16 08:28:15,8.086,hmsuis,34.756,6.567,1,21,1,4.895,12,47.619,31.818,28.571,1,5,57,164,2,4,0,276
2026-01-17 10:53:12,7.883,hmsuis,29.878,5.864,1,27,0,5.184,14,51.351,28.571,17.544,4,8,49,164,0,6,0,276
2026-01-17 16:40:47,7.297,hmsuis,32.8,6.415,3,13,1,4.78,11,42.553,30,21.429,3,5,41,125,2,3,0,276
2026-01-17 16:42:16,7.297,hmsuis,32.8,6.415,3,13,1,4.78,11,42.553,30,21.429,3,5,41,125,2,3,0,276
2026-01-19 07:43:44,7.195,hmsuis,33.577,6.984,4,24,0,4.304,16,50,28.169,31.579,6,5,46,137,5,1,0,276
2026-01-19 13:49:48,7.598,hmsuis,28.472,5.958,6,39,0,4.585,14,50,19.178,27.027,9,2,41,144,5,1,0,276
2026-01-20 11:16:49,7.992,hmsuis,31.298,6.379,3,33,0,3.902,16,43.333,31.148,22.5,7,8,41,131,5,1,0,276
2026-01-20 19:15:46,8.367,hmsuis,40.0,9.315,7,19,0,4.222,20,53.333,35.616,37.5,11,5,54,135,5,1,0,276
2026-01-22 09:18:28,8.746,hmsuis,27.891,4.918,3,36,0,4.976,10,41.176,23.81,24,5,4,41,147,1,5,0,276
2026-01-22 14:29:28,8.367,hmsuis,21.26,4.009,4,39,0,4.481,8,35.484,19.697,10,5,1,27,127,2,3,1,276
2026-01-22 22:13:39,8.26,hmsuis,30.833,6.587,4,27,1,4.081,17,32.258,29.091,32.353,7,4,37,120,2,3,0,276
2026-01-23 10:40:06,7.999,hmsuis,32.117,7.585,1,24,0,4.409,14,40,29.851,28.571,6,5,44,137,4,2,0,276
2026-01-27 19:12:40,8.342,hmsuis,40.268,7.998,1,20,0,4.533,21,50,38.889,35.556,10,9,60,149,5,1,0,276
2026-01-30 19:32:32,8.712,hmsuis,39.231,6.839,2,25,0,4.725,16,51.613,26.471,54.839,6,8,51,130,4,2,0,276
2026-01-31 08:22:55,8.897,hmsuis,41.322,7.077,2,14,0,5.3,8,56,29.825,48.718,2,5,50,121,2,2,1,276
2026-02-02 20:29:58,8.891,hmsuis,32.934,5.697,1,21,0,5.273,8,44.737,28.947,30.189,4,3,55,167,3,3,0,276
2026-02-03 20:22:50,8.875,hmsuis,30.973,5.911,0,16,0,4.371,17,37.931,21.154,40.625,4,4,35,113,4,2,0,276
2026-02-05 20:53:38,9.077,hmsuis,35.294,6.005,1,29,0,4.556,13,45.455,40,18.182,4,3,54,153,5,1,0,276
2026-02-07 10:29:10,9.446,hmsuis,29.231,5.157,3,33,0,4.658,11,50,18.182,32.075,4,3,38,130,2,4,0,276
2026-02-07 22:12:56,9.256,hmsuis,32.353,4.822,3,26,0,5.0,7,55.556,24.615,29.545,3,1,44,136,3,3,0,276
2026-02-08 11:33:44,9.242,hmsuis,32.903,6.314,4,45,0,4.059,19,44.231,29.688,23.077,4,10,51,155,4,2,0,276
2026-02-14 14:04:22,9.432,hmsuis,29.197,5.479,1,19,0,4.925,8,43.243,21.818,26.667,2,5,40,137,2,4,0,276
2026-02-17 09:16:51,9.239,hmsuis,29.143,4.932,2,44,1,5.078,13,41.026,26.829,24.074,5,3,51,175,3,3,0,276
2026-02-17 21:05:31,9.268,hmsuis,34.646,6.511,1,27,1,4.614,14,46.875,25,37.209,3,5,44,127,2,3,0,276
2026-02-19 20:56:12,9.173,hmsuis,33.043,5.741,2,28,0,4.5,11,62.5,25.926,24.324,4,5,38,115,4,2,0,276
2026-02-20 14:01:01,9.352,hmsuis,38.732,5.57,2,20,0,5.436,7,60.606,32.877,30.556,3,3,55,142,3,3,0,276
2026-02-21 09:56:08,9.357,hmsuis,39.716,7.794,2,13,0,4.661,16,40,40.323,38.889,6,6,56,141,4,2,0,276
2026-02-22 17:23:05,9.533,hmsuis,34.483,6.253,2,24,0,4.8,14,42.424,29.762,36.842,3,9,60,174,5,1,0,276
2026-02-23 11:23:01,9.533,hmsuis,28.395,5.233,4,32,1,4.717,14,38.776,16.901,35.714,6,3,46,162,2,4,0,276
2026-02-24 21:10:41,9.911,hmsuis,29.231,5.873,2,32,0,4.026,20,42.857,25,22.857,5,9,38,130,1,5,0,276
2026-02-25 09:17:06,9.501,hmsuis,35.669,6.523,5,27,0,4.929,14,42.857,32.911,34.884,6,6,56,157,2,3,1,276
2026-02-27 19:13:22,9.213,hmsuis,35.849,8.175,4,11,0,4.658,12,62.5,25.49,32.258,5,5,38,106,4,1,0,276
2026-02-28 11:06:18,9.49,hmsuis,33.333,7.377,2,25,2,4.591,12,54.167,27.692,30.233,3,7,44,132,0,6,0,276
2026-02-28 18:08:03,8.951,hmsuis,30.714,5.305,4,50,0,4.023,17,47.059,27.586,22.917,6,4,43,140,5,1,0,276
2026-03-02 19:23:01,9.303,hmsuis,34.711,8.179,4,26,0,4.19,15,52,29.091,31.707,7,7,42,121,4,2,0,276
2026-03-05 09:50:08,9.483,hmsuis,30.986,6.81,5,37,1,4.318,19,36.111,33.333,24.49,10,6,44,142,2,4,0,276
2026-03-05 20:48:03,9.296,hmsuis,32.026,5.46,4,36,0,4.816,13,44.828,31.707,23.81,5,8,49,153,5,1,0,276
2026-03-06 10:48:41,9.667,hmsuis,33.803,6.76,4,47,0,4.062,24,42.105,24.59,39.535,6,13,48,142,2,4,0,276
2026-03-10 10:21:36,9.476,hmsuis,34.615,5.772,4,29,0,5.185,11,52.941,27.397,32.653,5,4,54,156,3,3,0,276
2026-03-11 10:35:17,9.486,hmsuis,36.585,6.584,1,12,0,4.756,10,42.857,29.091,42.5,5,2,45,123,4,2,0,276
2026-03-16 10:28:16,9.656,hmsuis,35.065,5.858,1,23,0,5.074,12,46.154,30.159,32.692,4,4,54,154,4,2,0,276
2026-03-19 11:00:41,9.951,hmsuis,40.994,8.496,9,43,0,4.288,28,50,38.028,38,15,9,66,161,2,3,1,276
2026-03-20 22:04:30,10.054,hmsuis,29.412,5.057,1,35,0,4.4,20,52.778,24.691,16.667,5,10,45,153,3,3,0,276
2026-03-21 14:05:45,10.038,hmsuis,20.69,4.921,2,26,1,4.333,7,30,25.532,7.692,3,4,24,116,4,1,0,276
2026-03-22 14:22:46,10.319,hmsuis,31.852,5.511,2,32,0,4.674,14,38.235,32.787,25,5,5,43,135,2,3,0,276
2026-03-23 19:15:16,10.221,hmsuis,40.0,9.118,4,10,0,4.289,16,50,31.579,42.424,6,4,38,95,4,1,0,276
2026-03-24 10:46:54,10.498,hmsuis,29.936,5.314,4,39,0,4.83,14,47.5,25.758,21.569,6,5,47,157,2,3,1,276
2026-03-26 10:19:38,10.404,hmsuis,35.849,5.805,5,47,0,4.526,23,46.341,27.16,43.243,7,9,57,159,3,3,0,276
2026-03-28 22:07:01,10.409,hmsuis,31.25,5.778,2,18,0,4.943,8,35.135,36.957,17.241,3,3,35,112,2,3,0,276
2026-03-30 13:56:39,10.309,hmsuis,32.53,6.255,2,44,1,4.648,17,46.809,24.39,32.432,4,9,54,166,1,4,1,276
2026-03-30 21:39:33,10.04,hmsuis,33.544,5.51,2,33,0,4.528,17,59.459,22.973,29.787,6,7,53,158,2,3,1,276
2026-03-31 10:11:52,9.953,hmsuis,35.878,7.606,3,17,0,4.787,12,48.148,32.812,32.5,5,2,47,131,3,3,0,276
2026-04-23 10:37:04,9.948,hmsuis,34.234,6.973,2,24,0,4.579,11,50,31.707,25,4,5,38,111,1,5,0,276
2026-04-25 14:37:20,9.582,hmsuis,27.027,5.629,2,32,0,4.175,17,36.667,25.641,22.5,4,7,40,148,3,3,0,276
2026-04-25 21:35:54,9.587,hmsuis,38.406,8.135,8,34,1,4.321,19,59.375,35.385,26.829,14,2,53,138,5,1,0,276
2026-05-01 11:41:50,9.932,hmsuis,32.09,7.539,4,28,0,3.93,19,44.828,30.435,25,5,12,43,134,1,5,0,276
2026-05-01 21:20:47,9.559,hmsuis,34.615,7.746,2,25,0,3.852,26,41.304,28.986,36.585,6,12,54,156,2,3,1,276
2026-05-03 13:50:06,9.498,hmsuis,26.984,4.9,1,29,0,4.647,12,45.455,21.569,19.048,3,5,34,126,3,2,0,276
2026-05-05 14:09:04,9.591,hmsuis,29.927,5.074,3,35,1,5.146,9,46.341,21.053,25.641,4,4,41,137,2,1,1,276
2026-05-09 10:11:56,9.672,hmsuis,34.615,5.501,0,29,2,5.46,11,53.333,27.059,30.769,1,6,63,182,5,0,1,276
2026-05-09 21:18:01,10.118,hmsuis,31.092,8.33,4,24,0,4.432,12,39.13,32.836,20.69,7,5,37,119,2,4,0,276
2026-05-10 12:17:28,9.949,hmsuis,30.872,6.277,0,20,0,4.326,15,48.571,27.273,22.917,6,6,46,149,3,3,0,276
2026-05-13 13:44:45,9.958,hmsuis,33.884,4.861,1,14,0,5.439,8,59.375,20.755,30.556,1,5,41,121,3,3,0,276
2026-05-14 21:21:37,9.946,hmsuis,37.681,6.792,3,14,0,5.423,8,57.143,27.692,36.842,4,1,52,138,2,3,0,276
2026-05-15 17:46:44,9.87,hmsuis,38.298,7.97,5,33,0,4.444,20,51.515,32.877,37.143,9,7,54,141,3,2,0,276
2026-05-18 11:01:47,10.052,hmsuis,37.692,7.564,4,23,0,4.224,19,55.172,33.871,30.769,9,5,49,130,4,1,1,276
2026-05-18 21:53:11,10.312,hmsuis,32.787,8.849,6,25,0,3.525,21,40.625,26.087,34.091,10,6,40,122,2,4,0,276
2026-05-19 14:12:22,10.137,hmsuis,36.429,9.47,4,35,0,3.922,26,45,30.357,36.364,9,16,51,140,4,1,1,276
2026-05-20 08:34:07,10.399,hmsuis,37.956,8.785,4,18,0,4.327,21,53.125,35.443,26.923,7,14,52,137,2,4,0,276
2026-05-25 12:49:49,10.24,hmsuis,33.333,6.941,3,21,0,4.4,13,61.111,17.544,29.63,4,7,40,120,3,3,0,276
2026-05-26 08:23:25,10.249,hmsuis,41.477,8.309,4,22,1,4.904,17,53.659,36.709,39.286,5,12,73,176,2,3,1,276
2026-05-27 14:37:10,10.161,hmsuis,29.091,4.229,1,41,0,5.146,12,50,27.778,18.644,2,4,48,165,2,4,0,276
2026-05-28 10:37:26,9.992,hmsuis,30.0,6.432,3,28,0,4.2,13,45.455,21.277,32.258,7,7,30,100,0,6,0,276
2026-05-28 16:09:41,9.461,hmsuis,29.078,6.151,4,42,0,4.512,17,39.394,27.273,24.528,7,5,41,141,3,3,0,276
2026-05-28 18:22:53,9.449,hmsuis,37.838,7.364,2,16,0,4.167,17,39.13,32.692,44.444,4,6,42,111,5,1,0,276
2026-05-30 09:01:45,9.789,hmsuis,37.5,8.115,5,31,0,4.889,16,54.545,31.429,34.146,10,0,54,144,3,3,0,276
2026-05-31 11:11:49,9.786,hmsuis,35.135,6.281,3,29,0,4.481,19,46.341,34.328,25,5,6,52,148,3,2,1,276
2026-06-04 07:25:31,9.885,hmsuis,28.289,4.128,2,43,0,4.512,16,42.857,20.312,26.087,9,3,43,152,3,3,0,276
2026-06-06 14:12:19,9.869,hmsuis,37.143,7.634,1,26,0,4.5,16,54.054,26.866,38.889,5,8,52,140,4,2,0,276
2026-06-06 22:27:02,10.04,hmsuis,38.0,7.491,4,25,0,4.561,20,48.485,36.765,32.653,7,8,57,150,1,5,0,276
2026-06-10 21:20:02,9.692,hmsuis,36.641,6.079,1,27,1,4.979,13,38.889,36.923,33.333,7,5,48,131,3,2,0,276
2026-06-12 14:04:43,9.782,hmsuis,30.097,6.503,3,17,0,4.677,11,43.75,25,30.769,4,5,31,103,1,4,0,276
2026-06-12 18:27:27,9.523,hmsuis,33.735,4.568,1,25,0,5.518,7,41.304,31.081,30.435,1,3,56,166,0,6,0,276
2026-06-14 14:19:33,8.996,hmsuis,35.766,5.252,1,14,0,5.367,7,44.118,28.07,39.13,3,3,49,137,4,2,0,276
2026-06-16 23:18:25,9.177,hmsuis,34.559,6.606,4,26,0,4.66,12,43.75,32.812,30,6,2,47,136,1,2,2,276
2026-06-17 16:20:35,9.0,hmsuis,37.037,8.026,2,27,0,4.4,21,53.333,34.426,29.545,9,6,50,135,5,1,0,276
2026-06-17 23:35:10,9.093,hmsuis,27.928,4.529,1,19,0,4.839,7,52.381,25.862,15.625,3,4,31,111,2,3,0,276
2026-06-18 07:29:56,9.094,hmsuis,34.211,5.199,1,13,1,5.385,5,44.118,26.667,36.207,3,2,52,152,3,3,0,276
2026-06-18 10:54:28,9.339,hmsuis,37.255,7.885,4,22,0,4.509,22,53.846,35.211,25.581,14,6,57,153,4,2,0,276
2026-06-19 05:24:35,9.523,hmsuis,39.669,6.337,3,24,0,4.25,19,36.364,37.288,45,6,8,48,121,3,3,0,276
2026-06-20 18:11:36,9.526,hmsuis,35.897,8.263,2,11,0,4.607,9,69.231,35,20,3,3,28,78,3,1,0,276
2026-06-21 22:16:46,9.693,hmsuis,30.233,6.034,3,20,1,4.872,10,43.75,22.034,31.579,4,3,39,129,2,3,0,276
2026-06-24 20:18:32,9.596,hmsuis,33.784,6.568,5,30,0,4.66,15,50,31.507,26.667,8,6,50,148,2,4,0,276
2026-07-03 13:56:00,9.334,hmsuis,32.061,4.793,0,31,1,5.143,11,42.857,32.143,25.532,4,4,42,131,5,1,0,276
2026-07-03 21:32:13,9.694,hmsuis,36.364,5.555,0,20,0,5.042,12,63.158,30.769,13.793,3,7,48,132,1,4,1,276
2026-01-02 00:57:04,8.877,chemist,29.008,6.977,8,29,1,4.079,17,38.235,22.034,31.579,11,1,38,131,3,3,0,277
2026-01-02 08:00:50,8.887,chemist,32.456,7.643,1,20,1,4.216,20,32.143,44,16.667,2,8,37,114,4,1,0,277
2026-01-14 17:31:59,9.207,chemist,29.936,5.992,4,31,2,4.553,16,26.829,40.299,18.367,6,5,47,157,3,2,0,277
2026-01-16 18:32:49,9.317,chemist,31.959,8.054,3,18,0,3.871,15,28,41.304,19.231,5,7,31,97,2,3,0,277
2026-01-17 16:40:47,9.209,chemist,36.923,7.062,5,19,0,5.042,14,44.444,33.871,34.375,6,2,48,130,3,2,0,277
2026-01-17 16:42:16,9.209,chemist,36.923,7.062,5,19,0,5.042,14,44.444,33.871,34.375,6,2,48,130,3,2,0,277
2026-01-20 19:15:46,9.216,chemist,30.952,5.135,1,23,1,4.923,10,38.462,32.394,20.69,2,5,39,126,1,5,0,277
2026-01-25 07:18:08,8.787,chemist,25.664,6.14,2,9,2,4.828,9,34.783,25.926,19.444,5,1,29,113,4,2,0,277
2026-01-26 19:25:39,9.001,chemist,27.184,5.477,2,15,1,4.679,9,39.286,26.19,18.182,3,1,28,103,1,3,1,277
2026-01-27 19:12:40,8.802,chemist,28.226,4.993,2,20,1,5.057,11,48.276,24.194,18.182,5,3,35,124,1,5,0,277
2026-01-29 16:37:47,8.391,chemist,28.302,7.825,8,27,1,3.633,16,41.379,26,18.519,10,4,30,106,4,1,0,277
2026-01-30 19:32:32,8.715,chemist,36.923,7.158,5,25,0,4.625,17,35.484,35.294,41.935,7,7,48,130,4,2,0,277
2026-02-07 10:29:10,8.911,chemist,32.192,5.976,2,30,1,4.511,16,42.857,36.232,16.667,6,5,47,146,3,3,0,277
2026-02-08 19:05:51,8.916,chemist,24.49,5.177,1,35,0,4.083,16,39.286,25.352,14.583,10,2,36,147,2,3,1,277
2026-02-09 18:53:08,8.798,chemist,28.571,4.221,1,25,0,5.118,8,33.333,20.37,36.585,4,3,34,119,2,3,0,277
2026-02-10 18:27:03,8.699,chemist,28.302,4.593,1,27,0,4.711,11,38.636,29.412,17.021,4,6,45,159,3,3,0,277
2026-02-18 16:22:28,8.702,chemist,27.465,5.346,3,28,0,4.718,12,45.714,28.07,14,5,5,39,142,1,5,0,277
2026-02-27 19:13:22,8.323,chemist,33.636,7.451,1,16,0,4.459,14,39.394,29.787,33.333,6,4,37,110,4,0,1,277
2026-03-01 17:42:33,8.709,chemist,26.667,6.101,2,25,1,4.0,15,33.333,30.357,12.903,3,9,32,120,1,4,0,277
2026-03-21 14:05:45,8.425,chemist,30.128,5.71,4,29,2,5.021,11,44.118,31.343,20,7,2,47,156,0,5,0,277
2026-03-23 19:15:16,7.931,chemist,34.746,5.86,2,14,0,4.805,11,51.515,25.49,32.353,2,3,41,118,1,4,0,277
2026-03-25 10:07:16,7.63,chemist,35.664,6.953,4,17,1,4.882,17,44.444,35.714,29.412,5,4,51,143,4,2,0,277
2026-03-25 22:25:20,7.826,chemist,28.767,5.444,0,14,3,4.929,10,38.889,30,20,2,4,42,146,5,1,0,277
2026-03-27 19:09:40,8.219,chemist,29.801,6.443,1,31,3,4.711,13,26.923,34.286,25.455,5,9,45,151,4,2,0,277
2026-04-02 18:30:27,8.431,chemist,29.915,5.921,1,11,0,4.714,10,41.176,32.609,16.216,5,3,35,117,3,2,0,277
2026-04-05 17:46:11,8.517,chemist,34.234,8.303,2,13,0,4.421,16,46.429,39.13,18.919,4,6,38,111,3,2,0,277
2026-04-06 18:07:46,8.611,chemist,29.286,5.653,3,18,1,4.878,9,42.105,22.581,27.5,7,0,41,140,3,3,0,277
2026-04-10 21:38:08,8.632,chemist,31.69,7.078,0,24,0,4.689,13,47.059,28.125,25,5,4,45,142,2,4,0,277
2026-04-14 18:31:24,8.429,chemist,29.577,4.554,0,19,0,5.095,10,43.182,25,21.429,5,4,42,142,5,1,0,277
2026-04-16 18:35:33,8.816,chemist,28.105,5.074,1,17,0,4.767,13,37.037,23.611,22.222,3,8,43,153,2,3,1,277
2026-04-17 17:36:21,8.721,chemist,33.945,6.319,1,17,0,4.541,12,58.333,31.111,22.5,2,3,37,109,4,1,0,277
2026-04-18 21:12:03,9.006,chemist,26.786,6.571,3,27,0,3.567,20,30.769,30.508,14.815,9,4,30,112,2,2,1,277
2026-04-19 14:28:30,9.002,chemist,30.323,5.528,2,33,2,4.809,13,37.143,31.944,22.917,6,3,47,155,4,2,0,277
2026-04-20 18:43:30,9.189,chemist,30.625,5.945,4,31,0,4.592,18,47.059,31.507,18.868,7,2,49,160,4,2,0,277
2026-04-21 18:25:22,9.373,chemist,30.657,4.935,1,33,0,4.571,11,48.78,29.825,12.821,6,6,42,137,3,3,0,277
2026-04-24 14:02:24,9.386,chemist,26.923,5.892,3,28,0,4.179,11,25,29.63,23.333,5,5,28,104,2,3,0,277
2026-04-25 21:35:54,9.28,chemist,25.758,5.061,4,34,3,4.559,11,46.429,23.077,15.385,4,8,34,132,1,5,0,277
2026-04-27 18:57:55,8.915,chemist,28.378,7.063,3,30,0,4.238,20,33.333,33.333,15,8,7,42,148,4,2,0,277
2026-04-28 14:08:03,9.1,chemist,25.0,5.546,3,25,0,4.5,12,38.889,21.053,24.324,6,3,28,112,3,1,1,277
2026-04-29 09:20:39,9.291,chemist,29.245,6.13,3,18,0,4.065,16,43.75,26.923,13.636,6,5,31,106,5,1,0,277
2026-04-29 13:52:18,9.662,chemist,29.787,8.01,4,24,0,4.143,16,41.935,25,28.571,7,8,42,141,2,4,0,277
2026-04-29 18:16:04,9.477,chemist,33.562,6.099,3,33,0,4.245,22,38.462,33.333,28.571,8,8,49,146,3,3,0,277
2026-04-30 14:25:20,9.467,chemist,32.5,6.253,7,40,0,4.365,19,35.417,29.412,34.091,8,7,52,160,4,2,0,277
2026-05-02 09:39:52,9.649,chemist,35.156,8.19,3,18,2,4.644,14,41.667,43.75,20.455,5,6,45,128,3,3,0,277
2026-05-04 18:44:00,9.637,chemist,26.712,6.769,5,33,0,4.103,15,46.429,25,15.789,11,1,39,146,5,0,0,277
2026-05-05 18:37:55,10.11,chemist,27.338,5.33,2,27,0,4.132,14,34.375,25,25.714,3,3,38,139,4,2,0,277
2026-05-06 21:00:14,10.282,chemist,30.0,5.773,1,20,0,4.762,9,39.474,33.333,16.667,6,3,42,140,4,1,1,277
2026-05-08 18:02:51,10.552,chemist,37.778,6.559,0,25,0,4.608,12,53.846,33.929,27.5,2,10,51,135,4,0,1,277
2026-05-09 10:11:56,10.914,chemist,27.711,7.189,4,26,1,4.804,14,45.714,24.691,20,6,3,46,166,1,2,3,277
2026-05-11 08:22:11,10.469,chemist,23.656,3.353,2,22,0,4.682,7,50,17.647,10,3,0,22,93,1,5,0,277
2026-05-11 14:04:11,10.439,chemist,30.818,6.956,3,32,1,4.714,18,36.111,31.081,26.531,5,10,49,159,1,5,0,277
2026-05-11 18:11:15,10.1,chemist,37.736,6.861,0,6,0,4.8,11,54.545,40.984,13.043,2,6,40,106,4,2,0,277
2026-05-12 09:38:12,10.284,chemist,32.68,6.165,5,43,0,4.0,23,54.286,30.488,16.667,10,8,50,153,3,2,1,277
2026-05-12 18:15:50,10.371,chemist,31.092,5.961,2,21,1,4.514,13,46.875,30.645,12,7,4,37,119,1,4,0,277
2026-05-13 16:03:02,10.099,chemist,28.358,5.797,1,27,2,4.605,12,42.857,26.087,21.622,4,5,38,134,0,5,1,277
2026-05-14 21:21:37,9.644,chemist,26.087,5.704,0,16,1,4.867,8,33.333,29.787,15.789,2,2,30,115,3,2,0,277
2026-05-15 17:46:44,9.741,chemist,29.078,6.136,4,33,4,4.463,15,39.394,26.027,25.714,7,7,41,141,3,2,0,277
2026-05-16 10:16:26,9.925,chemist,29.825,6.736,2,19,1,4.569,14,39.13,28.916,21.429,3,6,51,171,3,3,0,277
2026-05-16 13:47:04,9.937,chemist,22.047,5.051,1,21,2,4.536,9,37.931,20.339,12.821,2,5,28,127,4,2,0,277
2026-05-17 15:14:41,10.121,chemist,32.759,6.758,2,5,0,5.053,9,48.485,27.66,25,3,3,38,116,4,2,0,277
2026-05-18 15:08:53,10.303,chemist,30.657,6.693,0,32,0,4.357,19,41.935,29.508,24.444,7,8,42,137,1,4,1,277
2026-05-20 18:28:10,10.031,chemist,26.357,7.911,6,29,1,4.0,18,34.286,28.302,17.073,8,5,34,129,4,2,0,277
2026-05-24 19:25:18,10.201,chemist,33.929,6.446,2,30,1,4.93,17,41.379,33.333,31.148,6,2,57,168,1,4,1,277
2026-05-28 18:22:53,9.936,chemist,27.612,6.678,3,28,1,3.811,19,22.222,30,27.66,9,2,37,134,3,3,0,277
2026-05-29 18:24:54,9.937,chemist,22.449,4.43,3,24,0,4.758,8,36.364,19.403,17.021,4,3,33,147,3,3,0,277
2026-05-30 04:57:21,9.946,chemist,26.136,4.68,1,25,0,5.283,10,33.333,31.325,14.035,2,4,46,176,5,1,0,277
2026-05-31 06:42:17,9.936,chemist,42.604,9.909,4,20,1,4.833,22,57.447,37.5,36,7,7,72,169,3,2,1,277
2026-06-04 18:25:20,10.392,chemist,29.87,7.029,3,32,0,4.109,24,47.368,28.333,19.643,6,10,46,154,3,3,0,277
2026-06-09 18:18:54,10.402,chemist,33.621,7.563,2,19,0,4.308,14,50,33.333,22.222,7,4,39,116,2,4,0,277
2026-06-10 18:04:55,10.226,chemist,34.513,8.157,2,10,0,4.282,15,56.522,30.612,26.829,8,3,39,113,3,2,0,277
2026-06-12 18:27:27,10.311,chemist,28.767,5.469,1,17,2,4.976,10,38.889,25,26.087,2,4,42,146,2,4,0,277
2026-06-13 18:45:41,10.137,chemist,33.714,6.706,2,32,0,4.322,22,55.882,29.07,27.273,5,8,59,175,2,2,2,277
2026-06-16 00:10:57,10.153,chemist,29.452,4.514,5,54,0,4.628,12,41.071,27.451,15.385,7,5,43,146,1,4,0,277
2026-06-18 14:24:55,9.881,chemist,29.496,5.083,2,26,0,4.854,12,44.737,27.419,17.949,5,5,41,139,0,4,1,277
2026-06-20 23:27:03,9.529,chemist,20.588,4.343,1,9,1,4.81,5,15.789,20.37,24.138,1,2,21,102,3,3,0,277
2026-06-21 22:16:46,9.517,chemist,31.008,6.28,2,20,1,4.775,13,43.75,25.424,28.947,4,3,40,129,2,3,0,277
2026-06-22 21:35:21,9.42,chemist,32.804,5.985,2,40,0,4.758,16,46.667,32.584,21.818,8,7,62,189,1,3,2,277
2026-06-25 14:15:46,9.233,chemist,27.211,4.531,2,26,0,5.2,5,37.143,23.288,25.641,3,2,40,147,1,5,0,277
2026-07-03 17:57:14,8.894,chemist,26.415,6.089,3,17,0,4.143,11,43.478,26.829,16.667,6,2,28,106,4,2,0,277
2026-01-05 14:10:20,19.728,akatsuki,69.118,27.108,12,14,0,3.383,55,77.778,73.333,55,22,26,94,136,2,4,0,282
2026-01-06 14:13:54,19.522,akatsuki,65.161,21.71,13,28,0,3.851,54,63.636,70.13,57.778,14,22,101,155,5,1,0,282
2026-01-07 14:00:01,19.958,akatsuki,71.171,24.316,13,12,0,3.367,48,81.818,74.51,51.852,19,23,79,111,3,2,0,282
2026-01-17 10:53:12,20.068,akatsuki,65.73,24.273,15,26,0,3.701,62,79.545,69.136,49.057,26,30,117,178,6,0,0,282
2026-01-20 00:30:42,20.712,akatsuki,66.234,23.045,26,27,0,3.108,64,73.913,71.429,47.368,27,32,102,154,1,4,1,282
2026-01-23 10:40:06,20.068,akatsuki,74.138,27.412,14,11,0,3.57,46,76,79.63,64.865,22,17,86,116,4,2,0,282
2026-01-24 11:00:37,20.568,akatsuki,62.5,21.98,13,17,0,3.213,48,82.143,72.222,34.211,22,16,75,120,5,1,0,282
2026-01-25 09:22:33,20.985,akatsuki,69.014,22.821,16,17,0,3.714,52,70.732,76.471,51.515,20,20,98,142,4,2,0,282
2026-01-29 13:10:54,21.192,akatsuki,69.63,25.115,16,14,0,3.074,61,73.333,76.119,55.263,25,36,94,135,2,3,1,282
2026-02-02 13:53:19,21.082,akatsuki,60.769,25.761,13,20,1,3.253,53,87.5,64.407,42.553,21,24,79,130,3,3,0,282
2026-02-21 05:13:59,21.087,akatsuki,76.613,27.888,14,7,1,3.516,55,87.879,77.966,62.5,24,22,95,124,4,2,0,282
2026-02-21 07:37:52,21.303,akatsuki,71.429,29.961,19,14,1,3.424,49,80,75.926,53.333,25,21,85,119,5,1,0,282
2026-02-23 11:23:01,21.706,akatsuki,73.585,26.584,28,22,0,3.0,79,80,78.082,58.537,34,39,117,159,2,4,0,282
2026-03-25 13:45:37,21.512,akatsuki,63.158,23.854,18,18,0,3.667,52,71.053,68.657,48.936,22,29,96,152,2,4,0,282
2026-03-26 13:51:53,21.302,akatsuki,73.103,26.621,16,14,0,3.679,55,72.727,79.71,62.791,25,30,106,145,4,2,0,282
2026-04-12 04:56:46,21.498,akatsuki,64.444,23.054,16,21,0,3.448,52,75.758,74.51,47.059,19,24,87,135,4,2,0,282
2026-04-12 10:13:20,21.688,akatsukl,70.0,26.288,10,11,0,3.444,35,78.261,71.429,60,13,18,63,90,3,2,0,282
2026-04-14 05:05:01,21.784,akatsukl,66.316,21.917,11,7,1,3.619,33,75,69.231,52.174,17,13,63,95,2,3,0,282
2026-04-17 17:36:21,21.681,akatsuki,66.019,25.112,14,15,1,2.897,50,95,71.739,43.243,17,25,68,103,2,3,0,282
2026-04-21 10:13:47,21.578,akatsuki,64.865,24.437,11,16,0,3.306,43,72,73.077,47.059,15,22,72,111,4,1,0,282
2026-04-21 13:51:52,21.895,akatsuki,67.2,25.088,18,18,0,3.274,52,70.588,81.481,43.243,27,19,84,125,3,3,0,282
2026-04-30 07:23:58,21.887,akatsuki,68.254,24.037,24,13,0,3.035,57,85.294,66.667,56.098,29,24,86,126,3,3,0,282
2026-05-05 14:09:04,21.882,akatsuki,68.992,24.209,19,21,0,3.472,52,70.588,80.702,50,25,20,89,129,3,1,1,282
2026-05-16 13:47:04,22.092,akatsuki,71.429,27.745,12,13,0,3.422,52,72.222,78.261,58.974,23,22,90,126,3,3,0,282
2026-05-17 09:37:26,22.074,akatsuki,78.07,26.205,12,10,0,3.573,45,88.889,83.929,58.065,16,21,89,114,4,2,0,282
2026-05-22 14:23:24,22.265,akatsuki,70.748,22.566,15,12,0,3.558,57,76.19,73.333,62.222,18,37,104,147,2,3,1,282
2026-06-11 14:01:41,22.186,akatsuki,71.074,25.25,23,13,0,3.116,56,75,76.271,53.846,27,20,86,121,3,2,0,282
2026-07-05 09:14:33,22.282,akatsuki,81.379,26.887,17,9,0,3.415,71,93.75,82.895,67.568,24,38,118,145,3,3,0,282
2026-02-04 12:07:51,6.004,miiarad,28.671,5.176,2,31,0,4.805,12,34.211,26.562,26.829,4,6,41,143,3,2,1,285
2026-03-25 10:07:16,6.105,miiarad,20.896,3.39,0,15,1,5.25,7,25.714,18.75,20,6,3,28,134,1,5,0,285
2026-04-29 18:16:04,5.626,miiarad,22.759,3.869,2,34,0,4.333,12,28.947,24.242,14.634,2,9,33,145,1,5,0,285
2026-05-03 13:50:06,5.176,miiarad,19.802,3.546,1,19,0,4.75,5,29.167,19.565,12.903,2,3,20,101,1,4,0,285
2026-05-27 14:37:10,4.829,miiarad,25.0,5.185,3,35,0,4.639,12,36.667,21.667,22.222,7,5,36,144,4,2,0,285
2026-05-28 13:55:32,5.031,miiarad,27.273,5.555,7,47,0,3.881,20,16.129,40.909,17.544,10,5,42,154,4,2,0,285
2026-05-28 18:22:53,5.255,miiarad,28.261,3.943,1,20,0,4.923,7,26.667,29.412,27.5,3,3,39,138,2,4,0,285
2026-06-06 14:12:19,5.031,miiarad,27.536,5.342,1,19,0,4.737,11,37.143,19.298,30.435,2,6,38,138,2,4,0,285
2026-01-01 22:39:32,7.902,Lakumix,28.972,7.692,5,22,1,3.613,17,27.273,30,29.412,7,6,31,107,2,3,0,286
2026-01-03 10:38:36,7.797,Lakumix,24.793,6.301,1,16,2,4.367,12,28.125,18.644,33.333,4,4,30,121,2,4,0,286
2026-01-04 11:41:01,7.604,Lakumix,25.197,6.048,2,17,1,3.969,14,34.483,25.397,17.143,5,7,32,127,3,3,0,286
2026-01-04 14:34:40,7.598,Lakumix,24.242,4.293,0,15,0,4.583,9,18.75,27.027,26.667,2,4,24,99,2,3,0,286
2026-01-05 14:10:20,7.491,Lakumix,23.529,7.291,1,14,3,3.844,17,22.222,20,30,7,4,32,136,2,4,0,286
2026-01-15 18:44:32,7.21,Lakumix,21.97,4.074,0,21,0,4.621,8,27.273,19.355,21.622,4,6,29,132,2,2,2,286
2026-01-17 16:40:47,7.212,Lakumix,20.492,5.803,5,27,0,4.2,11,19.231,20.37,21.429,5,4,25,122,3,2,0,286
2026-01-17 16:42:16,7.212,Lakumix,20.492,5.803,5,27,0,4.2,11,19.231,20.37,21.429,5,4,25,122,3,2,0,286
2026-01-18 10:29:54,7.301,Lakumix,17.143,3.983,1,15,0,4.111,8,21.739,19.565,11.111,3,3,18,105,2,3,0,286
2026-01-18 12:22:26,7.211,Lakumix,23.016,7.184,9,27,0,3.483,16,28.947,20.339,20.69,12,3,29,126,3,3,0,286
2026-01-22 22:13:39,7.187,Lakumix,20.339,5.172,4,26,1,3.75,12,36.364,14.286,20,6,4,24,118,2,2,1,286
2026-01-23 10:40:06,7.21,Lakumix,18.248,5.643,2,24,1,4.04,13,17.143,20.896,14.286,5,4,25,137,4,2,0,286
2026-01-25 09:22:33,7.38,Lakumix,23.529,5.507,4,21,0,4.611,12,25.806,18.519,31.707,9,1,36,153,1,5,0,286
2026-01-26 19:25:39,7.01,Lakumix,24.51,5.063,1,16,2,4.76,8,20.833,32.692,11.538,3,4,25,102,4,1,0,286
2026-01-31 16:22:08,7.294,Lakumix,20.395,5.127,3,36,3,3.71,17,21.212,20,20.408,7,8,31,152,5,1,0,286
2026-02-01 10:15:38,7.567,Lakumix,27.642,7.561,8,29,1,3.176,20,27.273,26.761,30,11,7,34,123,4,2,0,286
2026-02-02 20:29:58,7.749,Lakumix,27.545,7.399,4,21,1,4.783,15,23.684,25,33.962,6,4,46,167,3,3,0,286
2026-02-03 20:22:50,7.733,Lakumix,26.562,4.841,4,21,0,4.647,8,25.926,30.159,21.053,4,2,34,128,1,5,0,286
2026-02-04 12:07:51,7.352,Lakumix,18.116,5.27,3,30,1,4.04,14,18.519,13.115,24,4,7,25,138,5,1,0,286
2026-02-04 13:43:18,7.734,Lakumix,22.759,5.945,4,31,0,3.939,14,21.875,20.548,27.5,7,2,33,145,4,2,0,286
2026-02-05 20:53:38,7.932,Lakumix,23.932,5.651,1,15,0,4.107,13,12,25.862,29.412,6,2,28,117,2,4,0,286
2026-02-06 18:13:10,7.73,Lakumix,21.101,3.756,0,7,0,4.826,8,19.048,24,18.421,3,1,23,109,1,5,0,286
2026-02-08 19:05:51,7.267,Lakumix,28.571,7.528,5,24,1,3.789,20,36.364,25.676,29.73,14,4,38,133,2,4,0,286
2026-02-09 18:53:08,7.281,Lakumix,25.664,7.108,6,17,1,4.138,14,23.81,27.451,24.39,7,6,29,113,4,1,0,286
2026-02-11 13:43:55,7.56,Lakumix,16.216,5.433,2,17,1,4.056,8,21.739,11.538,19.444,2,5,18,111,2,4,0,286
2026-02-15 19:18:05,7.371,Lakumix,17.886,4.607,3,24,2,3.818,11,10.526,19.643,18.75,4,6,22,123,1,5,0,286
2026-02-17 09:16:51,6.994,Lakumix,21.714,4.902,5,44,3,4.842,13,35.897,13.415,24.074,6,6,38,175,3,3,0,286
2026-02-17 21:05:31,7.022,Lakumix,20.0,5.003,3,16,2,4.25,10,16,20.635,21.875,5,4,24,120,3,2,0,286
2026-02-18 16:22:28,7.112,Lakumix,23.567,4.894,3,27,4,4.622,12,27.586,20.988,25.532,4,9,37,157,4,1,1,286
2026-03-05 20:48:03,7.378,Lakumix,23.944,4.139,2,32,0,4.676,13,30,18.919,28.947,2,2,34,142,3,2,1,286
2026-03-06 10:48:41,7.468,Lakumix,17.606,4.103,6,47,1,4.12,13,18.421,16.393,18.605,8,2,25,142,2,4,0,286
2026-03-07 13:52:35,7.276,Lakumix,23.913,5.859,2,13,1,4.409,9,42.308,6.818,36.364,4,3,22,92,3,2,0,286
2026-03-15 00:14:27,7.373,Lakumix,27.559,7.766,6,29,2,4.029,15,24,26.23,31.707,7,6,35,127,4,1,0,286
2026-03-19 14:23:48,7.655,Lakumix,16.031,3.076,2,31,1,4.381,8,30.435,9.677,17.391,6,1,21,131,1,5,0,286
2026-03-20 22:04:30,7.281,Lakumix,25.688,6.663,5,23,1,3.714,17,26.923,18.75,47.368,8,8,28,109,5,1,0,286
2026-03-25 10:07:16,7.648,Lakumix,31.618,9.01,7,19,1,4.116,20,25.581,28.333,45.455,10,7,43,136,4,2,0,286
2026-03-28 09:47:58,7.843,Lakumix,20.325,6.151,3,17,0,3.92,12,31.034,11.321,24.39,3,7,25,123,3,2,1,286
2026-03-29 10:08:23,7.926,Lakumix,25.478,6.248,2,21,2,4.925,12,27.5,28.571,20.37,5,6,40,157,2,4,0,286
2026-03-30 09:40:19,7.743,Lakumix,29.341,5.909,1,17,6,5.102,16,36.364,30.769,20,2,8,49,167,5,1,0,286
2026-04-02 18:30:27,8.107,Lakumix,30.645,7.624,5,17,3,4.5,12,24,41.538,14.706,8,4,38,124,3,2,0,286
2026-04-03 13:50:59,8.183,Lakumix,16.176,4.088,3,36,3,4.455,10,14.706,17.857,15.217,5,3,22,136,3,3,0,286
2026-04-04 10:52:22,8.187,Lakumix,24.342,6.716,2,13,1,4.378,17,27.027,17.391,32.609,8,0,37,152,2,4,0,286
2026-04-09 18:12:32,8.013,Lakumix,17.021,7.0,4,14,0,2.75,10,9.524,15.385,23.529,7,2,16,94,3,2,0,286
2026-04-12 10:13:20,8.111,Lakumix,26.804,5.019,0,12,0,4.885,6,19.231,33.333,21.739,1,2,26,97,3,2,0,286
2026-04-18 07:38:54,8.207,Lakumix,21.39,5.18,0,13,7,4.95,14,21.277,23.529,18.182,4,4,40,187,2,3,1,286
2026-04-18 21:12:03,8.097,Lakumix,25.0,6.211,5,19,1,4.043,10,20,22.5,33.333,8,3,23,92,2,3,0,286
2026-04-20 13:47:22,8.022,Lakumix,25.735,7.485,5,29,3,3.886,17,22.5,33.333,19.048,11,2,35,136,4,2,0,286
2026-04-20 22:24:29,8.196,Lakumix,21.296,5.752,1,15,0,3.348,14,19.355,20.93,23.529,6,4,23,108,1,4,0,286
2026-04-21 10:13:47,7.937,Lakumix,17.757,4.907,1,11,1,4.0,9,9.677,23.404,17.241,3,2,19,107,1,4,0,286
2026-04-21 13:51:52,7.658,Lakumix,29.032,8.587,6,16,0,4.056,18,28.947,29.412,28.571,10,5,36,124,4,2,0,286
2026-04-22 06:15:10,7.852,Lakumix,14.53,1.903,0,18,1,5.647,3,22.857,12,9.375,1,0,17,117,2,3,0,286
2026-04-22 10:47:24,7.76,Lakumix,24.865,5.526,3,29,2,4.609,15,32.558,20.253,25.397,8,5,46,185,1,5,0,286
2026-04-22 15:13:20,7.406,Lakumix,24.37,5.458,3,17,0,4.103,12,14.286,30.769,21.739,6,3,29,119,3,3,0,286
2026-04-23 10:37:04,7.406,Lakumix,24.638,5.714,4,23,2,4.559,11,22.857,27.941,20,4,7,34,138,3,2,1,286
2026-04-24 14:02:24,7.511,Lakumix,19.853,4.808,5,38,0,4.222,11,28.571,14.286,23.684,8,2,27,136,2,3,0,286
2026-04-28 14:08:03,7.424,Lakumix,15.254,3.195,1,25,2,4.611,6,9.375,16.071,20,3,3,18,118,1,3,1,286
2026-04-29 13:52:18,7.247,Lakumix,26.452,7.102,4,22,1,4.293,17,20.69,30,23.913,11,3,41,155,5,1,0,286
2026-04-29 18:16:04,7.596,Lakumix,27.273,5.692,3,27,2,3.867,24,38.889,21.429,28.889,8,8,45,165,3,3,0,286
2026-05-02 23:23:31,7.586,Lakumix,26.042,6.307,3,24,0,3.8,13,33.333,21.154,30.769,9,4,25,96,2,3,0,286
2026-05-03 13:50:06,7.491,Lakumix,24.752,5.181,3,19,0,4.44,8,20.833,26.087,25.806,4,2,25,101,1,4,0,286
2026-05-04 13:50:06,7.22,Lakumix,20.455,6.84,4,24,1,3.667,15,20,20,21.277,7,6,27,132,4,2,0,286
2026-05-04 18:44:00,7.398,Lakumix,32.484,7.572,2,29,2,4.039,23,38.462,29.333,32.558,9,7,51,157,3,2,0,286
2026-05-06 23:26:01,7.486,Lakumix,26.573,5.228,6,44,1,4.395,15,19.444,27.869,30.435,10,4,38,143,4,2,0,286
2026-05-08 18:02:51,7.664,Lakumix,31.111,6.211,2,25,0,4.5,14,30.769,26.786,37.5,8,1,42,135,4,0,1,286
2026-05-09 21:18:01,8.019,Lakumix,20.611,5.951,3,22,3,4.407,14,21.622,22.222,16.129,6,3,27,131,4,2,0,286
2026-05-11 08:22:11,7.846,Lakumix,22.124,5.589,6,28,0,3.68,15,26.087,18.182,29.167,9,4,25,113,5,1,0,286
2026-05-11 10:54:27,8.206,Lakumix,26.515,6.347,6,31,2,4.0,17,25.714,24.074,30.233,12,3,35,132,5,0,1,286
2026-05-13 13:44:45,8.964,Lakumix,29.915,8.211,2,11,2,4.429,15,23.077,30.612,33.333,6,8,35,117,4,2,0,286
2026-05-14 14:18:15,9.139,Lakumix,22.628,5.306,2,24,3,4.484,12,39.394,14.925,21.622,4,6,31,137,1,4,1,286
2026-05-14 21:21:37,8.87,Lakumix,24.06,4.596,0,12,10,5.25,7,26.316,20,27.5,1,3,32,133,2,3,0,286
2026-05-15 17:46:44,8.773,Lakumix,25.0,6.252,3,23,0,3.821,14,21.429,18,38.235,7,5,28,112,1,4,0,286
2026-05-18 15:08:53,8.224,Lakumix,23.718,6.948,5,33,2,4.0,19,27.5,25.758,18,12,5,37,156,3,2,1,286
2026-05-18 21:53:11,8.317,Lakumix,25.954,6.536,7,27,1,3.941,13,19.355,30.189,25.532,8,5,34,131,3,3,0,286
2026-05-20 14:25:13,8.312,Lakumix,19.697,2.878,1,30,4,4.846,8,16.129,20.37,21.277,3,0,26,132,3,2,0,286
2026-05-20 22:26:33,8.41,Lakumix,19.108,5.694,8,34,0,3.1,17,23.684,14.493,22,11,5,30,157,3,3,0,286
2026-05-21 07:13:01,8.415,Lakumix,21.951,6.223,5,26,2,3.481,13,32,14.286,26.19,10,4,27,123,3,3,0,286
2026-05-21 14:29:56,8.413,Lakumix,32.667,8.626,8,24,3,4.388,20,24.324,35.821,34.783,11,5,49,150,3,3,0,286
2026-05-22 21:04:09,8.407,Lakumix,29.915,5.959,4,21,0,4.743,11,33.333,25,33.333,7,1,35,117,2,3,0,286
2026-05-25 07:30:37,8.316,Lakumix,20.741,5.658,4,25,0,4.0,11,20,23.81,16.216,4,5,28,135,2,4,0,286
2026-05-25 12:49:49,8.135,Lakumix,23.77,6.249,4,11,1,4.379,13,30.303,19.231,24.324,7,4,29,122,1,5,0,286
2026-05-26 08:23:25,7.785,Lakumix,23.899,5.048,4,21,4,5.053,10,27.027,22.388,23.636,7,3,38,159,3,2,1,286
2026-05-26 13:56:18,7.864,Lakumix,27.82,5.42,4,30,0,4.27,12,41.935,26.667,19.048,4,6,37,133,1,5,0,286
2026-05-27 14:37:10,7.509,Lakumix,24.306,5.492,1,35,4,4.229,15,16.667,25,27.778,7,5,35,144,4,2,0,286
2026-05-29 18:24:54,7.665,Lakumix,27.273,6.458,4,30,1,4.31,18,28.205,24.242,30.612,7,6,42,154,2,4,0,286
2026-05-30 09:01:45,7.498,Lakumix,26.923,5.271,0,18,1,4.857,10,39.13,26.471,20.513,5,1,35,130,6,0,0,286
2026-05-30 21:04:03,8.026,Lakumix,28.188,7.003,6,21,3,4.476,18,37.143,18.333,33.333,9,5,42,149,3,3,0,286
2026-05-31 11:11:49,8.034,Lakumix,20.863,4.927,5,28,0,4.379,12,25,17.91,22.727,8,3,29,139,2,4,0,286
2026-06-01 13:46:50,7.868,Lakumix,30.534,6.117,4,17,0,4.625,15,32.5,30.189,28.947,8,3,40,131,2,3,1,286
2026-06-03 06:38:37,7.791,Lakumix,19.167,5.125,3,24,1,4.391,10,25,11.765,24.242,6,3,23,120,2,4,0,286
2026-06-03 14:14:56,7.631,Lakumix,31.2,5.678,4,30,0,4.385,14,29.73,32.609,30.952,6,7,39,125,2,4,0,286
2026-06-05 06:23:16,7.433,Lakumix,28.477,8.264,4,11,2,4.442,18,23.684,30.769,29.167,6,7,43,151,3,2,1,286
2026-06-05 08:39:16,7.517,Lakumix,29.921,7.384,8,29,1,4.263,16,27.027,32.143,29.412,10,5,38,127,2,4,0,286
2026-06-05 14:41:15,7.341,Lakumix,28.662,5.762,4,33,1,4.822,14,35.135,27.848,24.39,6,4,45,157,1,4,1,286
2026-06-06 14:12:19,7.088,Lakumix,22.464,4.643,1,19,1,4.645,10,20,21.053,26.087,5,2,31,138,2,4,0,286
2026-06-07 18:18:38,6.906,Lakumix,22.973,4.418,2,25,1,4.794,8,23.077,23.944,21.053,2,3,34,148,0,6,0,286
2026-06-09 23:10:50,6.906,Lakumix,29.915,5.547,7,27,1,4.286,17,43.333,23.077,28.571,10,3,35,117,4,2,0,286
2026-06-10 21:20:02,6.593,Lakumix,27.642,4.661,1,24,2,4.882,11,28.571,29.825,23.684,5,2,34,123,3,2,0,286
2026-06-12 14:04:43,6.69,Lakumix,25.62,4.968,2,22,1,4.774,9,37.037,25.532,19.149,6,0,31,121,4,1,0,286
2026-06-17 23:35:10,6.966,Lakumix,27.2,8.46,7,24,3,3.618,16,25.806,23.529,32.558,11,3,34,125,4,1,0,286
2026-06-21 22:16:46,7.326,Lakumix,27.049,7.561,2,16,4,3.97,15,29.167,23.729,30.769,4,6,33,122,3,2,0,286
2026-06-22 22:49:49,7.418,Lakumix,34.454,6.792,2,5,0,4.683,12,34.375,31.915,37.5,7,1,41,119,5,0,0,286
2026-06-25 14:15:46,7.864,Lakumix,23.077,5.626,2,19,2,4.545,11,17.647,17.742,34.043,5,3,33,143,4,2,0,286
2026-06-25 17:15:02,7.862,Lakumix,28.226,7.017,8,31,1,4.6,13,41.379,27.451,20.455,10,3,35,124,2,2,1,286
2026-06-30 14:01:09,8.043,Lakumix,22.148,3.98,3,29,1,4.758,10,26.19,18.462,23.81,4,2,33,149,2,4,0,286
2026-07-02 13:52:04,7.857,Lakumix,28.182,7.117,3,19,3,3.935,16,20,35.556,26.667,8,5,31,110,4,1,0,286
2026-07-04 14:18:33,8.123,Lakumix,28.148,6.703,2,9,0,4.553,16,25,27.869,30.952,9,3,38,135,4,2,0,286
2026-07-05 14:02:38,8.321,Lakumix,27.481,6.689,4,24,0,4.306,16,43.333,22.951,22.5,7,3,36,131,5,1,0,286
2026-01-01 22:39:32,7.417,Provenance,29.0,5.543,2,23,0,4.517,11,36,23.077,34.783,4,5,29,100,3,2,0,289
2026-01-03 00:30:48,7.531,Provenance,29.71,5.542,5,23,0,4.951,13,45,19.298,29.268,8,3,41,138,4,2,0,289
2026-01-03 05:26:37,7.727,Provenance,25.676,6.694,5,44,1,3.921,18,29.032,27.273,20,10,6,38,148,5,1,0,289
2026-01-05 00:32:24,8.108,Provenance,34.307,7.232,7,28,1,4.34,20,43.902,31.579,28.205,11,7,47,137,4,2,0,289
2026-01-07 01:49:38,8.293,Provenance,27.132,6.128,4,35,0,4.086,17,40,17.857,28.947,8,7,35,129,3,3,0,289
2026-01-11 02:20:53,8.282,Provenance,33.333,7.18,5,34,1,4.356,19,40.625,30,32.558,9,5,45,135,4,2,0,289
2026-01-11 19:25:15,8.464,Provenance,30.0,5.39,2,15,0,4.872,11,43.59,22.222,27.027,5,6,39,130,4,2,0,289
2026-01-14 17:31:59,8.662,Provenance,25.0,4.509,2,27,2,4.594,11,25.806,21.667,29.73,2,4,32,128,3,2,0,289
2026-01-17 00:37:47,8.751,Provenance,28.977,6.389,8,39,0,3.922,23,31.818,25.287,33.333,11,6,51,176,1,3,2,289
2026-01-17 05:38:38,8.57,Provenance,31.667,5.111,0,21,0,4.947,8,51.613,26.984,19.231,1,4,38,120,3,2,0,289
2026-01-17 22:50:02,8.671,Provenance,26.316,4.5,3,28,0,4.514,8,35.897,19.608,25.581,5,3,35,133,1,5,0,289
2026-01-18 05:07:20,8.297,Provenance,28.448,6.886,7,35,0,3.606,17,40,31.579,14.706,8,7,33,116,2,3,0,289
2026-01-18 07:26:58,8.198,Provenance,24.167,6.283,2,13,0,4.241,12,34.783,19.048,26.471,6,2,29,120,3,3,0,289
2026-01-22 22:13:39,8.205,Provenance,28.07,5.912,4,27,0,4.094,13,39.13,19.672,36.667,7,3,32,114,4,1,0,289
2026-01-25 07:18:08,8.503,Provenance,31.405,7.913,1,4,2,4.579,15,52,20.635,36.364,5,4,38,121,3,3,0,289
2026-01-26 00:05:52,8.491,Provenance,25.175,4.062,2,24,0,4.889,12,48.276,22.222,15.686,2,3,36,143,2,4,0,289
2026-01-26 19:25:39,8.298,Provenance,25.773,5.336,3,14,0,4.76,7,16.667,32.653,20,4,3,25,97,2,3,0,289
2026-01-27 02:46:22,8.195,Provenance,26.056,4.495,2,34,1,4.946,11,39.394,23.438,20,2,8,37,142,1,4,1,289
2026-01-29 00:15:00,7.948,Provenance,24.46,2.942,0,35,1,5.029,7,29.73,23.81,20.513,2,3,34,139,2,4,0,289
2026-02-02 00:40:03,7.748,Provenance,27.536,4.925,2,35,0,4.895,10,27.907,27.586,27.027,5,2,38,138,3,3,0,289
2026-02-15 19:18:05,7.737,Provenance,22.523,5.615,2,21,0,3.8,14,33.333,18.519,23.077,7,3,25,111,4,2,0,289
2026-02-21 05:13:59,7.938,Provenance,29.839,4.657,1,7,0,5.324,6,30.303,27.119,34.375,4,1,37,124,4,2,0,289
2026-02-22 04:59:06,8.136,Provenance,27.143,5.304,1,27,0,4.395,15,41.935,10.938,40,6,5,38,140,1,5,0,289
2026-02-26 01:09:58,7.765,Provenance,30.827,6.408,2,18,0,4.585,15,29.032,29.508,34.146,6,7,41,133,1,5,0,289
2026-03-01 07:10:28,7.399,Provenance,21.053,5.581,5,31,2,4.594,13,28.947,24.194,11.538,7,3,32,152,3,2,1,289
2026-03-04 05:02:33,7.499,Provenance,29.286,4.987,2,14,1,5.073,12,57.143,25.61,21.622,7,0,41,140,3,2,1,289
2026-03-07 00:48:43,7.575,Provenance,31.111,6.378,3,28,0,4.571,10,53.125,21.212,29.73,3,7,42,135,5,1,0,289
2026-03-12 22:28:14,7.94,Provenance,27.215,5.693,2,33,0,4.651,12,34.286,24.675,26.087,4,5,43,158,3,3,0,289
2026-03-15 00:14:27,7.958,Provenance,25.424,4.776,0,24,0,4.467,11,42.857,20.833,19.048,0,4,30,118,0,5,0,289
2026-03-20 22:04:30,7.498,Provenance,31.373,6.576,4,35,0,4.062,25,52.778,25.926,22.222,5,13,48,153,3,3,0,289
2026-06-07 04:19:09,7.483,Provenance,28.099,4.151,1,11,2,5.441,7,50,25.455,15.789,2,4,34,121,2,3,0,289
2026-06-18 22:34:18,7.306,Provenance,28.0,4.533,1,24,1,4.667,12,45,23.288,18.919,7,0,42,150,3,3,0,289
2026-06-19 19:28:06,7.292,Provenance,22.222,4.901,0,10,3,4.545,8,38.095,17.241,20,4,1,22,99,1,5,0,289
2026-06-19 21:13:50,6.958,Provenance,25.664,5.832,2,15,0,4.517,10,30.769,28.571,16.129,2,4,29,113,3,2,0,289
2026-06-20 23:27:03,7.048,Provenance,26.923,5.437,0,2,2,4.771,8,33.333,28.571,16.667,3,1,35,130,4,2,0,289
2026-06-22 00:04:06,7.25,Provenance,22.33,6.124,3,7,2,4.391,9,21.739,16.981,33.333,5,3,23,103,2,3,0,289
2026-06-28 00:57:32,7.15,Provenance,24.427,5.451,3,17,0,4.688,12,25,21.875,28.571,4,4,32,131,5,1,0,289
2026-01-01 10:11:46,4.764,ss_r_white_pony,23.932,5.088,3,23,0,4.286,11,22.222,19.643,32.353,6,2,28,117,2,3,0,291
2026-01-03 05:26:37,4.617,ss_r_white_pony,17.857,2.451,1,34,1,5.35,4,12,14,27.027,3,1,20,112,2,2,0,291
2026-01-04 11:41:01,4.651,ss_r_white_pony,14.961,2.562,1,17,0,4.895,4,24.138,9.524,17.143,2,3,19,127,3,3,0,291
2026-01-06 05:29:39,4.648,ss_r_white_pony,18.919,2.708,0,27,1,5.25,5,31.429,16.667,12.195,1,2,28,148,3,3,0,291
2026-01-17 05:38:38,4.658,ss_r_white_pony,24.0,3.866,1,20,0,5.3,7,33.333,23.438,18.919,2,2,30,125,4,1,0,291
2026-01-17 10:39:09,4.964,ss_r_white_pony,16.901,1.962,5,56,0,4.0,11,21.053,10.606,23.684,7,2,24,142,2,3,1,291
2026-01-22 09:18:28,4.845,ss_r_white_pony,14.966,1.918,2,36,3,5.636,2,17.647,14.286,14,2,0,22,147,1,5,0,291
2026-01-24 11:00:37,4.448,ss_r_white_pony,22.308,3.508,2,22,0,5.207,4,29.032,18.75,22.857,3,0,29,130,4,2,0,291
2026-01-25 07:18:08,4.655,ss_r_white_pony,19.008,1.732,0,4,1,6.13,1,28,9.524,30.303,0,0,23,121,3,3,0,291
2026-01-26 00:05:52,4.643,ss_r_white_pony,20.455,3.18,1,25,1,5.0,7,15.152,21.053,23.81,4,1,27,132,3,3,0,291
2026-02-14 14:04:22,4.65,ss_r_white_pony,16.912,3.334,1,21,0,4.913,5,11.111,21.667,14.286,2,1,23,136,3,3,0,291
2026-03-05 20:48:03,4.655,ss_r_white_pony,25.14,3.149,3,37,1,5.422,7,40,19.192,25,3,4,45,179,3,2,1,291
2026-03-06 10:48:41,4.756,ss_r_white_pony,21.127,2.433,0,47,0,5.067,4,21.053,8.197,39.535,2,4,30,142,2,4,0,291
2026-03-19 11:00:41,4.551,ss_r_white_pony,24.845,2.975,1,43,0,5.35,12,30,28.169,16,5,4,40,161,2,3,1,291
2026-03-22 14:22:46,4.456,ss_r_white_pony,15.323,2.192,1,39,0,5.0,4,8,17.544,16.667,4,3,19,124,3,2,0,291
2026-04-02 13:54:01,4.556,ss_r_white_pony,16.279,3.28,1,22,0,5.143,6,25.926,13.333,14.286,3,2,21,129,4,2,0,291
2026-04-12 10:13:20,4.74,ss_r_white_pony,12.222,4.418,2,11,2,3.727,5,8.696,2.381,32,3,1,11,90,3,2,0,291
2026-04-21 00:49:52,4.833,ss_r_white_pony,18.182,2.328,0,15,0,5.273,3,15.385,21.429,15.385,1,2,22,121,2,4,0,291
2026-04-23 10:37:04,4.638,ss_r_white_pony,22.517,4.14,3,27,1,5.147,9,26.471,25.373,16,6,2,34,151,4,1,1,291
2026-01-01 22:39:32,6.213,FeyFey,21.186,3.533,2,22,2,4.88,8,30.303,17.391,17.949,2,4,25,118,2,3,0,292
2026-01-02 08:00:50,6.126,FeyFey,24.138,3.205,2,11,1,5.75,5,29.412,16.981,31.034,3,0,28,116,3,1,1,292
2026-01-03 05:26:37,6.307,FeyFey,13.714,2.113,1,63,2,5.042,6,27.027,6.944,13.636,2,4,24,175,1,5,0,292
2026-01-04 14:34:40,5.924,FeyFey,14.925,3.16,1,33,2,4.3,8,16.129,15,13.953,4,1,20,134,1,3,1,292
2026-01-05 07:23:46,5.735,FeyFey,20.979,2.473,1,48,1,4.8,10,33.333,18.182,15.909,4,3,30,143,3,3,0,292
2026-01-07 01:49:38,5.734,FeyFey,11.628,1.741,1,35,1,5.0,5,14.286,10.714,10.526,4,1,15,129,3,3,0,292
2026-01-12 05:30:57,5.724,FeyFey,15.517,2.791,1,13,1,4.889,5,20.833,10,19.048,2,1,18,116,2,3,0,292
2026-01-14 05:49:52,5.913,FeyFey,18.261,2.682,1,13,2,5.81,4,28,15.094,16.216,3,2,21,115,5,1,0,292
2026-01-16 08:28:15,6.29,FeyFey,21.341,2.937,1,21,2,5.457,4,23.81,21.212,19.643,1,1,35,164,2,4,0,292
2026-01-17 05:38:38,6.099,FeyFey,17.273,3.452,1,14,1,4.895,5,10.526,20,15.385,1,2,19,110,4,1,0,292
2026-01-18 05:07:20,6.378,FeyFey,21.488,3.604,2,28,0,4.615,11,27.586,19.298,20,5,3,26,121,3,2,0,292
2026-01-18 07:26:58,6.478,FeyFey,15.833,4.55,1,13,3,4.0,9,21.739,11.111,20.588,7,0,19,120,3,3,0,292
2026-01-18 10:29:54,6.485,FeyFey,20.339,3.103,0,19,2,4.917,7,34.615,18.182,13.514,1,3,24,118,3,2,0,292
2026-01-18 12:22:26,6.582,FeyFey,17.46,2.605,0,27,0,4.818,6,18.421,16.949,17.241,4,1,22,126,3,3,0,292
2026-01-19 07:43:44,6.558,FeyFey,15.625,4.129,2,21,0,3.9,11,16.667,14.286,17.647,3,5,20,128,4,2,0,292
2026-01-22 09:18:28,6.741,FeyFey,19.497,3.432,2,35,2,4.968,8,35.714,11.268,17.391,2,5,31,159,5,1,0,292
2026-01-22 22:13:39,7.105,FeyFey,17.094,2.8,2,30,0,4.7,6,22.222,11.765,20,2,2,20,117,2,3,0,292
2026-01-24 11:00:37,7.004,FeyFey,16.102,3.345,2,15,1,4.737,6,23.077,15.094,12.821,2,3,19,118,0,6,0,292
2026-01-25 07:18:08,6.457,FeyFey,14.655,2.56,0,12,0,5.412,4,28,8.197,16.667,0,2,17,116,2,4,0,292
2026-01-25 09:22:33,6.271,FeyFey,22.222,4.224,1,21,1,4.824,10,22.581,16.049,34.146,4,2,34,153,1,5,0,292
2026-01-27 05:46:13,5.9,FeyFey,16.667,2.212,0,29,2,5.32,7,12,14.286,30,2,3,25,150,3,3,0,292
2026-01-29 06:07:11,5.909,FeyFey,21.739,3.161,0,10,5,5.633,6,19.048,22.807,23.077,3,1,30,138,2,3,0,292
2026-01-29 13:10:54,5.826,FeyFey,15.385,3.075,3,17,3,4.85,5,11.538,14.493,20,4,0,20,130,2,3,1,292
2026-01-31 08:22:55,5.717,FeyFey,15.873,3.094,0,14,2,4.65,4,9.091,9.091,31.579,0,3,20,126,1,3,1,292
2026-01-31 16:22:08,5.518,FeyFey,19.737,3.32,1,36,2,4.533,11,30.303,17.143,16.327,3,1,30,152,5,1,0,292
2026-02-01 10:15:38,5.885,FeyFey,21.094,4.128,3,29,1,4.111,12,17.241,16.667,33.333,7,2,27,128,3,3,0,292
2026-02-02 13:53:19,5.885,FeyFey,15.217,1.51,0,23,1,6.0,2,17.857,14.493,14.634,1,0,21,138,3,3,0,292
2026-02-04 12:07:51,5.897,FeyFey,23.913,5.727,2,30,1,4.303,13,33.333,19.672,24,6,6,33,138,5,1,0,292
2026-02-04 13:43:18,6.267,FeyFey,17.241,3.53,1,31,1,4.48,8,25,10.959,22.5,5,1,25,145,4,2,0,292
2026-02-05 15:04:09,6.459,FeyFey,22.656,3.549,1,16,1,5.448,7,28.125,21.667,19.444,4,1,29,128,4,2,0,292
2026-02-07 22:12:56,6.626,FeyFey,15.625,2.727,1,23,3,5.0,6,16.667,13.793,17.5,2,4,20,128,3,3,0,292
2026-02-09 18:53:08,6.645,FeyFey,19.328,2.844,1,25,2,5.217,5,25,16.667,19.512,2,3,23,119,2,3,0,292
2026-02-16 18:20:23,6.555,FeyFey,17.361,2.947,0,26,0,4.32,11,32,14.085,14.583,3,3,25,144,3,3,0,292
2026-02-17 09:16:51,6.538,FeyFey,22.727,4.95,2,21,1,4.6,10,24.138,17.241,28.889,4,2,30,132,5,1,0,292
2026-02-20 05:26:49,6.867,FeyFey,18.182,3.084,1,9,3,5.125,4,25.714,16.129,14.286,2,1,24,132,3,3,0,292
2026-02-21 05:13:59,6.859,FeyFey,16.667,4.279,2,21,2,4.348,9,20.69,9.859,26.316,5,3,23,138,3,2,1,292
2026-02-21 07:37:52,6.952,FeyFey,19.653,4.616,3,36,8,5.0,13,24.324,15.584,22.034,6,1,34,173,4,1,1,292
2026-02-21 09:56:08,7.229,FeyFey,21.986,4.088,0,13,2,4.774,8,24,20.968,22.222,5,2,31,141,4,2,0,292
2026-02-22 04:59:06,7.401,FeyFey,18.269,4.022,1,13,0,4.211,8,17.857,6.818,34.375,4,1,19,104,2,4,0,292
2026-02-22 07:42:23,7.206,FeyFey,18.31,3.848,3,14,0,5.038,7,41.379,11.94,13.043,3,1,26,142,1,5,0,292
2026-02-23 11:23:01,6.847,FeyFey,18.182,3.284,0,29,0,4.538,9,26.087,11.667,18.919,3,3,26,143,5,1,0,292
2026-02-25 09:17:06,6.847,FeyFey,19.259,3.961,2,17,4,4.962,10,32.258,12.676,21.212,5,1,26,135,2,4,0,292
2026-02-26 01:09:58,7.019,FeyFey,16.541,1.783,1,18,0,5.773,3,22.581,14.754,14.634,1,1,22,133,1,5,0,292
2026-02-27 06:33:50,6.668,FeyFey,16.418,4.024,2,14,6,4.773,8,12.5,17.241,19.444,6,1,22,134,1,4,1,292
2026-03-01 17:42:33,6.402,FeyFey,14.876,2.045,1,24,1,5.333,5,26.923,13.462,9.302,2,0,18,121,2,3,0,292
2026-03-04 05:02:33,6.31,FeyFey,21.705,4.147,3,16,0,5.036,9,23.077,18.571,27.273,5,2,28,129,3,3,0,292
2026-03-04 14:45:10,6.328,FeyFey,19.048,3.933,2,29,2,4.625,8,24,13.333,24.39,5,2,24,126,3,3,0,292
2026-03-06 05:51:01,6.329,FeyFey,17.763,3.566,2,28,2,5.148,8,28,12.329,20.37,2,2,27,152,3,3,0,292
2026-03-06 10:48:41,6.339,FeyFey,21.477,4.07,3,53,2,4.375,13,35.484,12.329,26.667,7,6,32,149,4,2,0,292
2026-03-08 10:05:52,6.512,FeyFey,21.528,4.564,0,32,1,4.71,12,27.5,14.706,27.778,3,5,31,144,1,5,0,292
2026-03-09 05:38:02,6.147,FeyFey,21.333,3.784,0,13,6,5.5,5,21.622,18.841,25,5,1,32,150,5,1,0,292
2026-03-10 10:21:36,6.492,FeyFey,18.792,2.331,1,28,3,5.607,4,25,15.278,20.408,4,0,28,149,3,3,0,292
2026-03-11 10:35:17,6.512,FeyFey,22.764,4.041,2,12,0,5.036,6,17.857,16.364,35,4,1,28,123,4,2,0,292
2026-03-15 00:14:27,6.679,FeyFey,16.522,4.223,3,28,0,4.474,7,28.571,12.727,12.5,5,2,19,115,2,3,0,292
2026-03-15 19:01:50,6.684,FeyFey,23.81,3.907,0,9,3,5.171,7,31.373,8.621,36.842,5,1,35,147,4,2,0,292
2026-03-16 10:28:16,6.84,FeyFey,20.588,2.006,0,27,5,6.086,4,26.786,12.121,25,1,2,35,170,1,4,1,292
2026-03-16 19:05:41,6.562,FeyFey,19.231,4.344,2,20,2,4.76,9,32.432,13.559,14.706,3,4,25,130,4,2,0,292
2026-03-19 04:19:23,6.747,FeyFey,16.901,2.652,0,16,2,5.5,6,22.581,10.938,21.277,1,2,24,142,2,4,0,292
2026-03-20 22:04:30,6.564,FeyFey,19.463,2.963,2,39,0,5.0,9,35.714,12.329,14.706,3,3,29,149,2,4,0,292
2026-03-22 07:43:08,6.395,FeyFey,18.0,3.024,1,14,2,5.63,5,16.216,20.312,16.327,2,1,27,150,2,4,0,292
2026-03-23 04:20:46,6.217,FeyFey,18.0,3.61,1,25,1,5.0,7,19.355,20,14.815,4,2,27,150,2,4,0,292
2026-03-28 22:07:01,6.057,FeyFey,17.857,3.768,1,18,0,4.6,6,25.714,6.383,26.667,5,0,20,112,4,1,0,292
2026-03-29 10:08:23,6.332,FeyFey,17.333,3.154,0,26,2,5.462,8,18.182,19.643,14,1,4,26,150,2,4,0,292
2026-03-30 04:38:23,6.167,FeyFey,17.266,2.638,0,15,4,5.625,5,20.513,16.667,14.706,1,2,24,139,3,3,0,292
2026-03-30 09:40:19,6.199,FeyFey,21.569,2.787,0,19,2,5.727,3,37.143,22.078,7.317,1,0,33,153,2,4,0,292
2026-04-03 06:41:19,5.992,FeyFey,20.472,4.274,1,12,1,5.115,6,17.143,17.544,28.571,5,0,26,127,3,3,0,292
2026-04-04 10:52:22,5.982,FeyFey,19.737,3.391,0,13,0,5.233,8,16.216,15.942,28.261,2,2,30,152,2,4,0,292
2026-04-05 07:51:40,5.811,FeyFey,13.333,3.391,2,13,3,4.8,4,15.909,12.121,12.5,3,1,20,150,2,4,0,292
2026-04-09 00:14:04,5.631,FeyFey,18.705,3.315,0,18,1,4.923,6,24.242,22.059,7.895,3,2,26,139,2,3,1,292
2026-04-10 07:34:26,5.536,FeyFey,20.863,3.77,1,26,1,4.966,8,33.333,18.033,12.821,3,3,29,139,3,1,1,292
2026-04-13 04:24:01,5.71,FeyFey,16.129,2.794,1,20,2,5.4,5,12.903,17.978,14.286,2,0,25,155,4,1,1,292
2026-04-14 05:05:01,5.971,FeyFey,18.898,3.977,3,22,2,4.792,7,29.412,14.035,16.667,4,1,24,127,2,2,1,292
2026-04-14 07:36:39,5.975,FeyFey,21.583,5.073,2,19,5,4.733,10,25.581,13.559,29.73,7,2,30,139,6,0,0,292
2026-04-17 07:29:19,6.505,FeyFey,18.987,3.868,4,37,1,4.567,10,25.641,18.056,14.894,6,1,30,158,4,2,0,292
2026-04-17 17:36:21,6.679,FeyFey,17.822,4.537,1,15,0,3.889,7,21.053,25,5.882,2,4,18,101,1,3,1,292
2026-04-22 10:47:24,6.495,FeyFey,19.429,3.065,0,36,3,4.941,8,23.81,13.75,24.528,2,2,34,175,4,1,1,292
2026-04-23 15:00:23,6.76,FeyFey,20.809,4.028,2,39,4,5.139,9,36.364,18.391,15.094,5,3,36,173,1,5,0,292
2026-04-24 14:02:24,6.4,FeyFey,19.811,3.943,1,24,3,4.381,8,26.667,10.87,26.667,4,4,21,106,3,2,0,292
2026-04-25 14:37:20,6.479,FeyFey,20.859,3.845,1,33,1,4.441,12,25,14.815,28.261,4,5,34,163,4,2,0,292
2026-04-26 04:32:57,6.642,FeyFey,17.361,2.891,2,18,5,5.64,4,25,15.789,12.766,2,0,25,144,0,6,0,292
2026-04-27 05:23:52,6.114,FeyFey,19.091,2.82,2,26,1,4.762,5,22.581,19.565,15.152,3,2,21,110,1,5,0,292
2026-04-28 05:07:35,5.756,FeyFey,18.605,2.785,1,20,0,4.833,4,16,16.129,23.81,2,2,24,129,3,3,0,292
2026-05-06 05:45:40,5.76,FeyFey,23.404,3.307,0,6,0,5.424,5,31.25,23.81,17.391,1,2,33,141,2,4,0,292
2026-05-09 06:27:18,5.572,FeyFey,16.667,4.041,3,15,3,4.368,6,18.519,13.208,20.588,3,1,19,114,2,4,0,292
2026-05-12 14:05:09,5.572,FeyFey,19.512,3.178,2,41,0,4.625,10,12.903,21.591,20,3,4,32,164,4,2,0,292
2026-05-26 18:30:52,5.757,FeyFey,22.917,4.491,1,17,2,4.909,10,30.435,20.968,16.667,3,7,33,144,2,3,1,292
2026-05-29 07:43:45,5.675,FeyFey,20.144,4.046,1,30,0,3.929,14,24.138,18.841,19.512,6,5,28,139,2,4,0,292
2026-06-05 17:50:16,5.501,FeyFey,22.0,5.261,3,24,0,3.818,12,33.333,20.455,18.421,4,3,22,100,5,0,0,292
2026-06-06 07:47:40,6.365,FeyFey,18.239,2.686,0,24,1,5.276,7,20.513,19.231,14.286,1,3,29,159,3,2,1,292
2026-06-07 04:19:09,6.464,FeyFey,22.43,5.14,1,10,2,4.417,11,21.429,20,26.471,2,6,24,107,3,2,0,292
2026-06-11 04:24:29,6.62,FeyFey,25.21,5.107,1,9,1,4.767,9,25,26.316,23.684,4,1,30,119,2,3,0,292
2026-06-13 04:37:13,6.529,FeyFey,16.129,4.08,2,18,3,4.9,6,25.806,5.556,23.077,3,0,20,124,1,4,0,292
2026-06-13 07:12:37,6.267,FeyFey,19.697,3.858,1,11,2,5.423,7,25,15.517,20.588,3,1,26,132,0,5,0,292
2026-06-15 06:22:37,5.812,FeyFey,18.621,2.821,5,45,0,4.0,9,23.077,13.235,23.684,5,2,27,145,4,2,0,292
2026-06-18 07:46:33,5.989,FeyFey,19.014,4.382,2,17,0,4.593,9,25.641,12.698,22.5,3,1,27,142,3,3,0,292
2026-06-19 19:28:06,5.972,FeyFey,19.192,3.079,0,10,1,5.158,6,23.81,17.241,20,1,1,19,99,1,5,0,292
2026-06-20 23:27:03,5.649,FeyFey,14.706,2.419,1,14,2,5.4,3,21.053,15.873,5.714,1,1,20,136,1,5,0,292
2026-06-21 22:16:46,5.298,FeyFey,18.548,2.674,1,18,3,5.522,4,22.727,18.31,16.129,3,1,23,124,2,3,0,292
2026-06-22 22:49:49,5.205,FeyFey,23.077,3.176,2,19,3,5.593,4,22.222,23.529,23.333,3,1,27,117,2,3,0,292
2026-06-28 00:57:32,5.116,FeyFey,18.705,3.094,1,19,0,5.115,7,20,15,23.077,2,1,26,139,4,2,0,292
2026-06-29 18:09:56,5.294,FeyFey,16.197,3.289,2,26,1,4.913,9,16.667,16.176,15.789,4,2,23,142,3,3,0,292
2026-01-02 08:00:50,24.39,channina,83.221,29.4,19,12,0,3.323,78,93.023,88.333,67.391,25,42,124,149,2,2,1,301
2026-01-17 05:38:38,24.391,channina,78.218,29.182,10,9,0,3.215,51,94.444,85.714,58.824,15,26,79,101,3,2,0,301
2026-01-25 07:18:08,24.494,channina,81.818,32.346,15,4,0,3.566,56,92,76.19,84.848,21,25,99,121,3,3,0,301
2026-01-31 08:22:55,24.481,channina,82.0,30.944,13,4,0,3.524,45,73.333,89.583,77.273,20,16,82,100,2,3,0,301
2026-03-28 09:47:58,24.382,channina,73.451,29.78,20,12,0,3.193,49,81.818,84.615,53.846,29,22,83,113,3,3,0,301
2026-03-29 10:08:23,24.388,channina,73.077,28.744,16,15,0,3.874,46,80.645,80.702,57.143,23,17,95,130,3,3,0,301
2026-03-30 09:40:19,24.38,channina,75.316,29.157,20,17,0,3.622,63,83.333,85.915,51.111,24,27,119,158,3,3,0,301
2026-03-31 10:11:52,24.371,channina,80.69,28.216,15,11,0,3.701,62,91.667,84.127,67.391,23,25,117,145,5,1,0,301
2026-04-04 10:52:22,24.775,channina,78.289,35.062,21,13,0,3.059,84,89.189,85.507,58.696,29,47,119,152,2,4,0,301
2026-04-05 07:51:40,24.587,channina,80.282,31.627,12,10,0,3.605,58,93.548,78.873,72.5,17,32,114,142,6,0,0,301
2026-04-11 13:56:22,25.174,channina,70.213,27.975,16,19,0,3.535,54,76.316,88.71,36.585,20,27,99,141,2,4,0,301
2026-04-12 10:13:20,24.998,channina,79.381,29.762,12,12,0,3.519,45,92.308,79.167,65.217,18,17,77,97,3,2,0,301
2026-04-17 17:36:21,25.101,channina,74.336,26.734,16,13,0,3.036,59,82.609,80,60,21,31,84,113,2,3,0,301
2026-04-18 07:38:54,25.002,channina,71.658,23.543,4,13,0,4.112,62,85.106,75.294,54.545,13,39,134,187,2,3,1,301
2026-04-19 09:37:53,24.885,channina,75.63,27.664,20,13,0,3.711,46,86.667,83.673,57.5,25,19,90,119,3,2,0,301
2026-04-20 05:13:11,24.979,channina,76.923,26.112,9,7,1,3.58,50,83.871,78.689,68.421,11,41,100,130,2,4,0,301
2026-04-21 10:13:47,24.979,channina,75.701,30.218,13,11,0,3.086,53,93.548,76.596,55.172,20,33,81,107,1,4,0,301
2026-04-22 06:15:10,24.684,channina,80.488,27.289,7,9,0,3.717,56,90.909,85.106,67.442,15,28,99,123,3,2,0,301
2026-05-06 05:45:40,24.619,channina,80.769,33.423,15,1,1,3.405,50,95.652,89.091,50,17,31,84,104,3,3,0,301
2026-05-07 07:15:21,24.611,channina,76.613,29.241,17,15,0,3.116,66,90.323,74.074,69.231,20,40,95,124,1,5,0,301
2026-05-11 14:04:11,24.24,channina,78.261,27.96,16,15,0,3.593,58,93.333,83.077,60.465,25,31,108,138,3,3,0,301
2026-05-12 14:05:09,24.223,channina,79.464,25.428,22,10,0,3.011,57,94.737,77.049,75,25,36,89,112,1,5,0,301
2026-05-13 13:44:45,23.827,channina,84.211,32.562,18,6,0,3.427,56,96.552,84.746,69.231,28,21,96,114,4,2,0,301
2026-05-14 21:21:37,24.025,channina,71.329,26.558,15,16,0,3.725,40,75,81.159,52.381,20,23,102,143,3,2,0,301
2026-05-17 15:14:41,24.114,channina,80.172,31.055,18,5,0,3.581,51,87.879,85.106,66.667,23,18,93,116,4,2,0,301
2026-05-22 14:23:24,24.305,channina,78.03,28.782,20,13,1,3.117,66,78.125,81.538,71.429,28,30,103,132,3,2,1,301
2026-05-27 04:53:54,24.384,channina,79.195,28.504,20,9,0,3.661,60,80,86.111,66.667,29,27,118,149,3,2,1,301
2026-05-27 11:00:45,24.471,channina,78.808,32.438,21,16,0,3.454,65,96.667,83.784,59.574,26,29,119,151,3,3,0,301
2026-05-30 04:57:21,24.466,channina,83.824,32.285,18,8,0,3.596,66,96.429,90,63.158,22,41,114,136,3,3,0,301
2026-06-02 14:21:12,24.465,channina,76.389,27.503,11,10,0,3.8,57,90,79.365,58.537,17,41,110,144,1,5,0,301
2026-06-03 04:26:23,24.108,channina,79.661,26.26,19,12,0,3.468,54,85.714,86.667,68.889,19,31,94,118,0,5,0,301
2026-06-06 07:47:40,23.641,channina,82.308,31.027,24,14,0,3.178,70,92.857,87.302,66.667,31,30,107,130,2,4,0,301
2026-06-11 04:24:29,23.458,channina,83.571,31.434,18,9,0,3.325,76,90,85.915,74.359,23,40,117,140,2,3,0,301
2026-06-14 06:19:48,23.368,channina,79.839,28.891,18,6,0,3.495,52,94.286,79.661,63.333,25,26,99,124,3,3,0,301
2026-06-18 07:46:33,23.363,channina,73.944,25.062,9,17,0,3.495,61,87.179,74.603,60,12,32,105,142,3,3,0,301
2026-06-19 22:59:11,23.345,channina,78.788,27.658,10,9,0,3.397,46,100,84,58.065,14,27,78,99,2,3,0,301
2026-06-22 22:49:49,23.256,channina,85.714,30.089,17,5,0,3.324,63,81.25,89.362,85,23,31,102,119,5,0,0,301
2026-01-01 22:39:32,9.627,kaededayo,43.22,7.906,5,19,0,4.412,16,55.263,33.333,47.826,6,5,51,118,5,0,0,307
2026-01-03 00:30:48,10.189,kaededayo,43.511,11.113,8,17,0,3.93,27,51.22,38,42.5,12,9,57,131,2,4,0,307
2026-03-02 06:44:58,9.98,kaededayo,32.759,5.361,2,14,0,5.368,8,44.828,35.185,18.182,5,2,38,116,3,3,0,307
2026-03-15 00:14:27,9.987,kaededayo,38.571,7.018,2,31,0,4.87,16,57.143,26.154,42.5,3,14,54,140,2,3,0,307
2026-04-16 00:39:38,9.989,kaededayo,44.068,9.183,2,14,0,4.231,20,47.222,36.735,51.515,5,11,52,118,2,3,0,307
2026-04-19 07:32:45,9.883,kaededayo,31.818,6.98,6,35,0,3.619,21,48.649,19.608,31.818,11,4,42,132,5,1,0,307
2026-04-25 21:35:54,10.318,kaededayo,31.818,4.94,3,34,0,4.905,11,60.714,18.462,33.333,6,2,42,132,1,5,0,307
2026-05-02 23:23:31,9.901,kaededayo,32.258,5.982,2,38,0,4.375,17,60,25.806,24.324,7,4,40,124,1,2,2,307
2026-05-09 21:18:01,9.806,kaededayo,30.645,7.298,2,15,0,4.447,12,53.571,19.672,31.429,4,5,38,124,2,4,0,307
2026-05-14 07:57:04,9.609,kaededayo,35.632,4.473,2,39,0,5.468,10,59.524,27.941,28.125,6,2,62,174,5,1,0,307
2026-05-17 07:27:17,9.609,kaededayo,42.857,7.165,6,38,0,4.35,20,60,30.189,42.553,11,7,60,140,4,0,1,307
2026-05-18 06:06:48,10.027,kaededayo,38.095,5.412,1,24,0,5.446,10,69.231,27.536,36.538,4,0,56,147,2,4,0,307
2026-05-29 07:43:45,9.829,kaededayo,36.076,6.595,4,43,0,4.07,26,56.41,32.394,25,9,11,57,158,4,2,0,307
2026-05-31 06:42:17,9.829,kaededayo,37.363,6.072,0,28,2,5.309,15,51.02,34.091,28.889,2,6,68,182,2,3,1,307
2026-06-01 05:57:19,10.027,kaededayo,40.559,6.8,3,33,0,4.5,19,63.158,31.343,34.211,6,8,58,143,1,5,0,307
2026-06-07 04:19:09,9.524,kaededayo,38.298,5.818,1,21,0,5.056,11,61.765,30.159,31.818,3,5,54,141,1,4,0,307
2026-06-17 23:35:10,8.942,kaededayo,40.708,9.173,4,15,0,4.348,19,58.065,29.545,39.474,11,2,46,113,3,2,0,307
2026-06-18 10:54:28,9.051,kaededayo,35.526,5.752,1,32,0,4.741,15,44.828,34.615,31.111,2,4,54,152,1,4,1,307
2026-06-24 20:18:32,8.761,kaededayo,29.71,5.911,3,30,0,4.463,15,50,21.429,30.952,3,9,41,138,3,3,0,307
2026-06-27 17:17:15,8.772,kaededayo,37.931,9.358,4,9,0,4.364,16,45.161,30.952,39.535,6,7,44,116,4,2,0,307
2026-06-28 00:57:32,8.96,kaededayo,38.028,7.663,2,15,0,4.519,15,54.286,31.343,35,3,5,54,142,0,5,1,307
2026-06-28 15:10:06,8.474,kaededayo,30.081,5.363,0,22,0,4.459,12,53.333,16.364,31.579,1,11,37,123,1,5,0,307
2026-07-01 14:17:09,8.096,kaededayo,43.284,8.421,3,11,0,4.276,10,56.25,34.375,47.368,4,3,29,67,3,3,0,307
2026-07-01 14:36:06,8.096,kaededayo,40.0,9.446,7,20,0,3.854,21,61.29,27.778,40,11,6,48,120,3,3,0,307
2026-01-02 13:57:28,11.809,beautiful,40.0,7.618,2,22,0,4.907,14,56.41,38.596,25.641,2,9,54,135,1,4,0,311
2026-01-05 14:10:20,11.518,beautiful,29.921,6.274,2,18,0,4.947,9,36.111,26.923,28.205,4,4,38,127,2,4,0,311
2026-01-06 05:29:39,11.325,beautiful,29.73,5.385,1,27,0,4.75,10,40,31.944,17.073,3,3,44,148,3,3,0,311
2026-01-06 14:13:54,11.334,beautiful,37.736,6.476,0,32,0,5.15,15,55.263,40,19.565,0,9,60,159,2,4,0,311
2026-01-07 14:00:01,11.136,beautiful,42.105,9.447,3,14,0,4.45,14,60,35,32,6,7,40,95,3,2,0,311
2026-01-09 14:00:22,11.226,beautiful,38.931,8.191,2,15,0,4.745,13,52,38.571,30.556,10,1,51,131,3,3,0,311
2026-01-14 05:49:52,11.212,beautiful,36.486,6.037,0,26,0,5.296,13,50,37.5,25,4,6,54,148,5,1,0,311
2026-01-17 05:38:38,11.574,beautiful,41.667,8.003,0,21,0,4.64,17,45.161,49.206,19.231,3,4,50,120,3,2,0,311
2026-01-17 16:40:47,11.671,beautiful,34.426,8.839,5,27,0,4.119,18,42.308,38.889,23.81,6,11,42,122,3,2,0,311
2026-01-17 16:42:16,11.671,beautiful,34.426,8.839,5,27,0,4.119,18,42.308,38.889,23.81,6,11,42,122,3,2,0,311
2026-01-18 07:26:58,11.758,beautiful,31.618,5.021,0,28,0,5.233,9,40.741,36.923,18.182,2,4,43,136,4,2,0,311
2026-01-18 10:29:54,11.96,beautiful,49.606,12.093,7,21,0,4.111,27,66.667,44.615,45.714,13,9,63,127,3,2,0,311
2026-01-19 07:43:44,12.054,beautiful,33.594,8.584,1,21,0,3.628,23,50,34.286,20.588,5,13,43,128,4,2,0,311
2026-01-19 13:49:48,12.238,beautiful,34.426,5.387,1,30,0,4.762,9,56.667,32.787,16.129,4,5,42,122,0,6,0,311
2026-01-22 09:18:28,11.687,beautiful,35.374,6.493,2,36,0,4.712,14,50,41.27,18,4,10,52,147,1,5,0,311
2026-01-22 14:29:28,11.323,beautiful,36.879,7.756,6,44,0,4.135,22,54.762,33.333,25,10,10,52,141,5,1,0,311
2026-01-27 05:46:13,11.687,beautiful,34.545,6.945,1,39,0,4.333,23,50,34.848,17.021,4,9,57,165,3,3,0,311
2026-01-29 16:37:47,11.703,beautiful,37.5,7.208,1,28,0,4.19,18,62.5,29.268,25.641,4,9,42,112,1,2,2,311
2026-01-31 08:22:55,11.638,beautiful,41.27,8.232,1,17,1,5.0,14,48.148,54.545,20.455,3,7,52,126,1,3,1,311
2026-02-02 13:53:19,11.444,beautiful,28.462,6.75,1,20,1,4.595,13,62.5,27.119,12.766,5,3,37,130,3,3,0,311
2026-02-04 13:43:18,11.449,beautiful,29.752,7.72,0,26,0,3.694,21,34.483,31.034,23.529,3,11,36,121,2,4,0,311
2026-02-07 10:29:10,11.253,beautiful,34.677,6.147,2,30,0,4.558,11,51.724,27.419,33.333,6,7,43,124,4,2,0,311
2026-02-08 11:33:44,11.445,beautiful,44.604,8.638,7,29,0,4.339,24,58,39.655,32.258,12,9,62,139,2,4,0,311
2026-02-11 13:43:55,11.274,beautiful,30.631,6.333,1,17,0,4.824,9,34.783,26.923,33.333,3,3,34,111,2,4,0,311
2026-02-14 14:04:22,11.088,beautiful,37.956,8.462,1,19,0,4.538,15,40.541,41.818,31.111,4,14,52,137,2,4,0,311
2026-03-01 07:10:28,10.9,beautiful,35.185,5.699,0,24,3,5.053,15,43.59,40,24.138,2,6,57,162,3,2,1,311
2026-03-07 13:52:35,10.991,beautiful,31.159,5.416,2,29,0,4.953,12,35.714,36.364,20.455,4,6,43,138,1,4,0,311
2026-03-09 14:33:55,10.72,beautiful,30.496,6.197,3,23,0,4.977,10,38.235,29.851,25,5,4,43,141,1,5,0,311
2026-03-15 19:01:50,10.354,beautiful,46.4,8.403,1,12,1,4.845,12,69.048,28.302,46.667,5,7,58,125,2,4,0,311
2026-03-16 13:43:54,10.192,beautiful,39.13,9.136,6,34,0,3.844,21,51.852,44.737,28,10,7,45,115,4,2,0,311
2026-03-16 16:08:49,10.369,beautiful,36.62,7.373,5,36,0,4.115,19,52.778,28.333,34.783,7,8,52,142,3,3,0,311
2026-03-19 04:19:23,10.361,beautiful,40.69,9.166,1,16,1,4.729,18,73.333,33.333,30.769,6,5,59,145,4,2,0,311
2026-03-19 14:23:48,10.542,beautiful,36.667,7.097,4,42,0,4.255,24,50,30.137,35.897,8,13,55,150,3,3,0,311
2026-03-21 14:05:45,10.528,beautiful,36.184,6.543,1,30,0,4.782,12,40.541,39.744,24.324,3,8,55,152,2,3,0,311
2026-03-22 14:22:46,10.44,beautiful,30.909,4.647,1,31,0,4.735,9,42.308,35.294,15.152,5,4,34,110,3,2,0,311
2026-03-24 13:55:04,10.525,beautiful,35.484,6.47,5,36,0,4.205,19,42.424,34.483,30.303,9,11,44,124,1,5,0,311
2026-03-25 13:45:37,10.17,beautiful,36.364,7.252,1,27,0,5.018,15,46.939,38.095,21.429,5,7,56,154,3,3,0,311
2026-03-26 13:51:53,10.176,beautiful,38.217,8.514,3,27,0,4.65,17,57.576,37.975,24.444,4,11,60,157,3,3,0,311
2026-03-29 10:08:23,10.19,beautiful,40.0,7.258,1,15,1,5.269,9,54.839,45.614,21.429,5,0,52,130,3,3,0,311
2026-03-30 04:38:23,10.183,beautiful,40.972,8.523,3,19,0,4.966,15,44.737,43.243,31.25,5,6,59,144,4,2,0,311
2026-03-30 13:56:39,10.353,beautiful,39.865,6.846,3,40,0,5.0,15,48.889,37.705,33.333,6,10,59,148,1,4,1,311
2026-04-01 14:00:26,10.089,beautiful,32.031,4.422,1,17,0,5.829,5,61.765,27.273,12.821,5,0,41,128,3,3,0,311
2026-04-02 13:54:01,10.092,beautiful,30.4,6.88,3,23,0,4.816,11,42.857,30.159,24.39,5,6,38,125,3,3,0,311
2026-04-03 06:41:19,10.105,beautiful,41.722,7.437,1,22,1,5.365,12,53.846,43.75,29.167,5,5,63,151,0,6,0,311
2026-04-03 13:50:59,9.564,beautiful,36.029,7.939,4,36,0,4.408,19,52.941,30.357,30.435,6,10,49,136,3,3,0,311
2026-04-06 14:24:31,9.568,beautiful,36.628,9.525,7,48,0,3.984,29,51.351,36.782,25,9,12,63,172,4,2,0,311
2026-04-11 13:56:22,9.76,beautiful,34.043,7.086,1,19,0,4.875,9,52.632,29.032,24.39,4,3,48,141,2,4,0,311
2026-04-12 10:13:20,9.598,beautiful,29.839,4.72,0,17,0,5.189,6,48.387,22.034,26.471,1,3,37,124,3,2,0,311
2026-04-13 14:04:29,9.684,beautiful,46.795,8.471,4,30,0,4.521,22,60,56.757,21.277,10,10,73,156,3,3,0,311
2026-04-17 07:29:19,9.686,beautiful,39.437,8.038,3,33,0,4.161,23,58.974,38.889,24.49,6,10,56,142,1,5,0,311
2026-04-17 14:03:23,9.319,beautiful,37.273,8.119,7,35,0,3.732,19,58.333,34.545,25.806,11,4,41,110,3,1,1,311
2026-04-20 05:13:11,9.5,beautiful,43.75,8.209,0,9,1,4.73,15,62.5,41.333,32.432,7,3,63,144,3,3,0,311
2026-04-20 13:47:22,9.5,beautiful,38.235,9.211,2,29,1,4.115,23,57.5,31.481,28.571,10,8,52,136,4,2,0,311
2026-04-21 13:51:52,9.672,beautiful,29.839,5.111,0,16,0,4.838,11,42.105,27.451,20,2,10,37,124,4,2,0,311
2026-04-22 06:15:10,9.865,beautiful,39.175,8.138,0,8,1,4.816,11,48.387,36.842,32.143,4,5,38,97,4,1,0,311
2026-04-23 15:00:23,10.143,beautiful,36.765,7.774,2,28,0,4.68,15,44.444,32,41.176,5,6,50,136,3,3,0,311
2026-04-24 14:02:24,10.156,beautiful,35.211,7.186,3,43,0,4.24,20,48.276,34.286,27.907,9,7,50,142,3,2,0,311
2026-04-27 05:23:52,10.254,beautiful,32.031,5.969,5,35,0,4.073,17,45.455,31.818,25,7,5,41,128,2,4,0,311
2026-04-28 05:07:35,10.095,beautiful,34.641,7.408,2,23,0,4.113,23,41.176,38.806,25,6,12,53,153,3,3,0,311
2026-04-28 14:08:03,10.105,beautiful,34.211,8.228,2,24,0,3.949,19,36.364,40.984,19.355,6,5,39,114,2,3,0,311
2026-04-29 13:52:18,10.014,beautiful,36.17,10.931,6,28,0,3.863,24,48.485,29.577,37.838,11,10,51,141,2,4,0,311
2026-04-30 07:23:58,9.82,beautiful,37.681,8.357,4,21,1,4.038,23,58.065,42.373,18.75,7,12,52,138,4,2,0,311
2026-05-01 04:08:42,10.026,beautiful,43.885,9.49,10,38,0,3.59,33,62.162,32.203,44.186,17,8,61,139,4,2,0,311
2026-05-02 09:39:52,10.2,beautiful,28.03,6.871,2,22,1,4.514,12,25.926,31.429,22.857,4,9,37,132,1,5,0,311
2026-05-03 13:50:06,9.851,beautiful,39.259,8.954,5,31,1,4.189,20,52.941,46.667,17.073,8,9,53,135,3,2,0,311
2026-05-04 13:50:06,9.948,beautiful,32.653,6.344,2,27,0,4.792,12,57.143,28.571,19.048,7,2,48,147,3,3,0,311
2026-05-04 18:44:00,9.936,beautiful,43.75,8.664,1,27,0,4.482,19,60.87,41.935,37.209,7,10,56,128,2,2,1,311
2026-05-05 14:09:04,9.936,beautiful,35.659,6.009,0,21,1,4.87,12,47.059,38.596,21.053,6,1,46,129,3,1,1,311
2026-05-06 05:45:40,10.125,beautiful,41.441,10.536,2,4,1,4.326,17,41.379,49.02,29.032,3,8,46,111,4,2,0,311
2026-05-09 06:27:18,10.306,beautiful,35.965,6.694,1,15,0,4.561,14,59.259,39.623,11.765,2,6,41,114,2,4,0,311
2026-05-11 14:04:11,10.306,beautiful,36.842,7.339,2,30,0,4.821,15,50,36.842,27.273,3,8,56,152,3,3,0,311
2026-05-12 14:05:09,10.297,beautiful,40.559,9.862,8,38,0,3.69,31,54.545,37.179,34.375,12,12,58,143,3,3,0,311
2026-05-13 13:44:45,10.309,beautiful,43.86,9.143,0,6,0,4.68,15,51.724,40.678,42.308,8,1,50,114,4,2,0,311
2026-05-14 14:18:15,10.497,beautiful,43.262,9.362,3,31,0,4.557,21,51.613,45.833,31.579,11,4,61,141,5,1,0,311
2026-05-16 04:37:10,10.86,beautiful,41.791,9.112,4,27,0,4.393,20,52.174,37.179,45.455,6,10,56,134,2,2,1,311
2026-05-16 13:47:04,10.86,beautiful,42.857,11.68,3,13,0,4.278,21,50,46.377,33.333,12,4,54,126,3,3,0,311
2026-05-17 07:27:17,10.843,beautiful,31.884,7.568,9,52,0,3.568,24,32.258,30.508,33.333,11,11,44,138,1,3,1,311
2026-05-17 15:14:41,10.665,beautiful,40.132,7.534,3,26,0,5.246,16,48.78,44.615,26.087,8,3,61,152,4,2,0,311
2026-05-18 06:06:48,10.828,beautiful,35.088,7.753,2,17,0,4.55,12,53.846,33.871,19.231,5,8,40,114,4,2,0,311
2026-05-18 15:08:53,10.999,beautiful,40.789,8.283,3,24,0,4.548,19,74.286,26.316,39.024,7,9,62,152,5,1,0,311
2026-05-20 08:34:07,11.329,beautiful,38.406,7.926,3,21,1,4.547,19,52.632,41.791,15.152,4,9,53,138,3,3,0,311
2026-05-20 14:25:13,11.348,beautiful,36.301,6.659,4,32,0,4.509,18,45.161,37.879,28.571,7,7,53,146,1,4,0,311
2026-05-21 14:29:56,11.082,beautiful,41.618,8.538,5,33,0,4.611,21,58.333,41.86,29.412,9,4,72,173,4,1,1,311
2026-05-22 14:23:24,11.341,beautiful,36.552,6.336,2,31,2,4.887,14,51.429,33.333,29.268,3,8,53,145,2,4,0,311
2026-05-24 13:57:54,11.169,beautiful,40.541,7.416,3,26,0,4.467,16,46.154,50,21.212,5,6,45,111,2,3,0,311
2026-05-26 13:56:18,11.075,beautiful,38.71,7.88,4,28,0,4.104,18,53.125,35.417,31.818,6,6,48,124,2,4,0,311
2026-05-27 14:37:10,10.904,beautiful,33.333,7.149,3,35,0,4.417,17,43.333,31.667,29.63,8,8,48,144,4,2,0,311
2026-05-28 13:55:32,11.06,beautiful,42.254,8.085,3,42,0,3.65,30,54.054,42.623,31.818,12,18,60,142,4,2,0,311
2026-05-29 13:51:29,11.249,beautiful,42.857,10.766,11,30,0,3.353,31,61.111,48.438,24.324,16,13,51,119,3,3,0,311
2026-06-01 05:57:19,11.249,beautiful,47.183,8.09,2,24,1,4.493,27,74.419,40,26.471,8,8,67,142,4,2,0,311
2026-06-01 13:46:50,11.413,beautiful,44.444,10.29,4,17,0,4.019,20,53.846,42.373,40.625,9,7,52,117,5,1,0,311
2026-06-02 14:21:12,11.759,beautiful,36.111,7.113,2,10,0,5.096,10,47.5,36.508,24.39,5,2,52,144,1,5,0,311
2026-06-03 04:26:23,11.417,beautiful,42.276,7.974,2,19,0,4.75,15,63.636,28.261,40.909,3,7,52,123,2,3,0,311
2026-06-03 14:14:56,11.333,beautiful,40.351,7.464,4,24,0,4.152,17,62.069,40.909,24.39,7,9,46,114,2,3,1,311
2026-06-04 07:25:31,11.255,beautiful,43.421,8.834,7,43,1,3.773,34,66.667,37.5,30.435,15,18,66,152,3,3,0,311
2026-06-05 14:41:15,11.239,beautiful,40.127,7.009,2,33,0,4.81,14,59.459,39.241,24.39,2,16,63,157,1,4,1,311
2026-06-06 04:57:28,10.985,beautiful,36.567,7.048,1,12,1,5.449,11,38.235,43.86,25.581,4,6,49,134,0,6,0,311
2026-06-06 14:12:19,10.456,beautiful,38.06,8.606,3,21,1,4.353,19,53.125,36.232,27.273,6,9,51,134,4,2,0,311
2026-06-07 04:19:09,10.646,beautiful,40.426,6.907,4,21,1,4.912,10,50,42.857,29.545,5,3,57,141,1,4,0,311
2026-06-09 13:58:23,10.132,beautiful,32.667,5.21,1,32,0,4.857,11,54.545,32.787,19.643,4,5,49,150,4,2,0,311
2026-06-11 14:01:41,10.309,beautiful,36.735,8.228,2,10,0,4.139,17,54.167,31.915,29.63,5,10,36,98,2,3,0,311
2026-06-12 14:04:43,10.225,beautiful,40.708,8.153,3,24,0,4.804,17,58.621,30.952,38.095,6,5,46,113,3,1,1,311
2026-06-13 04:37:13,10.404,beautiful,34.021,8.725,2,5,1,4.576,11,37.037,36.17,26.087,3,4,33,97,2,3,0,311
2026-06-13 07:12:37,10.314,beautiful,43.137,7.807,3,17,0,5.53,13,60.87,45.455,25,7,5,66,153,2,3,0,311
2026-06-14 06:19:48,10.225,beautiful,37.097,6.96,0,6,1,4.739,12,51.429,37.288,20,5,2,46,124,3,3,0,311
2026-06-14 14:19:33,10.22,beautiful,36.97,5.772,0,19,0,5.197,11,51.111,30.645,32.759,3,6,61,165,1,5,0,311
2026-06-15 06:22:37,9.88,beautiful,43.511,7.094,6,40,0,3.702,31,48.571,37.5,50,10,14,57,131,2,4,0,311
2026-06-16 23:18:25,9.713,beautiful,31.132,6.789,2,24,0,4.121,10,31.818,30,33.333,5,5,33,106,3,2,0,311
2026-06-17 23:35:10,9.793,beautiful,38.938,7.102,2,19,0,4.636,14,60,34.615,34.146,3,5,44,113,1,4,0,311
2026-06-18 07:46:33,9.519,beautiful,36.62,8.24,2,17,0,4.404,17,53.846,28.571,32.5,4,2,52,142,3,3,0,311
2026-06-19 22:59:11,9.502,beautiful,32.039,7.187,2,19,0,4.606,12,47.059,29.31,28.571,5,4,33,103,3,2,0,311
2026-06-21 22:16:46,9.59,beautiful,32.258,5.812,2,18,1,5.05,10,40.909,35.211,19.355,5,2,40,124,2,3,0,311
2026-06-22 22:49:49,9.498,beautiful,45.133,9.438,4,15,1,4.549,14,52.778,46.154,36.842,5,7,51,113,1,4,0,311
2026-06-23 23:11:54,9.232,beautiful,47.2,9.807,5,26,0,4.203,22,63.83,33.333,44.444,11,5,59,125,4,2,0,311
2026-06-25 17:15:02,9.406,beautiful,35.294,7.366,3,32,1,4.238,14,59.259,38.298,17.778,5,5,42,119,3,2,0,311
2026-06-30 14:01:09,9.308,beautiful,41.096,8.624,2,28,0,4.133,20,45.161,54.688,21.569,11,7,60,146,4,2,0,311
2026-07-01 14:17:09,9.486,beautiful,31.667,5.854,1,13,0,4.263,6,66.667,29.167,9.524,4,2,19,60,1,5,0,311
2026-07-01 14:36:06,9.486,beautiful,38.686,7.01,3,26,0,4.321,18,63.158,32.759,24.39,7,9,53,137,1,5,0,311
2026-07-02 13:52:04,9.138,beautiful,47.273,8.618,1,19,0,4.462,17,62.857,42.222,36.667,5,2,52,110,4,1,0,311
2026-07-04 14:18:33,9.405,beautiful,40.146,7.657,1,15,0,4.8,16,57.895,37.736,28.261,3,5,55,137,3,3,0,311
2026-04-10 07:34:26,4.3,HakuiKoyori,15.217,2.325,0,16,2,4.952,3,20.755,5.882,20.588,2,0,21,138,2,3,0,316
2026-04-20 22:24:29,4.176,HakuiKoyori,15.741,2.022,0,15,0,4.824,2,12.903,16.279,17.647,0,1,17,108,1,4,0,316
2026-04-21 00:49:52,3.834,HakuiKoyori,15.108,2.62,1,21,0,5.048,6,16.667,10,20.93,2,2,21,139,6,0,0,316
2026-04-22 06:15:10,4.531,HakuiKoyori,17.308,1.862,0,5,3,5.833,1,13.636,11.628,25.641,1,0,18,104,3,2,0,316
2026-04-23 05:08:06,4.642,HakuiKoyori,13.077,1.613,1,25,4,5.353,3,19.231,7.547,15.686,2,0,17,130,3,2,0,316
2026-04-24 04:52:40,4.766,HakuiKoyori,11.765,1.672,1,28,2,5.056,4,17.5,4.286,18.605,2,1,18,153,4,1,1,316
2026-04-25 06:26:43,5.11,HakuiKoyori,17.16,1.162,0,21,7,6.621,2,19.512,14.286,19.608,1,0,29,169,1,4,1,316
2026-04-30 07:23:58,4.766,HakuiKoyori,19.048,2.843,0,13,1,4.875,7,26.471,19.608,12.195,2,3,24,126,3,3,0,316
2026-05-04 06:27:59,4.761,HakuiKoyori,14.844,2.063,1,29,0,5.263,5,17.143,15.094,12.5,1,4,19,128,2,4,0,316
2026-05-16 04:37:10,4.54,HakuiKoyori,16.296,1.061,0,22,2,6.318,1,14.286,14.706,20.513,1,1,22,135,1,3,1,316
2026-05-17 07:27:17,4.128,HakuiKoyori,10.145,1.457,2,52,0,5.0,4,12.903,10.169,8.333,2,0,14,138,1,3,1,316
2026-05-27 04:53:54,3.914,HakuiKoyori,20.805,3.393,1,9,3,5.29,5,25.714,20.833,16.667,1,2,31,149,3,2,1,316
2026-05-30 21:04:03,4.014,HakuiKoyori,14.035,2.492,0,12,1,5.0,5,13.793,10.909,20,1,2,16,114,2,4,0,316
2026-06-01 05:57:19,4.014,HakuiKoyori,11.111,2.173,1,25,3,4.143,6,2.857,7.812,29.63,1,3,14,126,3,3,0,316
2026-06-03 06:38:37,3.827,HakuiKoyori,14.729,1.962,0,14,2,5.158,1,17.857,14.754,12.5,0,4,19,129,4,2,0,316
2026-06-11 04:24:29,4.017,HakuiKoyori,21.488,3.38,0,12,0,5.077,7,15.385,15.789,34.211,1,1,26,121,4,1,0,316
2026-06-22 21:35:21,4.338,HakuiKoyori,16.352,2.291,1,39,2,5.5,4,26.316,14.286,11.765,1,3,26,159,4,2,0,316
2026-01-01 22:39:32,8.019,Hyo,29.661,5.902,3,22,0,4.429,16,42.424,21.739,28.205,5,5,35,118,2,3,0,317
2026-01-03 00:30:48,7.924,Hyo,24.627,5.482,2,28,1,4.182,16,30.952,21.818,21.622,4,7,33,134,2,4,0,317
2026-01-05 00:32:24,7.721,Hyo,23.438,4.132,2,38,1,4.5,10,32.143,18.966,23.81,7,2,30,128,4,2,0,317
2026-01-17 10:53:12,7.936,Hyo,23.596,5.951,2,26,1,4.667,16,38.636,17.284,20.755,8,4,42,178,6,0,0,317
2026-01-25 09:22:33,7.186,Nephirea,23.944,3.165,0,17,2,5.382,6,31.707,22.059,18.182,3,1,34,142,4,2,0,318
2026-05-25 12:49:49,7.412,Nephirea,22.5,4.441,0,21,1,4.407,9,22.222,19.298,29.63,0,7,27,120,3,3,0,318
2026-06-03 14:14:56,7.421,Nephirea,32.0,5.339,2,30,0,4.45,15,35.135,28.261,33.333,6,7,40,125,2,4,0,318
2026-06-22 00:04:06,7.173,Nephirea,23.704,3.35,1,19,4,5.812,5,17.857,22.857,29.73,2,3,32,135,2,2,1,318
2026-01-31 08:22:55,5.0,YunnN,25.0,3.425,0,6,1,5.519,3,27.586,19.608,32.143,0,2,27,108,3,2,0,320
2026-04-22 15:13:20,5.128,YunnN,20.548,3.232,2,27,1,5.167,9,19.355,20.548,21.429,3,3,30,146,2,4,0,320
2026-04-28 14:08:03,4.887,YunnN,27.273,7.512,2,16,0,3.917,13,25,31.429,24.242,5,5,24,88,5,0,0,320
2026-01-22 09:18:28,6.5,jaimeywea,23.602,4.91,4,42,0,4.763,12,45.946,18.421,14.583,6,5,38,161,2,4,0,321
2026-01-27 05:46:13,6.249,jaimeywea,23.841,3.009,1,29,0,5.194,6,40.909,18.31,13.889,4,0,36,151,3,2,1,321
2026-01-31 08:22:55,6.366,jaimeywea,19.841,3.179,0,14,0,5.08,4,30.303,20,10.526,0,2,25,126,1,3,1,321
2026-03-05 09:50:08,6.141,jaimeywea,26.471,3.915,2,23,0,4.917,7,42.857,21.429,20,3,1,36,136,4,2,0,321
2026-03-27 05:20:46,6.366,jaimeywea,25.0,3.278,2,43,1,4.472,12,28.947,20.635,27.907,4,6,36,144,3,3,0,321
2026-04-12 04:56:46,6.358,jaimeywea,29.655,5.347,2,23,1,4.907,11,28,30.488,28.947,6,1,43,145,3,3,0,321
2026-05-24 13:57:54,6.359,jaimeywea,25.225,2.9,1,26,0,5.357,5,26.923,28.846,18.182,2,1,28,111,2,3,0,321
2026-06-03 04:26:23,6.244,jaimeywea,36.913,3.758,0,16,0,5.564,6,43.902,40,28.302,0,1,55,149,3,2,0,321
2026-01-01 10:11:46,1.743,Catge,14.615,2.613,2,32,2,4.737,4,24.138,10.714,13.333,4,0,19,130,5,0,0,322
2026-01-04 06:10:39,2.301,Catge,12.644,1.297,0,47,2,5.636,4,17.143,9.412,14.815,2,1,22,174,3,2,1,322
2026-02-01 10:15:38,2.405,Catge,15.517,1.635,0,23,1,5.111,2,20,6.557,28.571,0,2,18,116,2,4,0,322
2026-03-16 13:43:54,2.197,Catge,18.519,1.629,0,46,1,5.52,1,34.615,8.333,22.449,2,0,25,135,3,3,0,322
2026-04-19 07:32:45,2.199,Catge,12.605,1.066,0,23,0,5.333,1,8,11.321,17.073,1,0,15,119,4,2,0,322
2026-04-23 15:00:23,2.414,Catge,17.808,2.107,1,26,0,5.846,3,25,13.924,20.93,1,2,26,146,3,3,0,322
2026-04-27 05:23:52,2.399,Catge,15.455,2.354,1,26,2,4.647,5,29.032,6.522,15.152,3,2,17,110,1,5,0,322
2026-05-09 06:27:18,1.962,Catge,14.57,1.475,0,23,3,5.636,2,22.222,10,18.182,1,1,22,151,3,3,0,322
2026-05-11 08:22:11,1.962,Catge,13.274,1.456,0,28,0,5.4,4,26.087,9.091,12.5,1,3,15,113,5,1,0,322
2026-05-12 14:05:09,2.393,Catge,15.179,1.71,1,10,1,5.529,3,21.053,13.115,15.625,2,1,17,112,1,5,0,322
2026-06-01 05:57:19,1.944,Catge,19.745,1.798,0,26,1,5.742,5,30.435,12.5,19.149,0,3,31,157,4,2,0,322
2026-06-05 08:39:16,2.156,Catge,12.598,1.316,1,29,1,6.125,3,18.919,14.286,2.941,1,2,16,127,2,4,0,322
2026-06-07 08:09:22,1.844,Catge,16.578,1.473,0,25,5,6.29,2,16.667,13.75,20.339,0,1,31,187,3,3,0,322
2026-01-02 00:57:04,6.748,Swapin,28.767,4.017,1,32,0,5.19,14,37.5,22.059,31.579,3,6,42,146,2,4,0,325
2026-01-04 14:34:40,6.539,Swapin,28.244,3.988,0,27,1,4.757,9,48.571,18.868,23.256,0,3,37,131,2,3,0,325
2026-01-05 00:32:24,6.436,Swapin,24.832,5.829,6,46,1,4.108,19,37.5,18.571,25.532,9,7,37,149,2,4,0,325
2026-01-06 14:13:54,6.213,Swapin,18.367,2.36,0,21,5,5.741,5,32.353,14.706,13.333,1,1,27,147,2,4,0,325
2026-01-22 22:13:39,6.024,Swapin,25.0,3.204,1,23,0,5.103,7,43.333,15,26.923,2,1,29,116,1,4,0,325
2026-02-24 21:10:41,5.719,Swapin,24.444,3.567,2,31,1,4.848,9,38.71,20.968,19.048,4,1,33,135,4,2,0,325
2026-03-16 16:08:49,5.915,Swapin,32.68,4.311,0,36,0,4.88,12,50,31.343,23.077,5,7,50,153,4,2,0,325
2026-03-18 14:41:23,6.116,Swapin,25.0,4.097,1,24,4,5.15,9,46.341,18.841,16,1,4,40,160,4,2,0,325
2026-03-24 13:55:04,6.327,Swapin,32.456,5.835,2,29,0,4.108,19,47.059,26.087,26.471,6,7,37,114,3,3,0,325
2026-03-28 22:07:01,6.32,Swapin,26.154,4.001,0,27,1,5.147,9,30.769,23.077,25.641,2,1,34,130,1,4,0,325
2026-04-16 18:35:33,6.032,Swapin,20.909,4.787,1,12,0,4.478,8,23.077,15.909,25.926,2,4,23,110,3,3,0,325
2026-04-18 21:12:03,6.037,Swapin,20.652,2.691,0,19,1,4.947,4,24,20,18.519,2,2,19,92,2,3,0,325
2026-04-19 09:37:53,5.954,Swapin,30.252,4.303,1,13,0,5.472,6,60,20.408,20,3,2,36,119,3,2,0,325
2026-04-20 22:24:29,6.051,Swapin,21.481,2.833,0,36,0,5.069,6,31.25,15.873,22.5,4,2,29,135,4,1,0,325
2026-04-25 21:35:54,6.356,Swapin,22.464,2.247,0,34,0,5.484,3,46.875,13.846,17.073,2,1,31,138,5,1,0,325
2026-05-03 13:50:06,6.73,Swapin,21.26,2.976,0,22,1,5.185,7,44,17.46,12.821,5,1,27,127,2,3,0,325
2026-05-04 18:44:00,6.648,Swapin,23.664,3.607,1,22,2,5.194,8,24.39,25,21.053,1,6,31,131,3,2,0,325
2026-05-06 18:46:33,6.739,Swapin,25.352,3.824,1,35,0,4.917,9,55.882,14.085,18.919,6,0,36,142,2,4,0,325
2026-05-09 21:37:31,6.549,Swapin,20.571,2.689,8,88,0,3.944,14,28.571,16.049,21.154,12,1,36,175,2,3,1,325
2026-05-12 18:15:50,6.46,Swapin,19.811,2.57,0,24,0,5.238,4,41.935,6.818,16.129,2,2,21,106,1,4,0,325
2026-05-15 17:46:44,6.173,Swapin,31.206,5.027,2,33,0,4.886,13,63.636,19.178,25.714,4,5,44,141,3,2,0,325
2026-05-18 21:53:11,6.369,Swapin,27.559,5.271,2,23,1,4.429,14,48.485,24.138,13.889,4,9,35,127,4,2,0,325
2026-05-20 18:28:10,6.555,Swapin,21.705,3.88,1,29,1,4.893,8,20,26.415,17.073,1,6,28,129,4,2,0,325
2026-05-22 21:04:09,6.735,Swapin,26.271,4.077,1,24,0,5.065,8,57.576,15.909,12.195,2,5,31,118,2,3,0,325
2026-06-01 18:21:54,6.638,Swapin,30.769,5.219,4,36,1,5.077,13,48.718,23.81,28.261,5,5,52,169,1,3,2,325
2026-06-03 18:55:58,6.441,Swapin,19.841,2.277,1,21,1,5.72,3,25,19.048,17.949,1,1,25,126,3,3,0,325
2026-06-09 18:18:54,6.45,Swapin,25.735,4.147,1,18,0,5.057,7,41.176,13.636,33.333,6,0,35,136,2,4,0,325
2026-06-10 18:04:55,6.271,Swapin,25.714,4.486,1,15,0,4.889,5,44.828,22.917,10.714,2,5,27,105,1,4,0,325
2026-06-10 21:20:02,5.984,Swapin,33.588,4.283,1,27,0,5.364,9,36.111,29.231,40,2,2,44,131,3,2,0,325
2026-06-13 18:45:41,6.079,Swapin,29.518,4.981,2,31,0,4.796,14,48.649,23.288,25,5,0,49,166,3,2,1,325
2026-06-25 00:18:18,6.163,Swapin,20.144,4.005,1,15,3,5.0,7,40,11.111,19.565,1,4,28,139,3,3,0,325
2026-07-02 18:34:06,6.175,Swapin,31.41,4.713,1,22,1,5.367,6,58.333,18.31,30.612,1,6,49,156,3,2,1,325
2026-07-03 21:32:13,6.259,Swapin,32.044,4.033,1,24,0,5.448,8,49.091,18.824,36.585,5,2,58,181,2,1,3,325
2026-01-02 00:57:04,5.606,pomo,22.603,4.368,5,32,2,4.848,12,22.5,17.647,31.579,6,3,33,146,2,4,0,326
2026-01-07 14:00:01,5.381,pomo,21.014,3.261,0,21,0,5.241,6,25.641,19.048,19.444,3,2,29,138,5,0,0,326
2026-01-14 17:31:59,5.933,pomo,19.38,3.628,2,26,0,4.52,7,37.037,12.698,17.949,2,4,25,129,2,3,0,326
2026-01-29 00:15:00,5.828,pomo,36.719,7.13,3,21,0,4.298,17,36.585,27.778,51.515,9,7,47,128,5,1,0,326
2026-02-02 00:40:03,6.251,pomo,23.188,5.706,5,35,2,4.438,11,23.256,17.241,32.432,8,1,32,138,3,3,0,326
2026-03-28 22:07:01,6.239,pomo,29.787,7.702,3,12,1,4.321,12,24.138,35.135,28.571,6,4,28,94,3,2,0,326
2026-04-02 18:30:27,6.346,pomo,26.316,4.313,2,21,0,5.229,8,27.027,24.194,29.412,2,6,35,133,2,3,0,326
2026-04-17 14:03:23,6.223,pomo,17.213,3.06,1,38,0,4.048,10,25.926,12.069,18.919,3,3,21,122,1,4,0,326
2026-04-19 14:28:30,5.904,pomo,29.032,5.304,3,33,0,4.956,10,37.143,22.222,33.333,5,2,45,155,4,2,0,326
2026-07-05 09:14:33,6.113,pomo,18.11,4.566,2,24,2,4.304,11,13.333,10.714,31.707,6,2,23,127,3,3,0,326
2026-01-01 22:39:32,7.0,Flato,27.0,4.052,1,23,0,4.926,7,48,25,8.696,5,1,27,100,3,2,0,327
2026-01-02 00:57:04,7.135,Flato,31.818,5.021,2,41,1,4.786,18,50,27.16,24.528,4,10,56,176,3,2,1,327
2026-01-05 00:32:24,7.245,Flato,31.061,4.091,1,30,0,4.927,13,51.429,27.119,18.421,4,1,41,132,2,4,0,327
2026-01-12 05:30:57,7.037,Flato,27.679,4.663,1,6,1,4.935,6,62.5,17.857,18.75,4,0,31,112,1,3,1,327
2026-01-16 18:32:49,6.803,Flato,19.469,4.799,4,23,1,4.091,9,47.826,12.963,11.111,4,3,22,113,3,2,0,327
2026-01-20 00:30:42,6.905,Flato,27.586,3.363,1,29,0,5.4,7,47.826,18.333,17.949,2,3,40,145,4,2,0,327
2026-01-22 22:13:39,7.123,Flato,26.496,4.465,1,30,1,4.387,10,44.444,17.647,20,5,2,31,117,2,3,0,327
2026-01-24 06:26:17,6.999,Flato,28.148,6.241,3,24,0,4.079,13,60.606,17.91,17.143,3,7,38,135,3,3,0,327
2026-01-26 00:05:52,7.004,Flato,31.967,6.793,5,23,0,4.615,14,58.333,25.862,25,5,8,39,122,2,4,0,327
2026-01-26 19:25:39,6.778,Flato,19.492,3.68,1,26,2,4.957,6,38.71,16.071,6.452,3,1,23,118,2,2,1,327
2026-01-27 02:46:22,6.783,Flato,28.873,3.953,3,34,0,5.293,7,39.394,21.875,31.111,3,3,41,142,1,4,1,327
2026-01-27 19:12:40,6.499,Flato,27.273,4.951,1,16,1,4.636,8,41.667,23.81,23.529,6,1,33,121,4,2,0,327
2026-01-30 19:32:32,6.716,Flato,33.884,4.991,1,18,0,5.024,10,64,21.311,34.286,3,6,41,121,2,4,0,327
2026-01-31 23:17:02,6.49,Flato,28.8,6.011,2,16,1,4.417,15,65.517,23.881,3.448,11,0,36,125,4,2,0,327
2026-02-07 22:12:56,6.679,Flato,32.353,7.382,7,26,1,4.364,15,59.259,26.154,25,11,1,44,136,3,3,0,327
2026-02-13 00:43:49,6.664,Flato,26.4,5.709,4,28,0,4.182,16,44.444,20.755,16.667,6,5,33,125,4,1,1,327
2026-03-04 05:02:33,6.973,Flato,30.827,4.142,0,16,1,5.293,8,60.714,21.127,26.471,2,4,41,133,1,4,1,327
2026-06-09 23:10:50,6.667,Flato,35.043,4.64,1,27,0,4.659,16,66.667,23.077,25.714,5,10,41,117,4,2,0,327
2026-07-03 21:32:13,6.905,Flato,40.331,7.118,3,24,1,4.89,19,74.545,22.353,31.707,8,9,73,181,2,1,3,327
2026-01-04 06:10:39,4.166,tskr,21.264,3.14,2,47,1,4.973,7,22.857,18.824,24.074,4,2,37,174,3,2,1,328
2026-01-12 05:30:57,4.263,tskr,17.241,3.084,0,13,1,4.75,7,20.833,18,14.286,2,1,20,116,2,3,0,328
2026-01-29 13:10:54,4.159,tskr,16.923,2.442,1,17,1,5.227,5,19.231,15.942,17.143,3,1,22,130,2,3,1,328
2026-02-04 12:07:51,4.046,tskr,18.881,3.595,3,31,1,5.0,7,13.158,17.188,26.829,5,2,27,143,3,2,1,328
2026-03-06 10:48:41,4.134,tskr,19.118,2.226,0,41,0,5.077,6,12.903,12.121,35.897,1,2,26,136,3,3,0,328
2026-03-17 10:03:05,4.143,tskr,25.517,3.405,2,37,0,5.324,7,32.609,20.339,25,6,0,37,145,3,2,1,328
2026-03-19 11:00:41,4.239,tskr,24.444,4.864,6,28,1,4.394,10,27.027,21.667,26.316,6,3,33,135,6,0,0,328
2026-03-22 07:43:08,4.847,tskr,18.667,3.569,1,14,3,5.286,4,18.919,17.188,20.408,2,1,28,150,2,4,0,328
2026-05-16 04:37:10,4.645,tskr,12.5,2.678,1,8,0,4.364,4,15.789,10.417,14.286,2,1,11,88,1,4,0,328
2026-01-18 05:07:20,9.499,_nadeshiko,33.636,6.492,6,28,2,4.189,17,67.857,26.923,13.333,9,3,37,110,1,4,0,330
2026-01-18 07:26:58,9.139,_nadeshiko,24.06,6.002,2,26,2,4.531,12,48.571,16.949,12.821,3,8,32,133,1,5,0,330
2026-01-18 10:29:54,8.655,_nadeshiko,28.571,5.817,2,29,0,4.5,13,62.5,18.033,15.152,4,6,36,126,2,3,0,330
2026-01-24 06:26:17,8.533,_nadeshiko,22.963,5.449,3,24,0,4.097,12,33.333,20.896,17.143,6,6,31,135,3,3,0,330
2026-01-25 07:18:08,8.538,_nadeshiko,18.103,3.818,1,12,2,5.0,4,40,13.115,10,2,2,21,116,2,4,0,330
2026-01-29 16:37:47,8.308,_nadeshiko,30.189,6.439,5,27,0,4.156,14,62.069,18,18.519,6,4,32,106,4,1,0,330
2026-02-03 20:22:50,8.667,_nadeshiko,25.581,5.651,1,20,1,4.061,16,50,24.59,7.895,6,4,33,129,4,2,0,330
2026-02-07 22:12:56,8.876,_nadeshiko,28.906,5.782,3,23,0,4.595,14,50,25.862,17.5,6,7,37,128,3,3,0,330
2026-02-09 18:53:08,8.898,_nadeshiko,25.664,6.38,6,17,0,4.483,11,57.143,21.569,14.634,6,3,29,113,4,1,0,330
2026-02-17 21:05:31,9.227,_nadeshiko,29.87,4.974,1,30,1,4.826,11,41.463,29.31,21.818,7,4,46,154,3,2,0,330
2026-02-21 09:56:08,9.345,_nadeshiko,27.972,5.501,2,20,1,4.65,10,47.5,21.538,18.421,7,2,40,143,4,2,0,330
2026-02-25 09:17:06,9.559,_nadeshiko,34.395,7.818,6,27,2,4.537,21,60,29.114,23.256,10,4,54,157,2,3,1,330
2026-02-28 18:08:03,9.444,_nadeshiko,34.815,7.751,7,35,1,3.447,28,59.259,31.343,24.39,8,14,47,135,2,4,0,330
2026-03-12 22:28:14,9.233,_nadeshiko,24.051,3.849,1,34,3,4.947,7,35.484,21.687,20.455,2,5,38,158,2,4,0,330
2026-03-27 05:20:46,9.022,_nadeshiko,30.405,6.147,8,45,2,3.578,23,62.857,27.119,12.963,12,9,45,148,3,3,0,330
2026-04-14 18:31:24,9.025,_nadeshiko,33.077,5.918,0,15,3,4.767,11,60.606,28.571,14.706,4,3,43,130,4,2,0,330
2026-04-27 05:23:52,9.228,_nadeshiko,34.234,8.334,8,20,0,3.5,21,71.429,23.636,17.857,11,5,38,111,3,3,0,330
2026-05-06 21:00:14,9.221,_nadeshiko,36.296,8.501,5,18,1,4.49,14,65.116,21.311,25.806,7,4,49,135,2,4,0,330
2026-05-17 09:37:26,9.001,_nadeshiko,30.579,6.444,2,12,1,4.703,11,54.839,26.667,13.333,4,4,37,121,3,3,0,330
2026-05-21 14:29:56,9.007,_nadeshiko,29.054,5.275,3,21,3,4.86,10,50,30.137,7.692,3,4,43,148,1,5,0,330
2026-05-27 11:00:45,8.611,_nadeshiko,26.25,6.868,2,27,4,4.5,14,51.282,25.352,8,6,5,42,160,2,4,0,330
2026-05-28 10:37:26,8.396,_nadeshiko,37.671,7.71,6,41,0,4.145,19,75,33.824,17.391,10,4,55,146,2,4,0,330
2026-06-05 08:39:16,8.197,_nadeshiko,31.973,7.341,6,29,1,4.298,20,60.465,26.761,6.061,11,4,47,147,4,2,0,330
2026-06-13 04:37:13,8.389,_nadeshiko,31.897,7.575,2,15,1,4.919,12,40,32.727,25,3,3,37,116,5,0,0,330
2026-06-13 07:12:37,8.899,_nadeshiko,37.121,6.603,0,11,0,5.204,10,52.5,36.207,20.588,2,3,49,132,0,5,0,330
2026-06-17 23:35:10,8.392,_nadeshiko,29.6,6.13,1,24,0,4.405,14,45.161,29.412,18.605,6,4,37,125,4,1,0,330
2026-06-28 00:57:32,8.694,_nadeshiko,37.179,8.951,6,23,0,4.483,21,56.41,33.333,25,9,13,58,156,2,3,1,330
2026-06-30 05:07:25,8.581,_nadeshiko,34.969,6.877,1,9,1,5.386,14,54.286,28.767,30.909,4,2,57,163,2,3,1,330
2026-01-02 00:57:04,3.0,Mangalodon,15.909,1.925,1,41,5,5.321,6,28.571,14.815,7.547,2,2,28,176,3,2,1,332
2026-01-29 16:37:47,4.219,xeyz,23.404,4.321,2,20,0,4.318,7,28,30.556,12.121,3,3,22,94,4,1,0,335
2026-04-17 14:03:23,4.538,xeyz,12.5,1.834,1,22,0,4.7,2,17.391,11.905,6.667,1,1,10,80,2,3,0,335
2026-05-04 18:44:00,4.424,xeyz,18.75,2.661,2,27,3,5.333,4,30.435,16.129,16.279,2,0,24,128,2,2,1,335
2026-05-09 21:37:31,4.418,xeyz,21.019,2.292,6,73,0,4.424,11,20,23.944,17.647,7,2,33,157,2,4,0,335
2026-05-15 17:46:44,4.196,xeyz,21.348,2.724,0,28,0,4.895,3,53.333,15.909,13.333,0,1,19,89,0,5,0,335
2026-05-20 18:28:10,3.137,xeyz,15.672,2.338,0,21,2,5.143,6,23.077,13.433,14.634,4,1,21,134,2,4,0,335
2026-05-28 16:09:41,2.924,xeyz,13.475,2.012,0,42,2,5.211,6,18.182,10.909,13.208,2,2,19,141,3,3,0,335
2026-05-28 18:22:53,2.912,xeyz,17.164,3.109,1,28,0,4.565,8,37.037,15,8.511,3,2,23,134,3,3,0,335
2026-06-05 17:50:16,2.913,xeyz,17.0,1.961,0,21,2,5.529,4,21.739,14.634,16.667,2,1,17,100,1,4,0,335
2026-06-09 23:10:50,2.291,xeyz,23.148,2.93,1,20,1,4.68,8,28.571,32,3.333,5,0,25,108,2,4,0,335
2026-06-10 18:04:55,2.07,xeyz,23.0,3.811,0,15,0,4.696,6,30.435,25,13.793,1,1,23,100,5,0,0,335
2026-06-16 00:10:57,2.584,xeyz,17.895,2.165,1,22,0,5.176,4,28.571,17.5,7.407,2,1,17,95,4,1,0,335
2026-06-18 14:24:55,2.893,xeyz,20.863,3.048,1,26,2,5.241,6,34.211,19.355,10.256,4,3,29,139,0,4,1,335
2026-01-05 07:23:46,6.422,fiftypercentweeb,26.119,3.73,2,52,1,4.286,13,37.143,20,25.641,6,7,35,134,3,3,0,336
2026-01-06 05:29:39,6.404,fiftypercentweeb,25.131,4.539,1,30,1,4.667,12,40,24.719,16.129,3,3,48,191,4,2,0,336
2026-01-07 01:49:38,6.599,fiftypercentweeb,29.371,5.521,1,31,0,4.19,15,40.476,28.302,20.833,9,4,42,143,5,1,0,336
2026-01-14 05:49:52,7.033,fiftypercentweeb,24.786,4.258,1,25,1,5.241,7,40,24.194,17.143,1,4,29,117,1,5,0,336
2026-01-16 08:28:15,6.641,fiftypercentweeb,20.253,3.985,2,20,1,5.062,8,30.556,17.91,16.364,4,1,32,158,5,1,0,336
2026-01-18 05:07:20,7.041,fiftypercentweeb,22.727,3.304,3,28,1,4.92,7,42.857,15.385,16.667,5,1,25,110,1,4,0,336
2026-01-19 07:43:44,6.736,fiftypercentweeb,24.841,3.358,1,19,0,5.179,8,22.222,28.09,19.512,2,3,39,157,2,4,0,336
2026-01-20 00:30:42,6.518,fiftypercentweeb,24.026,3.472,1,27,0,4.973,9,32.609,20,21.053,2,1,37,154,1,4,1,336
2026-01-22 22:13:39,6.226,fiftypercentweeb,26.984,3.507,1,27,2,4.941,8,36.667,21.429,27.5,2,2,34,126,1,4,0,336
2026-01-27 02:46:22,5.912,fiftypercentweeb,25.974,4.027,2,30,0,5.025,10,43.75,15.278,30,2,7,40,154,2,4,0,336
2026-02-02 09:29:42,5.687,fiftypercentweeb,23.669,3.172,2,41,0,4.975,11,45.652,15.584,15.217,2,6,40,169,1,3,2,336
2026-02-08 11:33:44,5.486,fiftypercentweeb,28.777,3.378,0,29,0,5.225,10,52,17.241,12.903,2,5,40,139,2,4,0,336
2026-02-13 00:43:49,5.109,fiftypercentweeb,21.711,4.591,6,45,0,4.212,10,25.714,20.69,20.339,6,2,33,152,4,2,0,336
2026-02-22 07:42:23,5.296,fiftypercentweeb,17.606,2.628,0,14,0,5.36,5,44.828,5.97,17.391,0,3,25,142,1,5,0,336
2026-02-25 09:17:06,4.91,fiftypercentweeb,26.752,3.658,1,27,1,5.381,8,34.286,24.051,25.581,3,5,42,157,2,3,1,336
2026-02-27 06:33:50,4.807,fiftypercentweeb,24.786,3.744,1,13,0,5.276,3,48.387,18,13.889,4,1,29,117,5,1,0,336
2026-05-27 04:53:54,5.174,fiftypercentweeb,24.627,3.348,1,14,1,5.667,4,40,16.418,29.787,1,1,33,134,2,4,0,336
2026-05-29 07:43:45,4.993,fiftypercentweeb,20.567,3.443,1,37,0,4.31,10,53.846,14.667,10,4,4,29,141,3,3,0,336
2026-05-31 06:42:17,5.174,fiftypercentweeb,21.519,4.362,2,20,4,5.059,9,50,16.456,12.245,2,2,34,158,3,3,0,336
2026-06-01 05:57:19,5.002,fiftypercentweeb,23.077,2.841,0,33,0,5.182,8,39.474,10.448,28.947,2,4,33,143,1,5,0,336
2026-06-07 04:19:09,4.731,fiftypercentweeb,30.833,5.012,3,16,1,5.27,7,51.724,16.327,33.333,5,0,37,120,3,2,0,336
2026-06-09 23:10:50,4.731,fiftypercentweeb,29.487,3.547,4,42,0,4.935,13,42.857,19.697,31.25,5,5,46,156,4,2,0,336
2026-06-10 21:20:02,5.104,fiftypercentweeb,24.348,3.856,2,22,0,4.893,5,48.387,18.519,10,3,0,28,115,2,3,0,336
2026-06-13 04:37:13,5.017,fiftypercentweeb,34.228,6.877,0,19,4,5.118,14,57.143,22.034,32.727,3,6,51,149,1,4,0,336
2026-06-13 07:12:37,4.724,fiftypercentweeb,34.437,6.724,1,11,1,5.173,12,56.818,28.125,20.93,6,3,52,151,5,0,0,336
2026-06-18 14:24:55,5.203,fiftypercentweeb,31.757,4.889,0,26,1,4.723,13,55.882,18.182,33.333,2,5,47,148,2,2,1,336
2026-06-20 23:27:03,5.204,fiftypercentweeb,21.569,4.648,0,9,0,4.682,6,42.105,12.963,24.138,0,3,22,102,3,3,0,336
2026-01-02 08:00:50,3.687,ranny,14.151,2.82,1,5,1,4.8,4,28.571,11.111,9.677,3,0,15,106,1,3,1,338
2026-01-05 07:23:46,3.487,ranny,13.208,2.089,2,58,1,4.095,10,18.182,16.667,4.082,4,3,21,159,4,2,0,338
2026-01-19 07:43:44,3.698,ranny,13.281,3.233,2,21,0,4.118,7,16.667,15.714,5.882,4,1,17,128,4,2,0,338
2026-01-24 06:26:17,3.896,ranny,13.072,1.829,0,25,1,5.0,4,25.926,12.5,6.522,2,0,20,153,2,3,1,338
2026-01-25 09:22:33,3.788,ranny,18.125,1.226,0,28,2,6.345,1,40,13.58,5.128,0,0,29,160,3,3,0,338
2026-04-10 07:34:26,3.779,ranny,19.753,2.253,1,31,1,5.812,3,17.143,23.684,15.686,1,1,32,162,3,1,1,338
2026-04-14 07:36:39,3.989,ranny,14.894,1.294,0,24,1,6.048,1,22.581,11.594,14.634,0,2,21,141,1,5,0,338
2026-04-16 06:43:37,3.622,ranny,10.458,1.198,0,33,0,4.875,5,21.622,7.246,6.383,2,1,16,153,4,2,0,338
2026-06-04 07:25:31,3.822,ranny,13.953,1.865,3,52,2,5.167,6,26.667,1.408,19.643,4,2,24,172,3,2,1,338
2026-06-05 06:23:16,3.931,ranny,12.5,2.544,1,18,4,5.211,5,14.894,9.589,15.625,4,0,19,152,1,5,0,338
2026-06-06 07:47:40,3.55,ranny,13.846,1.679,0,14,2,5.444,2,28.571,11.111,7.692,0,1,18,130,2,4,0,338
2026-06-15 06:22:37,3.359,ranny,15.504,2.028,1,32,1,4.25,8,26.316,9.091,13.889,3,3,20,129,3,3,0,338
2026-04-22 10:47:24,3.109,inta,11.465,1.734,1,23,1,5.444,3,24.324,7.143,8,2,1,18,157,2,4,0,343
2026-04-28 14:08:03,2.906,inta,11.364,2.058,1,16,1,4.9,3,0,22.857,6.061,1,1,10,88,5,0,0,343
2026-04-29 09:20:39,3.422,inta,19.048,2.994,0,18,0,4.3,9,24,13.725,24.138,3,2,20,105,2,4,0,343
2026-04-30 07:23:58,3.208,inta,14.493,2.002,0,21,3,4.95,5,19.355,16.949,8.333,1,1,20,138,4,2,0,343
2026-04-30 14:25:20,3.438,inta,12.575,1.591,0,45,5,5.0,5,10.87,13.889,12.245,1,2,21,167,1,4,1,343
2026-05-07 14:18:37,3.136,inta,12.121,1.765,0,30,1,5.05,6,8.889,15.942,9.804,1,2,20,165,1,4,1,343
2026-05-08 18:02:51,2.835,inta,14.167,3.003,1,20,2,4.824,6,18.519,17.647,7.143,2,4,17,120,1,4,0,343
2026-05-09 10:03:51,2.542,inta,20.261,2.042,3,59,0,4.226,12,20.513,21.667,18.519,7,5,31,153,3,3,0,343
2026-05-11 08:22:11,3.097,inta,14.599,1.501,1,36,1,5.6,4,17.949,16.129,8.333,3,0,20,137,3,3,0,343
2026-05-12 09:38:12,2.785,inta,15.441,1.99,2,30,1,5.0,5,25.641,17.46,0,3,2,21,136,4,2,0,343
2026-05-14 21:21:37,2.976,inta,14.783,3.759,2,16,2,5.0,4,20,14.894,10.526,4,0,17,115,3,2,0,343
2026-05-15 07:01:20,3.081,inta,10.596,1.552,1,47,2,4.625,7,5.882,10,16.216,2,2,16,151,2,4,0,343
2026-05-16 10:16:26,2.887,inta,11.111,1.32,0,19,3,5.842,2,17.391,9.639,7.143,1,1,19,171,3,3,0,343
2026-05-17 09:37:26,2.899,inta,17.582,1.843,0,10,0,5.625,2,56.25,6.25,14.815,0,1,16,91,3,3,0,343
2026-05-18 15:08:53,2.893,inta,13.816,1.476,0,24,2,5.714,3,34.286,9.211,4.878,1,1,21,152,5,1,0,343
2026-05-21 07:13:01,3.251,inta,12.195,1.237,0,26,0,5.333,1,20,12.5,7.143,1,2,15,123,3,3,0,343
2026-06-19 21:13:50,3.248,inta,13.274,1.363,0,15,1,5.733,2,23.077,12.5,6.452,0,0,15,113,3,2,0,343
2026-01-02 00:57:04,3.505,Naizuri,26.241,2.867,0,34,0,5.405,6,27.5,28.571,22.222,2,2,37,141,3,2,1,344
2026-01-18 05:07:20,3.613,Naizuri,24.138,4.106,2,17,0,4.286,6,38.889,13.158,29.032,6,0,21,87,4,1,0,344
2026-01-19 07:43:44,3.927,Naizuri,21.898,3.199,0,24,0,4.967,8,35.714,18.31,18.421,2,6,30,137,5,1,0,344
2026-01-20 00:30:42,4.362,Naizuri,26.119,3.688,1,19,1,5.286,7,42.5,17.188,23.333,4,3,35,134,3,2,1,344
2026-01-27 02:46:22,4.465,Naizuri,19.492,2.331,1,25,0,5.261,3,41.667,12.5,15.789,1,0,23,118,4,2,0,344
2026-01-27 05:46:13,4.683,Naizuri,23.973,3.648,0,21,1,5.029,9,34,19.672,17.143,3,6,35,146,2,3,1,344
2026-01-29 00:15:00,4.573,Naizuri,25.0,3.266,2,29,0,5.189,9,35.897,21.127,21.053,5,3,37,148,2,4,0,344
2026-02-01 10:15:38,4.38,Naizuri,21.854,4.834,2,45,0,3.667,19,44,20.238,11.905,10,5,33,151,3,3,0,344
2026-02-09 18:53:08,4.37,Naizuri,18.75,3.034,1,19,0,4.952,4,37.931,8.333,17.143,2,2,21,112,1,4,0,344
2026-03-27 05:20:46,4.057,Naizuri,24.306,3.205,2,43,0,4.543,12,39.474,17.46,20.93,5,4,35,144,3,3,0,344
2026-04-16 06:43:37,4.05,Naizuri,23.529,2.656,1,26,0,5.0,7,36.667,16.667,22.857,2,2,28,119,2,4,0,344
2026-04-19 07:32:45,3.898,Naizuri,23.571,2.626,0,32,1,4.97,6,32.558,15.517,25.641,2,3,33,140,1,5,0,344
2026-05-02 23:23:31,3.507,Naizuri,18.333,2.369,0,36,0,5.136,5,41.667,12.5,12.5,2,4,22,120,4,0,1,344
2026-05-24 19:25:18,3.902,Naizuri,24.691,3.979,2,32,0,5.225,10,51.429,20.779,12,4,1,40,162,3,2,1,344
2026-05-27 04:53:54,4.003,Naizuri,31.928,3.698,0,16,1,5.698,4,54.545,24.675,22.222,5,0,53,166,4,1,1,344
2026-05-29 07:43:45,4.3,Naizuri,20.567,3.403,0,37,0,4.276,11,46.154,18.667,7.5,4,6,29,141,3,3,0,344
2026-06-01 18:21:54,4.308,Naizuri,33.529,5.902,2,33,0,4.912,18,59.091,33.75,8.696,6,11,57,170,5,0,1,344
2026-06-04 07:25:31,4.793,Naizuri,26.897,3.126,3,42,0,5.103,8,45.714,23.529,16.667,5,1,39,145,3,3,0,344
2026-06-04 23:57:00,4.793,Naizuri,32.759,4.229,1,14,0,5.184,7,53.571,27.451,24.324,5,0,38,116,3,2,0,344
2026-06-07 04:19:09,4.889,Naizuri,31.884,3.143,0,22,0,5.773,4,53.125,21.311,31.111,1,4,44,138,4,1,0,344
2026-06-07 18:18:38,5.446,Naizuri,27.333,4.556,0,17,0,5.098,11,41.86,19.118,25.641,4,4,41,150,3,2,1,344
2026-06-09 23:10:50,4.889,Naizuri,26.282,3.233,3,42,1,4.854,13,40.476,22.727,18.75,3,7,41,156,4,2,0,344
2026-06-10 21:20:02,5.738,Naizuri,20.0,2.441,0,44,0,5.312,6,50,14.815,4.651,1,2,32,160,2,3,0,344
2026-06-11 04:24:29,5.634,Naizuri,21.429,2.873,0,9,1,5.633,5,26.667,18.31,23.077,1,3,30,140,2,3,0,344
2026-06-16 00:10:57,5.541,Naizuri,20.8,2.755,0,43,0,4.885,9,43.75,14,11.628,3,3,26,125,2,3,0,344
2026-06-18 14:24:55,5.441,Naizuri,25.984,3.756,0,28,2,5.121,8,51.429,20,10.811,5,1,33,127,2,3,0,344
2026-06-19 05:24:35,5.351,Naizuri,30.579,4.512,2,24,0,4.514,13,54.545,30.508,17.5,8,1,37,121,3,3,0,344
2026-06-22 00:04:06,5.355,Naizuri,24.444,2.215,0,19,2,6.212,2,42.857,20,18.919,0,2,33,135,2,2,1,344
2026-01-02 08:00:50,10.357,Selaph,46.552,7.782,1,11,0,4.963,15,44.118,47.17,48.276,4,4,54,116,3,1,1,347
2026-01-03 00:30:48,10.542,Selaph,32.09,8.175,4,28,0,3.86,22,28.571,40,24.324,5,14,43,134,2,4,0,347
2026-01-03 10:38:36,10.351,Selaph,37.671,8.156,3,17,1,4.782,15,54.545,33.784,30.769,7,4,55,146,3,3,0,347
2026-01-04 06:10:39,10.34,Selaph,34.146,7.618,2,43,0,3.982,26,32.353,30.952,41.304,11,11,56,164,2,4,0,347
2026-01-05 14:10:20,10.107,Selaph,37.615,9.899,1,11,1,4.39,16,32.143,35.417,45.455,9,2,41,109,6,0,0,347
2026-01-06 05:29:39,10.671,Selaph,39.241,10.013,5,27,1,4.226,24,48.485,35.135,39.216,7,13,62,158,3,3,0,347
2026-01-06 14:13:54,10.676,Selaph,34.014,6.032,1,25,1,5.22,14,41.935,33.784,28.571,1,9,50,147,3,3,0,347
2026-01-14 17:31:59,10.677,Selaph,35.669,8.034,6,31,2,4.304,22,46.341,34.328,28.571,9,9,56,157,3,2,0,347
2026-01-15 18:44:32,10.773,Selaph,37.121,8.698,3,21,0,4.061,22,39.394,40.323,29.73,10,6,49,132,2,2,2,347
2026-01-17 16:40:47,10.775,Selaph,46.218,11.664,4,18,0,4.182,24,68.75,36.842,40,9,10,55,119,4,1,0,347
2026-01-17 16:42:16,10.775,Selaph,46.218,11.664,4,18,0,4.182,24,68.75,36.842,40,9,10,55,119,4,1,0,347
2026-01-22 09:18:28,11.069,Selaph,36.735,8.302,6,36,0,4.444,19,38.235,33.333,40,9,6,54,147,1,5,0,347
2026-01-22 22:13:39,10.701,Selaph,33.333,8.997,6,19,0,3.467,16,42.857,26.316,33.333,11,4,30,90,4,1,0,347
2026-01-27 02:46:22,10.991,Selaph,37.324,6.936,4,34,0,4.66,15,45.455,28.125,44.444,4,9,53,142,1,4,1,347
2026-01-30 19:32:32,10.747,Selaph,40.496,7.119,3,18,2,4.653,17,52,32.787,45.714,7,3,49,121,2,4,0,347
2026-02-02 13:53:19,10.549,Selaph,39.286,10.2,4,21,1,4.545,22,48.148,33.824,42.222,7,9,55,140,3,3,0,347
2026-02-05 20:53:38,10.545,Selaph,31.008,8.314,5,19,1,3.925,20,32.258,31.343,29.032,11,2,40,129,2,4,0,347
2026-02-08 11:33:44,10.373,Selaph,33.548,6.665,4,45,0,3.981,23,44.231,34.375,17.949,5,16,52,155,4,2,0,347
2026-02-08 19:05:51,10.561,Selaph,37.288,8.683,7,25,0,4.068,16,44.444,30.435,40,9,6,44,118,3,2,1,347
2026-02-17 09:16:51,10.667,Selaph,29.412,6.025,3,34,1,4.667,12,36.842,25.974,28.947,6,8,45,153,2,4,0,347
2026-02-18 16:22:28,10.498,Selaph,35.669,6.952,6,27,0,4.679,17,31.034,39.506,31.915,9,6,56,157,4,1,1,347
2026-02-20 14:01:01,10.763,Selaph,41.549,10.92,8,20,2,4.644,20,45.455,42.466,36.111,11,9,59,142,3,3,0,347
2026-02-27 19:13:22,10.768,Selaph,42.857,11.455,2,13,0,4.083,19,50,43.478,39.286,6,6,36,84,2,3,0,347
2026-03-06 05:51:01,10.672,Selaph,35.484,8.351,4,19,1,4.6,16,34.375,30.882,41.818,7,7,55,155,2,4,0,347
2026-03-07 00:48:43,10.486,Selaph,42.222,11.801,5,28,0,3.947,24,43.75,39.394,45.946,12,6,57,135,5,1,0,347
2026-03-10 19:04:37,10.846,Selaph,32.061,6.557,1,16,0,4.643,12,27.586,31.667,35.714,8,1,42,131,4,2,0,347
2026-03-15 00:14:27,11.027,Selaph,35.433,8.357,5,29,1,4.378,15,44,36.066,29.268,7,5,45,127,4,1,0,347
2026-03-15 10:12:57,11.308,Selaph,40.0,8.087,4,29,0,4.706,22,44.737,38.889,38.333,7,11,68,170,5,0,1,347
2026-03-25 22:25:20,11.747,Selaph,38.931,11.925,4,21,0,4.059,25,40.741,43.284,29.73,5,15,51,131,2,4,0,347
2026-03-30 13:56:39,11.565,Selaph,33.784,5.903,3,40,2,5.0,15,35.556,29.508,38.095,6,7,50,148,1,4,1,347
2026-03-31 10:11:52,11.298,Selaph,38.346,7.683,3,22,0,5.196,14,50,34.921,34.211,3,6,51,133,1,5,0,347
2026-04-04 10:52:22,10.944,Selaph,32.787,8.612,5,26,1,4.383,21,45.238,29.487,28.571,7,7,60,183,4,2,0,347
2026-04-15 10:03:16,11.125,Selaph,36.667,7.729,4,26,1,4.873,14,55.882,30.769,31.373,6,5,55,150,4,2,0,347
2026-04-18 07:38:54,11.313,Selaph,36.538,8.114,1,12,1,4.965,13,44.828,32.222,40.541,5,5,57,156,4,2,0,347
2026-04-22 06:15:10,11.495,Selaph,44.444,11.243,1,18,1,4.231,19,48.571,44,40.625,4,9,52,117,2,3,0,347
2026-05-06 05:45:40,11.402,Selaph,43.262,10.104,0,6,0,4.459,23,40.625,46.032,41.304,2,9,61,141,2,4,0,347
2026-05-11 14:04:11,11.21,Selaph,35.849,6.126,0,32,1,5.018,14,36.111,39.189,30.612,2,11,57,159,1,5,0,347
2026-05-12 09:38:12,10.871,Selaph,37.908,7.152,7,43,0,4.017,25,45.714,37.805,30.556,9,10,58,153,3,2,1,347
2026-05-23 06:57:28,10.958,Selaph,47.273,9.356,1,14,1,4.788,15,66.667,41.667,45.455,8,4,52,110,5,0,0,347
2026-05-26 08:23:25,11.415,Selaph,38.012,9.05,5,19,2,4.538,21,51.163,36.047,28.571,8,8,65,171,2,3,1,347
2026-05-27 04:53:54,11.324,Selaph,40.361,6.067,1,16,1,5.328,9,47.727,36.364,40,5,1,67,166,4,1,1,347
2026-05-31 06:42:17,11.324,Selaph,40.828,7.819,2,20,1,5.116,18,53.191,38.889,32,5,11,69,169,3,2,1,347
2026-06-11 04:24:29,11.689,Selaph,48.76,10.061,0,8,0,4.441,19,67.742,39.623,45.946,3,8,59,121,1,4,0,347
2026-06-13 04:37:13,11.423,Selaph,43.478,10.265,3,6,0,4.85,17,62.5,35.294,42.105,6,4,60,138,3,2,0,347
2026-06-19 22:59:11,11.519,Selaph,33.962,7.657,3,19,1,4.75,13,54.545,34.043,21.622,4,5,36,106,1,4,0,347
2026-06-23 23:11:54,11.247,Selaph,34.4,6.363,3,26,1,4.488,13,42.553,27.451,33.333,8,1,43,125,4,2,0,347
2026-06-24 20:18:32,11.423,Selaph,38.931,8.901,4,19,0,4.118,21,56.667,32.759,34.884,8,9,51,131,2,4,0,347
2026-07-01 23:43:02,11.25,Selaph,41.259,10.164,12,47,1,3.373,32,47.5,38.806,38.889,22,5,59,143,4,2,0,347
2026-07-02 13:52:04,11.43,Selaph,35.78,7.294,0,23,0,4.359,15,48.649,28.261,30.769,4,8,39,109,1,4,0,347
2026-07-04 04:26:07,11.16,Selaph,34.074,4.727,0,20,1,4.935,10,46.154,37.736,18.605,1,5,46,135,4,2,0,347
2026-01-01 22:39:32,4.107,Heleos,16.471,1.896,0,18,0,5.143,3,26.923,5.714,20.833,1,2,14,85,2,3,0,348
2026-01-03 00:30:48,3.983,Heleos,24.638,3.028,0,23,1,5.412,7,35,21.053,19.512,2,4,34,138,4,2,0,348
2026-01-05 07:23:46,4.195,Heleos,16.418,1.906,2,52,0,4.864,6,20,13.333,17.949,3,2,22,134,3,3,0,348
2026-01-18 05:07:20,4.176,Heleos,21.739,2.52,0,34,0,4.92,7,23.333,21.569,20.588,1,3,25,115,3,2,0,348
2026-01-20 00:30:42,4.282,Heleos,29.851,3.679,0,19,1,5.325,7,57.5,15.625,23.333,3,1,40,134,3,2,1,348
2026-01-22 22:13:39,4.387,Heleos,20.155,2.832,2,31,0,5.154,6,26.667,18.462,17.647,4,2,26,129,3,1,1,348
2026-01-26 00:05:52,4.604,Heleos,22.378,4.505,4,24,1,4.656,10,41.379,20.635,13.725,5,2,32,143,2,4,0,348
2026-01-27 05:46:13,4.389,Heleos,22.603,3.369,0,21,0,5.061,10,34,18.033,14.286,2,4,33,146,2,3,1,348
2026-01-29 00:15:00,4.288,Heleos,24.324,3.373,2,29,1,5.083,9,33.333,23.944,15.789,5,4,36,148,2,4,0,348
2026-01-31 23:17:02,4.094,Heleos,24.8,3.257,0,16,0,5.194,8,48.276,20.896,10.345,3,4,31,125,4,2,0,348
2026-02-02 00:40:03,4.278,Heleos,21.739,2.792,0,35,0,5.333,6,27.907,20.69,16.216,3,1,30,138,3,3,0,348
2026-02-09 18:53:08,4.266,Heleos,27.419,4.262,2,18,1,5.324,9,34.615,24.528,26.667,5,3,34,124,4,1,0,348
2026-02-10 18:27:03,4.563,Heleos,21.384,3.652,2,27,4,4.647,10,20.455,27.941,12.766,5,1,34,159,3,3,0,348
2026-02-16 18:20:23,4.567,Heleos,23.358,3.277,1,16,0,4.719,9,42.308,13.636,26.667,5,1,32,137,2,4,0,348
2026-02-17 09:16:51,4.378,Heleos,22.727,4.676,1,21,3,4.533,10,27.586,17.241,26.667,3,1,30,132,5,1,0,348
2026-02-20 05:26:49,4.742,Heleos,25.166,3.997,0,11,0,5.211,11,34.091,20,23.404,2,2,38,151,5,1,0,348
2026-02-27 06:33:50,5.161,Heleos,21.212,4.046,2,20,3,5.036,6,33.333,18.333,12.121,3,2,28,132,1,4,1,348
2026-03-02 06:44:58,4.894,Heleos,25.0,2.446,0,14,0,6.034,4,34.483,27.778,12.121,2,0,29,116,3,3,0,348
2026-03-04 05:02:33,4.902,Heleos,24.167,2.852,0,14,0,5.414,6,38.095,14.754,31.579,1,3,29,120,4,2,0,348
2026-03-06 05:51:01,5.094,Heleos,15.484,2.098,1,19,3,5.667,3,15.625,16.176,14.545,2,0,24,155,2,4,0,348
2026-03-27 05:20:46,4.895,Heleos,19.531,2.82,1,37,0,4.24,10,25,20.755,13.953,5,4,25,128,2,4,0,348
2026-04-20 05:13:11,4.707,Heleos,25.0,3.785,0,9,1,5.25,7,43.75,20,18.919,3,2,36,144,3,3,0,348
2026-04-21 00:49:52,4.707,Heleos,16.547,3.056,0,21,0,4.783,8,25,16.667,9.302,4,1,23,139,6,0,0,348
2026-04-23 05:08:06,5.282,Heleos,21.667,3.437,1,22,0,4.462,8,34.783,17.647,20.69,3,1,26,120,2,3,0,348
2026-05-16 04:37:10,5.198,Heleos,27.82,2.625,1,25,1,5.919,5,39.394,18.182,35.294,1,2,37,133,3,2,0,348
2026-06-05 17:50:16,5.386,Heleos,19.811,3.771,1,21,0,4.476,7,34.483,17.778,9.375,5,1,21,106,2,3,0,348
2026-06-11 04:24:29,5.182,Heleos,19.608,3.053,0,11,0,5.0,3,29.167,17.778,15.152,0,1,20,102,4,1,0,348
2026-07-01 23:43:02,5.456,Heleos,22.222,2.937,1,35,0,4.607,9,26.316,24.561,12.903,3,5,28,126,1,5,0,348
2026-07-03 21:32:13,5.079,Heleos,26.515,3.641,1,20,0,5.4,7,47.368,20,13.793,1,4,35,132,1,4,1,348
2026-07-04 04:26:07,4.798,Heleos,27.941,2.768,0,17,0,5.816,6,32.558,26.786,24.324,3,1,38,136,6,0,0,348
2026-01-01 22:39:32,1.956,Porte,21.186,2.905,1,19,2,5.0,5,26.316,19.298,17.391,2,2,25,118,5,0,0,349
2026-01-05 00:32:24,2.497,Porte,21.97,2.446,1,30,2,5.31,5,31.429,13.559,26.316,4,0,29,132,2,4,0,349
2026-01-06 05:29:39,2.308,Porte,15.894,2.434,1,16,0,5.083,4,18.421,15.254,14.815,1,1,24,151,2,4,0,349
2026-01-11 02:20:53,2.091,Porte,18.519,2.22,1,34,1,5.44,4,28.125,13.333,18.605,1,2,25,135,4,2,0,349
2026-01-12 05:30:57,2.284,Porte,16.964,1.679,0,6,0,5.842,2,25,17.857,9.375,0,1,19,112,1,3,1,349
2026-01-16 18:32:49,2.074,Porte,9.346,2.315,1,24,0,4.0,5,18.182,5.556,9.677,3,2,10,107,3,2,0,349
2026-01-17 00:37:47,2.191,Porte,20.126,2.161,0,32,0,5.312,6,37.838,13.636,16.071,1,4,32,159,4,1,1,349
2026-01-22 22:13:39,2.499,Porte,17.949,2.75,1,30,1,4.619,6,27.778,11.765,16.667,2,2,21,117,2,3,0,349
2026-01-25 09:22:33,2.387,Porte,17.365,2.427,1,28,3,5.69,5,26.316,13.095,17.778,1,2,29,167,4,2,0,349
2026-01-27 05:46:13,2.592,Porte,20.0,3.484,3,29,0,5.067,9,16,18.571,30,5,2,30,150,3,3,0,349
2026-01-29 16:37:47,2.583,Porte,12.766,2.099,1,20,0,4.75,4,8,22.222,6.061,3,1,12,94,4,1,0,349
2026-02-01 10:15:38,2.866,Porte,11.382,1.463,0,29,0,4.571,3,22.727,5.634,16.667,2,1,14,123,4,2,0,349
2026-02-02 09:29:42,3.06,Porte,20.548,3.853,3,32,1,4.067,12,23.684,20.968,17.391,3,5,30,146,6,0,0,349
2026-02-02 13:53:19,3.634,Porte,15.493,2.448,1,22,4,5.455,4,22.222,15.278,11.628,1,2,22,142,3,3,0,349
2026-02-07 10:29:10,3.619,Porte,17.808,2.769,2,30,2,5.038,7,22.857,14.493,19.048,3,3,26,146,3,3,0,349
2026-02-10 18:27:03,3.625,Porte,15.723,2.118,1,27,2,5.16,6,15.909,16.176,14.894,3,0,25,159,3,3,0,349
2026-02-24 21:10:41,3.628,Porte,13.684,1.796,0,20,0,5.0,4,17.241,13.158,10.714,1,2,13,95,0,5,0,349
2026-02-28 18:08:03,3.104,Porte,16.471,2.37,2,60,1,4.714,10,15.909,11.842,24,4,3,28,170,3,3,0,349
2026-03-07 00:48:43,3.117,Porte,15.556,3.167,1,28,2,4.857,6,31.25,6.061,18.919,3,3,21,135,5,1,0,349
2026-03-08 10:05:52,3.499,Porte,19.38,3.35,3,32,1,5.44,4,25.714,12.963,22.5,4,0,25,129,3,3,0,349
2026-03-19 19:00:40,3.491,Porte,18.881,2.496,0,21,0,5.296,4,40.625,14.493,9.524,0,2,27,143,3,3,0,349
2026-03-28 22:07:01,3.48,Porte,14.961,1.769,0,18,1,5.368,1,25,7.273,16.667,0,1,19,127,4,1,0,349
2026-03-30 21:39:33,3.768,Porte,20.312,2.579,0,23,4,5.269,7,33.333,8.475,27.273,2,3,26,128,3,3,0,349
2026-04-20 22:24:29,3.767,Porte,13.934,1.874,0,20,1,4.882,3,18.75,8.511,16.279,0,2,17,122,2,3,0,349
2026-04-25 21:35:54,3.657,Porte,19.008,1.983,0,22,1,5.348,3,21.739,21.053,14.634,0,2,23,121,2,4,0,349
2026-05-01 21:20:47,3.471,Porte,13.475,1.984,0,23,0,5.0,5,20,10.169,11.905,2,1,19,141,3,3,0,349
2026-05-09 21:37:31,3.469,Porte,21.512,2.714,9,74,0,4.297,15,31.429,20.513,16.949,12,3,37,172,4,2,0,349
2026-05-10 12:17:28,3.648,Porte,22.388,3.659,0,28,1,4.833,7,20.833,20.69,25,2,5,30,134,4,2,0,349
2026-05-17 09:37:26,3.837,Porte,16.484,3.217,0,10,2,4.667,5,25,12.5,18.519,2,3,15,91,3,3,0,349
2026-05-17 21:31:48,3.831,Porte,19.286,3.309,1,24,1,4.704,8,30,14.754,18.367,2,4,27,140,4,2,0,349
2026-06-04 23:57:00,4.027,Porte,19.728,1.53,0,25,3,5.862,2,23.077,19.178,17.143,0,1,29,147,1,5,0,349
2026-06-09 23:10:50,3.647,Porte,22.222,2.734,3,27,0,5.192,8,36.667,13.462,22.857,6,1,26,117,4,2,0,349
2026-06-11 18:19:17,3.864,Porte,15.044,1.564,1,22,3,5.647,1,22.222,13.333,11.538,1,0,17,113,0,5,0,349
2026-06-16 00:10:57,3.388,Porte,17.808,2.659,2,54,2,4.731,7,25,13.725,12.821,6,3,26,146,1,4,0,349
2026-06-17 23:35:10,3.101,Porte,16.667,2.035,0,22,1,5.526,3,25,12.766,15.385,2,2,19,114,1,3,1,349
2026-06-19 05:24:35,2.813,Porte,17.557,2.183,1,19,0,4.87,6,25,16.949,14.583,4,0,23,131,4,2,0,349
2026-06-25 00:18:18,2.994,Porte,20.536,3.076,0,10,0,5.348,3,30.435,14.815,22.857,1,1,23,112,5,1,0,349
2026-07-01 23:43:02,3.366,Porte,21.26,3.648,2,26,1,4.259,12,20.513,15.517,33.333,5,3,27,127,4,2,0,349
2026-07-03 13:56:00,3.543,Porte,14.388,1.168,0,26,3,6.25,1,10.714,17.742,12.245,0,1,20,139,2,4,0,349
2026-01-11 02:20:53,7.485,Solosion,24.138,3.331,2,39,0,5.114,6,26.19,22.414,24.444,3,3,35,145,1,5,0,353
2026-01-26 19:25:39,7.05,Solosion,22.034,3.559,1,26,0,5.231,6,22.581,21.429,22.581,2,3,26,118,2,2,1,353
2026-02-02 00:40:03,7.055,Solosion,30.233,5.272,3,30,0,5.128,9,29.73,31.579,28.571,7,2,39,129,5,1,0,353
2026-02-13 00:43:49,7.476,Solosion,16.8,2.14,1,28,1,5.19,4,27.778,13.208,11.111,2,1,21,125,4,1,1,353
2026-03-07 00:48:43,7.787,Solosion,23.478,3.886,1,27,0,5.074,6,33.333,21.818,16.667,3,0,27,115,1,5,0,353
2026-03-28 22:07:01,7.423,Solosion,30.303,5.361,1,11,0,4.933,6,37.5,25.532,32.143,2,3,30,99,1,4,0,353
2026-04-09 18:12:32,7.107,Solosion,31.852,5.471,2,24,1,4.907,9,48.649,25.926,25,6,1,43,135,3,1,1,353
2026-04-25 21:35:54,7.307,Solosion,24.242,3.876,3,34,1,5.0,8,46.429,15.385,23.077,5,3,32,132,1,5,0,353
2026-05-09 21:37:31,6.906,Solosion,22.857,2.392,3,88,0,4.175,14,30.952,18.519,23.077,5,7,40,175,2,3,1,353
2026-05-15 17:46:44,6.811,Solosion,25.688,6.069,4,20,1,4.143,12,26.087,27.083,23.684,7,3,28,109,2,3,0,353
2026-05-22 21:04:09,6.623,Solosion,29.0,7.29,1,18,0,3.966,16,37.037,19.512,34.375,8,6,29,100,4,1,0,353
2026-06-01 18:21:54,6.927,Solosion,33.951,7.01,6,30,0,4.673,19,47.222,29.73,30.769,7,6,55,162,2,3,1,353
2026-06-04 23:57:00,6.823,Solosion,26.923,5.375,2,30,1,4.257,12,21.875,30,26.316,4,7,35,130,3,3,0,353
2026-06-16 00:10:57,6.811,Solosion,25.688,4.102,4,37,0,4.893,8,43.333,20.408,16.667,7,1,28,109,5,0,0,353
2026-06-18 22:34:18,7.31,Solosion,25.18,5.047,3,31,0,4.343,12,26.923,24.615,25,5,5,35,139,3,3,0,353
2026-07-03 17:57:14,7.308,Solosion,30.0,5.118,1,21,0,4.639,11,43.478,29.412,23.913,4,5,36,120,1,5,0,353
2026-07-03 21:32:13,6.928,Solosion,30.588,5.251,3,21,0,4.865,12,35.135,22.826,43.902,3,6,52,170,3,2,1,353
2026-01-29 13:10:54,7.017,Isekaijoucho,20.769,4.111,1,17,0,4.63,8,15.385,23.188,20,5,3,27,130,2,3,1,356
2026-01-01 10:11:46,1.651,chommy,10.526,2.118,0,17,2,4.25,5,11.111,13.725,5.556,1,2,12,114,2,3,0,357
2026-01-03 10:38:36,1.562,chommy,14.384,2.165,0,17,6,5.429,4,21.212,12.162,12.821,1,3,21,146,3,3,0,357
2026-01-04 11:41:01,1.548,chommy,9.483,1.615,0,18,2,5.364,4,12.5,5.556,13.158,1,3,11,116,2,4,0,357
2026-01-04 14:34:40,1.364,chommy,13.74,2.074,1,27,2,5.0,5,11.429,9.434,20.93,3,0,18,131,2,3,0,357
2026-01-05 07:23:46,1.271,chommy,11.594,1.713,1,48,1,4.25,7,8.824,11.29,14.286,4,2,16,138,2,4,0,357
2026-01-06 05:29:39,1.095,chommy,14.136,2.759,1,30,2,4.667,7,7.5,13.483,19.355,4,3,27,191,4,2,0,357
2026-01-07 16:34:15,1.271,chommy,16.529,3.997,4,18,1,4.45,7,7.143,11.864,32.353,4,2,20,121,4,2,0,357
2026-01-09 14:00:22,1.442,chommy,12.977,1.848,0,15,6,5.353,3,12,8.571,22.222,0,1,17,131,3,3,0,357
2026-01-11 19:25:15,1.428,chommy,9.524,2.132,1,25,4,4.143,6,2.703,6.061,20.455,2,2,14,147,3,3,0,357
2026-01-14 17:31:59,1.412,chommy,9.774,1.917,1,25,2,4.231,5,2.941,16.393,5.263,2,1,13,133,3,2,0,357
2026-01-15 18:44:32,1.508,chommy,9.554,2.227,1,22,4,4.267,6,13.158,8.333,8.511,1,3,15,157,2,3,1,357
2026-01-16 08:28:15,1.412,chommy,12.921,3.317,0,22,8,4.565,10,2.222,14.943,19.565,4,5,23,178,2,4,0,357
2026-01-16 18:32:49,1.238,chommy,9.615,2.063,2,19,0,4.4,3,12,10.87,6.061,2,0,10,104,4,1,0,357
2026-01-17 00:37:47,1.512,chommy,17.61,2.156,1,32,2,5.179,6,13.514,15.152,23.214,3,1,28,159,4,1,1,357
2026-01-17 10:39:09,1.785,chommy,12.805,1.829,5,67,0,3.286,13,6.977,12.329,18.75,8,5,21,164,4,1,1,357
2026-01-17 16:40:47,2.07,chommy,15.517,4.298,1,17,5,3.889,9,6.25,12.963,30,3,5,18,116,1,4,0,357
2026-01-17 16:42:16,2.07,chommy,15.517,4.298,1,17,5,3.889,9,6.25,12.963,30,3,5,18,116,1,4,0,357
2026-01-17 22:50:02,2.07,chommy,12.687,1.695,1,23,3,5.176,4,15.152,6.349,21.053,2,0,17,134,2,4,0,357
2026-01-20 19:15:46,1.61,chommy,15.556,2.148,0,19,3,5.238,5,23.333,12.329,15.625,2,1,21,135,5,1,0,357
2026-01-22 22:13:39,1.966,chommy,10.833,2.164,2,27,1,4.923,5,9.677,10.909,11.765,4,1,13,120,2,3,0,357
2026-01-23 10:40:06,1.416,chommy,9.6,1.472,0,18,2,5.333,3,3.571,9.677,14.286,1,1,12,125,4,2,0,357
2026-01-24 11:00:37,2.068,chommy,9.167,2.007,0,17,3,4.364,4,21.429,5.556,5.263,2,1,11,120,5,1,0,357
2026-01-26 00:05:52,2.426,chommy,11.888,1.881,1,24,3,5.059,4,20.69,6.349,13.725,1,1,17,143,2,4,0,357
2026-01-26 19:25:39,2.242,chommy,15.038,1.717,0,16,1,5.7,3,8.824,13.115,23.684,0,1,20,133,1,4,0,357
2026-01-29 16:37:47,1.972,chommy,8.929,1.522,1,28,5,4.7,3,9.375,4.878,12.821,1,1,10,112,1,2,2,357
2026-01-30 19:32:32,1.909,chommy,15.603,2.614,1,19,3,4.955,7,11.111,11.475,25,2,3,22,141,4,2,0,357
2026-01-31 16:22:08,2.103,chommy,14.103,2.58,0,44,1,4.409,11,11.111,8.824,23.077,2,4,22,156,2,4,0,357
2026-01-31 23:17:02,1.936,chommy,11.2,1.462,1,21,2,5.429,1,10.345,9.677,14.706,1,0,14,125,2,4,0,357
2026-02-02 09:29:42,1.762,chommy,10.127,1.134,0,37,5,5.188,3,5.128,6.757,20,3,0,16,158,1,4,1,357
2026-02-02 20:29:58,1.497,chommy,12.571,2.713,1,24,6,5.227,6,17.241,9.639,14.286,3,3,22,175,4,2,0,357
2026-02-03 20:22:50,1.69,chommy,11.504,2.577,0,16,4,4.308,8,10.345,13.462,9.375,2,3,13,113,4,2,0,357
2026-02-05 20:53:38,1.883,chommy,9.402,1.803,0,15,1,4.727,3,4,8.621,14.706,2,1,11,117,2,4,0,357
2026-02-06 18:13:10,1.688,chommy,14.085,2.134,1,22,2,5.3,4,25,6.122,14.035,1,0,20,142,3,3,0,357
2026-02-07 10:29:10,1.599,chommy,11.475,3.708,4,27,2,3.643,8,15.385,5.172,18.421,6,2,14,122,3,3,0,357
2026-02-07 22:12:56,1.587,chommy,9.032,0.928,0,29,1,5.714,2,12.121,2.667,17.021,0,1,14,155,4,2,0,357
2026-02-08 19:05:51,1.761,chommy,13.605,2.734,2,35,1,4.45,7,10.714,15.493,12.5,3,2,20,147,2,3,1,357
2026-02-15 19:18:05,1.654,chommy,12.613,2.458,1,21,1,4.429,5,5.556,12.963,15.385,4,2,14,111,4,2,0,357
2026-02-17 21:05:31,1.845,chommy,7.5,1.219,1,18,3,5.0,1,3.846,8.475,8.571,1,0,9,120,2,3,0,357
2026-02-23 11:23:01,1.769,chommy,11.888,2.273,0,29,2,4.412,6,8.696,11.667,16.216,4,1,17,143,5,1,0,357
2026-02-24 21:10:41,1.769,chommy,10.784,1.468,0,14,2,5.0,3,6.897,9.434,20,1,2,11,102,3,3,0,357
2026-02-25 11:19:38,2.127,chommy,15.789,2.715,1,25,1,4.81,6,6.667,18.056,19.355,4,1,21,133,4,2,0,357
2026-02-28 18:08:03,2.296,chommy,12.752,2.394,3,47,1,4.474,9,12.903,11.268,14.894,3,4,19,149,2,4,0,357
2026-03-02 19:23:01,2.118,chommy,16.814,4.997,2,15,2,3.579,10,11.111,15.385,23.529,5,3,19,113,4,2,0,357
2026-03-05 20:48:03,2.299,chommy,12.676,2.098,1,25,3,4.944,6,8.571,12.346,19.231,2,1,18,142,0,6,0,357
2026-03-06 10:48:41,1.756,chommy,13.235,1.635,1,41,0,5.333,5,9.677,6.061,28.205,1,2,18,136,3,3,0,357
2026-03-08 10:05:52,1.763,chommy,18.056,4.491,3,32,3,4.615,8,12.5,19.118,22.222,7,1,26,144,1,5,0,357
2026-03-09 19:09:10,1.398,chommy,15.625,2.151,0,33,5,5.08,6,5.556,15.278,23.077,1,2,25,160,2,4,0,357
2026-03-10 19:04:37,1.243,chommy,16.552,3.69,3,19,6,4.625,5,18.421,14.516,17.778,4,0,24,145,5,0,1,357
2026-03-11 10:35:17,1.688,chommy,13.821,2.161,0,12,3,5.176,3,14.286,5.455,25,3,1,17,123,4,2,0,357
2026-03-15 19:01:50,1.856,chommy,17.73,2.629,0,14,5,5.32,4,13.333,12.5,30,1,1,25,141,2,4,0,357
2026-03-16 19:05:41,1.661,chommy,15.504,2.311,1,21,2,5.5,3,24.324,11.111,13.158,1,2,20,129,5,1,0,357
2026-03-19 19:00:40,2.022,chommy,12.587,2.453,1,21,3,4.778,4,6.25,8.696,23.81,2,0,18,143,3,3,0,357
2026-03-20 19:13:56,2.012,chommy,13.245,2.96,0,25,5,4.65,7,14.286,11.29,14.894,4,0,20,151,3,3,0,357
2026-03-22 14:22:46,2.002,chommy,13.978,2.751,0,19,0,4.308,5,8.696,10.256,22.581,1,4,13,93,0,5,0,357
2026-03-23 19:15:16,1.554,chommy,8.824,1.574,1,14,2,5.0,2,11.111,4,16,2,0,9,102,2,3,0,357
2026-03-25 10:07:16,1.459,chommy,13.433,2.462,0,15,5,5.167,7,14.286,9.375,20,1,4,18,134,1,5,0,357
2026-03-28 09:47:58,1.092,chommy,12.389,2.484,0,12,1,5.0,4,4.545,9.615,20.513,2,2,14,113,3,3,0,357
2026-04-02 18:30:27,1.097,chommy,11.565,1.062,0,20,7,6.235,1,15.385,9.091,11.905,0,1,17,147,4,1,0,357
2026-04-04 10:52:22,1.372,chommy,11.475,2.936,1,26,3,4.667,8,9.524,8.974,15.873,2,4,21,183,4,2,0,357
2026-04-06 18:07:46,1.551,chommy,15.0,1.54,0,18,2,5.762,2,26.316,12.903,7.5,1,1,21,140,3,3,0,357
2026-04-09 07:20:05,1.571,chommy,10.738,1.529,0,30,2,5.125,6,8.333,13.043,8.929,0,4,16,149,2,4,0,357
2026-04-09 18:12:32,1.383,chommy,14.159,1.629,0,16,2,5.562,2,14.286,8.889,20,1,1,16,113,3,2,0,357
2026-04-10 07:34:26,1.468,chommy,12.319,1.81,0,16,2,5.118,3,13.208,11.765,11.765,1,0,17,138,2,3,0,357
2026-04-13 14:04:29,1.376,chommy,14.151,2.689,2,8,2,4.467,3,4,16.981,17.857,4,0,15,106,2,4,0,357
2026-04-16 18:35:33,1.199,chommy,12.727,3.37,1,12,2,4.286,6,15.385,6.818,18.519,3,3,14,110,3,3,0,357
2026-04-17 14:03:23,1.204,chommy,11.504,2.971,4,29,2,3.385,7,12.5,3.922,21.053,5,2,13,113,1,3,1,357
2026-04-18 16:41:41,1.029,chommy,15.132,3.293,1,24,4,4.348,7,16.327,15.714,12.121,3,1,23,152,2,3,1,357
2026-04-19 07:32:45,0.968,chommy,15.714,3.183,3,32,2,4.273,11,16.279,10.345,23.077,7,3,22,140,1,5,0,357
2026-04-19 09:37:53,0.621,chommy,19.328,3.594,2,13,5,5.304,4,23.333,14.286,22.5,2,1,23,119,3,2,0,357
2026-04-19 14:28:30,0.709,chommy,12.0,1.565,1,20,2,5.733,3,12.121,8.772,17.143,1,0,15,125,3,3,0,357
2026-04-20 18:43:30,0.698,chommy,18.75,3.557,1,31,5,4.667,10,20.588,13.699,24.528,6,2,30,160,4,2,0,357
2026-04-21 13:51:52,0.873,chommy,14.423,2.596,0,13,3,4.867,4,13.043,8.333,24.242,1,2,15,104,2,4,0,357
2026-04-21 18:25:22,0.69,chommy,19.333,3.202,1,32,3,4.586,9,21.053,14.516,24,6,1,29,150,4,2,0,357
2026-04-22 06:15:10,0.866,chommy,10.317,1.434,0,18,4,5.385,2,13.889,7.692,10.526,2,0,13,126,3,2,0,357
2026-04-22 15:13:20,0.948,chommy,12.605,2.143,1,17,1,4.667,3,4.762,7.692,21.739,2,0,15,119,3,3,0,357
2026-04-24 04:52:40,0.948,chommy,15.447,2.302,1,13,2,4.842,4,10.526,14.085,21.212,1,1,19,123,3,3,0,357
2026-04-29 18:16:04,0.94,chommy,13.103,2.459,2,34,1,4.368,8,10.526,6.061,26.829,4,2,19,145,1,5,0,357
2026-05-01 11:41:50,0.777,chommy,6.299,0.718,0,31,1,5.75,2,10.811,3.846,5.263,1,0,8,127,2,4,0,357
2026-05-02 23:23:31,0.635,chommy,7.865,2.514,2,19,2,3.0,4,4.348,5.556,13.333,4,0,7,89,3,2,0,357
2026-05-04 18:44:00,0.729,chommy,17.123,3.215,0,33,1,4.56,10,7.143,12.5,34.211,1,3,25,146,5,0,0,357
2026-05-05 18:37:55,1.189,chommy,17.391,2.239,0,23,1,4.958,4,21.212,12.329,25,2,1,24,138,3,3,0,357
2026-05-08 18:02:51,1.172,chommy,19.084,2.424,0,18,4,5.44,6,24.324,10,25,0,2,25,131,2,3,0,357
2026-05-09 10:03:51,1.078,chommy,15.686,1.708,2,59,0,4.125,11,10.256,18.333,16.667,6,4,24,153,3,3,0,357
2026-05-11 18:11:15,1.048,chommy,15.232,3.017,0,23,4,4.913,9,17.647,11.842,19.512,4,3,23,151,2,4,0,357
2026-05-12 14:05:09,0.879,chommy,16.964,3.475,2,10,2,4.263,7,10.526,16.393,21.875,5,0,19,112,1,5,0,357
2026-05-12 18:15:50,0.504,chommy,16.807,2.857,1,21,0,5.0,8,21.875,16.129,12,7,0,20,119,1,4,0,357
2026-05-13 13:44:45,0.236,chommy,14.05,2.235,0,14,6,5.353,5,12.5,11.321,19.444,1,2,17,121,3,3,0,357
2026-05-15 07:01:20,0.223,chommy,12.925,2.196,3,43,1,4.526,7,13.333,12.676,13.043,5,0,19,147,2,4,0,357
2026-05-19 14:12:22,0.06,chommy,12.5,3.183,2,20,4,4.353,7,5.882,13.115,17.073,3,3,17,136,3,3,0,357
2026-05-20 14:25:13,0.068,chommy,17.241,2.167,1,22,5,5.15,3,16.667,13.043,21.739,1,0,20,116,3,2,0,357
2026-05-21 14:29:56,0.154,chommy,17.365,2.38,1,30,2,5.621,5,24.324,12.195,20.833,3,2,29,167,3,2,1,357
2026-05-23 06:57:28,0.247,chommy,22.727,2.92,0,14,2,5.64,5,22.222,12.5,34.091,2,1,25,110,5,0,0,357
2026-05-24 13:57:54,0.699,chommy,16.667,3.061,1,23,3,4.667,8,6.25,12.5,32.143,3,2,18,108,4,1,0,357
2026-05-26 08:23:25,0.971,chommy,13.45,1.438,0,19,4,5.783,2,13.953,12.791,14.286,0,1,23,171,2,3,1,357
2026-05-26 13:56:18,0.881,chommy,12.605,3.091,2,33,0,3.933,7,15,12.5,11.429,5,2,15,119,5,1,0,357
2026-05-27 14:37:10,1.229,chommy,13.816,3.277,2,29,3,4.095,10,10.714,11.765,17.857,2,3,21,152,3,2,1,357
2026-05-28 13:55:32,1.324,chommy,9.929,2.384,4,41,2,3.643,7,4.878,10.169,14.634,6,0,14,141,3,3,0,357
2026-05-29 13:51:29,1.32,chommy,19.811,3.048,0,24,0,4.143,10,26.923,10,25,2,4,21,106,3,3,0,357
2026-05-29 18:24:54,1.303,chommy,17.576,2.971,1,29,2,5.103,8,23.077,14.286,17.857,2,3,29,165,2,4,0,357
2026-06-01 13:46:50,1.116,chommy,17.949,3.174,1,17,0,4.81,7,23.077,6.78,34.375,1,4,21,117,5,1,0,357
2026-06-01 18:21:54,1.463,chommy,12.941,1.662,0,33,5,5.636,6,6.818,21.25,4.348,4,1,22,170,5,0,1,357
2026-06-02 14:21:12,1.906,chommy,18.519,2.429,0,14,5,5.68,2,10.811,26.316,14.634,1,0,25,135,3,3,0,357
2026-06-03 14:14:56,1.881,chommy,21.622,3.664,3,18,2,4.833,7,26.667,17.391,22.857,6,1,24,111,5,1,0,357
2026-06-05 14:41:15,2.235,chommy,17.514,2.302,1,28,4,5.581,7,14.286,13.333,26.415,1,3,31,177,3,2,1,357
2026-06-06 14:12:19,2.3,chommy,16.418,2.691,0,21,1,5.182,7,12.5,18.841,15.152,2,2,22,134,4,2,0,357
2026-06-09 18:18:54,2.49,chommy,12.931,2.279,0,19,2,4.8,5,19.231,7.407,16.667,1,2,15,116,2,4,0,357
2026-06-10 18:04:55,2.316,chommy,16.964,3.322,0,10,3,5.0,7,16,13.333,25.926,3,2,19,112,2,3,0,357
2026-06-11 18:19:17,2.246,chommy,18.584,2.578,1,22,1,5.333,5,14.815,21.667,15.385,3,0,21,113,0,5,0,357
2026-06-12 14:04:43,1.794,chommy,21.488,4.686,2,22,0,4.654,9,22.222,17.021,25.532,6,2,26,121,4,1,0,357
2026-06-13 18:45:41,2.07,chommy,19.205,2.893,1,26,1,4.897,6,15.625,13.433,28.846,3,0,29,151,1,4,1,357
2026-06-14 14:19:33,1.795,chommy,18.788,4.102,1,19,10,4.645,7,17.778,20.968,17.241,2,3,31,165,1,5,0,357
2026-06-17 23:35:10,1.455,chommy,16.216,2.599,0,19,0,5.056,5,23.81,17.241,9.375,3,2,18,111,2,3,0,357
2026-06-18 14:24:55,1.362,chommy,13.846,2.476,1,28,2,4.833,6,6.897,12.5,21.622,4,0,18,130,3,2,0,357
2026-06-22 21:35:21,1.181,chommy,17.483,3.158,2,18,1,5.0,6,17.857,15.385,20,3,1,25,143,3,3,0,357
2026-06-22 22:49:49,1.447,chommy,14.159,2.481,1,15,4,5.062,4,5.556,12.821,23.684,1,1,16,113,1,4,0,357
2026-06-25 17:15:02,1.174,chommy,17.5,2.92,2,26,1,4.952,4,18.75,11.765,24.324,3,0,21,120,1,4,0,357
2026-06-29 18:09:56,0.907,chommy,14.516,2.576,1,23,1,4.889,6,20,10.526,16.667,2,1,18,124,4,2,0,357
2026-07-01 14:17:09,1.098,chommy,17.284,2.573,0,16,2,4.571,4,22.222,13.889,18.519,3,0,14,81,6,0,0,357
2026-07-01 14:36:06,1.098,chommy,14.667,2.528,1,31,4,4.409,7,11.111,10.769,22.449,4,1,22,150,6,0,0,357
2026-07-02 18:34:06,1.625,chommy,18.182,3.494,1,28,4,5.083,9,19.565,12.048,24.638,4,3,36,198,3,2,1,357
2026-07-04 04:26:07,1.714,chommy,13.846,2.009,0,9,5,5.111,6,10.811,9.434,22.5,2,0,18,130,1,5,0,357
2026-07-04 14:18:33,1.378,chommy,14.783,2.213,0,11,0,5.353,4,22.581,6.977,17.073,0,1,17,115,1,5,0,357
2026-07-05 09:14:33,1.026,chommy,15.172,2.788,1,9,6,4.909,8,18.75,13.158,16.216,2,2,22,145,3,3,0,357
2026-07-05 14:02:38,1.031,chommy,20.161,4.089,2,14,3,4.56,6,6.452,26.667,21.212,3,1,25,124,2,4,0,357
2026-06-05 08:39:16,8.794,mangoss,30.405,5.067,2,33,1,4.844,15,42.105,28.947,20.588,6,4,45,148,2,4,0,358
2026-05-09 21:18:01,8.476,Theaddist,29.412,6.547,2,17,1,4.6,13,50,23.81,23.256,4,3,40,136,4,2,0,361
2026-05-20 14:25:13,1.0,I_dont_like_loli,10.959,0.777,0,32,4,6.0,1,22.581,7.576,8.163,0,1,16,146,1,4,0,364
2026-02-22 17:23:05,7.0,2G70,26.115,5.676,3,27,1,4.463,15,40.741,24.419,20.455,3,5,41,157,4,2,0,365
2026-05-04 18:44:00,7.234,2G70,22.293,5.489,4,29,1,4.229,15,33.333,20,16.279,7,4,35,157,3,2,0,365
2026-06-19 05:24:35,7.351,2G70,27.451,5.377,3,15,1,4.0,13,20.833,25.532,35.484,3,9,28,102,1,5,0,365
2026-03-26 10:19:38,5.643,AitsukiNakuru,25.157,3.17,2,47,1,5.1,13,31.707,18.519,32.432,4,3,40,159,3,3,0,366
2026-05-09 10:03:51,5.649,AitsukiNakuru,25.294,3.023,7,77,1,3.884,23,27.027,23.377,26.786,11,5,43,170,4,2,0,366
2026-05-20 14:25:13,5.865,AitsukiNakuru,29.452,4.461,2,32,0,4.907,12,29.032,25.758,34.694,3,7,43,146,1,4,0,366
2026-01-19 07:43:44,2.023,PotassiumF,21.656,2.716,1,19,0,5.353,7,22.222,20.225,24.39,1,2,34,157,2,4,0,367
2026-03-24 13:55:04,1.768,PotassiumF,15.789,2.388,2,29,0,4.778,6,17.647,10.87,20.588,2,2,18,114,3,3,0,367
2026-05-09 10:03:51,1.761,PotassiumF,18.382,1.694,2,51,1,4.4,8,15.152,19.643,19.149,3,3,25,136,3,3,0,367
2026-01-17 10:39:09,2.702,arpia97,16.901,1.508,1,55,0,4.208,10,27.273,12.698,15.217,4,4,24,142,1,5,0,368
2026-01-24 11:00:37,2.26,arpia97,18.103,2.766,0,12,2,4.952,5,31.034,15.789,10,0,3,21,116,3,3,0,368
2026-01-25 07:18:08,2.256,arpia97,14.159,1.438,0,9,2,6.125,1,21.739,9.259,16.667,0,1,16,113,4,2,0,368
2026-01-31 08:22:55,2.482,arpia97,20.0,2.317,1,17,3,5.931,3,21.053,21.429,16.216,1,1,29,145,4,0,1,368
2026-02-04 12:07:51,2.928,arpia97,17.647,2.898,0,30,2,4.852,7,31.034,14.286,14.815,2,2,27,153,1,4,1,368
2026-02-25 11:19:38,2.717,arpia97,21.324,3.743,3,27,1,4.966,8,36,16.901,20,4,3,29,136,2,4,0,368
2026-03-01 17:42:33,2.523,arpia97,23.404,3.488,1,16,0,5.136,6,23.077,22.222,26.087,2,2,22,94,2,2,0,368
2026-03-03 09:00:41,2.494,arpia97,22.581,2.565,0,13,4,5.75,4,30.556,20,18.421,2,1,28,124,4,2,0,368
2026-03-06 10:48:41,2.707,arpia97,23.179,3.063,2,47,0,5.171,11,22.5,26.786,20,5,3,35,151,3,3,0,368
2026-03-24 13:55:04,2.714,arpia97,15.646,3.252,4,47,1,4.087,11,16.279,12.121,21.053,7,3,23,147,4,2,0,368
2026-03-26 10:19:38,2.933,arpia97,22.013,2.268,1,47,0,5.429,9,36.585,16.049,18.919,3,3,35,159,3,3,0,368
2026-03-30 09:40:19,2.939,arpia97,17.722,3.035,0,17,3,5.321,5,26.19,11.268,20,3,1,28,158,3,3,0,368
2026-04-03 13:50:59,2.929,arpia97,12.987,2.277,1,45,6,4.95,5,14.634,10.294,15.556,3,1,20,154,3,3,0,368
2026-04-05 07:51:40,2.926,arpia97,22.222,3.776,1,11,2,5.5,5,36.842,13.043,23.913,4,0,34,153,2,3,1,368
2026-04-09 07:20:05,2.84,arpia97,17.483,1.954,1,22,1,5.52,5,22.222,13.235,20.833,1,1,25,143,4,2,0,368
2026-04-14 07:36:39,3.036,arpia97,21.569,2.879,0,18,5,5.515,6,34.884,12.857,22.5,2,4,33,153,2,4,0,368
2026-04-16 06:43:37,2.81,arpia97,14.085,1.467,1,33,1,4.95,3,34.483,11.594,4.545,3,0,20,142,3,3,0,368
2026-04-17 14:03:23,2.741,arpia97,10.0,0.82,0,35,2,5.455,1,25,5.455,6.452,1,1,11,110,3,1,1,368
2026-04-23 05:08:06,2.94,arpia97,16.814,1.798,0,20,0,5.526,5,4.167,18.75,21.951,3,1,19,113,2,3,0,368
2026-04-27 05:23:52,2.787,arpia97,23.077,4.272,2,11,0,4.048,11,26.087,17.073,29.63,6,0,21,91,6,0,0,368
2026-05-09 10:03:51,3.363,arpia97,15.924,1.972,3,71,0,3.64,13,25.641,12.698,12.727,5,7,25,157,2,4,0,368
2026-05-11 08:22:11,3.159,arpia97,20.388,2.881,1,18,0,4.905,7,36.364,16.981,14.286,5,1,21,103,3,3,0,368
2026-05-12 09:38:12,3.181,arpia97,19.286,2.046,1,39,0,5.037,4,37.838,12.676,12.5,1,5,27,140,3,3,0,368
2026-05-14 07:57:04,3.182,arpia97,23.563,4.093,3,39,6,5.171,11,28.571,25,18.75,9,1,41,174,5,1,0,368
2026-05-18 11:01:47,3.182,arpia97,21.538,4.519,4,23,4,4.214,9,34.483,20.968,12.821,6,4,28,130,4,1,1,368
2026-05-20 08:34:07,3.463,arpia97,16.667,3.034,1,21,4,5.043,8,26.316,13.433,12.121,4,1,23,138,3,3,0,368
2026-05-20 14:25:13,3.483,arpia97,20.968,4.149,2,37,3,4.5,11,37.037,18.182,14.286,4,4,26,124,1,4,0,368
2026-05-21 07:13:01,3.195,arpia97,24.348,2.725,1,21,1,5.5,4,30.303,20.69,25,2,1,28,115,2,4,0,368
2026-05-28 10:37:26,2.999,arpia97,20.301,4.401,5,36,0,4.593,11,22.222,21.212,17.5,7,3,27,133,6,0,0,368
2026-06-01 05:57:19,3.567,arpia97,15.873,2.936,1,25,1,4.2,6,31.429,9.375,11.111,4,2,20,126,3,3,0,368
2026-01-01 10:11:46,11.746,florenz,32.143,8.739,5,29,1,3.556,20,70.833,26,15.789,9,6,36,112,4,1,0,369
2026-01-04 06:10:39,11.86,florenz,31.361,5.49,2,46,0,4.528,17,52.778,28.571,21.429,5,5,53,169,1,4,1,369
2026-01-05 14:10:20,11.595,florenz,33.071,6.878,1,18,0,4.857,11,55.556,21.154,28.205,3,4,42,127,2,4,0,369
2026-01-06 14:13:54,11.393,florenz,36.054,7.422,3,25,0,5.113,16,54.839,36.486,21.429,3,9,53,147,3,3,0,369
2026-01-07 14:00:01,11.393,florenz,39.855,10.713,5,21,3,4.0,25,71.795,36.508,11.111,7,16,55,138,5,0,0,369
2026-01-17 05:38:38,11.687,florenz,34.4,5.313,1,17,0,5.279,9,58.065,29.851,18.519,1,7,43,125,0,5,0,369
2026-01-17 10:53:12,11.192,florenz,34.756,7.796,3,27,1,4.895,18,72.973,25.714,21.053,5,8,57,164,0,6,0,369
2026-01-18 10:29:54,10.613,florenz,35.593,7.863,1,15,0,4.167,20,66.667,27.119,25,4,6,42,118,3,2,0,369
2026-01-22 14:29:28,10.7,florenz,30.709,7.042,6,39,0,3.949,16,58.065,24.242,16.667,8,7,39,127,2,3,1,369
2026-01-25 09:22:33,10.593,florenz,44.366,8.645,2,17,0,4.698,21,70.732,35.294,30.303,6,4,63,142,4,2,0,369
2026-01-31 08:22:55,10.782,florenz,42.593,8.299,2,6,0,4.957,11,86.207,33.333,14.286,3,3,46,108,3,2,0,369
2026-02-01 10:15:38,10.884,florenz,26.49,5.38,2,45,0,3.75,21,72,20.238,11.905,10,7,40,151,3,3,0,369
2026-02-02 09:29:42,10.874,florenz,39.098,7.994,4,32,0,3.942,28,60.606,28.07,37.209,8,8,52,133,2,3,1,369
2026-02-05 15:04:09,10.802,florenz,39.623,7.505,0,19,1,4.921,16,68.571,33.871,29.032,10,7,63,159,3,3,0,369
2026-02-18 16:22:28,10.811,florenz,36.943,7.009,4,27,0,4.69,17,62.069,32.099,29.787,6,8,58,157,4,1,1,369
2026-02-20 14:01:01,11.083,florenz,32.593,5.946,1,24,0,5.182,12,69.231,26.087,20,6,3,44,135,3,2,1,369
2026-03-01 17:42:33,11.175,florenz,36.697,7.175,5,25,1,4.45,12,62.963,34.783,19.444,7,5,40,109,3,2,0,369
2026-03-03 09:00:41,11.278,florenz,35.833,6.935,2,17,0,4.791,15,64.516,27.66,23.81,4,7,43,120,3,3,0,369
2026-03-06 10:48:41,11.278,florenz,34.899,7.494,6,53,1,3.923,25,61.29,30.137,24.444,15,8,52,149,4,2,0,369
2026-03-10 10:21:36,11.46,florenz,40.523,10.892,6,29,0,3.887,29,75.758,30.263,31.818,7,19,62,153,1,4,1,369
2026-03-16 13:43:54,11.196,florenz,28.788,5.519,2,39,0,4.211,16,64.286,16.949,22.222,2,8,38,132,1,5,0,369
2026-03-18 14:41:23,10.819,florenz,33.588,6.156,2,19,1,5.091,15,53.333,28.814,26.19,3,6,44,131,1,5,0,369
2026-03-24 10:46:54,10.447,florenz,35.758,7.29,3,48,1,4.339,25,69.231,30.12,16.279,6,10,59,165,3,2,1,369
2026-03-25 10:07:16,10.546,florenz,41.135,7.116,2,15,1,4.983,15,68.182,29.167,28.571,5,6,58,141,3,3,0,369
2026-03-25 22:25:20,10.541,florenz,31.507,5.597,2,14,0,5.174,9,58.333,28.333,16,3,1,46,146,5,1,0,369
2026-03-28 09:47:58,10.916,florenz,32.979,7.898,1,14,0,4.226,9,70,28.571,12,4,6,31,94,2,4,0,369
2026-04-02 13:54:01,10.723,florenz,28.682,7.202,1,25,0,4.324,13,50,25.424,17.5,6,7,37,129,2,4,0,369
2026-04-04 10:52:22,10.54,florenz,35.333,9.656,4,25,0,4.321,22,75,30.769,21.053,6,12,53,150,2,4,0,369
2026-04-10 07:34:26,10.356,florenz,33.553,7.646,2,36,0,4.392,20,71.111,20.968,13.333,6,8,51,152,0,5,0,369
2026-04-12 10:13:20,9.899,florenz,36.082,7.81,0,12,0,4.657,12,61.538,29.167,21.739,5,0,35,97,3,2,0,369
2026-04-14 07:36:39,9.996,florenz,43.137,7.571,2,18,0,4.939,16,72.093,40,17.5,4,8,66,153,2,4,0,369
2026-04-17 07:29:19,9.789,florenz,37.342,7.204,5,37,0,4.339,19,64.103,31.944,23.404,6,6,59,158,4,2,0,369
2026-04-19 09:37:53,9.968,florenz,33.058,6.099,2,15,0,5.1,7,65.625,21.569,21.053,7,0,40,121,4,1,0,369
2026-04-22 06:15:10,10.247,florenz,36.538,6.706,1,5,0,5.079,10,59.091,34.884,25.641,2,3,38,104,3,2,0,369
2026-04-24 14:02:24,10.336,florenz,34.188,5.871,2,30,0,4.85,13,53.846,30.189,26.316,8,3,40,117,3,2,0,369
2026-04-25 06:26:43,10.428,florenz,38.172,7.26,1,26,1,5.099,18,76.744,30.12,21.667,5,5,71,186,3,1,2,369
2026-04-30 14:25:20,10.603,florenz,41.25,6.87,3,40,1,4.424,21,75,26.471,27.273,9,8,66,160,4,2,0,369
2026-05-04 13:50:06,10.783,florenz,35.606,7.7,1,24,1,4.404,18,76.667,27.273,19.149,2,9,47,132,4,2,0,369
2026-05-05 14:09:04,10.964,florenz,35.762,7.954,3,34,0,4.315,19,73.333,25.758,27.273,7,7,54,151,2,2,1,369
2026-05-07 14:18:37,10.957,florenz,32.432,4.573,1,31,0,5.312,12,67.647,21.538,22.449,4,5,48,148,1,4,1,369
2026-05-09 10:11:56,10.69,florenz,37.374,6.43,2,34,0,5.514,13,75,26.506,23.881,4,5,74,198,2,2,2,369
2026-05-14 07:57:04,10.957,florenz,32.237,5.47,2,39,0,5.082,15,65.625,28.571,17.544,5,8,49,152,1,5,0,369
2026-05-16 10:16:26,10.957,florenz,39.041,9.895,3,14,0,4.439,20,75.758,32.432,20.513,7,10,57,146,1,5,0,369
2026-05-17 15:14:41,10.268,florenz,37.5,6.13,2,26,1,5.404,11,58.537,29.231,30.435,8,2,57,152,4,2,0,369
2026-05-18 15:08:53,10.433,florenz,32.692,6.002,2,33,0,4.706,13,57.5,27.273,20,5,9,51,156,3,2,1,369
2026-05-20 14:25:13,10.526,florenz,33.871,7.261,3,37,0,4.167,20,66.667,29.091,19.048,6,10,42,124,1,4,0,369
2026-05-22 14:23:24,10.256,florenz,37.241,5.681,0,31,0,5.056,13,68.571,31.884,19.512,0,7,54,145,2,4,0,369
2026-05-24 13:57:54,10.081,florenz,35.246,6.965,5,38,0,4.465,16,68.966,26.923,21.951,6,6,43,122,1,4,0,369
2026-05-25 14:28:52,9.807,florenz,42.767,8.027,3,31,0,4.75,23,78.049,30.137,31.111,7,7,68,159,4,2,0,369
2026-05-28 13:55:32,9.99,florenz,35.461,7.211,5,41,0,3.68,29,56.098,33.898,17.073,7,15,50,141,3,3,0,369
2026-06-02 14:21:12,9.987,florenz,41.6,8.006,1,11,0,5.077,12,57.143,40,26.316,3,4,52,125,4,2,0,369
2026-06-05 14:41:15,10.169,florenz,36.667,6.814,3,28,1,4.873,13,72.222,27.143,22.727,6,5,55,150,4,2,0,369
2026-06-06 07:47:40,10.35,florenz,35.088,7.424,3,24,0,4.5,22,53.488,28.889,28.947,4,10,60,171,2,3,1,369
2026-06-10 09:01:42,10.259,florenz,35.606,6.675,2,24,0,4.936,13,64.706,23.077,28.261,7,4,47,132,5,1,0,369
2026-06-16 23:18:25,10.613,florenz,37.594,9.922,4,31,1,3.88,25,62.5,32.759,25.581,8,10,50,133,2,2,1,369
2026-06-17 23:35:10,10.615,florenz,35.088,7.703,4,22,0,4.4,16,57.143,31.915,23.077,5,7,40,114,1,3,1,369
2026-06-19 22:59:11,10.339,florenz,42.735,8.309,1,18,2,4.94,15,77.778,34.375,40,6,7,50,117,4,0,1,369
2026-07-03 13:56:00,10.693,florenz,38.931,8.847,6,31,0,4.569,19,60.714,35.714,29.787,9,3,51,131,5,1,0,369
2026-01-01 10:11:46,4.899,Andrey_K,17.857,4.121,3,29,0,4.1,10,20.833,12,23.684,4,2,20,112,4,1,0,370
2026-01-01 22:39:32,5.237,Andrey_K,16.438,2.641,1,9,2,4.833,4,20,17.143,11.111,1,1,12,73,0,5,0,370
2026-01-03 10:38:36,4.658,Andrey_K,21.795,3.232,1,21,0,5.588,6,37.838,18.824,11.765,2,2,34,156,2,4,0,370
2026-01-17 10:39:09,4.448,Andrey_K,23.529,3.243,7,54,0,3.25,19,43.333,12.5,24,11,5,32,136,4,2,0,370
2026-03-22 14:22:46,4.676,Andrey_K,27.407,5.465,2,32,0,4.514,15,44.118,21.311,22.5,11,2,37,135,2,3,0,370
2026-04-17 14:03:23,4.555,Andrey_K,21.25,5.476,4,22,0,3.412,10,34.783,19.048,6.667,6,3,17,80,2,3,0,370
2026-04-18 21:12:03,4.443,Andrey_K,21.014,3.566,3,30,1,4.655,8,38.889,13.115,17.073,4,2,29,138,2,2,1,370
2026-04-20 13:47:22,4.44,Andrey_K,26.606,6.016,4,25,1,4.759,10,39.286,21.154,24.138,7,5,29,109,1,5,0,370
2026-05-16 13:47:04,4.012,Andrey_K,21.26,5.133,2,21,1,4.704,8,20.69,25.424,15.385,5,2,27,127,4,2,0,370
2026-05-24 19:25:18,4.233,Andrey_K,21.429,3.305,1,30,1,5.472,10,34.483,17.949,19.672,1,5,36,168,1,4,1,370
2026-05-31 11:11:49,3.916,Andrey_K,26.357,4.799,1,19,0,4.588,14,32.353,23.333,25.714,7,3,34,129,3,3,0,370
2026-06-28 15:10:06,3.91,Andrey_K,19.091,3.221,1,12,0,4.952,7,38.462,10,17.647,4,1,21,110,3,3,0,370
2026-01-02 00:57:04,5.768,harges,19.847,2.871,0,29,1,5.0,8,35.294,15.254,13.158,2,6,26,131,3,3,0,373
2026-01-18 05:07:20,5.778,harges,20.952,3.508,1,34,0,4.227,10,34.615,22.449,6.667,3,1,22,105,2,3,0,373
2026-03-06 10:48:41,5.666,harges,30.201,4.803,2,53,1,4.444,17,54.839,20.548,28.889,9,3,45,149,4,2,0,373
2026-03-10 10:21:36,5.887,harges,33.974,5.802,3,29,2,5.057,15,55.882,31.507,22.449,4,8,53,156,3,3,0,373
2026-03-15 10:12:57,5.9,harges,31.69,7.658,5,19,0,4.489,16,60,25.758,21.739,8,6,45,142,1,4,1,373
2026-03-26 10:19:38,5.575,harges,27.152,3.803,3,47,0,4.707,13,25,20.253,38.462,4,4,41,151,3,3,0,373
2026-03-27 05:20:46,5.568,harges,27.027,4.192,5,45,0,4.25,15,45.714,22.034,20.37,8,5,40,148,3,3,0,373
2026-03-30 04:38:23,5.571,harges,26.282,3.66,0,20,2,5.634,7,42.424,22.892,20,2,3,41,156,4,2,0,373
2026-04-09 07:20:05,5.765,harges,31.544,6.346,6,30,1,4.298,18,45.833,28.986,28.571,8,5,47,149,2,4,0,373
2026-04-16 06:43:37,5.539,harges,36.601,7.228,5,33,0,3.554,31,45.946,31.884,36.17,6,26,56,153,4,2,0,373
2026-04-19 07:32:45,5.758,harges,25.758,5.064,4,35,0,3.882,16,45.946,17.647,18.182,8,3,34,132,5,1,0,373
2026-04-22 06:15:10,6.189,harges,31.959,7.231,2,8,0,4.935,10,41.935,28.947,25,4,3,31,97,4,1,0,373
2026-04-23 05:08:06,6.513,harges,28.07,4.512,1,34,0,4.562,13,28.571,27.66,28.205,3,5,32,114,1,4,0,373
2026-05-16 04:37:10,6.22,harges,31.579,7.904,5,15,0,4.139,14,41.667,28.07,23.81,6,6,36,114,3,2,0,373
2026-05-18 06:06:48,6.423,harges,36.29,8.465,3,17,0,4.644,18,44.444,25.926,44.186,6,8,45,124,3,3,0,373
2026-05-21 07:13:01,6.403,harges,35.652,5.968,2,21,0,4.78,12,48.485,25.862,41.667,5,7,41,115,2,4,0,373
2026-06-30 05:07:25,6.193,harges,31.694,4.204,0,12,1,5.931,7,41.667,26.136,33.898,2,2,58,183,2,3,1,373
2026-07-04 04:26:07,6.08,harges,34.074,5.074,2,20,0,4.935,10,56.41,28.302,20.93,2,3,46,135,4,2,0,373
2026-01-29 00:15:00,3.0,qwecocacola,25.0,3.746,1,29,3,4.838,14,35.897,22.535,18.421,5,4,37,148,2,4,0,376
2026-01-31 23:17:02,2.773,qwecocacola,19.2,2.786,0,16,2,5.0,4,41.379,14.925,6.897,4,1,24,125,4,2,0,376
2026-02-02 00:40:03,2.985,qwecocacola,19.38,3.723,1,30,4,5.0,9,35.135,10.526,17.143,5,2,25,129,5,1,0,376
2026-02-03 20:22:50,3.452,qwecocacola,20.155,2.995,0,20,0,4.769,6,33.333,21.311,7.895,2,3,26,129,4,2,0,376
2026-02-04 12:07:51,3.669,qwecocacola,13.333,1.515,0,31,1,5.7,4,28.125,7.463,11.765,1,1,20,150,2,4,0,376
2026-02-04 13:43:18,3.456,qwecocacola,18.033,3.614,1,16,0,4.364,8,20,17.647,17.241,5,2,22,122,3,3,0,376
2026-02-07 10:29:10,3.461,qwecocacola,16.154,2.107,1,33,0,5.381,5,31.818,7.273,18.868,1,1,21,130,2,4,0,376
2026-03-04 14:45:10,3.234,qwecocacola,14.189,1.536,1,29,1,5.762,2,22.222,7.576,17.391,2,0,21,148,2,3,1,376
2026-03-21 14:05:45,3.149,qwecocacola,10.4,1.915,1,19,1,5.154,3,3.704,9.524,17.143,2,1,13,125,2,3,0,376
2026-02-06 18:13:10,0.4,erzakuran,4.167,0.364,0,9,2,5.8,0,9.375,1.923,2.778,0,0,5,120,2,4,0,378
2026-01-18 07:26:58,6.548,CipherKai,28.333,6.393,0,13,0,4.412,13,34.783,22.222,35.294,4,6,34,120,3,3,0,379
2026-01-27 02:46:22,6.555,CipherKai,30.303,4.47,2,31,0,5.05,8,34.483,26.667,32.558,3,2,40,132,4,1,1,379
2026-02-08 11:33:44,6.858,CipherKai,35.971,5.16,3,29,0,4.9,15,38,34.483,35.484,5,5,50,139,2,4,0,379
2026-02-21 07:37:52,6.659,CipherKai,32.773,5.8,1,14,1,5.103,7,42.857,27.778,30,4,2,39,119,5,1,0,379
2026-02-22 04:59:06,7.072,CipherKai,25.0,5.781,3,27,0,4.2,14,29.032,17.188,33.333,7,9,35,140,1,5,0,379
2026-03-01 17:42:33,6.659,CipherKai,37.762,6.117,2,25,0,4.593,14,44.444,33.333,38.298,6,5,54,143,2,3,0,379
2026-03-15 19:01:50,6.672,CipherKai,38.776,7.34,0,9,1,4.877,16,50.98,24.138,44.737,7,5,57,147,4,2,0,379
2026-03-16 16:08:49,6.85,CipherKai,32.867,5.927,3,27,0,4.213,16,28.125,29.688,40.426,4,12,47,143,2,4,0,379
2026-04-16 00:39:38,6.664,CipherKai,32.673,6.731,2,14,0,4.424,13,48.276,28.571,23.333,8,1,33,101,3,2,0,379
2026-04-18 07:38:54,6.756,CipherKai,28.571,3.084,0,10,3,6.0,2,30.952,26.316,30.233,0,1,46,161,4,1,1,379
2026-04-21 00:49:52,7.058,CipherKai,40.288,8.15,1,21,0,4.321,18,47.222,33.333,44.186,7,3,56,139,6,0,0,379
2026-05-30 04:57:21,7.654,CipherKai,30.882,3.924,0,8,0,5.571,4,39.286,27.143,31.579,2,1,42,136,3,3,0,379
2026-05-30 09:01:45,7.653,CipherKai,35.385,5.633,1,18,0,5.152,6,47.826,30.882,35.897,4,2,46,130,6,0,0,379
2026-06-01 05:57:19,7.654,CipherKai,32.867,5.266,3,33,0,4.702,14,42.105,25.373,36.842,5,6,47,143,1,5,0,379
2026-06-03 04:26:23,7.848,CipherKai,35.593,4.503,0,12,0,5.19,6,39.286,31.111,37.778,1,2,42,118,0,5,0,379
2026-06-16 00:10:57,7.348,CipherKai,40.0,7.515,5,22,0,4.158,13,60.714,27.5,37.037,9,4,38,95,4,1,0,379
2026-01-01 22:39:32,3.5,Shiku,20.0,3.5,1,18,0,4.588,6,42.308,8.571,12.5,2,3,17,85,2,3,0,382
2026-01-04 14:34:40,3.364,Shiku,23.232,3.27,0,15,0,4.826,4,43.75,13.514,13.333,1,2,23,99,2,3,0,382
2026-01-22 22:13:39,3.235,Shiku,14.912,2.381,1,27,0,4.706,5,17.391,14.754,13.333,2,2,17,114,4,1,0,382
2026-02-19 20:56:12,3.6,Shiku,21.477,2.139,0,35,0,5.562,6,45,5.455,20.37,2,3,32,149,1,5,0,382
2026-02-22 17:23:05,3.139,Shiku,13.846,1.592,0,13,0,5.611,2,25,11.429,11.111,1,0,18,130,1,5,0,382
2026-03-01 17:42:33,2.678,Shiku,27.523,2.752,0,25,0,5.4,3,62.963,19.565,11.111,2,1,30,109,3,2,0,382
2026-03-28 15:30:09,2.803,Shiku,21.488,2.341,1,20,3,5.846,2,42.424,18,7.895,3,0,26,121,1,5,0,382
2026-03-28 22:07:01,2.348,Shiku,14.141,2.12,1,11,0,5.5,2,29.167,6.383,14.286,2,0,14,99,1,4,0,382
2026-04-18 21:12:03,2.006,Shiku,23.913,3.041,0,19,0,5.0,5,44,17.5,14.815,4,1,22,92,2,3,0,382
2026-04-25 21:35:54,1.912,Shiku,17.391,1.85,0,34,1,5.458,4,40.625,7.692,14.634,2,2,24,138,5,1,0,382
2026-05-03 13:50:06,2.336,Shiku,17.323,2.147,0,22,0,5.545,5,48,11.111,7.692,5,0,22,127,2,3,0,382
2026-05-05 14:09:04,2.243,Shiku,18.978,1.855,0,21,1,5.692,2,30.556,15.625,13.514,0,0,26,137,1,3,1,382
2026-05-06 21:00:14,2.039,Shiku,24.444,2.421,0,18,0,5.667,2,46.512,13.115,16.129,0,0,33,135,2,4,0,382
2026-05-15 17:46:44,1.809,Shiku,27.007,3.973,1,27,1,5.135,10,70.968,11.429,19.444,4,3,37,137,5,0,0,382
2026-05-18 21:53:11,2.854,Shiku,23.418,2.669,0,33,2,5.378,8,47.619,12.698,16.981,2,1,37,158,3,3,0,382
2026-06-06 14:12:19,2.859,Shiku,18.571,2.582,1,26,0,5.385,4,37.838,8.955,16.667,2,1,26,140,4,2,0,382
2026-06-10 21:20:02,3.062,Shiku,20.611,2.082,0,27,4,5.852,5,36.111,15.385,13.333,3,1,27,131,3,2,0,382
2026-06-17 16:20:35,3.167,Shiku,20.896,2.875,1,23,0,5.214,5,51.852,13.636,12.195,1,2,28,134,1,5,0,382
2026-07-03 21:32:13,2.741,Shiku,20.354,2.73,0,13,1,5.304,3,40,15.517,17.143,3,0,23,113,3,2,1,382
2026-01-17 16:40:47,19.123,Miki_Hoshii,68.0,22.094,14,13,0,3.588,48,80.851,66,50,19,22,85,125,2,3,0,384
2026-01-17 16:42:16,19.123,Miki_Hoshii,68.0,22.094,14,13,0,3.588,48,80.851,66,50,19,22,85,125,2,3,0,384
2026-01-20 00:30:42,19.003,Miki_Hoshii,64.179,16.114,11,19,0,3.988,39,95,57.812,36.667,16,18,86,134,3,2,1,384
2026-01-27 02:46:22,19.116,Miki_Hoshii,56.818,14.795,11,31,0,3.88,35,93.103,46.667,46.512,13,18,75,132,4,1,1,384
2026-01-27 05:46:13,19.437,Miki_Hoshii,60.265,19.061,18,29,0,3.396,53,81.818,47.887,58.333,26,24,91,151,3,2,1,384
2026-01-31 08:22:55,19.549,Miki_Hoshii,61.157,15.144,6,14,0,4.581,20,80,56.14,56.41,7,10,74,121,2,2,1,384
2026-02-02 00:40:03,19.542,Miki_Hoshii,51.449,15.124,13,35,0,3.901,31,72.093,46.552,35.135,15,14,71,138,3,3,0,384
2026-02-17 21:05:31,19.865,Miki_Hoshii,57.5,19.216,13,16,1,3.348,42,80,57.143,40.625,17,20,69,120,3,2,0,384
2026-02-19 20:56:12,19.97,Miki_Hoshii,60.656,18.832,19,28,0,3.392,45,81.481,63.158,42.105,26,15,74,122,5,1,0,384
2026-02-26 01:09:58,20.403,Miki_Hoshii,60.417,20.73,19,27,0,3.391,51,81.25,63.492,42.857,22,25,87,144,2,4,0,384
2026-03-09 14:33:55,20.187,Miki_Hoshii,60.15,21.359,12,21,0,3.625,41,79.487,60.656,36.364,17,19,80,133,4,2,0,384
2026-03-15 00:14:27,20.406,Miki_Hoshii,68.548,17.183,6,14,0,4.082,35,94.118,69.492,38.71,12,13,85,124,4,1,0,384
2026-03-19 19:00:40,20.406,Miki_Hoshii,55.556,17.07,9,25,0,3.694,49,96.774,53.846,35.088,14,26,85,153,3,3,0,384
2026-03-23 19:15:16,20.4,Miki_Hoshii,60.87,17.371,4,13,0,3.557,42,82.759,59.524,47.727,12,27,70,115,2,3,0,384
2026-03-24 13:55:04,20.295,Miki_Hoshii,58.779,15.192,20,34,0,3.468,46,90,53.125,43.243,24,22,77,131,4,2,0,384
2026-04-05 17:46:11,20.487,Miki_Hoshii,63.063,18.106,11,13,0,4.314,28,80.645,60,50,13,7,70,111,3,2,0,384
2026-04-14 05:05:01,20.586,Miki_Hoshii,56.25,14.042,4,13,0,4.19,26,90.909,53.333,36.667,7,17,63,112,2,2,1,384
2026-04-16 00:39:38,20.598,Miki_Hoshii,61.386,18.588,7,14,0,3.468,38,75.862,61.905,46.667,16,17,62,101,3,2,0,384
2026-04-16 06:43:37,20.69,Miki_Hoshii,59.859,17.093,29,33,0,2.8,56,86.207,59.42,43.182,35,19,85,142,3,3,0,384
2026-04-19 09:37:53,20.621,Miki_Hoshii,58.716,17.856,5,14,0,3.922,29,70.968,68,28.571,17,6,64,109,4,1,0,384
2026-04-21 00:49:52,20.91,Miki_Hoshii,60.811,18.409,9,18,0,3.533,54,71.053,60.606,52.273,12,38,90,148,2,4,0,384
2026-04-22 06:15:10,20.7,Miki_Hoshii,65.306,24.818,14,12,0,3.719,33,90.476,61.538,52,18,14,64,98,3,2,0,384
2026-04-23 15:00:23,20.803,Miki_Hoshii,63.975,22.107,23,31,0,3.777,49,87.5,64.706,45.455,29,22,103,161,5,1,0,384
2026-04-28 14:08:03,21.205,Miki_Hoshii,55.14,17.047,9,28,0,3.475,35,85,49.091,46.875,15,13,59,107,2,3,0,384
2026-05-01 11:41:50,21.107,Miki_Hoshii,54.331,18.162,16,31,0,3.13,46,83.784,48.077,34.211,22,22,69,127,2,4,0,384
2026-05-04 18:44:00,20.951,Miki_Hoshii,64.0,20.429,17,19,0,3.587,43,88.889,57.812,55.882,21,20,80,125,3,2,0,384
2026-05-14 07:57:04,21.052,Miki_Hoshii,62.893,19.979,19,34,0,3.63,57,80.645,70.149,45.902,27,27,100,159,3,3,0,384
2026-05-14 21:21:37,21.052,Miki_Hoshii,66.176,19.88,8,13,0,4.322,29,94.118,67.857,43.478,9,22,90,136,2,3,0,384
2026-05-17 09:37:26,20.956,Miki_Hoshii,63.636,18.693,4,14,0,3.786,43,92.857,57.576,52.632,7,30,84,132,2,4,0,384
2026-05-18 06:06:48,20.764,Miki_Hoshii,64.444,23.314,12,18,1,3.471,50,89.655,62.687,48.718,19,30,87,135,3,3,0,384
2026-05-21 07:13:01,20.781,Miki_Hoshii,68.852,17.078,10,16,0,3.845,43,100,59.259,57.895,15,24,84,122,5,1,0,384
2026-05-24 13:57:54,21.165,Miki_Hoshii,59.259,17.65,13,28,0,3.406,40,82.759,66.667,32.432,13,22,64,108,1,4,0,384
2026-05-25 12:49:49,20.883,Miki_Hoshii,64.754,19.821,10,11,0,3.608,45,78.788,69.231,45.946,15,25,79,122,1,5,0,384
2026-05-26 08:23:25,20.506,Miki_Hoshii,67.073,20.861,14,16,0,3.936,49,83.721,64.706,56.604,18,24,110,164,3,2,1,384
2026-05-28 13:55:32,20.612,Miki_Hoshii,56.934,15.951,25,36,0,2.987,52,73.913,64.062,40,30,19,78,137,1,5,0,384
2026-05-28 16:09:41,20.224,Miki_Hoshii,50.0,14.985,11,29,0,3.662,37,65.385,55.172,36.538,14,18,68,136,2,4,0,384
2026-05-28 18:22:53,20.04,Miki_Hoshii,63.043,19.283,18,20,0,3.356,51,80,60.294,55,21,26,87,138,2,4,0,384
2026-06-02 14:21:12,19.85,Miki_Hoshii,63.2,18.456,7,11,0,4.342,29,76.19,64.444,47.368,12,11,79,125,4,2,0,384
2026-06-04 18:25:20,20.042,Miki_Hoshii,69.799,22.896,26,24,0,3.567,62,87.234,66.154,54.054,29,22,104,149,4,2,0,384
2026-06-10 18:04:55,20.216,Miki_Hoshii,66.372,20.477,9,10,0,3.653,35,91.304,67.347,51.22,13,22,75,113,3,2,0,384
2026-06-10 21:20:02,20.305,Miki_Hoshii,63.478,18.778,14,22,0,3.562,39,87.097,64.815,36.667,17,18,73,115,2,3,0,384
2026-06-11 14:01:41,20.218,Miki_Hoshii,57.522,15.299,7,16,0,3.908,31,82.143,52.941,44.118,13,20,65,113,2,3,0,384
2026-06-16 23:18:25,20.122,Miki_Hoshii,54.167,15.765,5,24,0,3.538,37,66.667,56.604,42.5,11,22,65,120,1,3,1,384
2026-06-22 00:04:06,19.941,Miki_Hoshii,60.741,18.945,11,19,0,4.244,38,71.429,62.857,48.649,13,18,82,135,2,2,1,384
2026-06-25 17:15:02,19.937,Miki_Hoshii,49.58,14.185,10,32,0,3.661,29,77.778,55.319,26.667,14,14,59,119,3,2,0,384
2026-01-17 05:38:38,7.5,ponbot,27.2,5.89,1,20,1,4.735,14,41.667,21.875,27.027,7,3,34,125,4,1,0,387
2026-01-18 12:22:26,7.86,ponbot,27.273,4.458,2,50,2,4.889,15,46.512,15.068,28.571,8,5,45,165,2,3,1,387
2026-02-04 13:43:18,7.742,ponbot,26.897,5.991,1,31,0,4.231,15,40.625,19.178,30,3,11,39,145,4,2,0,387
2026-02-20 14:01:01,7.988,ponbot,27.465,4.525,2,28,0,5.41,9,37.5,27.027,19.444,2,2,39,142,0,5,1,387
2026-02-21 09:56:08,7.418,ponbot,33.333,5.952,1,13,1,4.787,14,40,27.419,37.037,6,3,47,141,4,2,0,387
2026-02-23 11:23:01,7.636,ponbot,25.352,4.603,0,27,2,4.528,15,35.714,21.875,19.444,2,7,36,142,3,3,0,387
2026-03-06 10:48:41,7.651,ponbot,24.265,3.821,2,41,1,4.515,11,35.484,16.667,28.205,3,7,33,136,3,3,0,387
2026-04-27 05:23:52,7.66,ponbot,31.818,5.648,4,26,0,4.286,13,45.161,21.739,33.333,5,6,35,110,1,5,0,387
2026-04-29 09:20:39,7.213,ponbot,21.324,3.296,2,35,0,4.793,10,36.364,14.286,19.149,5,3,29,136,4,2,0,387
2026-04-30 14:25:20,7.431,ponbot,29.448,4.435,3,47,0,4.708,11,53.846,21.918,21.569,7,2,48,163,3,3,0,387
2026-05-04 13:50:06,7.412,ponbot,24.667,4.704,1,29,0,4.838,8,38.889,14.754,26.415,3,7,37,150,2,4,0,387
2026-05-09 10:03:51,7.223,ponbot,33.824,4.766,10,51,0,3.457,26,51.515,28.571,27.66,11,11,46,136,3,3,0,387
2026-05-11 10:54:27,7.284,ponbot,39.073,5.617,4,34,0,5.068,17,41.176,36.62,41.304,8,7,59,151,3,1,2,387
2026-05-17 09:37:26,7.496,ponbot,26.446,3.884,0,12,1,5.312,6,45.161,23.333,13.333,2,3,32,121,3,3,0,387
2026-05-21 07:13:01,7.502,ponbot,24.545,2.926,1,23,0,5.333,5,45.455,17.308,22.222,2,0,27,110,2,4,0,387
2026-05-24 13:57:54,7.303,ponbot,30.894,5.581,3,32,0,4.553,14,56.25,21.569,22.5,4,6,38,123,4,1,0,387
2026-05-25 07:30:37,7.606,ponbot,26.515,5.444,1,23,1,4.486,11,36.364,23.529,26.19,6,0,35,132,0,6,0,387
2026-05-25 14:28:52,6.993,ponbot,23.226,3.088,1,30,1,5.639,7,38.462,18.919,16.667,3,5,36,155,3,3,0,387
2026-05-26 13:56:18,6.995,ponbot,26.724,5.123,2,29,0,4.387,12,37.037,17.308,32.432,4,6,31,116,4,2,0,387
2026-05-28 13:55:32,7.2,ponbot,31.69,5.932,5,42,0,3.844,20,40.541,19.672,40.909,12,3,45,142,4,2,0,387
2026-05-29 07:43:45,7.415,ponbot,28.676,4.773,2,30,0,4.436,18,50,20.29,22.581,3,12,39,136,3,3,0,387
2026-05-29 13:51:29,7.409,ponbot,31.132,5.005,2,24,0,4.091,13,46.154,30,22.5,4,4,33,106,3,3,0,387
2026-05-31 11:11:49,7.39,ponbot,28.378,5.768,5,29,0,4.452,16,41.463,23.881,22.5,6,5,42,148,3,2,1,387
2026-06-01 05:57:19,7.409,ponbot,27.273,4.811,3,33,2,4.59,14,42.105,16.418,31.579,7,6,39,143,1,5,0,387
2026-06-05 14:41:15,7.105,ponbot,32.768,4.759,2,28,1,5.241,10,46.939,26.667,28.302,5,2,58,177,3,2,1,387
2026-01-04 11:41:01,0.337,Tsuni,12.195,1.541,0,13,1,5.533,3,22.581,10.345,5.882,1,1,15,123,3,3,0,388
2026-01-17 10:39:09,0.007,Tsuni,11.268,1.239,2,56,2,4.062,8,15.789,9.091,10.526,3,4,16,142,2,3,1,388
2026-01-18 12:22:26,-0.124,Tsuni,11.905,2.175,0,27,0,4.6,5,10.526,10.169,17.241,4,2,15,126,3,3,0,388
2026-01-19 13:49:48,-0.154,Tsuni,10.924,1.47,0,22,1,5.308,3,22.581,6.154,8.696,1,2,13,119,4,2,0,388
2026-01-20 11:16:49,0.054,Tsuni,10.833,2.427,1,25,1,4.154,7,10.714,10.909,10.811,2,3,13,120,3,3,0,388
2026-01-22 14:29:28,0.051,Tsuni,9.821,1.162,1,21,2,5.455,1,8.108,12.766,7.143,1,0,11,112,1,5,0,388
2026-03-24 13:55:04,-0.369,Tsuni,9.924,0.752,0,34,5,5.846,2,10,12.5,5.405,0,1,13,131,4,2,0,388
2026-04-21 18:25:22,-0.167,Tsuni,9.333,0.757,0,32,1,6.071,2,7.895,8.065,12,1,1,14,150,4,2,0,388
2026-01-07 14:00:01,2.791,Kyuuuu,18.018,2.969,0,12,4,4.85,5,12.121,17.647,25.926,1,3,20,111,3,2,0,393
2026-01-11 19:25:15,2.903,Kyuuuu,13.077,1.992,1,15,3,5.412,4,17.949,5.556,18.919,2,1,17,130,4,2,0,393
2026-01-16 18:32:49,3.127,Kyuuuu,10.619,1.903,1,12,3,4.583,3,14.286,5.882,14.634,2,1,12,113,2,3,0,393
2026-01-17 10:39:09,3.017,Kyuuuu,14.085,1.396,2,55,0,4.1,11,15.152,15.873,10.87,4,5,20,142,1,5,0,393
2026-04-11 13:56:22,2.585,Kyuuuu,11.111,2.203,0,17,5,4.824,6,9.091,8.621,15.686,0,1,17,153,3,3,0,393
2026-04-13 14:04:29,2.58,Kyuuuu,10.377,1.359,1,8,0,5.273,1,16,3.774,17.857,2,0,11,106,2,4,0,393
2026-04-16 00:39:38,2.368,Kyuuuu,9.649,2.018,0,16,5,4.182,5,11.765,6.122,12.903,2,2,11,114,1,4,0,393
2026-04-17 14:03:23,2.043,Kyuuuu,16.0,2.041,0,32,2,4.65,5,22.857,8,20,2,0,20,125,3,1,1,393
2026-04-19 09:37:53,2.261,Kyuuuu,16.529,2.286,0,15,2,5.65,4,21.875,13.725,15.789,3,0,20,121,4,1,0,393
2026-04-21 00:49:52,2.581,Kyuuuu,10.0,1.107,1,24,0,6.067,2,20.455,2.857,11.111,1,1,15,150,2,4,0,393
2026-04-21 10:13:47,2.389,Kyuuuu,14.019,3.929,0,11,1,3.8,8,19.355,12.766,10.345,3,2,15,107,1,4,0,393
2026-04-22 10:47:24,2.075,Kyuuuu,14.793,3.052,3,28,4,4.88,7,17.647,9.859,18.75,3,2,25,169,4,1,1,393
2026-04-24 14:02:24,2.375,Kyuuuu,14.961,3.532,2,31,0,4.263,10,16.216,10.909,20,3,6,19,127,2,3,0,393
2026-04-28 14:08:03,2.284,Kyuuuu,11.404,2.346,0,24,0,4.308,5,9.091,11.475,12.903,3,0,13,114,2,3,0,393
2026-04-29 09:20:39,2.18,Kyuuuu,13.008,2.082,1,33,3,4.562,4,13.333,10.169,17.647,2,1,16,123,1,5,0,393
2026-04-29 13:52:18,1.787,Kyuuuu,9.22,1.979,1,28,4,4.692,4,3.03,11.268,10.811,2,2,13,141,2,4,0,393
2026-04-30 07:23:58,1.571,Kyuuuu,11.905,1.53,0,13,1,5.2,4,8.824,11.765,14.634,0,4,15,126,3,3,0,393
2026-04-30 14:25:20,1.566,Kyuuuu,15.333,1.705,1,36,2,5.391,4,16.279,7.692,26.19,3,0,23,150,3,2,1,393
2026-05-01 11:41:50,1.686,Kyuuuu,14.179,2.546,0,28,1,4.632,8,16.667,9.836,18.605,1,4,19,134,4,1,1,393
2026-05-01 21:20:47,1.971,Kyuuuu,20.27,4.45,3,18,1,4.3,11,24.444,15.517,22.222,5,5,30,148,3,3,0,393
2026-05-02 09:39:52,1.955,Kyuuuu,13.139,2.207,0,27,3,5.0,3,13.158,16.071,9.302,3,0,18,137,5,1,0,393
2026-05-05 14:09:04,2.357,Kyuuuu,13.71,2.66,1,28,3,4.882,7,21.212,10.87,11.111,1,2,17,124,2,3,0,393
2026-05-09 10:03:51,2.265,Kyuuuu,11.765,1.394,4,77,3,4.1,8,13.514,10.39,12.5,6,1,20,170,4,2,0,393
2026-05-14 21:21:37,2.443,Kyuuuu,14.685,4.345,4,16,0,4.667,5,15.625,14.493,14.286,4,1,21,143,3,2,0,393
2026-05-16 04:37:10,2.535,Kyuuuu,7.955,1.332,0,8,0,4.429,2,15.789,8.333,0,0,1,7,88,1,4,0,393
2026-05-16 10:16:26,1.968,Kyuuuu,12.308,3.609,2,12,1,4.375,7,11.429,10.938,16.129,4,2,16,130,5,1,0,393
2026-05-17 21:31:48,2.696,Kyuuuu,13.178,1.266,0,16,0,5.706,3,21.429,9.524,13.158,3,0,17,129,4,2,0,393
2026-05-20 22:26:33,2.871,Kyuuuu,13.333,2.478,2,29,0,4.45,7,18.421,11.111,12.245,5,1,20,150,0,6,0,393
2026-05-22 21:04:09,2.315,Kyuuuu,23.148,3.557,2,13,1,5.08,4,23.333,22.449,24.138,2,2,25,108,4,1,0,393
2026-05-23 06:57:28,2.615,Kyuuuu,11.111,2.284,2,17,4,5.286,3,9.677,12.727,10,2,1,14,126,1,4,0,393
2026-05-25 12:49:49,2.33,Kyuuuu,17.213,2.304,0,11,2,5.381,5,24.242,15.385,13.514,1,2,21,122,1,5,0,393
2026-05-27 11:00:45,1.958,Kyuuuu,11.348,1.973,0,20,7,5.125,3,13.333,10.448,11.364,1,2,16,141,3,3,0,393
2026-05-28 10:37:26,1.961,Kyuuuu,9.589,1.125,1,41,2,5.429,3,18.75,4.412,10.87,1,1,14,146,2,4,0,393
2026-06-11 14:01:41,1.774,Kyuuuu,12.397,2.218,1,13,4,4.733,5,11.111,6.78,26.923,2,1,15,121,3,2,0,393
2026-05-03 13:50:06,7.0,Komari,25.743,6.15,1,19,1,4.0,11,29.167,21.739,29.032,3,7,26,101,1,4,0,394
2026-01-01 22:39:32,-0.135,LordGrond,17.582,1.25,0,14,3,6.312,2,45.455,4.545,16,1,0,16,91,3,2,0,395
2026-01-03 00:30:48,-0.034,LordGrond,11.45,1.171,0,17,2,5.733,4,17.073,4,15,1,1,15,131,2,4,0,395
2026-01-07 01:49:38,-0.237,LordGrond,7.692,0.629,0,31,1,5.636,1,11.905,5.66,6.25,0,1,11,143,5,1,0,395
2026-01-18 05:07:20,0.215,LordGrond,2.857,0.062,0,34,1,7.0,0,7.692,2.041,0,0,0,3,105,2,3,0,395
2026-01-24 06:26:17,0.113,LordGrond,13.889,1.716,0,18,2,5.3,4,16.129,13.699,12.5,2,0,20,144,4,2,0,395
2026-01-27 02:46:22,0.327,LordGrond,9.74,0.846,0,30,4,5.933,1,18.75,4.167,12,1,0,15,154,2,4,0,395
2026-02-16 18:20:23,0.09,LordGrond,10.323,0.966,0,26,1,5.688,4,11.429,9.459,10.87,0,2,16,155,4,2,0,395
2026-02-17 21:05:31,0.309,LordGrond,10.769,1.369,1,27,0,5.643,2,16,7.812,12.195,1,0,14,130,3,2,0,395
2026-02-20 05:26:49,0.374,LordGrond,12.583,1.376,1,11,2,6.263,2,15.909,6.667,17.021,1,1,19,151,5,1,0,395
2026-02-21 05:13:59,0.806,LordGrond,11.278,2.554,1,14,3,5.0,5,14.815,4.615,19.512,3,2,15,133,2,3,1,395
2026-03-19 04:19:23,0.699,LordGrond,10.526,1.616,0,9,7,5.429,3,11.429,11.864,7.692,2,0,14,133,4,2,0,395
2026-03-23 04:20:46,0.897,LordGrond,9.317,1.489,0,23,2,5.133,2,17.778,6.944,4.545,0,2,15,161,1,5,0,395
2026-03-27 05:20:46,0.494,LordGrond,8.491,0.958,0,35,1,5.0,3,12,8.889,5.556,1,1,9,106,4,2,0,395
2026-04-06 04:10:38,0.692,LordGrond,7.971,1.141,0,25,1,5.364,3,10,3.922,10.526,0,2,11,138,1,5,0,395
2026-04-14 05:05:01,0.286,LordGrond,7.874,0.319,0,19,1,6.8,0,14.286,6.061,3.846,0,0,10,127,2,3,0,395
2026-04-23 05:08:06,0.181,LordGrond,11.504,1.429,1,20,3,5.462,2,4.167,10.417,17.073,2,0,13,113,2,3,0,395
2026-04-24 04:52:40,0.027,LordGrond,9.559,0.883,0,25,0,5.769,2,8.333,5,17.5,1,0,13,136,1,4,1,395
2026-04-27 05:23:52,-0.263,LordGrond,10.156,0.825,0,35,1,5.615,1,18.182,10.606,5,0,2,13,128,2,4,0,395
2026-04-28 05:07:35,-0.437,LordGrond,9.286,1.6,1,20,0,4.923,4,16,5.797,10.87,2,0,13,140,3,3,0,395
2026-05-01 04:08:42,-0.445,LordGrond,12.069,1.376,1,31,0,5.071,2,14.286,9.091,15,2,0,14,116,5,1,0,395
2026-05-06 23:26:01,-0.077,LordGrond,9.459,0.796,0,43,0,5.571,1,11.429,4.545,14.894,1,0,14,148,5,1,0,395
2026-05-16 04:37:10,0.316,LordGrond,8.772,1.42,1,15,2,5.5,2,19.444,3.509,4.762,2,0,10,114,3,2,0,395
2026-06-04 23:57:00,0.504,LordGrond,19.048,2.619,1,16,2,5.464,7,20.513,10.769,30.233,5,2,28,147,4,2,0,395
2026-06-07 04:19:09,0.7,LordGrond,9.929,0.584,0,21,3,6.571,0,14.706,4.762,13.636,0,0,14,141,1,4,0,395
2026-06-13 04:37:13,0.146,LordGrond,11.594,1.779,1,6,9,5.938,3,9.375,11.765,13.158,2,1,16,138,3,2,0,395
2026-06-19 21:13:50,0.248,LordGrond,10.638,2.01,1,12,0,4.9,2,7.407,2.564,25,2,0,10,94,3,2,0,395
2026-06-29 03:00:46,0.347,LordGrond,13.768,1.298,0,13,1,5.947,1,12.195,10,21.622,1,1,19,138,2,4,0,395
2026-01-01 10:11:46,6.405,kabao,27.007,3.061,0,31,1,5.297,6,37.037,23.188,26.829,2,5,37,137,1,4,0,398
2026-01-02 08:00:50,6.146,kabao,25.439,5.154,0,20,0,4.552,13,46.429,20,16.667,5,2,29,114,4,1,0,398
2026-01-02 13:57:28,6.439,kabao,23.894,4.754,2,23,0,5.148,7,26.923,24.528,20.588,3,2,27,113,2,3,0,398
2026-01-03 05:26:37,6.346,kabao,22.857,4.476,3,63,0,4.5,13,40.541,20.833,15.152,6,6,40,175,1,5,0,398
2026-01-04 14:34:40,5.952,kabao,28.736,3.839,0,11,0,5.08,6,33.333,23.684,31.818,1,1,25,87,4,1,0,398
2026-01-05 14:10:20,6.248,kabao,20.472,3.458,1,18,1,5.346,5,25,11.538,28.205,2,1,26,127,2,4,0,398
2026-01-06 14:13:54,6.05,kabao,26.531,4.203,1,21,1,5.538,8,41.176,17.647,28.889,2,4,39,147,2,4,0,398
2026-01-07 14:00:01,5.872,kabao,30.693,6.954,3,15,0,4.516,11,32,27.083,35.714,4,4,31,101,1,4,0,398
2026-01-07 16:34:15,5.58,kabao,26.471,4.457,1,24,0,4.833,12,27.778,26.087,25.806,5,2,36,136,5,1,0,398
2026-01-09 14:00:22,5.953,kabao,25.342,3.585,1,22,0,5.405,5,41.176,18.571,23.81,3,1,37,146,4,2,0,398
2026-01-12 05:30:57,6.131,kabao,23.577,3.777,0,17,0,4.897,6,28,20,26.316,0,3,29,123,0,4,1,398
2026-01-14 05:49:52,5.655,kabao,30.405,5.562,5,26,2,5.4,8,53.571,28.75,17.5,6,2,45,148,5,1,0,398
2026-01-14 17:31:59,6.021,kabao,22.764,4.288,3,27,0,4.643,8,40.625,19.608,12.5,4,4,28,123,3,2,0,398
2026-01-18 10:29:54,6.121,kabao,27.966,5.235,0,15,0,4.455,14,44.444,23.729,21.875,2,1,33,118,3,2,0,398
2026-01-19 13:49:48,6.206,kabao,24.427,4.685,4,37,0,4.719,9,38.462,19.672,16.129,5,4,32,131,3,3,0,398
2026-01-20 11:16:49,6.209,kabao,19.149,3.514,3,40,0,4.556,9,25.714,18.571,13.889,5,2,27,141,4,2,0,398
2026-01-20 19:15:46,6.389,kabao,23.81,3.91,2,23,1,5.133,8,38.462,21.127,17.241,4,5,30,126,1,5,0,398
2026-01-22 09:18:28,6.001,kabao,25.157,3.077,0,35,0,5.45,6,31.111,21.429,25,5,1,40,159,4,2,0,398
2026-01-27 19:12:40,6.195,kabao,33.557,6.79,3,20,0,4.6,17,46.875,31.944,26.667,11,4,50,149,5,1,0,398
2026-01-30 19:32:32,6.559,kabao,29.752,3.562,0,18,0,5.361,8,44,19.672,37.143,4,1,36,121,2,4,0,398
2026-01-31 16:22:08,6.357,kabao,28.947,5.537,2,36,0,4.273,18,39.394,27.143,24.49,6,6,44,152,5,1,0,398
2026-02-01 10:15:38,6.719,kabao,22.656,3.71,1,29,1,4.276,12,31.034,19.697,21.212,5,3,29,128,3,3,0,398
2026-02-02 13:53:19,6.72,kabao,20.769,4.339,0,20,2,4.889,9,37.5,18.644,14.894,3,2,27,130,3,3,0,398
2026-02-04 13:43:18,6.724,kabao,18.548,3.399,1,17,1,4.565,6,28.571,13.115,20,1,4,23,124,3,3,0,398
2026-02-08 11:33:44,6.723,kabao,26.0,3.963,1,40,0,4.564,11,38.235,18.056,29.545,3,8,39,150,2,4,0,398
2026-02-09 18:53:08,6.534,kabao,26.316,3.029,1,5,1,5.5,1,40.909,19.048,21.212,1,0,20,76,1,4,0,398
2026-02-14 14:04:22,6.255,kabao,26.471,5.466,1,21,0,4.75,10,40.741,30,14.286,5,0,36,136,3,3,0,398
2026-02-15 19:18:05,6.26,kabao,19.512,3.621,1,24,0,4.375,9,31.579,19.643,14.583,3,2,24,123,1,5,0,398
2026-02-17 09:16:51,5.884,kabao,21.97,2.917,0,21,0,5.345,5,27.586,18.966,22.222,0,3,29,132,5,1,0,398
2026-02-18 16:22:28,6.22,kabao,26.875,4.798,4,34,0,4.93,13,28.571,29.87,20.833,6,2,43,160,3,3,0,398
2026-02-19 20:56:12,6.221,kabao,26.923,4.232,1,27,0,4.829,9,25.806,28.125,25.714,4,4,35,130,2,4,0,398
2026-02-20 14:01:01,6.038,kabao,22.222,2.604,0,24,3,5.767,5,42.308,15.942,20,0,3,30,135,3,2,1,398
2026-03-02 06:44:58,6.127,kabao,23.333,4.575,1,14,0,5.179,10,25,25.862,17.647,4,5,28,120,2,4,0,398
2026-03-02 19:23:01,5.934,kabao,25.658,4.437,0,41,0,4.692,12,39.394,22.667,20.455,6,2,39,152,3,3,0,398
2026-03-05 09:50:08,5.924,kabao,24.648,3.672,1,37,2,4.943,8,41.667,21.053,16.327,3,5,35,142,2,4,0,398
2026-03-07 13:52:35,5.738,kabao,27.869,5.325,2,25,0,4.882,9,43.75,23.729,19.355,5,5,34,122,3,2,0,398
2026-03-22 14:22:46,5.826,kabao,30.282,4.005,0,36,0,5.163,11,32.353,30.986,27.027,5,3,43,142,3,2,0,398
2026-03-24 10:46:54,5.912,kabao,25.478,4.194,1,39,2,4.875,14,37.5,24.242,17.647,3,5,40,157,2,3,1,398
2026-03-24 13:55:04,5.817,kabao,24.194,3.218,2,36,0,4.9,9,36.364,20.69,18.182,6,3,30,124,1,5,0,398
2026-03-26 10:19:38,5.46,kabao,25.568,3.532,2,51,0,4.6,16,43.478,17.284,22.449,3,9,45,176,3,3,0,398
2026-03-30 13:56:39,5.435,kabao,22.901,4.108,2,30,2,5.0,10,18.182,23.438,26.471,5,1,30,131,3,3,0,398
2026-04-01 14:00:26,5.436,kabao,29.688,5.481,2,17,3,5.5,10,55.882,23.636,15.385,7,2,38,128,3,3,0,398
2026-04-06 14:24:31,5.438,kabao,26.667,4.43,1,18,0,4.969,10,40,19.298,27.273,4,5,32,120,3,3,0,398
2026-04-09 00:14:04,5.419,kabao,27.607,4.592,2,34,1,5.133,9,36.111,30,17.021,3,4,45,163,1,4,1,398
2026-04-12 04:56:46,5.138,kabao,23.977,3.402,1,29,2,5.488,7,33.333,22.222,20.37,3,2,41,171,3,3,0,398
2026-04-16 00:39:38,5.136,kabao,22.881,3.735,2,14,1,4.852,4,30.556,22.449,15.152,4,0,27,118,2,3,0,398
2026-04-16 18:35:33,5.047,kabao,29.412,6.824,1,17,0,4.356,18,37.037,25,25.926,7,5,45,153,2,3,1,398
2026-04-20 05:13:11,4.956,kabao,31.944,5.145,0,9,0,5.065,9,50,24,32.432,3,2,46,144,3,3,0,398
2026-04-20 13:47:22,4.956,kabao,28.289,5.603,1,30,0,4.488,14,50,22.034,17.647,4,5,43,152,5,1,0,398
2026-04-21 13:51:52,5.315,kabao,19.847,3.716,1,27,0,4.538,7,29.63,13.115,23.256,3,1,26,131,3,3,0,398
2026-04-22 10:47:24,5.307,kabao,30.811,5.385,0,29,0,4.842,18,44.186,26.582,26.984,4,11,57,185,1,5,0,398
2026-04-23 05:08:06,4.954,kabao,25.439,3.853,0,34,1,4.621,10,35.714,19.149,25.641,1,5,29,114,1,4,0,398
2026-04-23 10:37:04,4.702,kabao,29.139,4.875,2,27,0,5.0,9,38.235,28.358,24,3,3,44,151,4,1,1,398
2026-04-24 14:02:24,4.978,kabao,25.962,5.99,4,28,1,4.185,9,25,27.778,23.333,6,3,27,104,2,3,0,398
2026-04-28 14:08:03,4.876,kabao,25.234,4.206,0,28,0,4.778,9,45,20,21.875,2,4,27,107,2,3,0,398
2026-04-29 09:20:39,4.787,kabao,22.794,4.486,5,35,1,4.419,11,45.455,12.5,19.149,7,3,31,136,4,2,0,398
2026-04-30 07:23:58,4.966,kabao,30.159,5.401,1,13,0,4.5,11,50,23.529,21.951,6,3,38,126,3,3,0,398
2026-05-01 14:47:12,4.962,kabao,26.582,4.428,1,32,1,4.905,14,48.485,24.359,14.894,6,2,42,158,3,3,0,398
2026-05-04 13:50:06,4.967,kabao,29.252,6.44,5,32,1,4.791,12,43.59,21.154,26.786,9,4,43,147,3,3,0,398
2026-05-07 07:15:21,4.957,kabao,27.007,5.245,0,18,0,4.568,13,38.235,28.333,16.279,2,6,37,137,3,3,0,398
2026-05-07 14:18:37,4.95,kabao,33.108,5.683,2,31,0,4.857,13,42.222,28.333,30.233,7,4,49,148,5,1,0,398
2026-05-13 16:03:02,4.95,kabao,25.362,4.105,3,26,1,5.343,6,37.838,22.951,17.5,4,1,35,138,3,2,1,398
2026-05-16 13:47:04,5.029,kabao,21.622,3.327,0,29,0,5.344,6,44,20,11.628,3,1,32,148,2,4,0,398
2026-05-17 07:27:17,4.867,kabao,28.889,4.691,2,24,0,4.423,9,36.364,23.077,31.034,6,1,26,90,3,2,0,398
2026-05-17 15:14:41,4.952,kabao,29.31,5.138,0,5,0,5.235,10,45.455,27.66,16.667,3,0,34,116,4,2,0,398
2026-05-20 08:34:07,5.134,kabao,32.52,7.152,3,12,0,4.6,15,36.364,29.825,33.333,7,5,40,123,5,1,0,398
2026-05-22 14:23:24,5.49,kabao,26.531,3.664,0,12,0,5.256,8,33.333,23.333,24.444,2,4,39,147,2,3,1,398
2026-05-24 13:57:54,5.417,kabao,32.407,4.663,2,29,0,4.914,9,45.455,39.216,14.286,3,1,35,108,3,2,0,398
2026-05-25 14:28:52,5.511,kabao,23.636,4.641,1,9,0,4.769,10,47.368,24.074,10.811,4,3,26,110,0,6,0,398
2026-05-26 08:23:25,4.98,kabao,33.537,5.695,1,16,0,5.109,12,46.512,32.353,24.528,3,8,55,164,3,2,1,398
2026-05-26 13:56:18,5.08,kabao,26.891,6.228,4,33,0,3.906,14,40,23.438,25.714,8,5,32,119,5,1,0,398
2026-05-27 04:53:54,5.428,kabao,26.119,3.965,0,14,0,5.429,8,30,29.851,19.149,1,2,35,134,2,4,0,398
2026-05-27 14:37:10,5.26,kabao,32.0,5.267,1,43,1,4.911,18,57.895,23.684,26.23,2,7,56,175,2,3,1,398
2026-05-28 10:37:26,5.179,kabao,26.4,5.568,3,33,0,4.061,15,52.174,21.918,17.241,6,2,33,125,4,2,0,398
2026-05-28 13:55:32,5.357,kabao,22.695,3.057,2,41,0,4.562,9,29.268,18.644,21.951,3,3,32,141,3,3,0,398
2026-05-29 13:51:29,5.354,kabao,18.868,3.517,3,24,0,4.0,8,34.615,15,12.5,3,3,20,106,3,3,0,398
2026-06-03 04:26:23,5.337,kabao,27.778,2.701,0,13,1,5.767,4,40.909,27.451,20,0,2,30,108,3,2,0,398
2026-06-03 06:38:37,5.419,kabao,32.867,6.435,3,25,1,4.83,11,53.125,28.788,24.444,6,3,47,143,3,3,0,398
2026-06-04 18:25:20,5.426,kabao,30.612,5.626,3,22,0,4.844,13,51.282,30.303,11.905,5,4,45,147,3,3,0,398
2026-06-06 07:47:40,5.435,kabao,28.462,5.016,0,14,1,4.757,11,50,22.222,23.077,3,1,37,130,2,4,0,398
2026-06-06 14:12:19,5.258,kabao,21.875,4.37,1,20,1,4.607,8,35,11.765,21.622,2,5,28,128,2,4,0,398
2026-06-10 18:04:55,5.078,kabao,33.036,3.967,0,16,1,5.514,4,40,31.481,30.303,3,1,37,112,2,3,0,398
2026-06-11 14:01:41,4.98,kabao,24.793,4.252,0,13,0,4.633,12,27.778,25.424,19.231,4,0,30,121,3,2,0,398
2026-06-12 14:04:43,5.069,kabao,29.63,5.722,3,13,1,4.844,9,42.308,22.222,29.73,6,2,32,108,2,2,1,398
2026-06-25 17:15:02,5.068,kabao,26.05,3.952,0,32,0,4.806,9,48.148,23.404,15.556,4,1,31,119,3,2,0,398
2026-06-29 03:00:46,5.155,kabao,28.0,5.36,2,10,0,4.857,6,42.308,27.083,15.385,5,0,28,100,4,2,0,398
2026-07-02 13:52:04,5.326,kabao,28.448,4.851,1,23,0,4.97,10,55.882,17.778,16.216,5,2,33,116,2,3,0,398
2026-01-01 22:39:32,1.464,ElJuanchi,17.582,0.457,0,14,0,7.062,0,36.364,6.818,20,0,0,16,91,3,2,0,399
2026-01-17 00:37:47,1.566,ElJuanchi,15.517,1.518,1,37,3,5.519,4,34.091,2.532,19.608,2,1,27,174,2,3,1,399
2026-01-17 16:40:47,1.469,ElJuanchi,16.0,1.982,0,13,3,5.6,2,14.894,14,21.429,0,3,20,125,2,3,0,399
2026-01-17 16:42:16,1.469,ElJuanchi,16.0,1.982,0,13,3,5.6,2,14.894,14,21.429,0,3,20,125,2,3,0,399
2026-01-22 14:29:28,1.357,ElJuanchi,11.607,1.155,1,21,1,5.692,1,18.919,10.638,3.571,1,0,13,112,1,5,0,399
2026-02-02 00:40:03,0.943,ElJuanchi,16.026,0.891,0,39,2,6.48,1,30.769,10.606,11.765,0,0,25,156,1,5,0,399
2026-02-26 01:09:58,0.519,ElJuanchi,15.972,1.99,1,27,0,5.652,4,21.875,11.111,18.367,1,3,23,144,2,4,0,399
2026-03-19 14:23:48,0.305,ElJuanchi,13.772,1.194,1,45,2,6.13,4,20.93,6.944,17.308,2,1,23,167,3,3,0,399
2026-03-24 13:55:04,0.297,ElJuanchi,13.605,1.475,0,47,1,5.2,6,16.279,10.606,15.789,4,0,20,147,4,2,0,399
2026-04-05 17:46:11,0.518,ElJuanchi,17.949,2.176,0,9,0,5.762,3,20.69,14.035,22.581,1,2,21,117,1,4,0,399
2026-04-09 00:14:04,0.208,ElJuanchi,13.934,1.792,0,10,3,5.529,2,8.333,19.231,11.765,0,2,17,122,3,3,0,399
2026-04-12 04:56:46,0.225,ElJuanchi,12.057,1.378,0,13,0,5.588,3,25,11.765,2.439,1,1,17,141,2,4,0,399
2026-04-17 17:36:21,0.031,ElJuanchi,11.009,1.095,0,17,2,5.833,1,16.667,8.889,10,0,1,12,109,4,1,0,399
2026-04-25 14:37:20,0.339,ElJuanchi,10.135,1.334,0,32,3,5.133,3,6.667,8.974,15,1,1,15,148,3,3,0,399
2026-05-04 18:44:00,0.345,ElJuanchi,16.429,1.082,0,30,1,6.217,1,19.355,10.938,22.222,0,0,23,140,1,3,1,399
2026-05-17 21:31:48,-0.071,ElJuanchi,11.429,1.369,0,24,2,5.312,3,20,9.836,8.163,0,1,16,140,4,2,0,399
2026-05-20 14:25:13,0.136,ElJuanchi,16.379,1.249,0,22,1,5.895,2,29.167,6.522,19.565,0,1,19,116,3,2,0,399
2026-05-20 22:26:33,0.232,ElJuanchi,13.245,2.023,0,34,0,4.6,5,17.949,12.903,10,2,3,20,151,3,3,0,399
2026-05-22 21:04:09,0.221,ElJuanchi,13.592,1.046,0,13,0,6.5,2,24.242,10,6.667,1,1,14,103,2,3,0,399
2026-05-24 13:57:54,0.122,ElJuanchi,14.414,1.172,0,26,4,5.812,3,15.385,15.385,12.121,0,1,16,111,2,3,0,399
2026-06-04 23:57:00,0.019,ElJuanchi,16.875,1.724,0,35,0,5.556,5,19.048,14.706,18,1,1,27,160,4,2,0,399
2026-06-05 14:41:15,0.226,ElJuanchi,21.333,2.949,1,23,3,5.344,6,30,18.421,20.455,3,0,32,150,3,3,0,399
2026-06-13 18:45:41,0.237,ElJuanchi,15.663,1.549,0,31,1,5.808,3,27.027,10.959,14.286,0,2,26,166,3,2,1,399
2026-06-16 00:10:57,0.326,ElJuanchi,12.632,1.33,0,22,1,5.417,2,25,7.5,7.407,2,0,12,95,4,1,0,399
2026-06-18 14:24:55,0.615,ElJuanchi,15.504,2.092,2,25,2,5.4,2,29.63,13.559,9.302,2,0,20,129,5,0,0,399
2026-06-18 22:34:18,1.103,ElJuanchi,18.667,1.552,0,24,3,5.643,1,27.5,13.699,18.919,1,0,28,150,3,3,0,399
2026-06-19 22:59:11,1.089,ElJuanchi,16.312,1.665,0,18,3,5.87,2,28.571,10.256,20,1,1,23,141,1,3,1,399
2026-06-20 23:27:03,0.897,ElJuanchi,12.903,2.302,0,7,2,5.375,4,24.138,12.727,5,1,1,16,124,4,2,0,399
2026-06-22 00:04:06,1.079,ElJuanchi,20.611,2.03,0,19,1,6.148,2,22.857,20,19.512,1,1,27,131,2,3,0,399
2026-06-23 23:11:54,0.986,ElJuanchi,13.492,1.053,0,17,1,5.765,1,15.385,10.345,17.241,0,2,17,126,2,4,0,399
2026-06-29 03:00:46,0.809,ElJuanchi,18.116,2.037,0,13,0,5.68,2,26.829,6.667,27.027,1,1,25,138,2,4,0,399
2026-07-03 17:57:14,0.589,ElJuanchi,15.504,1.661,0,23,0,5.65,5,31.579,11.667,14,0,1,20,129,4,2,0,399
2026-01-29 00:15:00,3.5,Vr0003,14.379,1.753,0,41,4,4.773,4,11.628,15.278,15.789,0,0,22,153,3,3,0,400
2026-02-08 19:05:51,3.511,Vr0003,14.966,2.807,2,35,1,4.591,7,17.857,16.901,10.417,2,6,22,147,2,3,1,400
2026-02-16 18:20:23,3.371,Vr0003,13.194,2.312,1,26,0,4.316,8,20,14.085,8.333,2,1,19,144,3,3,0,400
2026-02-26 01:09:58,3.351,Vr0003,22.517,3.952,2,29,1,4.941,10,30.303,20,20.69,3,6,34,151,4,2,0,400
2026-02-27 19:13:22,3.573,Vr0003,19.792,5.053,2,6,0,4.368,8,44.444,6.522,17.391,5,1,19,96,3,2,0,400
2026-02-28 18:08:03,3.687,Vr0003,21.481,3.658,3,35,0,4.207,13,22.222,17.91,26.829,4,5,29,135,2,4,0,400
2026-03-01 17:42:33,3.462,Vr0003,23.077,3.835,2,25,1,4.758,10,25,15,31.915,7,2,33,143,2,3,0,400
2026-03-07 13:52:35,3.354,Vr0003,17.6,3.382,1,20,2,4.955,7,25,13.333,18.919,4,2,22,125,5,0,0,400
2026-03-09 19:09:10,3.915,Vr0003,16.912,3.628,3,25,2,4.304,9,19.444,22.951,5.128,6,2,23,136,1,5,0,400
2026-03-11 10:35:17,3.464,Vr0003,23.776,2.214,1,18,3,5.912,2,39.394,20.339,17.647,1,1,34,143,4,2,0,400
2026-03-15 00:14:27,3.682,Vr0003,25.806,3.931,1,14,1,5.156,8,41.176,18.644,22.581,2,1,32,124,4,1,0,400
2026-03-16 16:08:49,3.683,Vr0003,19.014,3.1,2,36,0,4.63,8,16.667,21.667,17.391,3,2,27,142,3,3,0,400
2026-03-19 14:23:48,3.673,Vr0003,15.569,1.84,2,45,5,5.577,6,25.581,6.944,19.231,2,1,26,167,3,3,0,400
2026-03-21 14:05:45,3.665,Vr0003,18.705,3.532,2,24,0,4.962,5,34.375,16.923,9.524,2,3,26,139,3,2,0,400
2026-03-22 14:22:46,3.766,Vr0003,19.091,3.345,2,31,1,4.762,6,23.077,17.647,18.182,5,1,21,110,3,2,0,400
2026-03-24 10:46:54,3.864,Vr0003,20.0,4.234,4,48,2,4.636,13,28.205,20.482,11.628,8,2,33,165,3,2,1,400
2026-03-27 19:09:40,3.975,Vr0003,23.179,5.448,2,31,3,4.686,12,23.077,25.714,20,3,7,35,151,4,2,0,400
2026-03-30 21:39:33,4.203,Vr0003,25.15,3.765,3,32,7,4.976,12,37.209,27.027,12,3,5,42,167,3,2,1,400
2026-04-02 18:30:27,4.29,Vr0003,22.727,3.906,1,10,0,5.3,5,52.632,20,6.897,2,4,20,88,2,3,0,400
2026-04-05 17:46:11,4.172,Vr0003,24.324,2.356,0,13,3,6.037,3,35.484,16,26.667,0,1,27,111,3,2,0,400
2026-04-06 18:07:46,4.27,Vr0003,21.053,3.153,1,25,0,5.344,5,26.667,22.857,15.385,1,3,32,152,3,3,0,400
2026-04-09 00:14:04,4.269,Vr0003,20.859,3.094,0,34,3,5.235,7,22.222,21.25,19.149,3,2,34,163,1,4,1,400
2026-04-13 14:04:29,4.064,Vr0003,16.667,2.802,2,21,1,5.0,4,16,16.129,18.519,3,1,19,114,4,2,0,400
2026-04-16 00:39:38,4.266,Vr0003,17.822,2.815,1,14,1,5.167,5,27.586,11.905,16.667,4,0,18,101,3,2,0,400
2026-04-19 14:28:30,4.356,Vr0003,20.0,3.066,2,29,2,5.333,3,24.324,16.418,22.581,3,0,27,135,2,4,0,400
2026-04-20 22:24:29,4.157,Vr0003,18.548,3.337,2,31,1,4.783,7,25,21.538,8.571,4,2,23,124,4,1,0,400
2026-05-01 11:41:50,4.448,Vr0003,15.672,2.653,1,28,0,4.714,6,24.138,15.942,8.333,2,2,21,134,1,5,0,400
2026-05-03 13:50:06,4.041,Vr0003,18.254,3.816,3,29,0,4.696,8,21.212,23.529,9.524,4,1,23,126,3,2,0,400
2026-05-04 18:44:00,4.143,Vr0003,21.019,3.795,1,29,0,4.727,10,30.769,20,13.953,3,3,33,157,3,2,0,400
2026-05-10 12:17:28,4.238,Vr0003,23.134,4.322,2,28,1,4.581,9,25,31.034,13.462,2,6,31,134,4,2,0,400
2026-05-15 17:46:44,4.432,Vr0003,22.115,5.638,4,21,0,4.043,9,52.381,16.667,8.696,4,5,23,104,4,1,0,400
2026-05-17 15:14:41,5.005,Vr0003,25.466,4.647,0,21,3,5.341,11,27.5,28.947,17.778,2,7,41,161,3,3,0,400
2026-05-17 21:31:48,5.005,Vr0003,20.952,3.49,2,17,0,4.909,4,27.586,21.277,13.793,3,2,22,105,3,3,0,400
2026-05-20 14:25:13,5.024,Vr0003,28.448,4.823,2,23,2,4.758,12,39.13,22.807,30.556,5,4,33,116,2,3,0,400
2026-05-20 18:28:10,4.92,Vr0003,20.161,4.111,2,21,3,4.76,7,24.324,18,18.919,5,2,25,124,3,3,0,400
2026-05-20 22:26:33,4.922,Vr0003,16.556,2.66,1,34,0,4.4,7,20.513,17.742,12,5,1,25,151,3,3,0,400
2026-05-28 10:37:26,4.911,Vr0003,14.0,2.259,1,28,1,4.929,4,22.727,8.511,16.129,1,3,14,100,0,6,0,400
2026-05-28 16:09:41,4.343,Vr0003,13.245,2.522,0,42,1,4.5,6,30.769,8.333,11.321,1,5,20,151,3,3,0,400
2026-06-05 17:50:16,4.345,Vr0003,18.0,2.882,1,24,1,4.556,5,44.444,20.455,2.632,2,1,18,100,5,0,0,400
2026-06-07 18:18:38,5.266,Vr0003,18.881,2.226,0,13,1,5.741,4,30.769,17.742,9.524,2,1,27,143,3,3,0,400
2026-06-09 18:18:54,5.22,Vr0003,23.276,6.385,4,19,0,4.074,12,42.308,14.815,22.222,7,5,27,116,2,4,0,400
2026-06-10 18:04:55,5.035,Vr0003,24.762,6.239,2,15,0,4.385,10,34.483,27.083,10.714,5,4,26,105,1,4,0,400
2026-06-11 14:01:41,4.746,Vr0003,19.403,3.528,2,24,1,4.846,7,36.364,15.873,10.526,3,2,26,134,5,0,0,400
2026-06-11 18:19:17,5.214,Vr0003,23.853,4.012,1,17,1,4.615,7,21.212,28.571,18.519,2,4,26,109,2,3,0,400
2026-06-12 14:04:43,5.112,Vr0003,17.822,3.452,1,27,2,4.944,6,22.727,11.364,22.857,4,1,18,101,2,3,0,400
2026-06-13 18:45:41,5.013,Vr0003,19.718,4.599,4,39,0,4.321,12,25.926,21.429,13.333,5,4,28,142,4,2,0,400
2026-06-16 00:10:57,5.2,Vr0003,20.588,2.216,2,39,1,5.393,4,35.484,24.59,4.545,2,1,28,136,1,4,0,400
2026-06-16 23:18:25,4.921,Vr0003,16.304,5.428,3,16,1,3.6,10,28,15.217,4.762,5,2,15,92,4,1,0,400
2026-06-17 16:20:35,5.105,Vr0003,22.535,4.074,3,22,5,5.062,9,41.667,21.622,3.125,5,2,32,142,2,4,0,400
2026-06-17 23:35:10,5.202,Vr0003,26.316,5.495,2,13,1,4.48,9,33.333,25,24.138,5,2,25,95,2,3,0,400
2026-06-18 22:34:18,4.938,Vr0003,14.912,3.036,2,16,2,4.294,6,18.75,15.254,8.696,3,2,17,114,4,2,0,400
2026-06-19 22:59:11,5.116,Vr0003,18.868,2.623,0,19,1,5.55,4,50,10.638,10.811,0,3,20,106,1,4,0,400
2026-06-20 18:11:36,4.835,Vr0003,16.901,2.233,0,24,1,5.333,3,37.931,14.493,6.818,1,2,24,142,3,3,0,400
2026-06-22 21:35:21,4.852,Vr0003,24.324,3.733,1,43,1,5.133,10,31.707,25,17.857,5,3,45,185,2,2,2,400
2026-06-24 20:18:32,4.856,Vr0003,21.374,3.63,1,19,2,4.679,8,33.333,18.966,16.279,2,3,28,131,2,4,0,400
2026-06-25 17:15:02,4.679,Vr0003,22.047,2.712,0,29,1,5.429,7,29.032,24.59,11.429,1,3,28,127,3,2,0,400
2026-06-27 17:17:15,4.767,Vr0003,23.577,3.672,0,6,1,5.241,7,32.353,18.367,22.5,2,4,29,123,4,2,0,400
2026-06-28 15:10:06,4.944,Vr0003,29.412,4.344,1,20,0,5.0,8,50,25.926,15.909,1,2,40,136,4,2,0,400
2026-06-30 14:01:09,5.114,Vr0003,28.188,6.368,4,29,0,4.262,17,26.19,32.308,23.81,8,10,42,149,2,4,0,400
2026-01-02 13:57:28,5.41,Spartric,13.83,2.148,0,9,0,5.308,2,18.182,14.583,8.333,1,1,13,94,3,2,0,401
2026-01-03 05:26:37,5.522,Spartric,16.892,2.754,2,44,1,4.88,6,25.806,18.182,7.5,3,2,25,148,5,1,0,401
2026-01-04 14:34:40,5.969,Spartric,26.437,4.108,2,11,0,5.13,4,40.741,18.421,22.727,3,1,23,87,4,1,0,401
2026-01-05 07:23:46,6.324,Spartric,20.149,1.957,0,52,1,4.926,6,28.571,21.667,10.256,3,2,27,134,3,3,0,401
2026-01-07 14:00:01,6.304,Spartric,19.82,3.252,0,12,0,5.091,7,30.303,17.647,11.111,4,1,22,111,3,2,0,401
2026-01-09 14:00:22,6.419,Spartric,18.493,2.854,1,22,2,5.407,4,26.471,18.571,11.905,4,0,27,146,4,2,0,401
2026-01-12 05:30:57,6.63,Spartric,21.138,3.317,1,17,0,5.038,5,28,20,18.421,2,1,26,123,0,4,1,401
2026-01-14 05:49:52,6.183,Spartric,17.949,1.783,0,25,2,5.905,2,35,14.516,14.286,0,1,21,117,1,5,0,401
2026-01-14 17:31:59,5.753,Spartric,21.739,2.66,1,26,1,5.4,4,40.541,17.188,10.811,2,2,30,138,1,4,0,401
2026-01-16 18:32:49,5.427,Spartric,14.433,1.747,0,18,0,5.214,2,16,15.217,11.538,0,1,14,97,2,3,0,401
2026-01-17 10:39:09,5.419,Spartric,26.761,3.105,3,55,0,3.526,23,51.515,19.048,19.565,7,13,38,142,1,5,0,401
2026-01-19 13:49:48,4.989,Spartric,18.852,2.105,0,30,1,5.304,3,43.333,9.836,12.903,1,2,23,122,0,6,0,401
2026-01-20 11:16:49,4.352,Spartric,11.404,1.333,0,30,0,5.154,3,21.053,10,8.571,1,0,13,114,0,6,0,401
2026-01-22 14:29:28,3.74,Spartric,21.277,2.491,1,44,0,5.267,5,38.095,17.647,10.417,4,1,30,141,5,1,0,401
2026-01-24 11:00:37,4.165,Spartric,23.333,4.23,0,17,0,4.607,9,39.286,24.074,10.526,4,1,28,120,5,1,0,401
2026-01-26 19:25:39,4.579,Spartric,11.65,0.875,0,15,0,6.25,1,21.429,11.905,3.03,0,0,12,103,1,3,1,401
2026-01-27 05:46:13,4.372,Spartric,21.918,2.813,1,21,1,5.406,6,34,16.393,14.286,3,2,32,146,2,3,1,401
2026-01-29 06:07:11,4.272,Spartric,23.188,2.397,1,10,1,6.125,2,33.333,19.298,17.949,1,0,32,138,3,2,0,401
2026-01-29 16:37:47,4.365,Spartric,16.19,2.282,1,19,0,5.176,5,22.727,20.93,7.5,2,0,17,105,0,4,1,401
2026-02-02 09:29:42,3.942,Spartric,18.493,3.147,2,32,0,4.481,9,21.053,24.194,8.696,4,4,27,146,6,0,0,401
2026-02-06 18:13:10,4.526,Spartric,19.266,3.172,0,7,0,4.952,7,33.333,20,10.526,1,4,21,109,1,5,0,401
2026-02-07 10:29:10,4.13,Spartric,17.742,2.555,1,30,0,5.091,4,27.586,12.903,18.182,3,3,22,124,4,2,0,401
2026-02-15 19:18:05,4.341,Spartric,16.393,2.717,1,16,0,4.85,6,37.5,14.062,5.882,3,1,20,122,3,3,0,401
2026-02-16 18:20:23,4.346,Spartric,19.512,3.026,2,34,1,4.656,12,38.889,14.458,13.333,3,3,32,164,3,3,0,401
2026-02-21 07:37:52,4.341,Spartric,21.849,3.445,1,14,0,5.5,4,28.571,16.667,23.333,2,1,26,119,5,1,0,401
2026-02-22 07:42:23,4.732,Spartric,21.212,4.042,2,14,1,5.179,8,30.303,20,15.385,2,2,28,132,4,2,0,401
2026-02-23 11:23:01,4.916,Spartric,22.84,3.563,1,32,1,4.973,12,38.776,14.085,19.048,3,3,37,162,2,4,0,401
2026-02-25 09:17:06,4.916,Spartric,22.963,2.941,0,17,0,5.581,7,51.613,16.901,9.091,2,2,31,135,2,4,0,401
2026-02-26 01:09:58,4.508,Spartric,20.833,3.906,3,27,2,4.9,10,31.25,19.048,16.327,4,0,30,144,2,4,0,401
2026-03-01 17:42:33,4.31,Spartric,19.167,4.073,4,25,0,4.565,9,33.333,14.286,12.903,4,4,23,120,1,4,0,401
2026-03-02 19:23:01,4.027,Spartric,25.658,5.55,2,41,1,4.359,16,36.364,25.333,18.182,8,4,39,152,3,3,0,401
2026-03-03 09:00:41,4.017,Spartric,16.981,1.423,0,29,0,5.926,1,29.412,12.987,14.583,0,2,27,159,3,3,0,401
2026-03-05 09:50:08,4.029,Spartric,21.324,2.193,0,23,2,5.31,3,31.429,21.429,13.333,1,3,29,136,4,2,0,401
2026-03-09 14:33:55,4.218,Spartric,13.669,2.613,1,26,3,5.0,3,27.586,10.294,9.524,3,1,19,139,2,3,1,401
2026-03-09 19:09:10,4.13,Spartric,23.179,3.667,1,27,2,4.914,10,35.897,20.896,15.556,7,3,35,151,5,1,0,401
2026-03-17 10:03:05,4.516,Spartric,17.188,1.926,0,37,0,5.636,5,38.889,10.417,6.818,2,1,22,128,3,2,1,401
2026-03-19 04:19:23,4.603,Spartric,15.862,1.797,0,16,2,5.957,2,30,15.873,7.692,0,1,23,145,4,2,0,401
2026-03-19 11:00:41,4.793,Spartric,22.656,3.799,2,32,0,4.724,10,34.375,21.429,15,4,3,29,128,2,4,0,401
2026-03-19 14:23:48,4.594,Spartric,24.667,4.416,5,42,1,4.703,13,39.474,20.548,17.949,7,4,37,150,3,3,0,401
2026-03-21 14:05:45,4.579,Spartric,14.4,2.786,2,19,0,5.0,4,18.519,11.111,17.143,2,0,18,125,2,3,0,401
2026-03-22 14:22:46,4.492,Spartric,6.452,1.057,0,19,2,5.0,2,17.391,5.128,0,1,1,6,93,0,5,0,401
2026-03-26 13:51:53,4.021,Spartric,21.341,3.193,1,27,1,5.571,5,48.571,16,11.111,5,2,35,164,4,2,0,401
2026-03-27 05:20:46,4.202,Spartric,17.925,2.48,2,35,0,4.474,7,24,13.333,19.444,3,3,19,106,4,2,0,401
2026-03-28 09:47:58,4.387,Spartric,21.951,4.511,0,17,0,4.519,9,31.034,18.868,19.512,0,7,27,123,3,2,1,401
2026-03-30 21:39:33,4.472,Spartric,29.932,3.927,1,24,0,5.25,11,56.25,25.352,18.182,4,5,44,147,3,3,0,401
2026-03-31 10:11:52,4.485,Spartric,16.352,2.242,1,28,4,5.692,3,37.143,10.526,10.417,1,3,26,159,3,3,0,401
2026-04-02 13:54:01,4.472,Spartric,16.8,1.595,0,23,1,6.048,1,42.857,11.111,12.195,1,1,21,125,3,3,0,401
2026-04-03 13:50:59,4.486,Spartric,22.794,5.425,4,38,0,4.548,11,44.444,20.37,8.696,8,4,31,136,4,2,0,401
2026-04-05 17:46:11,4.666,Spartric,21.368,2.639,0,9,0,5.68,4,31.034,19.298,16.129,0,2,25,117,1,4,0,401
2026-04-06 04:10:38,4.388,Spartric,23.577,3.412,2,15,0,5.517,6,51.515,18.182,8.696,3,3,29,123,4,2,0,401
2026-04-06 14:24:31,4.575,Spartric,15.789,2.754,1,43,1,4.852,6,41.176,4.878,16.364,4,4,27,171,2,4,0,401
2026-04-09 18:12:32,4.396,Spartric,23.301,2.822,0,8,0,5.458,4,50,19.444,13.333,0,4,24,103,1,4,0,401
2026-04-13 14:04:29,4.114,Spartric,28.07,4.542,3,21,0,4.844,7,36,30.645,14.815,4,4,32,114,4,2,0,401
2026-04-17 07:29:19,4.3,Spartric,20.714,2.602,1,23,1,5.138,4,34.375,20.896,9.756,1,4,29,140,3,3,0,401
2026-04-17 17:36:21,4.292,Spartric,17.476,3.364,0,15,1,4.556,6,30,10.87,18.919,3,0,18,103,2,3,0,401
2026-04-20 18:43:30,4.196,Spartric,25.185,3.409,2,29,3,5.441,7,48.387,17.46,19.512,2,3,34,135,3,3,0,401
2026-04-22 06:15:10,4.184,Spartric,21.26,2.244,0,7,0,5.889,2,28.571,17.241,20.588,2,1,27,127,1,4,0,401
2026-04-23 05:08:06,3.918,Spartric,20.0,2.294,1,21,0,5.238,4,33.333,17.308,17.143,1,1,21,105,4,1,0,401
2026-04-28 05:07:35,4.116,Spartric,18.75,3.462,1,13,0,4.625,8,26.667,20.312,8.824,4,2,24,128,3,3,0,401
2026-04-29 09:20:39,4.111,Spartric,20.325,2.78,0,33,0,4.84,6,40,15.254,11.765,1,5,25,123,1,5,0,401
2026-05-01 04:08:42,3.755,Spartric,20.144,2.003,0,38,0,5.0,6,45.946,8.475,13.953,2,0,28,139,4,2,0,401
2026-05-04 06:27:59,3.933,Spartric,22.137,3.469,1,27,1,4.483,9,45.455,16.667,10.526,3,2,29,131,2,4,0,401
2026-05-09 10:03:51,3.749,Spartric,26.797,3.114,6,59,0,3.829,19,41.026,26.667,16.667,8,12,41,153,3,3,0,401
2026-05-11 10:54:27,3.713,Spartric,23.75,1.692,0,28,0,5.789,2,38.235,21.622,17.308,2,0,38,160,0,4,2,401
2026-05-14 07:57:04,3.374,Spartric,23.27,2.242,0,34,2,5.811,4,51.613,14.925,18.033,3,1,37,159,3,3,0,401
2026-05-14 14:18:15,3.372,Spartric,22.695,3.745,1,31,3,5.25,8,32.258,20.833,18.421,7,1,32,141,5,1,0,401
2026-05-18 11:01:47,3.742,Spartric,13.793,2.222,0,18,0,4.438,6,20.833,17.241,2.941,2,1,16,116,1,4,1,401
2026-05-20 14:25:13,3.469,Spartric,21.429,2.801,1,28,2,5.222,7,18.75,23.214,21.053,3,1,27,126,5,0,0,401
2026-05-22 14:23:24,3.924,Spartric,18.182,2.836,1,13,1,5.167,6,28.125,16.923,11.429,4,0,24,132,3,2,1,401
2026-05-23 06:57:28,4.0,Spartric,19.463,2.562,0,25,1,5.552,4,35.135,19.672,7.843,0,8,29,149,2,3,0,401
2026-05-24 13:57:54,3.903,Spartric,17.593,1.522,0,29,0,5.737,3,31.818,19.608,5.714,1,0,19,108,3,2,0,401
2026-05-25 14:28:52,3.998,Spartric,33.108,4.816,2,20,0,5.49,12,48.718,32.836,19.048,4,5,49,148,5,1,0,401
2026-05-30 04:57:21,4.35,Spartric,21.805,3.345,1,15,0,5.586,5,37.5,17.742,15.385,2,2,29,133,1,5,0,401
2026-05-31 11:11:49,3.993,Spartric,21.739,3.239,2,22,1,5.033,6,21.212,29.412,8.108,4,1,30,138,3,2,1,401
2026-06-02 14:21:12,4.067,Spartric,19.403,3.221,0,11,3,5.346,6,44,10.169,18,1,0,26,134,4,2,0,401
2026-06-03 04:26:23,4.255,Spartric,21.138,1.577,0,19,0,6.308,2,42.424,10.87,15.909,0,2,26,123,2,3,0,401
2026-06-05 08:39:16,4.17,Spartric,25.676,4.173,2,33,1,5.026,12,47.368,21.053,11.765,4,6,38,148,2,4,0,401
2026-06-05 17:50:16,3.99,Spartric,18.868,3.214,2,21,0,4.65,6,34.483,20,3.125,2,3,20,106,2,3,0,401
2026-06-09 13:58:23,3.798,Spartric,18.831,2.487,0,30,1,5.138,5,36.111,16.393,10.526,1,2,29,154,2,4,0,401
2026-06-11 14:01:41,3.616,Spartric,23.134,3.065,0,24,0,5.161,5,42.424,15.873,18.421,1,2,31,134,5,0,0,401
2026-06-12 14:04:43,4.064,Spartric,15.254,1.713,0,27,1,5.889,3,26.923,10.345,14.706,2,1,18,118,2,3,0,401
2026-06-13 07:12:37,3.962,Spartric,30.065,2.837,0,17,0,6.304,4,47.826,32.727,11.538,2,1,46,153,2,3,0,401
2026-06-15 06:22:37,3.872,Spartric,23.664,2.538,1,40,0,4.613,11,20,21.875,31.25,5,2,31,131,2,4,0,401
2026-06-16 23:18:25,3.704,Spartric,15.094,2.515,0,24,0,4.75,5,22.727,13.333,12.5,3,1,16,106,3,2,0,401
2026-06-17 23:35:10,3.785,Spartric,20.721,3.174,2,12,0,5.435,5,38.462,17.308,12.121,2,3,23,111,5,0,0,401
2026-06-18 07:46:33,4.245,Spartric,13.821,1.816,0,24,1,5.353,3,29.032,7.273,10.811,0,0,17,123,3,3,0,401
2026-06-19 22:59:11,4.268,Spartric,20.567,2.107,0,18,1,5.862,4,39.286,14.103,20,0,3,29,141,1,3,1,401
2026-06-20 18:11:36,4.089,Spartric,21.429,2.715,1,18,2,5.593,3,40.909,20.968,11.905,2,2,27,126,2,4,0,401
2026-06-21 22:16:46,3.906,Spartric,26.613,4.264,1,18,0,5.242,7,45.455,25.352,16.129,2,4,33,124,2,3,0,401
2026-06-25 17:15:02,3.813,Spartric,20.161,2.673,1,31,1,5.32,5,28,22,14.286,3,0,25,124,2,2,1,401
2026-07-01 14:17:09,3.82,Spartric,30.864,6.401,4,16,0,4.32,8,50,22.222,29.63,7,1,25,81,6,0,0,401
2026-07-01 14:36:06,3.82,Spartric,26.667,5.075,6,31,1,4.475,11,41.667,23.077,20.408,10,1,40,150,6,0,0,401
2026-07-02 13:52:04,4.35,Spartric,21.26,2.467,0,32,1,5.519,4,26.471,20.755,17.5,1,4,27,127,4,1,0,401
2026-07-03 13:56:00,4.616,Spartric,19.008,2.32,0,18,1,5.435,4,27.273,16.364,18.182,3,1,23,121,1,4,1,401
2026-07-03 17:57:14,4.343,Spartric,27.132,5.291,2,23,0,4.6,15,57.895,23.333,20,4,4,35,129,4,2,0,401
2026-07-04 04:26:07,4.533,Spartric,24.06,2.378,0,10,1,5.688,3,48.718,9.615,19.048,1,2,32,133,1,5,0,401
2026-07-05 09:14:33,4.169,Spartric,23.308,2.685,0,13,1,5.516,4,32.353,25.424,12.5,1,1,31,133,3,3,0,401
2026-01-02 00:57:04,4.613,AnnaYanami,33.333,4.862,3,34,0,5.021,13,47.5,25,31.111,3,7,47,141,3,2,1,403
2026-01-02 08:00:50,4.715,AnnaYanami,25.581,2.041,0,23,1,6.121,1,46.667,17.241,21.951,1,0,33,129,0,4,1,403
2026-01-03 05:26:37,4.328,AnnaYanami,26.38,4.321,1,49,0,4.814,12,32.432,22.535,27.273,5,4,43,163,3,3,0,403
2026-01-05 00:32:24,4.361,AnnaYanami,29.688,3.988,1,38,0,4.816,9,35.714,18.966,40.476,5,2,38,128,4,2,0,403
2026-01-11 02:20:53,4.569,AnnaYanami,31.2,5.407,4,26,0,4.692,13,50,24.074,19.355,8,4,39,125,4,2,0,403
2026-01-11 19:25:15,4.778,AnnaYanami,33.077,6.106,3,15,0,4.744,14,51.282,18.519,35.135,6,5,43,130,4,2,0,403
2026-01-17 00:37:47,4.977,AnnaYanami,25.17,3.768,2,28,0,4.703,10,38.462,19.118,22.5,5,3,37,147,3,3,0,403
2026-01-17 22:50:02,4.952,AnnaYanami,29.677,4.516,2,37,0,4.804,13,55.263,17.808,27.273,6,2,46,155,5,1,0,403
2026-01-18 05:07:20,5.343,AnnaYanami,25.862,4.602,2,35,0,4.1,12,40,21.053,23.529,6,5,30,116,2,3,0,403
2026-01-20 00:30:42,5.244,AnnaYanami,28.671,5.438,4,27,1,4.78,13,36.364,25,25.581,7,5,41,143,3,3,0,403
2026-01-22 22:13:39,5.247,AnnaYanami,27.119,5.024,2,26,0,4.312,13,45.455,23.214,22.5,6,1,32,118,2,2,1,403
2026-01-26 00:05:52,5.256,AnnaYanami,22.523,2.377,0,16,0,5.48,3,34.615,14.286,23.256,2,1,25,111,5,1,0,403
2026-01-26 19:25:39,5.639,AnnaYanami,38.835,8.094,1,17,0,4.625,14,41.379,39.583,34.615,5,4,40,103,4,1,0,403
2026-01-27 02:46:22,5.927,AnnaYanami,30.303,4.529,3,31,0,5.05,8,55.172,23.333,23.256,4,0,40,132,4,1,1,403
2026-01-29 00:15:00,6.199,AnnaYanami,23.529,4.384,6,41,0,4.528,10,34.884,20.833,15.789,7,4,36,153,3,3,0,403
2026-01-30 19:32:32,6.208,AnnaYanami,25.833,4.399,1,14,0,4.677,12,43.75,20.37,17.647,4,2,31,120,2,4,0,403
2026-01-31 23:17:02,6.017,AnnaYanami,30.769,5.436,3,18,0,4.886,13,58.333,21.538,21.429,4,7,44,143,4,2,0,403
2026-02-03 20:22:50,6.209,AnnaYanami,28.448,5.184,1,23,0,4.515,11,50,24,20,2,7,33,116,3,3,0,403
2026-02-08 19:05:51,6.214,AnnaYanami,22.388,2.967,1,30,0,5.2,6,38.71,21.538,10.526,3,1,30,134,4,2,0,403
2026-02-09 18:53:08,6.401,AnnaYanami,32.895,5.043,1,5,0,5.12,5,45.455,19.048,33.333,1,4,25,76,1,4,0,403
2026-02-10 18:27:03,6.119,AnnaYanami,27.329,4.061,1,39,4,4.977,11,40.541,24.051,22.222,3,6,44,161,3,3,0,403
2026-02-13 00:43:49,6.124,AnnaYanami,20.395,3.381,2,45,0,4.516,8,31.429,13.793,20.339,2,5,31,152,4,2,0,403
2026-02-17 21:05:31,6.304,AnnaYanami,28.571,4.156,1,30,0,5.068,8,53.659,18.966,20,3,3,44,154,3,2,0,403
2026-02-27 19:13:22,6.405,AnnaYanami,22.826,3.645,0,7,0,4.952,5,45.455,17.073,13.793,1,1,21,92,0,5,0,403
2026-03-01 17:42:33,5.935,AnnaYanami,28.571,3.167,1,27,1,5.405,8,44.737,20.635,26.087,1,1,42,147,4,1,0,403
2026-03-02 06:44:58,6.217,AnnaYanami,29.167,5.26,1,14,1,5.057,13,53.571,25.862,14.706,5,4,35,120,2,4,0,403
2026-03-02 19:23:01,6.021,AnnaYanami,21.311,4.133,3,32,1,4.769,7,26.087,21.212,18.182,4,2,26,122,1,5,0,403
2026-03-04 05:02:33,5.661,AnnaYanami,22.481,3.526,2,16,0,5.241,8,34.615,17.143,24.242,4,0,29,129,3,3,0,403
2026-03-05 20:48:03,5.679,AnnaYanami,34.078,4.663,2,37,0,5.049,14,57.5,31.313,17.5,2,3,61,179,3,2,1,403
2026-03-06 05:51:01,5.773,AnnaYanami,30.0,4.188,0,8,0,5.381,7,40,25.862,28.846,2,1,42,140,4,2,0,403
2026-03-09 19:09:10,5.977,AnnaYanami,24.375,4.012,3,33,0,4.897,10,38.889,18.056,23.077,5,4,39,160,2,4,0,403
2026-03-15 19:01:50,5.816,AnnaYanami,36.054,6.586,1,9,0,4.925,14,52.941,20.69,36.842,7,2,53,147,4,2,0,403
2026-03-16 16:08:49,5.976,AnnaYanami,38.562,5.995,4,36,0,4.678,15,41.176,38.806,36.538,10,4,59,153,4,2,0,403
2026-03-19 04:19:23,6.16,AnnaYanami,21.127,3.244,0,16,0,5.633,6,32.258,12.5,25.532,2,2,30,142,2,4,0,403
2026-03-23 04:20:46,5.972,AnnaYanami,31.875,5.091,1,24,1,5.137,8,58.333,23.611,25,1,3,51,160,3,3,0,403
2026-03-27 05:20:46,5.961,AnnaYanami,25.0,3.795,4,45,0,4.243,14,45.714,16.949,20.37,7,3,37,148,3,3,0,403
2026-03-28 22:07:01,5.964,AnnaYanami,30.357,6.488,1,18,1,4.441,9,42.857,25.532,23.333,7,1,34,112,4,1,0,403
2026-03-30 04:38:23,6.246,AnnaYanami,31.41,4.082,0,20,0,5.633,6,39.394,32.53,22.5,2,0,49,156,4,2,0,403
2026-04-03 06:41:19,6.408,AnnaYanami,23.622,4.922,1,12,1,5.033,7,40,15.789,20,2,3,30,127,3,3,0,403
2026-04-06 04:10:38,6.399,AnnaYanami,28.358,5.252,1,27,0,4.658,14,36.667,29.091,22.449,6,6,38,134,3,3,0,403
2026-04-12 04:56:46,6.389,AnnaYanami,24.561,3.659,1,29,2,5.357,9,33.333,23.457,20.37,4,2,42,171,3,3,0,403
2026-04-17 17:36:21,6.387,AnnaYanami,24.272,4.755,1,15,0,4.48,8,35,17.391,27.027,2,2,25,103,2,3,0,403
2026-04-18 21:12:03,6.292,AnnaYanami,20.301,2.333,0,28,0,5.222,5,16.129,23.333,19.048,3,2,27,133,1,3,1,403
2026-04-20 05:13:11,6.102,AnnaYanami,23.776,4.388,0,14,0,4.971,8,33.333,21.333,21.053,4,3,34,143,2,3,1,403
2026-04-23 05:08:06,6.01,AnnaYanami,22.807,3.247,1,34,0,4.885,8,39.286,17.021,17.949,2,3,26,114,1,4,0,403
2026-04-24 04:52:40,5.757,AnnaYanami,27.941,4.537,0,18,0,4.474,15,42.857,23.077,22.222,1,4,38,136,3,3,0,403
2026-04-26 04:32:57,5.758,AnnaYanami,25.714,2.826,1,13,0,6.083,3,40,22.414,19.149,3,0,36,140,4,1,1,403
2026-05-02 23:23:31,6.016,AnnaYanami,23.77,3.632,1,32,0,4.724,9,30.769,19.355,26.471,2,5,29,122,1,3,1,403
2026-05-04 18:44:00,5.828,AnnaYanami,22.835,3.836,1,18,0,4.862,7,36,19.403,20,1,4,29,127,2,3,0,403
2026-05-09 21:37:31,5.733,AnnaYanami,26.744,3.042,7,74,1,4.283,19,31.429,21.795,30.508,10,8,46,172,4,2,0,403
2026-05-15 17:46:44,5.904,AnnaYanami,22.321,4.998,2,23,0,4.0,11,25,14,32.353,5,4,25,112,1,4,0,403
2026-05-22 21:04:09,5.349,AnnaYanami,21.333,2.907,0,35,1,5.281,8,44.444,19.697,6.25,0,6,32,150,1,4,0,403
2026-05-30 04:57:21,5.066,AnnaYanami,28.409,5.174,3,25,0,5.3,9,44.444,22.892,26.316,5,1,50,176,5,1,0,403
2026-06-03 14:14:56,5.421,AnnaYanami,32.317,4.479,1,44,0,4.66,14,45.833,33.333,18,9,1,53,164,2,3,1,403
2026-06-04 23:57:00,5.341,AnnaYanami,34.694,4.446,2,16,0,5.216,9,41.026,30.769,34.884,5,1,51,147,4,2,0,403
2026-06-05 06:23:16,5.537,AnnaYanami,21.053,4.19,2,18,0,5.156,6,31.915,15.068,18.75,2,3,32,152,1,5,0,403
2026-06-05 17:50:16,5.171,AnnaYanami,26.271,4.548,1,24,0,4.742,11,44.828,26.531,12.5,5,4,31,118,3,2,0,403
2026-06-09 23:10:50,5.349,AnnaYanami,29.197,4.167,1,31,0,4.425,15,43.75,25.714,22.857,7,6,40,137,2,4,0,403
2026-06-18 14:24:55,5.159,AnnaYanami,33.071,4.607,1,28,0,5.119,7,51.429,30.909,18.919,4,4,42,127,2,3,0,403
2026-06-22 00:04:06,5.073,AnnaYanami,19.828,2.587,0,23,0,5.652,2,29.167,17.308,17.5,0,2,23,116,2,3,0,403
2026-06-25 14:15:46,4.991,AnnaYanami,25.564,6.296,3,24,0,4.412,12,48.148,22.414,16.667,5,0,34,133,5,1,0,403
2026-06-29 03:00:46,5.332,AnnaYanami,27.0,3.739,0,10,0,5.185,5,34.615,31.25,11.538,3,0,27,100,4,2,0,403
2026-06-29 18:09:56,5.506,AnnaYanami,25.0,4.715,4,23,0,4.806,7,48,15.789,23.81,4,3,31,124,4,2,0,403
2026-06-30 05:07:25,5.699,AnnaYanami,24.725,4.108,3,11,2,6.089,8,40,16.456,22.642,3,2,45,182,5,1,0,403
2026-01-01 10:11:46,1.757,anicomi,8.036,1.245,0,29,1,4.889,4,8.333,6,10.526,0,1,9,112,4,1,0,405
2026-01-01 22:39:32,2.065,anicomi,8.219,0.58,0,9,1,6.0,1,15,5.714,5.556,0,0,6,73,0,5,0,405
2026-01-03 10:38:36,1.567,anicomi,12.397,2.013,0,16,1,5.4,3,28.125,6.78,6.667,1,2,15,121,2,4,0,405
2026-01-05 00:32:24,1.374,anicomi,15.909,1.333,0,30,1,5.81,3,28.571,8.475,15.789,3,0,21,132,2,4,0,405
2026-01-17 10:39:09,1.493,anicomi,13.971,1.318,1,54,0,3.947,9,23.333,8.929,14,4,1,19,136,4,2,0,405
2026-01-20 11:16:49,1.691,anicomi,11.404,1.317,1,30,0,5.385,2,31.579,1.667,17.143,1,0,13,114,0,6,0,405
2026-02-02 09:29:42,1.13,anicomi,16.541,2.062,0,32,0,4.955,8,33.333,8.772,13.953,1,1,22,133,2,3,1,405
2026-03-02 06:44:58,1.157,anicomi,20.69,3.11,1,14,4,5.542,6,34.483,18.519,12.121,3,1,24,116,3,3,0,405
2026-03-03 09:00:41,1.164,anicomi,13.821,1.968,1,23,0,5.412,3,20,8,15.789,2,1,17,123,2,4,0,405
2026-03-09 19:09:10,0.957,anicomi,14.599,2.302,2,29,4,4.9,4,12.903,16.667,11.765,2,1,20,137,4,2,0,405
2026-03-19 11:00:41,1.129,anicomi,14.789,1.116,0,41,1,5.857,2,34.483,8.451,11.905,0,2,21,142,1,4,1,405
2026-03-20 22:04:30,0.853,anicomi,20.134,2.684,1,39,1,5.133,10,35.714,15.068,11.765,4,2,30,149,2,4,0,405
2026-03-22 14:22:46,0.673,anicomi,17.037,1.82,0,32,0,5.696,4,32.353,14.754,7.5,3,1,23,135,2,3,0,405
2026-03-23 19:15:16,0.57,anicomi,9.091,0.772,0,24,2,5.909,1,13.333,5.357,11.429,0,0,11,121,4,1,0,405
2026-03-24 13:55:04,0.858,anicomi,22.137,2.342,1,34,0,5.345,6,33.333,14.062,27.027,3,1,29,131,4,2,0,405
2026-03-26 10:19:38,1.034,anicomi,20.667,2.205,1,45,0,5.226,6,32.558,13.115,19.565,3,3,31,150,3,3,0,405
2026-04-14 18:31:24,1.062,anicomi,13.38,1.555,0,19,5,5.526,3,20.455,7.143,14.286,2,1,19,142,5,1,0,405
2026-04-17 14:03:23,1.446,anicomi,13.38,1.271,0,48,0,5.211,5,19.355,9.677,14.286,2,0,19,142,3,1,1,405
2026-04-18 21:12:03,1.626,anicomi,12.319,1.258,0,30,0,5.529,2,27.778,8.197,4.878,2,0,17,138,2,2,1,405
2026-04-20 13:47:22,1.623,anicomi,12.5,1.427,0,30,2,5.368,3,28.571,5.085,7.843,1,0,19,152,5,1,0,405
2026-04-20 22:24:29,1.996,anicomi,12.121,1.311,0,28,2,5.312,2,28,6.78,10.417,1,0,16,132,1,4,0,405
2026-04-21 10:13:47,1.709,anicomi,15.315,3.834,1,16,0,4.588,6,52,5.769,2.941,3,2,17,111,4,1,0,405
2026-04-23 10:37:04,2.004,anicomi,14.205,2.12,1,34,2,5.32,6,24.324,10.714,12.727,1,2,25,176,2,2,2,405
2026-04-25 09:12:57,1.988,anicomi,13.194,1.404,0,21,1,5.737,3,34.615,8.696,8.163,3,2,19,144,3,3,0,405
2026-05-24 19:25:18,1.983,anicomi,13.139,1.722,0,16,2,5.5,3,22.222,9.677,12.5,2,0,18,137,3,3,0,405
2026-05-25 12:49:49,1.961,anicomi,13.043,2.723,1,21,1,4.444,7,21.951,12.308,3.125,2,2,18,138,4,2,0,405
2026-05-28 13:55:32,2.144,anicomi,11.268,1.37,0,42,0,4.75,5,18.919,4.918,13.636,1,1,16,142,4,2,0,405
2026-05-28 18:22:53,2.339,anicomi,7.971,0.579,0,20,0,6.0,1,3.333,7.353,12.5,0,0,11,138,2,4,0,405
2026-05-29 13:51:29,2.154,anicomi,9.489,0.974,1,36,1,5.462,3,16.129,8.065,6.818,1,0,13,137,2,4,0,405
2026-05-31 11:11:49,1.971,anicomi,16.279,1.898,0,19,1,5.381,4,26.471,10,17.143,2,1,21,129,3,3,0,405
2026-06-01 13:46:50,1.965,anicomi,9.483,0.95,0,17,2,5.818,2,20,5.357,8.571,0,2,11,116,2,4,0,405
2026-06-21 22:16:46,1.781,anicomi,13.115,2.189,0,22,2,5.125,4,18.182,6.78,19.512,2,2,16,122,2,3,0,405
2026-06-22 22:49:49,1.706,anicomi,17.647,1.993,1,5,1,5.762,3,25,6.383,25,1,0,21,119,5,0,0,405
2026-06-23 23:11:54,2.161,anicomi,17.073,2.38,1,21,0,4.905,3,23.529,16.071,12.121,1,0,21,123,5,1,0,405
2026-06-25 14:15:46,2.606,anicomi,14.194,2.226,1,25,3,5.455,3,25,9.231,12,2,1,22,155,2,4,0,405
2026-06-25 17:15:02,2.518,anicomi,12.598,0.837,0,29,2,6.562,2,29.032,9.836,2.857,1,1,16,127,3,2,0,405
2026-06-28 15:10:06,2.425,anicomi,14.545,2.378,0,12,2,4.938,5,30.769,4,17.647,2,2,16,110,3,3,0,405
2026-06-30 14:01:09,2.352,anicomi,11.207,2.012,1,16,1,4.615,3,12.903,13.725,5.882,3,0,13,116,4,2,0,405
2026-07-01 14:17:09,2.258,anicomi,14.865,1.562,0,18,0,5.364,1,35.294,10.714,6.897,0,2,11,74,2,4,0,405
2026-07-01 14:36:06,2.258,anicomi,13.333,1.304,0,25,0,5.444,2,27.027,9.091,6.977,0,3,18,135,2,4,0,405
2026-01-02 08:00:50,0.985,FoopyPoopy,8.054,0.662,0,12,5,6.333,1,13.953,6.667,4.348,1,0,12,149,2,2,1,410
2026-01-04 06:10:39,0.986,FoopyPoopy,4.268,0.345,0,43,4,6.0,1,0,3.571,8.696,1,0,7,164,2,4,0,410
2026-01-05 07:23:46,0.719,FoopyPoopy,11.594,1.436,2,48,1,4.812,6,14.706,11.29,9.524,3,0,16,138,2,4,0,410
2026-01-07 01:49:38,0.511,FoopyPoopy,5.732,0.354,0,35,4,6.0,0,2,6.25,9.302,0,0,9,157,3,3,0,410
2026-01-12 05:30:57,0.527,FoopyPoopy,5.769,0.864,0,18,3,5.0,2,14.815,2.703,2.5,0,1,6,104,3,2,0,410
2026-01-17 05:38:38,0.633,FoopyPoopy,6.542,1.077,1,7,2,5.857,1,17.391,1.852,6.667,1,0,7,107,1,4,0,410
2026-01-31 08:22:55,0.317,FoopyPoopy,11.0,0.697,0,4,1,6.364,0,13.333,10.417,9.091,0,0,11,100,2,3,0,410
2026-02-08 11:33:44,0.212,FoopyPoopy,4.516,0.251,0,45,0,6.286,1,7.692,4.688,0,0,0,7,155,4,2,0,410
2026-04-14 05:05:01,0.426,FoopyPoopy,8.333,1.092,0,17,1,5.375,2,5,10.87,6.667,1,0,8,96,2,3,0,410
2026-04-16 06:43:37,0.321,FoopyPoopy,11.268,1.139,0,33,2,4.938,3,31.034,7.246,4.545,1,0,16,142,3,3,0,410
2026-04-20 05:13:11,0.25,FoopyPoopy,10.458,1.859,1,12,0,5.25,2,10.256,12.676,6.977,2,0,16,153,4,1,1,410
2026-04-20 22:24:29,0.25,FoopyPoopy,8.333,1.327,0,15,1,4.444,2,9.677,6.977,8.824,1,1,9,108,1,4,0,410
2026-04-22 06:15:10,-0.047,FoopyPoopy,10.833,1.247,0,15,5,6.308,2,8.571,10.87,12.821,2,0,13,120,1,4,0,410
2026-04-27 05:23:52,-0.083,FoopyPoopy,9.91,1.288,1,20,3,4.818,2,10.714,7.273,14.286,1,1,11,111,3,3,0,410
2026-04-28 05:07:35,-0.09,FoopyPoopy,12.5,2.172,1,13,0,4.875,4,23.333,10.938,5.882,2,3,16,128,3,3,0,410
2026-05-01 04:08:42,-0.096,FoopyPoopy,11.382,1.403,1,32,0,4.929,3,18.519,5.66,13.953,2,2,14,123,2,4,0,410
2026-05-01 21:20:47,-0.286,FoopyPoopy,7.051,1.13,0,25,1,5.0,4,4.348,8.696,7.317,0,2,11,156,2,3,1,410
2026-05-05 18:37:55,-0.354,FoopyPoopy,10.0,1.765,1,21,0,4.909,3,15.385,5.085,16,3,0,11,110,4,2,0,410
2026-05-08 18:02:51,-0.139,FoopyPoopy,11.2,0.872,0,15,5,6.143,2,14.815,8.475,12.821,1,1,14,125,1,4,0,410
2026-05-09 21:37:31,-0.435,FoopyPoopy,7.429,0.906,2,88,2,4.231,6,9.524,7.407,5.769,3,2,13,175,2,3,1,410
2026-05-15 07:01:20,-0.518,FoopyPoopy,11.806,1.083,0,41,4,5.588,4,23.333,12.121,4.167,2,3,17,144,2,4,0,410
2026-05-16 04:37:10,-0.73,FoopyPoopy,4.0,0.159,0,16,1,6.75,0,4.545,0,8.108,0,0,4,100,3,2,0,410
2026-05-17 07:27:17,-0.561,FoopyPoopy,6.667,0.574,0,24,2,5.833,1,4.545,5.128,10.345,0,1,6,90,3,2,0,410
2026-05-20 22:26:33,-0.468,FoopyPoopy,8.228,1.045,0,33,1,4.923,3,10.811,7.692,6.977,1,2,13,158,6,0,0,410
2026-05-30 04:57:21,0.101,FoopyPoopy,6.767,0.528,0,15,6,6.667,1,18.75,0,7.692,0,0,9,133,1,5,0,410
2026-05-30 09:01:45,-0.28,FoopyPoopy,9.434,1.105,0,24,9,6.133,2,9.302,7.792,12.821,1,1,15,159,1,4,1,410
2026-06-01 05:57:19,0.101,FoopyPoopy,15.287,1.015,0,26,2,6.042,2,21.739,12.5,12.766,0,1,24,157,4,2,0,410
2026-06-03 04:26:23,-0.377,FoopyPoopy,8.475,0.572,0,12,3,6.1,0,7.143,6.667,11.111,0,0,10,118,0,5,0,410
2026-06-04 07:25:31,-0.859,FoopyPoopy,20.349,2.584,2,52,1,4.914,10,33.333,12.676,19.643,5,3,35,172,3,2,1,410
2026-06-05 06:23:16,-0.752,FoopyPoopy,6.707,0.618,0,16,8,6.455,2,16.216,2.597,6,0,1,11,164,3,2,1,410
2026-06-19 21:13:50,-0.658,FoopyPoopy,12.5,2.498,0,8,1,4.833,4,12.5,17.073,6.452,3,0,12,96,4,1,0,410
2026-06-20 23:27:03,-0.375,FoopyPoopy,11.538,1.583,0,2,2,5.6,2,13.333,11.429,10,1,0,15,130,4,2,0,410
2026-06-28 00:57:32,-0.169,FoopyPoopy,6.338,1.05,1,15,3,5.222,1,2.857,5.97,10,1,0,9,142,0,5,1,410
2026-01-05 00:32:24,6.412,zokie,19.463,2.386,0,46,1,5.207,7,25,12.857,25.532,2,4,29,149,2,4,0,413
2026-01-20 11:16:49,6.269,zokie,15.789,2.141,0,30,0,4.889,6,36.842,6.667,20,1,2,18,114,0,6,0,413
2026-01-22 14:29:28,5.606,zokie,22.973,3.043,2,46,0,5.088,8,31.818,13.333,27.273,4,1,34,148,3,2,1,413
2026-03-20 22:04:30,5.716,zokie,25.503,3.521,2,39,0,5.053,11,52.381,16.438,11.765,3,4,38,149,2,4,0,413
2026-03-23 19:15:16,5.502,zokie,22.314,4.596,2,24,1,4.444,10,33.333,17.857,20,4,2,27,121,4,1,0,413
2026-03-24 13:55:04,5.841,zokie,26.718,3.137,0,34,1,5.114,10,33.333,25,24.324,2,6,35,131,4,2,0,413
2026-04-20 13:47:22,6.048,zokie,31.618,7.699,5,29,0,4.302,16,52.5,18.519,28.571,11,3,43,136,4,2,0,413
2026-04-20 18:43:30,6.259,zokie,29.375,4.283,1,31,0,5.043,8,41.176,26.027,26.415,4,4,47,160,4,2,0,413
2026-04-21 10:13:47,6.473,zokie,27.928,7.128,1,16,0,4.194,12,56,21.154,17.647,3,3,31,111,4,1,0,413
2026-04-21 18:25:22,6.821,zokie,31.034,5.286,3,43,0,4.648,15,44.681,26.027,25.926,8,4,54,174,2,4,0,413
2026-04-23 10:37:04,6.597,zokie,23.295,3.999,2,34,0,5.073,10,43.243,15.476,21.818,2,5,41,176,2,2,2,413
2026-04-25 09:12:57,6.673,zokie,34.746,7.304,1,15,1,4.61,14,60,28.571,27.027,5,8,41,118,3,3,0,413
2026-04-25 14:37:20,6.67,zokie,26.389,6.75,6,25,1,3.895,16,43.333,21.918,21.951,9,5,38,144,2,4,0,413
2026-04-29 09:20:39,6.451,zokie,30.189,6.944,5,18,0,3.906,16,46.875,15.385,40.909,7,7,32,106,5,1,0,413
2026-04-30 14:25:20,6.867,zokie,28.144,4.588,2,45,0,4.638,16,36.957,23.611,26.531,5,11,47,167,1,4,1,413
2026-05-01 11:41:50,6.557,zokie,20.896,3.432,1,28,0,4.679,7,37.931,11.594,25,1,5,28,134,1,5,0,413
2026-05-01 14:47:12,6.557,zokie,30.275,5.222,2,13,0,4.788,8,65.217,12.963,34.375,4,3,33,109,3,3,0,413
2026-05-02 09:39:52,6.136,zokie,28.906,4.835,1,18,1,5.216,10,36.111,31.25,20.455,4,6,37,128,3,3,0,413
2026-05-02 23:23:31,6.123,zokie,25.225,2.807,1,31,0,5.286,5,50,20,17.949,2,3,28,111,2,3,0,413
2026-05-03 13:50:06,6.025,zokie,24.731,5.041,1,11,0,4.391,10,21.739,16.279,40.741,3,6,23,93,2,3,0,413
2026-05-04 18:44:00,5.937,zokie,31.429,4.063,0,30,1,5.273,8,45.161,23.438,33.333,1,5,44,140,1,3,1,413
2026-05-05 18:37:55,5.73,zokie,23.022,4.424,3,27,0,4.312,9,28.125,25,14.286,4,2,32,139,4,2,0,413
2026-05-06 21:00:14,5.916,zokie,26.95,2.859,0,24,0,5.789,4,33.333,30,19.608,2,2,38,141,1,4,1,413
2026-05-07 14:18:37,5.622,zokie,26.901,4.064,3,36,0,5.261,11,41.667,21.429,20.755,3,5,46,171,3,1,2,413
2026-05-08 18:02:51,5.827,zokie,31.2,4.349,1,15,0,5.256,8,40.741,22.034,38.462,6,1,39,125,1,4,0,413
2026-05-10 12:17:28,5.622,zokie,21.101,2.055,0,12,0,5.739,2,38.889,22.642,10.526,0,1,23,109,3,3,0,413
2026-05-11 10:54:27,5.606,zokie,28.75,3.972,0,28,0,4.978,12,38.235,24.324,28.846,6,5,46,160,0,4,2,413
2026-05-12 09:38:12,4.963,zokie,27.941,3.812,1,30,0,4.579,12,51.282,17.46,20.588,5,3,38,136,4,2,0,413
2026-05-12 18:15:50,5.151,zokie,31.967,4.332,2,21,0,5.205,7,41.176,28.846,27.778,4,3,39,122,3,1,1,413
2026-05-22 14:23:24,5.34,zokie,27.049,5.453,0,24,2,4.424,14,41.935,17.857,28.571,4,6,33,122,4,2,0,413
2026-05-24 19:25:18,5.524,zokie,34.815,8.938,6,22,0,4.426,17,52.174,24.561,38.182,8,4,47,135,4,2,0,413
2026-05-26 18:30:52,5.732,zokie,29.231,4.307,0,11,0,5.053,6,36,29.231,25,3,0,38,130,2,4,0,413
2026-06-04 18:25:20,5.442,zokie,30.841,7.078,2,24,0,4.303,17,57.143,18.605,25,5,9,33,107,2,2,0,413
2026-06-05 08:39:16,5.451,zokie,25.984,4.249,3,29,0,5.091,9,32.432,21.429,26.471,5,5,33,127,2,4,0,413
2026-06-18 14:24:55,5.265,zokie,28.682,4.224,1,25,0,4.946,9,44.444,22.034,27.907,6,0,37,129,5,0,0,413
2026-06-28 15:10:06,5.742,zokie,36.765,6.258,1,20,0,4.72,14,57.895,22.222,36.364,4,3,50,136,4,2,0,413
2026-01-01 22:39:32,1.703,OkitaNobu,15.888,2.853,2,22,1,4.588,5,18.182,15,14.706,4,1,17,107,2,3,0,416
2026-01-04 14:34:40,1.6,OkitaNobu,19.54,1.6,0,11,0,5.824,2,29.63,13.158,18.182,0,1,17,87,4,1,0,416
2026-01-07 14:00:01,1.899,OkitaNobu,14.737,2.445,0,7,2,4.929,4,23.077,6.667,20.833,1,2,14,95,0,5,0,416
2026-01-11 02:20:53,1.312,OkitaNobu,17.219,1.567,0,29,3,5.808,3,20,12.121,22.222,0,2,26,151,3,3,0,416
2026-01-11 19:25:15,1.321,OkitaNobu,17.007,2.928,0,25,1,4.6,8,27.027,12.121,15.909,3,1,25,147,3,3,0,416
2026-01-14 17:31:59,1.309,OkitaNobu,15.038,2.338,0,25,0,4.7,6,35.294,11.475,2.632,1,4,20,133,3,2,0,416
2026-01-15 18:44:32,1.405,OkitaNobu,15.753,3.852,4,17,2,4.217,7,29.73,6.349,17.391,6,2,23,146,4,1,1,416
2026-01-16 18:32:49,1.689,OkitaNobu,18.584,2.769,1,12,0,4.905,4,33.333,11.765,19.512,2,1,21,113,2,3,0,416
2026-01-17 00:37:47,1.592,OkitaNobu,17.816,2.514,0,37,3,4.806,10,36.364,11.392,11.765,2,4,31,174,2,3,1,416
2026-01-17 05:38:38,1.507,OkitaNobu,13.861,1.875,0,9,1,5.214,1,22.222,14.286,8.824,1,0,14,101,3,2,0,416
2026-01-18 05:07:20,1.604,OkitaNobu,14.876,1.606,1,28,1,5.444,4,31.034,10.526,8.571,1,1,18,121,3,2,0,416
2026-01-20 00:30:42,1.707,OkitaNobu,10.39,1.534,1,27,1,5.25,4,19.565,8.571,2.632,2,0,16,154,1,4,1,416
2026-01-20 19:15:46,1.429,OkitaNobu,16.541,2.167,1,11,2,5.455,5,25,10.606,19.355,2,1,22,133,4,2,0,416
2026-01-22 09:18:28,1.632,OkitaNobu,14.465,1.55,0,35,2,5.87,4,31.111,5.714,11.364,4,0,23,159,4,2,0,416
2026-01-22 14:29:28,1.828,OkitaNobu,12.057,1.258,1,44,0,5.824,3,14.286,13.725,8.333,3,1,17,141,5,1,0,416
2026-01-26 19:25:39,2.205,OkitaNobu,13.592,2.233,0,15,1,5.286,3,17.857,9.524,15.152,0,3,14,103,1,3,1,416
2026-01-27 02:46:22,2.024,OkitaNobu,13.559,1.449,1,25,0,5.688,2,41.667,7.143,5.263,1,0,16,118,4,2,0,416
2026-01-27 19:12:40,2.214,OkitaNobu,12.931,2.121,2,18,4,5.4,3,20,13.559,6.25,2,0,15,116,2,4,0,416
2026-01-29 06:07:11,2.038,OkitaNobu,21.014,1.552,0,10,4,6.276,0,28.571,17.544,17.949,0,0,29,138,2,3,0,416
2026-01-29 16:37:47,1.954,OkitaNobu,19.643,2.639,1,28,0,5.045,4,28.125,17.073,15.385,2,2,22,112,1,2,2,416
2026-01-31 08:22:55,1.889,OkitaNobu,13.0,1.76,0,4,2,5.538,3,16.667,8.333,18.182,1,0,13,100,2,3,0,416
2026-02-01 10:15:38,1.798,OkitaNobu,15.447,2.625,1,29,0,4.211,7,36.364,9.859,13.333,3,3,19,123,4,2,0,416
2026-02-02 09:29:42,1.977,OkitaNobu,18.987,1.857,0,37,0,5.333,5,30.769,13.514,17.778,2,2,30,158,1,4,1,416
2026-02-02 13:53:19,1.706,OkitaNobu,12.676,1.631,0,22,3,5.889,3,22.222,11.111,9.302,2,1,18,142,3,3,0,416
2026-02-03 20:22:50,1.692,OkitaNobu,14.729,3.521,2,20,2,4.158,9,20,16.393,7.895,5,1,19,129,4,2,0,416
2026-02-04 13:43:18,1.863,OkitaNobu,4.959,0.782,0,26,2,5.0,2,10.345,3.448,2.941,1,0,6,121,2,4,0,416
2026-02-05 15:04:09,1.666,OkitaNobu,16.352,1.953,0,19,6,5.885,4,25.714,6.452,20.968,3,1,26,159,3,3,0,416
2026-02-10 18:27:03,1.674,OkitaNobu,16.364,2.187,0,42,1,5.074,6,27.273,13.75,9.756,3,2,27,165,2,4,0,416
2026-02-11 13:43:55,1.485,OkitaNobu,13.043,3.078,1,8,5,4.667,4,23.333,10.606,9.524,2,1,18,138,4,2,0,416
2026-02-14 14:04:22,1.667,OkitaNobu,9.938,2.368,1,23,4,4.75,6,24.324,3.39,7.692,5,1,16,161,5,1,0,416
2026-02-16 18:20:23,2.025,OkitaNobu,14.599,2.016,0,16,1,4.8,7,34.615,9.091,11.111,2,3,20,137,2,4,0,416
2026-02-20 05:26:49,1.854,OkitaNobu,17.424,4.371,2,9,4,4.522,10,14.286,16.129,22.857,6,1,23,132,3,3,0,416
2026-02-22 04:59:06,1.845,OkitaNobu,12.403,2.362,1,25,2,4.375,4,12.903,11.111,13.636,3,1,16,129,5,1,0,416
2026-02-24 21:10:41,2.223,OkitaNobu,28.431,7.442,7,14,0,3.724,16,34.483,24.528,30,9,4,29,102,3,3,0,416
2026-02-25 09:17:06,2.238,OkitaNobu,15.254,1.765,0,33,3,5.63,4,26.087,11.765,10.87,1,1,27,177,2,3,1,416
2026-02-25 11:19:38,2.126,OkitaNobu,17.123,3.11,1,25,2,4.44,7,23.333,19.118,10.417,1,3,25,146,3,3,0,416
2026-02-28 18:08:03,2.137,OkitaNobu,18.121,2.687,2,47,0,4.667,11,38.71,15.493,8.511,4,1,27,149,2,4,0,416
2026-03-01 07:10:28,1.957,OkitaNobu,21.192,3.875,2,23,2,5.219,8,30.303,15.385,22.642,3,3,32,151,3,3,0,416
2026-03-01 17:42:33,1.947,OkitaNobu,18.881,1.989,1,25,0,5.519,4,25,16.667,17.021,3,0,27,143,2,3,0,416
2026-03-02 11:58:43,1.861,OkitaNobu,11.811,3.073,0,18,3,4.733,7,16.129,11.667,8.333,5,1,15,127,3,3,0,416
2026-03-04 05:02:33,1.874,OkitaNobu,21.429,3.73,4,14,0,5.433,8,33.333,18.293,21.622,5,1,30,140,3,2,1,416
2026-03-05 09:50:08,1.947,OkitaNobu,13.475,2.191,2,24,0,5.158,4,22.5,12.903,5.128,3,1,19,141,3,3,0,416
2026-03-07 13:52:35,1.947,OkitaNobu,14.13,2.299,0,13,3,4.923,3,30.769,9.091,4.545,2,1,13,92,3,2,0,416
2026-03-11 10:35:17,2.042,OkitaNobu,19.38,3.236,1,17,2,5.08,6,42.424,12.069,10.526,3,1,25,129,2,4,0,416
2026-03-15 10:12:57,1.869,OkitaNobu,15.823,1.104,0,27,3,6.32,1,18.182,14.865,15.686,0,1,25,158,4,2,0,416
2026-03-16 16:08:49,2.049,OkitaNobu,22.152,3.095,3,35,2,5.114,8,50,14.085,15.094,4,3,35,158,3,3,0,416
2026-03-17 10:03:05,2.041,OkitaNobu,16.964,3.147,3,25,1,4.947,5,25.806,13.462,13.793,4,1,19,112,3,3,0,416
2026-03-19 14:23:48,2.054,OkitaNobu,21.687,2.192,1,44,2,5.5,6,35.714,15.584,19.149,2,3,36,166,5,1,0,416
2026-03-21 14:05:45,2.443,OkitaNobu,15.517,3.09,0,26,1,4.722,5,16.667,19.149,10.256,2,3,18,116,4,1,0,416
2026-03-22 14:22:46,2.721,OkitaNobu,14.789,2.237,2,37,1,5.333,5,32.353,5.479,17.143,2,2,21,142,4,1,0,416
2026-04-16 00:39:38,3.009,OkitaNobu,23.596,5.476,2,13,0,4.143,11,22.222,21.739,28,5,1,21,89,4,1,0,416
2026-04-16 06:43:37,3.29,OkitaNobu,21.605,2.265,2,46,1,5.143,5,31.818,15.625,20.37,3,4,35,162,3,3,0,416
2026-04-17 07:29:19,3.304,OkitaNobu,13.38,1.487,0,33,2,5.368,3,25.641,11.111,6.122,1,0,19,142,1,5,0,416
2026-04-17 14:03:23,2.937,OkitaNobu,22.4,3.44,1,32,0,4.536,10,48.571,12,12.5,5,3,28,125,3,1,1,416
2026-04-18 21:12:03,3.123,OkitaNobu,22.857,2.828,1,23,1,5.125,7,25.641,26.154,13.889,2,3,32,140,2,2,1,416
2026-04-19 07:32:45,3.115,OkitaNobu,19.82,3.355,2,26,0,4.364,10,22.857,16.667,20.588,4,3,22,111,2,4,0,416
2026-04-20 05:13:11,2.926,OkitaNobu,21.538,2.643,0,7,3,5.321,0,29.032,14.754,26.316,0,0,28,130,2,4,0,416
2026-04-21 10:13:47,2.926,OkitaNobu,21.008,2.902,0,17,2,5.56,5,20,23.529,18.182,2,2,25,119,3,2,0,416
2026-04-21 13:51:52,3.011,OkitaNobu,16.0,1.835,0,18,0,5.65,2,23.529,12.963,13.514,1,0,20,125,3,3,0,416
2026-04-22 06:15:10,3.0,OkitaNobu,19.512,2.897,1,9,2,5.583,5,51.515,8.511,6.977,4,0,24,123,3,2,0,416
2026-04-22 15:13:20,2.944,OkitaNobu,17.687,2.474,2,29,2,5.385,6,13.889,23.81,12.5,3,3,26,147,2,4,0,416
2026-04-24 14:02:24,2.764,OkitaNobu,15.748,3.018,1,31,1,4.65,7,32.432,5.455,14.286,5,2,20,127,2,3,0,416
2026-04-25 09:12:57,2.684,OkitaNobu,16.667,3.631,3,21,1,4.833,7,30.769,11.594,16.327,6,2,24,144,3,3,0,416
2026-04-27 18:57:55,2.68,OkitaNobu,19.876,2.449,0,26,1,5.469,4,36.585,19.178,6.383,3,1,32,161,5,1,0,416
2026-04-28 14:08:03,3.021,OkitaNobu,12.15,1.833,0,28,2,4.923,3,10,10.909,15.625,0,1,13,107,2,3,0,416
2026-05-02 09:39:52,2.933,OkitaNobu,16.312,4.776,3,25,3,4.0,9,20,12.903,18.182,6,4,23,141,3,3,0,416
2026-05-05 14:09:04,2.926,OkitaNobu,16.279,1.455,0,21,1,5.952,2,23.529,17.544,7.895,0,3,21,129,3,1,1,416
2026-05-07 07:15:21,3.119,OkitaNobu,22.603,4.119,0,28,1,4.758,11,33.333,22.388,13.953,1,5,33,146,4,1,1,416
2026-05-09 21:37:31,3.382,OkitaNobu,24.204,2.284,2,73,0,4.421,13,34.286,19.718,23.529,3,5,38,157,2,4,0,416
2026-05-10 12:17:28,3.203,OkitaNobu,18.548,2.973,0,16,1,4.957,6,30.435,12.698,21.053,4,2,23,124,2,4,0,416
2026-05-15 07:01:20,3.024,OkitaNobu,18.543,3.527,1,47,0,4.071,16,20.588,15,24.324,5,6,28,151,2,4,0,416
2026-05-17 21:31:48,2.846,OkitaNobu,23.256,4.709,1,16,2,4.333,13,42.857,17.46,18.421,7,0,30,129,4,2,0,416
2026-05-21 07:13:01,3.009,OkitaNobu,19.091,1.881,0,23,0,5.667,4,22.727,21.154,13.889,0,2,21,110,2,4,0,416
2026-05-26 13:56:18,2.839,OkitaNobu,18.045,2.731,1,30,0,4.792,7,19.355,18.333,16.667,1,3,24,133,1,5,0,416
2026-05-29 07:43:45,2.483,OkitaNobu,23.418,3.175,0,43,0,4.649,12,41.026,22.535,10.417,4,3,37,158,4,2,0,416
2026-05-29 13:51:29,2.655,OkitaNobu,23.358,4.03,4,36,2,4.156,12,32.258,17.742,25,5,6,32,137,2,4,0,416
2026-06-01 13:46:50,2.477,OkitaNobu,20.69,3.269,1,17,0,4.875,7,32,21.429,11.429,2,1,24,116,2,4,0,416
2026-06-03 14:14:56,2.298,OkitaNobu,22.523,2.087,1,18,2,5.6,3,36.667,19.565,14.286,1,2,25,111,5,1,0,416
2026-06-05 14:41:15,2.653,OkitaNobu,15.333,2.233,0,28,6,5.435,7,25,8.571,18.182,1,4,23,150,4,2,0,416
2026-06-06 22:27:02,2.833,OkitaNobu,23.881,5.402,4,16,1,4.375,12,27.027,26.667,16.216,7,2,32,134,6,0,0,416
2026-06-09 23:10:50,2.833,OkitaNobu,14.599,1.917,1,31,2,4.85,8,34.375,8.571,8.571,3,3,20,137,2,4,0,416
2026-06-11 04:24:29,3.17,OkitaNobu,19.008,3.511,0,12,1,4.913,8,30.769,15.789,15.789,3,4,23,121,4,1,0,416
2026-06-13 18:45:41,3.447,OkitaNobu,21.854,4.213,2,26,3,4.424,11,34.375,22.388,13.462,4,6,33,151,1,4,1,416
2026-06-19 19:28:06,3.171,OkitaNobu,23.358,2.869,1,12,2,5.656,3,34.211,15.094,23.913,2,1,32,137,2,3,1,416
2026-06-22 00:04:06,3.056,OkitaNobu,15.686,1.596,0,8,1,6.25,3,27.273,11.321,14.815,0,1,16,102,2,2,1,416
2026-06-29 03:00:46,3.063,OkitaNobu,13.846,2.622,2,19,3,5.0,3,28.947,6.78,9.091,4,0,18,130,3,3,0,416
2026-07-04 04:26:07,3.07,OkitaNobu,23.704,2.775,0,20,0,5.438,6,46.154,18.868,9.302,0,4,32,135,4,2,0,416
2026-01-22 22:13:39,4.997,YellowRose,27.778,4.077,3,27,1,4.971,7,53.333,17.857,22.5,4,2,35,126,1,4,0,417
2026-04-17 17:36:21,4.642,YellowRose,18.584,3.457,1,13,1,4.714,8,39.13,3.636,28.571,1,1,21,113,2,3,0,417
2026-06-18 14:24:55,4.529,YellowRose,28.058,4.924,3,26,1,4.846,9,50,19.355,20.513,7,3,39,139,0,4,1,417
2026-03-20 22:04:30,2.771,keysha18,13.761,1.379,0,23,0,5.6,4,15.385,14.062,10.526,1,0,15,109,5,1,0,419
2026-05-03 13:50:06,3.248,keysha18,11.905,1.791,0,24,1,5.0,3,12.121,11.111,13.333,1,1,15,126,4,1,0,419
2026-05-20 22:26:33,3.557,keysha18,12.102,1.231,0,34,0,5.0,2,23.684,7.246,10,1,0,19,157,3,3,0,419
2026-06-19 22:59:11,3.563,keysha18,16.162,1.701,0,9,1,5.625,1,22.222,18,9.677,0,0,16,99,2,3,0,419
2026-01-07 01:49:38,3.5,MapleSyyrup,9.938,1.372,1,37,0,5.25,4,20,7.937,3.774,2,1,16,161,1,5,0,422
2026-06-18 10:54:28,2.985,MapleSyyrup,11.842,2.208,3,32,5,5.111,4,34.483,6.41,6.667,3,1,18,152,1,4,1,422
2026-04-23 05:08:06,1.0,brandon_K,4.167,0.792,1,22,1,4.8,2,8.696,2.941,3.448,1,1,5,120,2,3,0,426
2026-06-15 06:22:37,0.896,Raphtelia,4.651,0.271,0,32,0,6.167,1,10.526,0,5.556,1,0,6,129,3,3,0,426
2026-01-06 14:13:54,8.645,HaruUrara,28.387,5.487,0,28,4,4.909,13,30.303,29.87,24.444,3,3,44,155,5,1,0,430
2026-01-07 14:00:01,9.047,HaruUrara,31.884,7.553,3,21,0,4.318,18,25.641,28.571,44.444,7,3,44,138,5,0,0,430
2026-01-07 16:34:15,9.553,HaruUrara,32.231,6.672,2,18,1,4.333,13,17.857,37.288,35.294,6,5,39,121,4,2,0,430
2026-01-17 16:40:47,9.739,HaruUrara,29.6,5.01,0,13,1,5.0,10,25.532,36,25,5,1,37,125,2,3,0,430
2026-01-17 16:42:16,9.739,HaruUrara,29.6,5.01,0,13,1,5.0,10,25.532,36,25,5,1,37,125,2,3,0,430
2026-01-26 19:25:39,9.636,HaruUrara,28.155,6.18,3,17,3,4.655,9,31.034,29.167,23.077,5,2,29,103,4,1,0,430
2026-01-31 16:22:08,9.936,HaruUrara,22.973,3.914,2,31,1,4.559,10,16.667,20.779,29.787,7,4,34,148,2,4,0,430
2026-02-09 18:53:08,9.738,HaruUrara,29.839,5.609,1,18,2,4.784,13,34.615,26.415,31.111,5,5,37,124,4,1,0,430
2026-02-13 00:43:49,10.028,HaruUrara,23.684,5.608,4,45,0,3.861,17,20,25.862,23.729,4,13,36,152,4,2,0,430
2026-02-28 18:08:03,10.218,HaruUrara,29.63,5.529,4,35,0,3.9,18,29.63,23.881,39.024,7,6,40,135,2,4,0,430
2026-03-04 14:45:10,10.024,HaruUrara,30.405,6.372,1,33,2,4.467,17,25.641,33.846,29.545,7,8,45,148,3,3,0,430
2026-03-05 20:48:03,10.021,HaruUrara,33.987,7.452,6,36,1,4.346,22,31.034,39.024,26.19,7,9,52,153,5,1,0,430
2026-03-07 13:52:35,10.417,HaruUrara,31.148,7.25,4,25,0,4.5,13,31.25,38.983,16.129,6,5,38,122,3,2,0,430
2026-03-09 14:33:55,10.511,HaruUrara,27.82,5.602,1,21,1,4.73,10,35.897,22.951,27.273,4,1,37,133,4,2,0,430
2026-03-12 22:28:14,10.712,HaruUrara,29.747,7.103,4,34,0,4.383,17,29.032,27.711,34.091,7,6,47,158,2,4,0,430
2026-03-15 00:14:27,10.519,HaruUrara,30.508,7.487,0,24,0,3.972,17,28.571,35.417,26.19,2,11,36,118,0,5,0,430
2026-03-16 19:05:41,10.041,HaruUrara,30.233,5.191,0,21,0,4.872,11,32.432,31.481,26.316,2,4,39,129,5,1,0,430
2026-03-19 11:00:41,10.429,HaruUrara,29.193,4.732,4,43,3,4.787,13,32.5,26.761,30,9,4,47,161,2,3,1,430
2026-03-19 14:23:48,10.336,HaruUrara,28.0,7.334,8,42,3,3.714,22,26.316,28.767,28.205,13,10,42,150,3,3,0,430
2026-03-21 14:05:45,10.321,HaruUrara,35.714,8.097,4,18,0,4.489,16,25,38.333,39.474,7,5,45,126,4,1,0,430
2026-03-23 19:15:16,10.598,HaruUrara,29.524,7.784,3,11,1,3.871,15,19.355,31.373,39.13,5,4,31,105,2,3,0,430
2026-04-02 18:30:27,10.51,HaruUrara,39.64,8.961,2,17,0,4.318,15,41.667,36.735,42.105,5,5,44,111,1,4,0,430
2026-04-12 10:13:20,10.273,HaruUrara,28.226,6.602,2,17,3,4.629,12,35.484,25.424,26.471,3,4,35,124,3,2,0,430
2026-04-16 18:35:33,10.364,HaruUrara,28.358,6.548,2,20,0,4.316,15,33.333,27.692,23.333,6,4,38,134,3,2,1,430
2026-04-20 22:24:29,10.445,HaruUrara,36.066,8.863,3,20,1,3.659,22,43.75,27.66,39.535,4,13,44,122,2,3,0,430
2026-04-21 18:25:22,10.342,HaruUrara,32.117,6.158,2,33,0,4.273,18,29.268,38.596,25.641,9,5,44,137,3,3,0,430
2026-04-24 14:02:24,10.35,HaruUrara,29.808,7.858,5,28,1,3.677,15,35,20.37,43.333,8,4,31,104,2,3,0,430
2026-05-26 18:30:52,10.243,HaruUrara,25.0,6.284,4,17,4,4.333,15,26.087,29.032,16.667,7,2,36,144,2,3,1,430
2026-06-07 18:18:38,10.157,HaruUrara,28.378,5.352,0,25,1,4.667,13,30.769,32.394,18.421,3,7,42,148,0,6,0,430
2026-06-11 18:19:17,9.613,HaruUrara,26.923,5.126,1,16,0,4.607,11,44.444,19.149,23.333,2,8,28,104,2,3,0,430
2026-06-17 16:20:35,9.898,HaruUrara,35.821,7.156,2,23,0,4.5,18,48.148,33.333,31.707,3,13,48,134,1,5,0,430
2026-06-18 07:29:56,9.525,HaruUrara,30.968,6.964,3,16,4,4.833,12,30.233,28.169,36.585,5,4,48,155,5,1,0,430
2026-06-19 19:28:06,9.516,HaruUrara,31.387,7.668,3,21,3,4.326,17,29.412,26.866,41.667,6,4,43,137,4,2,0,430
2026-06-21 22:16:46,9.697,HaruUrara,23.358,5.391,3,31,0,4.531,10,26.667,21.918,23.529,3,3,32,137,3,2,0,430
2026-06-25 14:15:46,9.8,HaruUrara,28.571,7.593,3,24,1,4.184,12,33.333,25.862,29.167,7,4,38,133,5,1,0,430
2026-06-28 15:10:06,10.15,HaruUrara,24.39,5.825,2,22,0,4.067,15,23.333,30.909,15.789,4,5,30,123,1,5,0,430
2026-07-03 13:56:00,9.706,HaruUrara,41.007,8.196,3,26,1,4.667,19,32.143,45.161,40.816,6,7,57,139,2,4,0,430
2026-01-04 06:10:39,1.165,Luna,11.243,1.146,1,46,1,5.895,2,11.111,9.091,14.286,1,1,19,169,1,4,1,431
2026-02-16 18:20:23,0.851,Luna,10.417,0.94,0,26,0,5.333,1,16,9.859,8.333,0,0,15,144,3,3,0,431
2026-03-15 10:12:57,0.83,Luna,14.286,2.193,1,33,2,5.227,4,15.385,10.294,19.149,2,2,22,154,1,5,0,431
2026-04-13 14:04:29,0.381,Luna,11.905,1.808,1,17,2,4.733,2,8.571,9.231,23.077,1,0,15,126,3,3,0,431
2026-04-13 19:02:02,0.374,Luna,20.155,3.505,2,8,0,5.423,5,23.529,16.071,23.077,4,0,26,129,5,1,0,431
2026-04-17 14:03:23,0.814,Luna,15.044,2.281,1,29,0,4.353,6,25,5.882,21.053,1,2,17,113,1,3,1,431
2026-04-17 17:36:21,0.596,Luna,17.172,3.685,2,14,0,4.706,6,22.727,11.111,21.875,4,2,17,99,2,2,1,431
2026-04-18 16:41:41,0.605,Luna,15.484,2.278,0,25,4,5.25,5,17.021,15.152,14.286,3,0,24,155,5,0,1,431
2026-04-30 14:25:20,1.1,Luna,17.273,2.99,0,28,0,4.632,10,10.714,12.5,29.412,2,7,19,110,4,2,0,431
2026-05-01 14:47:12,0.859,Luna,12.844,1.231,0,13,2,5.714,2,21.739,1.852,25,1,0,14,109,3,3,0,431
2026-05-05 18:37:55,0.861,Luna,8.696,1.376,1,23,1,5.083,4,12.121,5.479,12.5,2,0,12,138,3,3,0,431
2026-05-29 07:43:45,0.84,Luna,11.765,1.258,0,30,4,5.438,4,13.889,14.493,3.226,1,3,16,136,3,3,0,431
2026-05-29 13:51:29,0.834,Luna,12.605,1.769,1,30,0,4.933,5,22.222,9.375,13.514,3,1,15,119,3,3,0,431
2026-05-30 21:04:03,0.837,Luna,13.913,1.444,0,9,0,5.75,3,13.636,13.115,15.625,0,0,16,115,3,3,0,431
2026-06-01 13:46:50,0.84,Luna,14.754,1.719,1,17,2,5.556,3,18.182,6,23.077,2,1,18,122,2,3,1,431
2026-06-01 18:21:54,0.734,Luna,14.765,2.437,1,23,3,5.0,6,21.212,11.111,15.909,2,2,22,149,2,4,0,431
2026-06-03 04:26:23,0.543,Luna,7.843,1.009,0,15,2,5.25,2,0,6.667,13.889,0,0,8,102,3,2,0,431
2026-06-07 08:09:22,0.656,Luna,17.391,1.728,0,26,3,6.219,2,13.158,15.73,22.807,0,1,32,184,1,5,0,431
2026-06-09 13:58:23,0.656,Luna,18.0,3.063,3,32,3,5.111,5,15.152,16.393,21.429,4,1,27,150,4,2,0,431
2026-06-22 22:49:49,0.463,Luna,14.729,2.242,0,16,1,4.895,3,11.765,17.241,13.514,2,0,19,129,0,5,0,431
2026-06-24 20:18:32,-0.046,Luna,12.977,1.5,0,19,2,5.412,3,13.333,12.069,13.953,2,0,17,131,2,4,0,431
2026-07-03 17:57:14,-0.24,Luna,13.208,2.748,1,17,1,4.429,5,13.043,9.756,16.667,3,3,14,106,4,2,0,431
2026-07-05 14:02:38,-0.051,Luna,12.598,1.79,1,15,1,5.625,4,10.714,10.526,16.667,3,0,16,127,2,4,0,431
2026-01-06 05:29:39,2.175,Loomi,11.258,1.826,0,16,3,5.059,5,15.789,11.864,7.407,2,1,17,151,2,4,0,437
2026-03-23 19:15:16,3.0,Dav1d,22.034,3.345,0,14,2,5.115,7,18.182,15.686,35.294,1,3,26,118,1,4,0,441
2026-04-05 07:51:40,2.628,Dav1d,13.174,2.972,2,12,5,5.318,5,22.222,5.263,17.391,3,2,22,167,1,4,1,441
2026-04-09 18:12:32,2.255,Dav1d,9.574,2.622,1,14,0,3.556,4,19.048,2.564,11.765,2,2,9,94,3,2,0,441
2026-05-01 21:20:47,2.382,Dav1d,13.725,2.742,2,30,0,4.429,7,9.302,18.333,12,3,2,21,153,3,2,1,441
2026-05-04 18:44:00,2.486,Dav1d,11.607,2.003,1,20,3,4.769,3,13.333,6.818,15.789,2,1,13,112,0,5,0,441
2026-05-24 13:57:54,1.921,Dav1d,15.447,2.166,0,32,1,5.211,6,15.625,9.804,22.5,3,4,19,123,4,1,0,441
2026-05-26 13:56:18,2.253,Dav1d,9.677,0.773,0,28,0,5.583,0,0,6.25,20.455,0,0,12,124,2,4,0,441
2026-05-29 13:51:29,2.036,Dav1d,18.31,2.275,1,32,0,5.077,8,21.212,18.182,16.279,3,3,26,142,4,2,0,441
2026-05-29 18:24:54,2.275,Dav1d,15.646,4.607,4,24,2,4.13,12,9.091,17.91,17.021,6,6,23,147,3,3,0,441
2026-06-04 18:25:20,2.284,Dav1d,14.765,1.047,0,24,3,6.364,1,23.404,7.692,16.216,0,1,22,149,4,2,0,441
2026-06-13 18:45:41,2.487,Dav1d,22.857,3.955,2,32,2,4.675,10,26.471,17.442,29.091,2,6,40,175,2,2,2,441
2026-06-28 15:10:06,2.506,Dav1d,14.706,1.261,0,20,1,5.85,1,26.316,7.407,13.636,0,1,20,136,4,2,0,441
2026-07-01 23:43:02,2.706,Dav1d,15.625,2.122,1,48,2,4.52,6,30.233,7.5,16.216,4,0,25,160,3,3,0,441
2026-01-12 05:30:57,2.0,Loirinzz,10.753,0.921,0,5,1,5.9,0,14.286,6.818,14.286,0,2,10,93,3,2,0,443
2026-01-18 10:29:54,2.111,Loirinzz,11.429,2.465,1,15,0,4.417,5,8.696,8.696,16.667,2,1,12,105,2,3,0,443
2026-03-23 04:20:46,3.12,Kynn,25.874,5.885,3,16,3,4.649,11,68.421,10.145,11.111,9,1,37,143,6,0,0,452
2026-03-23 19:15:16,3.832,Kynn,22.609,4.177,1,13,0,4.808,9,62.069,9.524,9.091,3,3,26,115,2,3,0,452
2026-03-25 22:25:20,3.711,Kynn,22.137,3.5,0,21,1,5.207,5,74.074,11.94,2.703,2,0,29,131,2,4,0,452
2026-03-26 10:19:38,3.711,Kynn,25.333,4.353,6,45,0,4.579,15,60.465,16.393,4.348,7,8,38,150,3,3,0,452
2026-03-30 21:39:33,3.508,Kynn,25.316,4.313,1,33,1,4.525,14,67.568,12.162,12.766,2,9,40,158,2,3,1,452
2026-04-02 18:30:27,3.396,Kynn,24.786,5.032,3,11,0,4.862,7,58.824,15.217,5.405,5,2,29,117,3,2,0,452
2026-04-06 04:10:38,3.498,Kynn,27.642,4.994,3,15,1,5.0,9,75.758,13.636,6.522,6,2,34,123,4,2,0,452
2026-04-06 18:07:46,3.725,Kynn,21.711,2.726,0,22,2,5.394,4,54.762,7.463,11.628,2,1,33,152,3,3,0,452
2026-04-13 04:24:01,3.698,Kynn,23.308,5.339,2,12,2,4.935,9,56.25,15,9.756,3,6,31,133,2,4,0,452
2026-04-16 00:39:38,3.484,Kynn,26.733,5.479,2,14,1,4.444,11,58.621,11.905,16.667,8,2,27,101,3,2,0,452
2026-04-22 15:13:20,3.584,Kynn,23.438,4.015,1,25,2,4.667,10,55.556,9.615,12.5,4,3,30,128,5,1,0,452
2026-05-02 23:23:31,4.022,Kynn,22.917,4.272,1,24,0,4.318,9,83.333,9.615,7.692,6,2,22,96,2,3,0,452
2026-06-09 18:18:54,3.909,Kynn,21.477,4.299,3,18,6,4.656,8,68.571,7.937,5.882,4,3,32,149,2,4,0,452
2026-01-01 10:11:46,1.703,RyoutaVN,15.385,1.451,0,32,0,5.5,2,24.138,10.714,15.556,0,1,20,130,5,0,0,453
2026-01-01 22:39:32,2.287,RyoutaVN,23.729,3.595,1,22,1,4.964,10,36.364,19.565,17.949,4,4,28,118,2,3,0,453
2026-01-02 13:57:28,2.179,RyoutaVN,17.045,1.616,0,11,2,6.133,1,27.273,11.111,19.048,0,1,15,88,3,2,0,453
2026-01-03 00:30:48,2.288,RyoutaVN,13.6,2.663,2,24,0,4.765,6,17.073,5.769,21.875,3,1,17,125,4,2,0,453
2026-01-04 14:34:40,2.509,RyoutaVN,16.854,3.566,0,15,1,4.4,6,33.333,8.333,11.538,4,2,15,89,3,1,1,453
2026-01-05 00:32:24,2.735,RyoutaVN,17.518,1.754,0,28,2,5.625,6,24.39,10.526,20.513,2,2,24,137,4,2,0,453
2026-01-05 07:23:46,2.943,RyoutaVN,16.783,1.523,1,48,1,5.25,7,36.364,6.061,18.182,1,1,24,143,3,3,0,453
2026-01-07 16:34:15,2.942,RyoutaVN,14.634,1.65,0,24,1,5.444,4,11.111,13.235,21.429,0,1,18,123,1,5,0,453
2026-01-16 18:32:49,2.522,RyoutaVN,9.346,2.379,1,24,1,3.9,6,27.273,3.704,6.452,4,1,10,107,3,2,0,453
2026-01-17 05:38:38,2.645,RyoutaVN,13.861,2.277,0,9,0,5.143,3,27.778,8.163,14.706,2,0,14,101,3,2,0,453
2026-01-17 22:50:02,2.756,RyoutaVN,15.038,1.598,0,28,0,5.3,3,23.077,7.843,16.279,0,3,20,133,1,5,0,453
2026-01-18 05:07:20,2.339,RyoutaVN,11.207,1.022,0,35,0,5.231,2,16,8.772,11.765,0,1,13,116,2,3,0,453
2026-01-19 07:43:44,2.23,RyoutaVN,15.584,2.009,1,24,3,5.375,4,25.926,7.955,25.641,1,2,24,154,1,5,0,453
2026-01-22 22:13:39,1.815,RyoutaVN,13.333,1.051,0,27,0,5.938,2,16.129,10.909,14.706,2,0,16,120,2,3,0,453
2026-01-23 10:40:06,2.522,RyoutaVN,13.333,2.996,0,13,2,4.562,5,25,3.774,16.129,1,4,16,120,0,6,0,453
2026-01-24 11:00:37,1.1,RyoutaVN,17.692,3.083,1,22,5,4.957,6,32.258,14.062,11.429,1,3,23,130,4,2,0,453
2026-01-25 09:22:33,1.314,RyoutaVN,16.197,2.024,1,17,1,5.783,2,26.829,14.706,6.061,2,0,23,142,4,2,0,453
2026-01-27 05:46:13,1.523,RyoutaVN,14.57,2.304,0,29,3,4.818,8,18.182,11.268,16.667,5,1,22,151,3,2,1,453
2026-01-29 00:15:00,1.619,RyoutaVN,20.144,2.869,2,35,2,5.0,5,32.432,17.46,12.821,2,3,28,139,2,4,0,453
2026-01-29 13:10:54,1.62,RyoutaVN,16.296,3.385,0,14,0,4.409,9,20,11.94,21.053,1,4,22,135,2,3,1,453
2026-01-29 16:37:47,1.506,RyoutaVN,12.381,0.968,0,19,1,6.0,1,18.182,11.628,10,1,0,13,105,0,4,1,453
2026-01-30 19:32:32,0.881,RyoutaVN,17.5,2.015,0,14,0,5.429,4,34.375,11.111,11.765,3,1,21,120,2,4,0,453
2026-01-31 16:22:08,0.673,RyoutaVN,17.568,2.832,2,31,0,4.846,7,29.167,18.182,10.638,5,2,26,148,2,4,0,453
2026-02-01 10:15:38,0.481,RyoutaVN,14.655,1.589,0,23,1,5.118,3,10,14.754,17.143,1,1,17,116,2,4,0,453
2026-02-02 09:29:42,0.298,RyoutaVN,11.278,0.595,0,32,1,6.2,1,24.242,7.018,6.977,0,0,15,133,2,3,1,453
2026-02-05 20:53:38,0.224,RyoutaVN,13.178,2.204,1,19,1,5.059,3,12.903,11.94,16.129,3,0,17,129,2,4,0,453
2026-02-08 11:33:44,0.041,RyoutaVN,14.179,0.736,0,30,0,6.316,1,30,7.812,6.667,0,0,19,134,4,2,0,453
2026-02-08 19:05:51,0.227,RyoutaVN,12.782,1.811,1,24,1,5.235,4,18.182,10.811,13.514,3,0,17,133,2,4,0,453
2026-02-09 18:53:08,0.036,RyoutaVN,15.179,2.275,0,19,2,4.824,5,24.138,6.25,20,0,2,17,112,1,4,0,453
2026-02-16 18:20:23,-0.262,RyoutaVN,18.248,3.316,2,16,1,4.24,9,26.923,9.091,26.667,6,2,25,137,2,4,0,453
2026-03-23 19:15:16,-0.444,RyoutaVN,20.0,4.602,1,11,0,4.333,10,22.581,15.686,26.087,2,6,21,105,2,3,0,453
2026-03-27 05:20:46,-0.534,RyoutaVN,13.281,1.866,1,37,0,4.471,7,15.625,11.321,13.953,5,2,17,128,2,4,0,453
2026-04-17 17:36:21,-0.72,RyoutaVN,12.389,1.204,0,13,0,5.786,2,30.435,7.273,8.571,0,1,14,113,2,3,0,453
2026-04-25 14:37:20,-0.818,RyoutaVN,17.647,2.277,0,24,0,5.185,6,22.222,13.158,21.951,3,2,27,153,3,3,0,453
2026-05-06 23:26:01,-0.705,RyoutaVN,19.76,2.447,1,56,2,5.091,8,33.333,13.699,18.182,3,3,33,167,2,4,0,453
2026-05-08 18:02:51,-0.888,RyoutaVN,16.393,2.41,1,13,2,5.2,4,28.125,8.929,17.647,2,1,20,122,4,1,0,453
2026-05-09 06:27:18,-0.606,RyoutaVN,14.961,1.994,0,9,0,5.211,3,31.25,8.197,11.765,0,3,19,127,3,3,0,453
2026-05-09 21:37:31,-0.603,RyoutaVN,10.897,0.875,1,69,1,4.941,7,10.714,7.5,16.667,1,3,17,156,3,2,1,453
2026-05-11 08:22:11,-0.779,RyoutaVN,16.505,2.1,1,18,0,5.235,6,22.727,13.208,17.857,2,1,17,103,3,3,0,453
2026-05-17 07:27:17,-0.485,RyoutaVN,18.571,1.271,0,38,0,5.731,2,25,15.094,17.021,2,0,26,140,4,0,1,453
2026-05-18 11:01:47,-0.106,RyoutaVN,13.38,2.426,2,31,0,4.579,6,7.143,14.754,15.094,2,2,19,142,2,3,1,453
2026-05-20 22:26:33,-0.184,RyoutaVN,14.013,2.051,0,34,0,4.5,7,26.316,8.696,12,2,3,22,157,3,3,0,453
2026-05-22 14:23:24,-0.178,RyoutaVN,12.879,1.484,0,13,1,5.588,3,21.875,9.231,11.429,1,0,17,132,3,2,1,453
2026-05-28 13:55:32,-0.099,RyoutaVN,17.518,1.948,0,36,0,5.0,7,21.739,15.625,18,3,1,24,137,1,5,0,453
2026-05-31 11:11:49,-0.479,RyoutaVN,18.243,2.668,1,29,2,5.037,7,24.39,16.418,15,4,1,27,148,3,2,1,453
2026-06-01 05:57:19,-0.479,RyoutaVN,23.239,2.486,1,24,0,5.636,7,37.209,15.385,20.588,5,1,33,142,4,2,0,453
2026-06-03 04:26:23,-0.207,RyoutaVN,18.966,2.951,1,15,2,5.0,5,40,12.903,13.793,4,1,22,116,4,1,0,453
2026-06-03 06:38:37,0.072,RyoutaVN,15.504,2.547,1,14,1,5.15,3,10.714,16.393,17.5,1,3,20,129,4,2,0,453
2026-06-05 17:50:16,0.24,RyoutaVN,17.46,1.925,0,28,0,5.545,4,29.032,8.333,22.857,1,2,22,126,1,4,0,453
2026-06-06 22:27:02,-0.299,RyoutaVN,14.754,1.947,1,25,1,5.389,3,32.258,6.78,12.5,1,2,18,122,3,3,0,453
2026-06-10 18:04:55,-0.305,RyoutaVN,19.608,1.88,0,12,0,5.9,2,33.333,19.512,8.824,0,1,20,102,2,3,0,453
2026-06-11 04:24:29,-0.391,RyoutaVN,15.0,1.102,0,9,2,6.333,1,20,9.859,20.513,0,1,21,140,2,3,0,453
2026-06-11 18:19:17,-0.48,RyoutaVN,20.0,4.264,3,13,0,4.5,6,22.222,14.286,30.769,5,1,20,100,4,1,0,453
2026-06-15 06:22:37,-0.206,RyoutaVN,13.74,0.869,0,40,0,5.5,2,17.143,7.812,21.875,0,1,18,131,2,4,0,453
2026-06-16 23:18:25,-0.378,RyoutaVN,15.833,3.497,3,24,0,4.737,8,11.111,13.208,22.5,5,0,19,120,1,3,1,453
2026-06-17 16:20:35,-0.554,RyoutaVN,21.368,3.112,0,16,0,5.04,7,44,14.545,16.216,2,0,25,117,4,2,0,453
2026-06-18 10:54:28,-0.363,RyoutaVN,21.023,2.493,1,32,3,5.541,5,35.135,17.204,17.391,4,1,37,176,3,1,2,453
2026-06-18 22:34:18,-0.024,RyoutaVN,17.333,1.784,0,24,1,5.654,4,32.5,8.219,18.919,2,3,26,150,3,3,0,453
2026-06-19 05:24:35,-0.2,RyoutaVN,17.557,2.604,2,19,0,4.565,8,20.833,16.949,16.667,5,2,23,131,4,2,0,453
2026-06-19 19:28:06,-0.038,RyoutaVN,15.328,1.77,0,21,0,5.905,4,23.529,11.94,13.889,2,1,21,137,4,2,0,453
2026-06-19 21:13:50,0.139,RyoutaVN,11.765,1.803,0,13,1,5.167,3,10,13.725,9.677,1,0,12,102,3,2,0,453
2026-06-21 22:16:46,0.235,RyoutaVN,14.912,1.828,0,17,2,5.529,2,16.667,11.321,19.355,0,0,17,114,3,2,0,453
2026-06-22 21:35:21,0.307,RyoutaVN,20.635,3.19,2,40,1,5.179,8,37.778,14.607,16.364,4,2,39,189,1,3,2,453
2026-06-25 17:15:02,0.117,RyoutaVN,12.605,2.156,1,32,1,4.933,4,18.519,14.894,6.667,4,1,15,119,3,2,0,453
2026-06-27 17:17:15,0.205,RyoutaVN,15.517,1.455,0,9,0,5.889,2,19.355,7.143,20.93,0,1,18,116,4,2,0,453
2026-06-29 03:00:46,0.378,RyoutaVN,18.644,2.727,1,18,0,5.364,4,21.212,17.647,17.647,2,1,22,118,3,3,0,453
2026-07-01 23:43:02,0.592,RyoutaVN,15.748,2.031,2,26,0,4.9,4,23.077,5.172,26.667,3,2,20,127,4,2,0,453
2026-07-02 13:52:04,0.763,RyoutaVN,17.117,2.039,0,14,1,5.368,4,26.923,16.667,9.677,1,2,19,111,1,4,0,453
2026-07-04 04:26:07,0.493,RyoutaVN,22.308,3.098,1,9,2,5.172,4,29.73,20.755,17.5,3,1,29,130,1,5,0,453
2026-07-04 14:18:33,0.153,RyoutaVN,21.774,2.85,0,13,1,5.667,6,22.222,20,24.324,3,0,27,124,4,2,0,453
2026-01-12 05:30:57,1.638,Xandyl,6.504,0.653,0,17,2,6.0,1,8,3.333,10.526,0,1,8,123,0,4,1,454
2026-04-20 22:24:29,6.072,SIXSEVEN,13.934,1.82,1,20,0,5.059,1,15.625,8.511,18.605,1,0,17,122,2,3,0,459
2026-04-21 00:49:52,5.943,SIXSEVEN,11.486,1.613,0,18,3,5.294,4,10.526,9.091,15.909,1,1,17,148,2,4,0,459
2026-01-17 10:39:09,0.291,hakohoka,6.098,0.593,0,67,0,4.2,5,4.651,5.479,8.333,3,1,10,164,4,1,1,462
2026-01-18 10:29:54,0.618,hakohoka,4.225,0.161,0,25,2,7.0,0,6.452,3.125,4.255,0,0,6,142,2,3,0,462
2026-02-01 10:15:38,0.515,hakohoka,3.311,0.28,0,45,1,5.6,1,8,2.381,2.381,1,0,5,151,3,3,0,462
2026-02-22 04:59:06,0.505,hakohoka,7.692,1.945,1,13,2,4.25,4,10.714,6.818,6.25,2,2,8,104,2,4,0,462
2026-02-25 11:19:38,0.283,hakohoka,6.383,0.463,0,23,1,6.111,1,12.903,6.849,0,0,0,9,141,3,3,0,462
2026-03-16 13:43:54,0.266,hakohoka,4.545,0.321,0,39,1,6.0,1,10.714,0,6.667,0,0,6,132,1,5,0,462
2026-03-31 10:11:52,-0.146,hakohoka,9.16,0.739,0,17,2,6.583,1,18.519,9.375,2.5,1,0,12,131,3,3,0,462
2026-05-05 14:09:04,-0.151,hakohoka,7.285,0.841,0,34,2,5.636,1,20,3.03,5.455,2,0,11,151,2,2,1,462
2026-01-01 10:11:46,2.225,Gabetin,9.402,1.858,1,23,1,4.545,3,7.407,8.929,11.765,3,0,11,117,2,3,0,463
2026-01-02 08:00:50,2.104,Gabetin,17.241,2.123,2,11,3,6.05,2,23.529,13.208,17.241,3,0,20,116,3,1,1,463
2026-01-04 06:10:39,2.321,Gabetin,9.357,0.975,0,48,1,5.562,4,21.212,6.098,7.143,0,1,16,171,5,1,0,463
2026-01-18 05:07:20,2.795,Gabetin,18.391,3.209,1,17,1,4.062,6,22.222,10.526,25.806,3,2,16,87,4,1,0,463
2026-01-19 07:43:44,3.124,Gabetin,17.532,2.168,0,24,1,5.407,5,25.926,15.909,15.385,3,1,27,154,1,5,0,463
2026-01-29 00:15:00,2.691,Gabetin,24.219,3.709,2,21,1,4.968,9,36.585,20.37,15.152,4,3,31,128,5,1,0,463
2026-02-28 11:06:18,3.118,Gabetin,16.867,1.664,0,28,5,5.929,2,30.303,9.459,18.644,1,0,28,166,3,3,0,463
2026-03-05 09:50:08,3.118,Gabetin,18.44,2.708,1,24,2,4.846,5,25,14.516,17.949,2,1,26,141,3,3,0,463
2026-03-27 05:20:46,3.118,Gabetin,10.417,0.969,1,43,3,5.333,3,18.421,9.524,4.651,3,0,15,144,3,3,0,463
2026-05-24 13:57:54,3.11,Gabetin,14.815,1.092,0,28,2,6.0,2,34.483,9.524,5.405,0,1,16,108,1,4,0,463
2026-06-05 08:39:16,2.798,Sabetin,19.728,2.803,1,29,2,5.207,8,32.558,19.718,3.03,1,4,29,147,4,2,0,463
2026-06-05 17:50:16,3.001,Sabetin,14.423,1.64,0,24,1,5.133,2,11.765,16.327,13.158,1,1,15,104,3,2,0,463
2026-06-11 14:01:41,3.213,Sabetin,19.469,2.38,0,16,2,5.5,4,28.571,11.765,23.529,1,2,22,113,2,3,0,463
2026-06-15 06:22:37,3.106,Sabetin,23.448,3.469,3,45,0,3.824,15,38.462,16.176,21.053,7,3,34,145,4,2,0,463
2026-06-18 07:46:33,3.31,Sabetin,19.014,3.443,0,17,1,4.889,6,33.333,19.048,5,2,2,27,142,3,3,0,463
2026-06-28 15:10:06,3.29,Sabetin,19.008,2.902,0,18,2,4.826,5,25,14.545,21.053,4,2,23,121,4,2,0,463
2026-06-30 14:01:09,3.483,Sabetin,14.286,2.814,1,23,1,4.294,5,25,11.538,6.452,2,1,17,119,2,4,0,463
2026-05-09 10:03:51,1.0,Najeem,6.369,0.705,2,71,0,4.4,4,10.256,4.762,5.455,2,2,10,157,2,4,0,464
2026-01-04 06:10:39,3.0,metak,16.568,1.88,1,46,0,5.393,3,16.667,18.182,14.286,1,2,28,169,1,4,1,466
2026-01-18 05:07:20,2.678,metak,13.793,1.961,0,17,0,4.583,5,22.222,5.263,19.355,2,2,12,87,4,1,0,466
2026-02-17 09:16:51,3.028,metak,15.972,2.163,1,35,3,5.739,4,25,11.111,15.556,2,3,23,144,2,4,0,466
2026-03-27 05:20:46,2.67,metak,18.243,1.698,0,45,0,5.0,5,28.571,15.254,14.815,1,5,27,148,3,3,0,466
2026-04-17 07:29:19,2.673,metak,14.557,1.95,1,37,3,5.13,4,28.205,13.889,4.255,1,1,23,158,4,2,0,466
2026-05-24 13:57:54,2.896,metak,15.447,1.863,1,32,0,5.684,4,21.875,17.647,7.5,3,0,19,123,4,1,0,466
2026-06-15 06:22:37,3.227,metak,19.38,2.252,1,32,0,4.4,8,23.684,14.545,22.222,1,5,25,129,3,3,0,466
2026-07-04 04:26:07,3.213,metak,21.053,2.446,0,10,3,5.464,5,35.897,13.462,16.667,2,0,28,133,1,5,0,466
2026-04-27 05:23:52,2.0,Whales6978,12.088,1.011,0,11,0,5.364,2,13.043,9.756,14.815,1,0,11,91,6,0,0,472
2026-05-01 04:08:42,2.708,Whales6978,11.538,0.474,0,43,0,6.2,0,20.69,8.197,10,0,0,15,130,1,5,0,472
2026-05-05 18:37:55,2.248,Whales6978,7.477,1.132,1,17,2,5.125,2,9.677,10.417,0,1,1,8,107,1,5,0,472
2026-01-23 10:40:06,1.0,Nomu,8.621,0.851,0,11,3,5.9,0,16,5.556,8.108,0,0,10,116,4,2,0,474
2026-01-24 06:26:17,1.193,Nomu,6.536,0.678,0,25,1,5.6,2,3.704,8.75,4.348,0,1,10,153,2,3,1,474
2026-01-27 02:46:22,2.0,medley_n8tes,10.606,0.405,0,31,3,6.714,0,24.138,5,9.302,0,0,14,132,4,1,1,475
2026-01-27 19:12:40,2.0,FurLain,14.876,2.198,0,16,1,5.222,4,41.667,9.524,5.882,2,1,18,121,4,2,0,477
2026-01-29 13:10:54,2.243,FurLain,14.074,2.436,0,14,1,4.632,8,23.333,14.925,5.263,2,2,19,135,2,3,1,477
2026-05-11 18:11:15,2.118,FurLain,20.755,2.815,0,6,1,5.455,3,50,14.754,8.696,3,1,22,106,4,2,0,477
2026-02-28 18:08:03,3.0,Tugia,20.741,3.488,3,35,0,4.321,10,22.222,16.418,26.829,5,3,28,135,2,4,0,480
2026-03-01 07:10:28,2.762,Tugia,18.954,2.396,0,16,3,5.621,5,25,22.581,8.511,1,3,29,153,2,4,0,480
2026-03-22 14:22:46,2.527,Tugia,20.909,3.231,1,31,1,4.826,6,23.077,21.569,18.182,4,2,23,110,3,2,0,480
2026-03-26 10:19:38,2.637,Tugia,20.455,2.57,2,51,0,4.833,10,28.261,13.58,24.49,2,6,36,176,3,3,0,480
2026-04-05 17:46:11,2.607,Tugia,24.324,1.957,0,13,0,6.222,2,41.935,14,23.333,0,1,27,111,3,2,0,480
2026-04-09 07:20:05,2.718,Tugia,20.0,2.521,0,24,0,5.136,4,33.333,16.327,17.5,1,2,22,110,1,5,0,480
2026-04-10 07:34:26,2.277,Tugia,24.074,3.113,0,31,1,5.487,6,28.571,21.053,25.49,0,3,39,162,3,1,1,480
2026-04-14 05:05:01,2.518,Tugia,24.211,3.616,0,7,0,5.217,5,45,9.615,39.13,3,1,23,95,2,3,0,480
2026-04-14 07:36:39,2.402,Tugia,28.058,4.203,2,19,0,5.436,6,41.86,22.034,21.622,3,1,39,139,6,0,0,480
2026-04-14 18:31:24,2.518,Tugia,24.648,4.291,1,18,0,4.971,9,31.25,22.222,23.684,4,4,35,142,2,4,0,480
2026-04-16 06:43:37,2.843,Tugia,21.127,3.117,1,33,0,4.233,11,34.483,15.942,20.455,6,3,30,142,3,3,0,480
2026-04-20 18:43:30,2.768,Tugia,19.82,1.94,0,22,0,5.682,3,31.818,18.868,13.889,2,1,22,111,1,5,0,480
2026-04-21 18:25:22,2.339,Tugia,21.264,3.065,0,43,3,4.919,10,34.043,20.548,11.111,5,4,37,174,2,4,0,480
2026-04-22 06:15:10,2.117,Tugia,23.577,2.411,0,9,0,5.897,3,45.455,17.021,13.953,1,0,29,123,3,2,0,480
2026-04-22 15:13:20,2.233,Tugia,21.233,2.256,0,27,0,5.613,4,25.806,21.918,16.667,1,4,31,146,2,4,0,480
2026-04-28 05:07:35,2.019,Tugia,27.907,5.314,2,20,0,4.417,11,32,32.258,19.048,5,5,36,129,3,3,0,480
2026-04-29 09:20:39,2.023,Tugia,20.952,3.722,2,18,0,4.227,8,24,19.608,20.69,3,1,22,105,2,4,0,480
2026-04-29 18:16:04,1.803,Tugia,19.643,4.047,3,22,1,4.273,10,42.105,18.333,9.091,5,3,22,112,5,1,0,480
2026-04-30 07:23:58,2.227,Tugia,26.154,2.998,1,20,0,5.412,6,37.931,24.194,20.513,2,0,34,130,1,5,0,480
2026-04-30 14:25:20,1.804,Tugia,24.375,3.989,3,40,1,4.744,11,35.417,19.118,20.455,8,3,39,160,4,2,0,480
2026-05-01 11:41:50,2.007,Tugia,25.547,4.452,1,27,0,4.571,13,34.375,21.429,24.49,5,4,35,137,4,1,1,480
2026-05-04 06:27:59,2.296,Tugia,18.792,2.237,1,32,0,5.107,4,31.707,18.033,8.511,1,5,28,149,5,1,0,480
2026-05-04 18:44:00,2.694,Tugia,24.0,2.302,1,19,0,5.733,2,44.444,15.625,23.529,2,0,30,125,3,2,0,480
2026-05-06 05:45:40,2.798,Tugia,20.192,2.529,1,1,1,5.857,2,17.391,21.818,19.231,1,0,21,104,3,3,0,480
2026-05-06 18:46:33,2.798,Tugia,23.664,5.048,3,28,0,4.387,11,36.667,12.5,28.889,3,8,31,131,6,0,0,480
2026-05-07 07:15:21,3.387,Tugia,14.599,2.46,0,18,0,4.9,6,23.529,10,13.953,2,0,20,137,3,3,0,480
2026-05-08 18:02:51,3.381,Tugia,20.0,3.505,0,20,0,4.875,7,25.926,17.647,19.048,2,4,24,120,1,4,0,480
2026-05-09 10:03:51,3.088,Tugia,19.108,3.003,7,71,0,3.133,20,33.333,17.46,10.909,11,7,30,157,2,4,0,480
2026-05-10 12:17:28,3.175,Tugia,24.832,4.567,1,20,0,4.595,11,28.571,33.333,10.417,2,4,37,149,3,3,0,480
2026-05-11 08:22:11,3.189,Tugia,25.664,3.537,1,28,0,4.69,11,39.13,25.758,12.5,2,4,29,113,5,1,0,480
2026-05-12 09:38:12,3.28,Tugia,27.451,3.897,3,43,0,4.571,12,28.571,31.707,16.667,5,5,42,153,3,2,1,480
2026-05-12 18:15:50,3.374,Tugia,24.324,4.928,4,21,0,4.704,7,37.037,21.154,18.75,5,2,27,111,4,1,0,480
2026-05-13 16:03:02,3.671,Tugia,23.404,2.661,0,20,0,5.606,4,33.333,16.949,23.913,0,1,33,141,5,1,0,480
2026-05-14 07:57:04,4.057,Tugia,20.755,2.264,0,34,1,5.758,7,29.032,19.403,18.033,2,1,33,159,3,3,0,480
2026-05-15 07:01:20,4.057,Tugia,22.321,3.518,2,25,0,4.56,10,27.778,16.949,28.571,4,4,25,112,6,0,0,480
2026-05-17 07:27:17,4.633,Tugia,22.5,2.115,0,37,0,5.148,4,26.087,23.214,19.512,2,0,27,120,3,2,0,480
2026-05-17 15:14:41,4.736,Tugia,30.921,4.679,2,26,0,5.681,8,43.902,27.692,23.913,7,1,47,152,4,2,0,480
2026-05-18 15:08:53,4.911,Tugia,21.951,3.494,1,19,1,5.148,6,38.462,19.298,15,3,1,27,123,2,4,0,480
2026-05-20 08:34:07,4.747,Tugia,25.547,4.13,1,18,0,4.971,9,37.5,24.051,15.385,5,5,35,137,2,4,0,480
2026-05-21 07:13:01,4.577,Tugia,31.967,4.285,1,16,2,5.077,12,50,24.074,28.947,4,1,39,122,5,1,0,480
2026-05-23 06:57:28,4.955,Tugia,35.652,6.428,2,9,0,4.976,10,43.333,29.167,37.838,7,0,41,115,3,2,0,480
2026-05-25 07:30:37,5.062,Tugia,22.963,5.848,5,25,1,4.097,9,20,23.81,24.324,5,2,31,135,2,4,0,480
2026-05-26 08:23:25,4.87,Tugia,26.136,4.063,1,22,2,5.457,9,43.902,21.519,19.643,2,6,46,176,2,3,1,480
2026-05-28 16:09:41,4.776,Tugia,22.656,4.537,2,27,0,4.586,10,25.926,20.635,23.684,4,5,29,128,4,2,0,480
2026-05-28 18:22:53,4.967,Tugia,28.859,4.127,0,22,0,4.698,11,29.412,26.471,31.915,2,3,43,149,2,4,0,480
2026-05-29 07:43:45,4.796,Tugia,16.312,2.404,1,37,1,4.522,6,26.923,17.333,7.5,3,4,23,141,3,3,0,480
2026-05-30 09:01:45,4.805,Tugia,17.692,3.012,1,18,3,5.304,4,26.087,19.118,10.256,3,1,23,130,6,0,0,480
2026-06-03 06:38:37,5.358,Tugia,22.603,3.76,2,23,0,4.97,5,21.053,28.125,15.909,4,0,33,146,3,3,0,480
2026-06-04 07:25:31,5.35,Tugia,31.724,3.965,2,42,0,4.848,14,57.143,26.471,19.048,3,7,46,145,3,3,0,480
2026-06-05 08:39:16,5.349,Tugia,29.252,4.692,2,29,0,4.814,14,60.465,19.718,9.091,3,4,43,147,4,2,0,480
2026-06-06 07:47:40,5.528,Tugia,23.077,4.052,1,14,1,4.933,7,21.429,20.635,28.205,5,0,30,130,2,4,0,480
2026-06-07 08:09:22,5.345,Tugia,29.775,3.546,0,22,1,5.962,5,34.091,23.457,35.849,1,3,53,178,4,1,1,480
2026-06-10 09:01:42,5.642,Tugia,26.351,4.383,2,19,2,5.077,7,37.838,21.053,24.074,4,2,39,148,2,3,1,480
2026-06-11 14:01:41,5.567,Tugia,23.967,4.407,2,13,0,4.655,9,27.778,15.254,38.462,4,3,29,121,3,2,0,480
2026-06-16 23:18:25,5.658,Tugia,18.44,3.534,2,29,0,4.769,9,25,16.456,17.647,3,3,26,141,2,3,0,480
2026-06-17 23:35:10,5.559,Tugia,24.211,3.518,1,13,1,5.043,4,44.444,12.5,31.034,3,1,23,95,2,3,0,480
2026-06-22 21:35:21,5.464,Tugia,31.469,4.232,1,18,0,5.156,5,42.857,23.077,36,2,3,45,143,3,3,0,480
2026-06-24 20:18:32,5.457,Tugia,26.351,3.956,0,30,1,4.949,13,46.667,17.808,26.667,2,7,39,148,2,4,0,480
2026-06-25 17:15:02,5.271,Tugia,22.34,3.65,1,21,0,5.095,5,36.667,15.909,15,4,2,21,94,3,2,0,480
2026-06-27 17:17:15,5.36,Tugia,32.52,6.356,2,6,2,4.75,10,38.235,38.776,20,3,6,40,123,4,2,0,480
2026-06-28 00:57:32,5.537,Tugia,25.352,3.935,0,15,0,4.972,8,42.857,19.403,20,2,1,36,142,0,5,1,480
2026-07-05 09:14:33,5.083,Tugia,36.09,6.054,2,13,1,4.875,11,47.059,37.288,25,4,5,48,133,3,3,0,480
2026-02-02 13:53:19,5.0,25,16.154,2.957,1,20,1,5.381,5,37.5,11.864,10.638,2,3,21,130,3,3,0,482
2026-02-20 14:01:01,5.004,25,24.183,3.114,1,14,0,5.568,5,37.778,18.056,19.444,3,0,37,153,5,1,0,482
2026-03-07 13:52:35,5.468,25,22.826,3.448,0,13,0,5.095,4,38.462,18.182,13.636,3,0,21,92,3,2,0,482
2026-03-15 10:12:57,5.591,25,18.31,2.446,0,19,0,5.423,5,40,13.636,10.87,2,0,26,142,1,4,1,482
2026-03-22 14:22:46,5.253,25,22.535,2.593,0,36,0,5.469,6,35.294,22.535,10.811,3,1,32,142,3,2,0,482
2026-03-24 13:55:04,5.361,25,20.968,1.75,0,36,0,5.423,5,33.333,18.966,12.121,3,0,26,124,1,5,0,482
2026-03-25 13:45:37,4.914,25,22.368,2.194,0,17,2,6.088,2,42.222,10.448,20,1,2,34,152,3,3,0,482
2026-04-04 10:52:22,4.916,25,19.737,2.601,0,13,0,5.533,4,29.73,18.841,13.043,0,2,30,152,2,4,0,482
2026-04-06 14:24:31,4.703,25,18.129,3.357,0,43,0,4.581,11,29.412,13.415,18.182,2,8,31,171,2,4,0,482
2026-04-19 14:28:30,4.489,25,29.6,6.388,3,20,1,4.595,15,36.364,28.07,25.714,3,5,37,125,3,3,0,482
2026-04-24 14:02:24,4.475,25,27.35,4.394,3,30,0,5.094,10,30.769,26.415,26.316,7,0,32,117,3,2,0,482
2026-04-28 14:08:03,4.584,25,26.271,4.587,0,25,0,4.613,10,40.625,26.786,10,1,8,31,118,1,3,1,482
2026-05-27 14:37:10,4.371,25,20.606,2.651,0,41,1,5.382,8,38.235,22.222,8.475,1,5,34,165,2,4,0,482
2026-06-12 14:04:43,4.167,25,17.797,2.206,0,27,3,5.524,5,26.923,13.793,17.647,2,1,21,118,2,3,0,482
2026-06-23 23:11:54,4.261,25,20.635,2.588,0,17,1,5.038,5,30.769,12.069,24.138,2,2,26,126,2,4,0,482
2026-07-02 13:52:04,4.065,25,24.324,4.136,1,14,0,4.852,8,53.846,16.667,12.903,3,2,27,111,1,4,0,482
2026-03-07 13:52:35,5.5,kinjacky,27.559,3.847,1,27,0,5.457,5,35.484,24.561,25.641,4,0,35,127,1,3,1,488
2026-04-05 17:46:11,5.257,kinjacky,25.472,4.244,1,15,2,5.185,6,31.579,20.833,28.205,1,2,27,106,2,3,0,488
2026-05-12 18:15:50,5.127,kinjacky,26.126,3.533,1,21,0,5.172,4,29.63,23.077,28.125,1,2,29,111,4,1,0,488
2026-03-15 10:12:57,3.0,zomg,18.824,2.593,1,29,1,5.625,5,26.316,13.889,20,4,2,32,170,5,0,1,489
2026-03-16 13:43:54,3.579,zomg,10.577,1.866,2,19,2,4.909,3,16,4.444,14.706,3,0,11,104,4,2,0,489
2026-03-16 16:08:49,3.824,zomg,16.783,2.765,1,27,0,4.417,8,9.375,15.625,23.404,4,4,24,143,2,4,0,489
2026-03-16 19:05:41,3.61,zomg,10.135,1.512,0,27,2,5.333,4,11.765,8.219,12.195,2,1,15,148,3,3,0,489
2026-03-17 10:03:05,3.586,zomg,10.924,0.574,0,27,1,6.385,0,18.519,7.018,11.429,1,0,13,119,2,4,0,489
2026-03-19 11:00:41,3.359,zomg,16.296,1.952,0,28,3,5.0,5,16.216,16.667,15.789,1,0,22,135,6,0,0,489
2026-03-19 14:23:48,4.032,zomg,14.667,1.506,1,42,1,5.682,4,18.421,10.959,17.949,2,3,22,150,3,3,0,489
2026-03-20 22:04:30,4.016,zomg,13.725,1.989,2,35,1,5.19,6,16.667,11.111,16.667,2,2,21,153,3,3,0,489
2026-03-21 14:05:45,3.998,zomg,13.816,1.779,1,30,2,5.667,3,10.811,14.103,16.216,2,1,21,152,2,3,0,489
2026-03-23 19:15:16,3.891,zomg,12.381,1.93,0,11,1,5.154,4,9.677,7.843,26.087,1,1,13,105,2,3,0,489
2026-03-24 10:46:54,3.789,zomg,15.0,2.426,1,33,0,5.095,8,27.273,11.111,11.364,2,3,21,140,1,5,0,489
2026-03-25 10:07:16,3.359,zomg,20.28,2.998,1,17,1,5.621,8,19.444,14.286,27.451,2,3,29,143,4,2,0,489
2026-03-26 10:19:38,3.577,zomg,16.667,1.439,0,45,2,5.56,4,30.233,13.115,8.696,2,2,25,150,3,3,0,489
2026-03-28 09:47:58,3.607,zomg,16.981,3.726,1,17,0,4.667,6,17.391,11.364,23.077,3,2,18,106,3,2,1,489
2026-03-28 15:30:09,3.725,zomg,16.667,2.567,1,26,2,5.37,7,28.571,12.5,12.5,4,1,27,162,5,1,0,489
2026-03-30 09:40:19,4.131,zomg,15.19,2.616,0,17,3,5.375,6,16.667,14.085,15.556,4,0,24,158,3,3,0,489
2026-03-30 13:56:39,4.121,zomg,16.216,2.84,4,40,3,5.708,6,20,14.754,14.286,4,2,24,148,1,4,1,489
2026-03-31 10:11:52,3.818,zomg,15.862,1.98,0,11,3,5.826,4,19.444,12.698,17.391,0,1,23,145,5,1,0,489
2026-04-02 18:30:27,4.238,zomg,15.385,2.361,1,11,0,5.5,4,20.588,10.87,16.216,2,1,18,117,3,2,0,489
2026-04-03 13:50:59,4.33,zomg,17.391,4.811,5,29,0,4.042,10,25.806,10.606,21.951,6,0,24,138,2,4,0,489
2026-04-09 07:20:05,4.131,zomg,14.545,1.967,1,24,1,5.188,5,28.571,6.122,17.5,1,2,16,110,1,5,0,489
2026-04-13 14:04:29,3.739,zomg,11.905,1.737,1,17,1,4.933,4,14.286,12.308,7.692,1,0,15,126,3,3,0,489
2026-04-14 07:36:39,3.732,zomg,19.149,2.936,2,31,0,5.667,6,28,16.216,19.048,3,1,27,141,3,3,0,489
2026-04-14 18:31:24,3.732,zomg,16.964,2.359,0,18,2,5.263,4,16,12.727,25,1,0,19,112,1,5,0,489
2026-04-16 06:43:37,3.335,zomg,20.37,2.663,3,46,1,4.848,12,27.273,15.625,20.37,3,3,33,162,3,3,0,489
2026-04-17 07:29:19,3.35,zomg,15.132,2.381,3,33,0,5.261,4,23.81,11.268,12.821,4,0,23,152,4,2,0,489
2026-04-17 14:03:23,3.569,zomg,11.475,1.509,0,38,1,4.714,4,14.815,8.621,13.514,2,2,14,122,1,4,0,489
2026-04-19 07:32:45,3.271,zomg,9.91,0.924,0,26,1,5.364,1,8.571,4.762,17.647,1,1,11,111,2,4,0,489
2026-04-21 10:13:47,3.064,zomg,11.864,1.254,0,17,1,5.929,1,11.765,7.407,20,1,0,14,118,2,3,0,489
2026-04-22 10:47:24,2.965,zomg,17.834,3.031,1,23,0,5.071,6,18.919,11.429,26,2,3,28,157,2,4,0,489
2026-04-23 10:37:04,2.772,zomg,14.414,2.346,0,24,3,4.938,3,16.667,12.195,15,1,2,16,111,1,5,0,489
2026-04-27 18:57:55,2.377,zomg,17.514,2.521,2,30,1,5.548,5,25.455,16.667,10,4,1,31,177,0,6,0,489
2026-04-28 14:08:03,1.801,zomg,14.159,2.377,0,28,0,4.75,4,12,10.169,24.138,2,2,16,113,1,3,1,489
2026-04-29 09:20:39,1.596,zomg,10.377,1.074,0,18,2,5.455,3,21.875,7.692,0,0,1,11,106,5,1,0,489
2026-05-03 13:50:06,1.982,zomg,12.698,4.053,3,24,2,3.625,10,12.121,9.524,20,5,3,16,126,4,1,0,489
2026-05-04 06:27:59,2.234,zomg,12.712,1.658,0,26,1,4.933,3,15.152,11.538,12.121,2,0,15,118,3,3,0,489
2026-05-05 18:37:55,2.24,zomg,12.95,3.46,4,27,1,3.889,8,6.25,15.278,14.286,4,3,18,139,4,2,0,489
2026-05-06 05:45:40,2.419,zomg,12.264,0.953,0,7,3,6.308,0,16.667,9.804,12,0,0,13,106,3,3,0,489
2026-05-06 18:46:33,2.419,zomg,14.085,2.436,2,35,2,5.05,6,14.706,14.085,13.514,4,0,20,142,2,4,0,489
2026-05-07 07:15:21,2.249,zomg,15.323,2.297,0,15,0,5.263,5,19.355,14.815,12.821,2,1,19,124,1,5,0,489
2026-05-08 18:02:51,1.88,zomg,22.901,2.578,0,18,2,5.567,6,27.027,20,22.727,3,0,30,131,2,3,0,489
2026-05-09 10:03:51,1.782,zomg,13.971,1.21,1,51,0,4.737,6,18.182,12.5,12.766,3,3,19,136,3,3,0,489
2026-05-11 08:22:11,1.935,zomg,15.534,1.922,1,18,1,5.125,4,18.182,13.208,17.857,2,1,16,103,3,3,0,489
2026-05-12 09:38:12,1.851,zomg,13.907,1.49,1,44,1,5.19,4,17.143,13.514,11.905,1,1,21,151,1,4,1,489
2026-05-13 16:03:02,1.579,zomg,17.021,2.212,1,20,1,5.75,5,19.444,10.169,23.913,3,1,24,141,5,1,0,489
2026-05-14 07:57:04,1.953,zomg,17.763,1.615,0,39,2,6.148,5,37.5,14.286,10.526,2,2,27,152,1,5,0,489
2026-05-15 07:01:20,1.953,zomg,10.884,1.551,2,43,1,4.812,4,10,7.042,17.391,2,0,16,147,2,4,0,489
2026-05-15 17:46:44,1.783,zomg,15.385,3.051,2,21,1,4.562,5,28.571,10,17.391,3,1,16,104,4,1,0,489
2026-05-16 10:16:26,2.334,zomg,10.078,1.724,1,13,1,5.615,2,16.667,5.263,11.905,2,0,13,129,3,3,0,489
2026-05-17 07:27:17,2.329,zomg,16.379,2.493,1,21,0,4.842,7,15.385,10.417,27.586,3,4,19,116,0,4,1,489
2026-05-21 07:13:01,1.96,zomg,20.492,2.654,1,16,3,5.36,6,23.333,11.111,31.579,4,1,25,122,5,1,0,489
2026-05-23 06:57:28,2.328,zomg,15.385,2.141,1,19,1,5.778,3,24.138,12.727,12.121,3,0,18,117,4,1,0,489
2026-05-24 13:57:54,2.604,zomg,16.667,1.406,1,28,0,6.056,1,27.586,19.048,5.405,1,0,18,108,1,4,0,489
2026-05-25 07:30:37,2.334,zomg,12.879,2.276,1,21,1,4.882,3,17.857,14.516,7.143,3,0,17,132,5,1,0,489
2026-05-26 18:30:52,2.694,zomg,17.391,2.96,2,16,3,5.25,5,23.256,13.333,17.143,3,0,24,138,2,4,0,489
2026-05-29 07:43:45,2.512,zomg,16.176,2.449,2,30,0,5.0,7,25,17.391,3.226,5,1,22,136,3,3,0,489
2026-06-03 14:14:56,2.506,zomg,18.902,2.453,2,44,0,5.032,6,20.833,18.182,18,4,2,31,164,2,3,1,489
2026-06-04 07:25:31,2.425,zomg,16.561,2.809,2,45,2,4.308,11,19.444,14.493,17.308,6,2,26,157,2,3,1,489
2026-06-05 17:50:16,2.338,zomg,17.424,3.168,1,27,2,4.522,9,21.739,18.033,14.583,3,3,23,132,4,1,0,489
2026-06-06 07:47:40,2.875,zomg,16.352,2.896,2,24,0,5.269,6,20.513,17.949,9.524,3,2,26,159,3,2,1,489
2026-06-09 13:58:23,2.977,zomg,15.333,2.502,1,36,0,5.304,7,32.258,9.375,12.727,1,5,23,150,2,4,0,489
2026-06-10 09:01:42,2.794,zomg,19.463,4.382,4,25,2,4.793,7,16.279,17.544,24.49,5,3,29,149,2,3,1,489
2026-06-10 18:04:55,2.705,zomg,13.274,2.941,2,10,2,4.733,4,21.739,10.204,12.195,3,0,15,113,3,2,0,489
2026-06-11 14:01:41,2.791,zomg,21.277,4.518,3,16,1,4.65,7,20,25,17.647,4,0,20,94,1,4,0,489
2026-06-13 07:12:37,2.517,zomg,14.667,1.497,0,13,4,6.182,1,20.408,10.769,13.889,0,1,22,150,3,2,0,489
2026-06-14 06:19:48,2.605,zomg,11.111,3.347,3,12,1,4.5,4,14.815,11.364,8.108,4,0,12,108,5,1,0,489
2026-06-15 06:22:37,2.966,zomg,17.822,2.863,3,27,0,3.833,7,8.333,16.981,29.167,3,4,18,101,3,3,0,489
2026-06-18 10:54:28,2.97,zomg,16.34,1.801,0,22,3,5.68,6,25.641,12.676,13.953,2,2,25,153,4,2,0,489
2026-06-21 22:16:46,3.157,zomg,17.829,3.097,1,20,2,5.217,6,25,15.254,15.789,1,3,23,129,2,3,0,489
2026-06-22 22:49:49,3.059,zomg,7.752,1.196,0,16,2,4.9,2,11.765,6.897,5.405,1,0,10,129,0,5,0,489
2026-06-24 20:18:32,2.602,zomg,26.126,3.369,1,15,0,5.379,7,41.667,21.951,21.739,3,1,29,111,5,1,0,489
2026-06-27 17:17:15,2.949,zomg,17.797,2.537,1,9,2,5.476,3,14.815,16.667,21.622,2,1,21,118,2,4,0,489
2026-06-30 14:01:09,2.78,zomg,16.379,2.88,0,16,0,4.579,6,16.129,15.686,17.647,5,2,19,116,4,2,0,489
2026-07-01 14:17:09,2.959,zomg,26.866,4.471,2,11,0,4.722,5,50,12.5,31.579,2,1,18,67,3,3,0,489
2026-07-01 14:36:06,2.959,zomg,21.667,4.148,4,20,0,4.5,9,32.258,14.815,22.857,4,1,26,120,3,3,0,489
2026-07-03 17:57:14,2.959,zomg,14.634,2.811,1,23,2,4.5,7,22.222,11.667,13.889,1,2,18,123,3,3,0,489
2026-07-05 09:14:33,2.947,zomg,18.065,2.857,1,22,2,5.143,5,28.947,15.493,13.043,4,3,28,155,3,3,0,489
2026-04-25 09:12:57,0.0,chiabobo,4.698,0.434,0,28,2,5.714,0,17.647,0,2.174,0,0,7,149,2,4,0,493
2026-06-15 06:22:37,-0.245,chiabobo,8.276,0.917,1,45,0,4.5,3,17.949,2.941,7.895,2,0,12,145,4,2,0,493
2026-05-01 11:41:50,3.5,potatoedtoast,11.024,2.348,2,31,3,4.643,5,18.919,3.846,13.158,4,1,14,127,2,4,0,494
2026-05-11 10:54:27,1.808,potatoedtoast,16.875,1.842,1,28,0,5.63,6,23.529,13.514,17.308,4,1,27,160,0,4,2,494
2026-05-12 09:38:12,1.358,potatoedtoast,10.714,1.325,0,39,1,5.0,5,24.324,7.042,3.125,0,4,15,140,3,3,0,494
2026-05-18 21:53:11,1.358,potatoedtoast,7.377,1.478,1,25,2,4.556,3,9.375,6.522,6.818,3,0,9,122,2,4,0,494
2026-05-28 10:37:26,1.131,potatoedtoast,10.4,1.644,0,33,3,4.385,4,13.043,12.329,3.448,0,2,13,125,4,2,0,494
2026-05-29 07:43:45,1.359,potatoedtoast,10.791,1.842,2,30,1,4.6,4,13.793,10.145,9.756,2,3,15,139,2,4,0,494
2026-05-31 11:11:49,1.137,potatoedtoast,11.511,1.567,0,28,2,5.25,5,14.286,10.448,11.364,0,2,16,139,2,4,0,494
2026-06-04 07:25:31,0.927,potatoedtoast,17.763,2.023,1,43,1,5.074,6,30.952,15.625,8.696,3,3,27,152,3,3,0,494
2026-05-01 04:08:42,3.0,AppuruPai,19.828,3.156,3,31,1,4.348,6,28.571,10.909,27.5,5,2,23,116,5,1,0,495
2026-05-04 06:27:59,3.457,AppuruPai,15.254,2.204,1,26,0,4.833,4,18.182,13.462,15.152,1,2,18,118,3,3,0,495
2026-05-09 21:37:31,3.465,AppuruPai,19.108,1.601,3,73,0,4.833,6,14.286,19.718,21.569,4,1,30,157,2,4,0,495
2026-05-12 14:05:09,3.229,AppuruPai,15.179,1.387,0,10,0,5.647,2,15.789,11.475,21.875,1,0,17,112,1,5,0,495
2026-05-18 11:01:47,2.742,AppuruPai,11.207,1.719,0,18,0,4.538,3,4.167,13.793,11.765,2,0,13,116,1,4,1,495
2026-06-10 09:01:42,2.396,AppuruPai,17.778,2.29,1,20,4,5.542,3,22.222,15,17.949,2,1,24,135,2,4,0,495
2026-04-30 07:23:58,1.0,lotte_616,7.353,0.795,0,18,7,5.3,2,10.714,7.576,4.762,3,0,10,136,4,2,0,496
2026-05-01 04:08:42,1.224,lotte_616,8.13,0.712,0,32,0,5.4,3,7.407,9.434,6.977,0,1,10,123,2,4,0,496
2026-04-24 14:02:24,1.0,afwcal,8.824,0.919,0,38,2,5.5,2,14.286,7.143,7.895,0,2,12,136,2,3,0,497
2026-05-11 08:22:11,4.0,MaikaSasaki,22.628,2.687,2,36,1,5.161,6,35.897,14.516,22.222,5,1,31,137,3,3,0,505
2026-06-03 18:55:58,3.977,MaikaSasaki,35.211,4.85,1,28,0,5.3,10,36.667,30.667,43.243,5,3,50,142,3,2,1,505
2026-06-11 14:01:41,4.091,MaikaSasaki,24.779,3.862,2,16,1,5.214,6,21.429,21.569,32.353,4,1,28,113,2,3,0,505
2026-06-17 23:35:10,3.971,MaikaSasaki,21.667,4.164,1,18,2,4.654,8,16,17.308,30.233,6,2,26,120,1,3,1,505
2026-07-01 23:43:02,3.963,MaikaSasaki,20.979,3.177,0,47,1,4.367,11,22.5,16.418,27.778,5,5,30,143,4,2,0,505
2026-07-02 13:52:04,4.193,MaikaSasaki,19.266,2.391,0,23,0,5.333,4,27.027,17.391,11.538,1,1,21,109,1,4,0,505
2026-07-03 21:32:13,3.851,MaikaSasaki,24.779,4.679,0,13,4,4.571,9,20,17.241,40,4,2,28,113,3,2,1,505
2026-05-28 18:22:53,0.5,McAlbertHabolea,4.478,0.373,0,28,2,5.667,0,0,3.333,8.511,0,0,6,134,3,3,0,508
2026-05-09 21:37:31,4.0,AkechiAnna,20.349,1.997,4,74,0,4.743,12,31.429,16.667,18.644,7,6,35,172,4,2,0,510
2026-05-11 10:54:27,4.0,nekko_khayal,13.953,2.227,1,31,2,4.556,6,33.333,8.772,8.889,2,4,18,129,1,4,1,511
2026-05-13 16:03:02,3.65,nekko_khayal,15.789,1.823,1,23,2,5.667,1,24.138,14.925,10.811,1,0,21,133,3,3,0,511
2026-05-15 07:01:20,3.669,nekko_khayal,17.857,2.844,3,25,0,4.7,6,33.333,15.254,14.286,3,3,20,112,6,0,0,511
2026-05-17 07:27:17,4.37,nekko_khayal,25.0,2.976,1,21,0,5.034,6,46.154,14.583,13.793,3,1,29,116,0,4,1,511
2026-05-18 06:06:48,3.909,nekko_khayal,16.667,2.924,1,17,1,5.211,4,26.923,17.742,3.846,3,0,19,114,4,2,0,511
2026-05-18 21:53:11,4.131,nekko_khayal,22.785,3.109,2,33,0,5.306,9,33.333,25.397,11.321,5,0,36,158,3,3,0,511
2026-05-19 14:12:22,4.136,nekko_khayal,21.333,2.673,0,34,0,5.312,6,44.118,15.068,13.953,1,2,32,150,1,4,1,511
2026-05-20 14:25:13,3.8,nekko_khayal,22.222,3.093,2,28,0,5.25,7,28.125,21.429,18.421,4,1,28,126,5,0,0,511
2026-05-21 07:13:01,4.358,nekko_khayal,22.951,3.568,3,16,3,5.179,7,40,12.963,23.684,5,1,28,122,5,1,0,511
2026-05-22 14:23:24,4.796,nekko_khayal,17.007,1.673,0,12,1,5.84,2,33.333,10,11.111,1,1,25,147,2,3,1,511
2026-05-22 21:04:09,4.705,nekko_khayal,16.949,1.52,0,24,0,6.1,3,51.515,4.545,2.439,1,1,20,118,2,3,0,511
2026-05-23 06:57:28,4.595,nekko_khayal,22.222,2.336,0,17,0,5.714,3,38.71,21.818,10,0,2,28,126,1,4,0,511
2026-05-24 13:57:54,4.273,nekko_khayal,20.37,2.403,1,28,1,5.409,5,44.828,14.286,8.108,1,1,22,108,1,4,0,511
2026-05-25 07:30:37,3.96,nekko_khayal,18.182,3.495,1,21,1,4.542,7,25,24.194,4.762,1,3,24,132,5,1,0,511
2026-05-25 14:28:52,4.374,nekko_khayal,27.027,3.381,2,20,3,5.675,6,43.59,20.896,21.429,2,0,40,148,5,1,0,511
2026-05-26 18:30:52,4.784,nekko_khayal,17.722,2.543,0,18,2,5.5,5,22.5,20.896,9.804,4,1,28,158,5,0,1,511
2026-05-27 14:37:10,5.297,nekko_khayal,16.571,1.707,0,43,2,5.828,5,47.368,5.263,11.475,1,1,29,175,2,3,1,511
2026-05-28 13:55:32,5.202,nekko_khayal,21.831,2.708,0,42,1,4.452,9,43.243,16.393,11.364,3,4,31,142,4,2,0,511
2026-05-28 16:09:41,5.419,nekko_khayal,17.647,2.801,1,29,2,4.917,7,19.231,18.966,15.385,2,0,24,136,2,4,0,511
2026-05-29 07:43:45,5.222,nekko_khayal,20.886,2.759,1,43,0,4.788,10,46.154,12.676,12.5,4,3,33,158,4,2,0,511
2026-05-29 13:51:29,5.418,nekko_khayal,23.239,3.497,4,32,1,4.697,11,54.545,13.636,13.953,4,2,33,142,4,2,0,511
2026-05-30 09:01:45,5.636,nekko_khayal,18.462,3.425,2,43,1,4.972,7,32.558,16.505,10.204,3,5,36,195,1,4,1,511
2026-06-01 13:46:50,5.344,nekko_khayal,24.59,3.354,1,17,1,5.067,5,42.424,20,15.385,2,2,30,122,2,3,1,511
2026-06-02 14:21:12,5.242,nekko_khayal,18.75,1.873,0,10,0,6.111,2,40,12.698,7.317,1,1,27,144,1,5,0,511
2026-06-03 04:26:23,4.86,nekko_khayal,17.797,1.715,0,12,2,5.714,2,25,17.778,13.333,1,0,21,118,0,5,0,511
2026-06-03 06:38:37,4.361,nekko_khayal,16.667,3.09,2,24,1,5.15,5,25,19.608,3.03,3,2,20,120,2,4,0,511
2026-06-03 14:14:56,4.183,nekko_khayal,22.4,2.958,1,30,0,4.929,9,35.135,23.913,9.524,4,2,28,125,2,4,0,511
2026-06-04 07:25:31,3.965,nekko_khayal,18.023,1.948,1,52,2,5.097,7,31.111,14.085,12.5,3,0,31,172,3,2,1,511
2026-06-05 08:39:16,4.075,nekko_khayal,19.375,2.944,1,39,2,5.032,9,30.556,16.901,15.094,3,1,31,160,4,2,0,511
2026-06-06 07:47:40,4.274,nekko_khayal,17.544,2.587,0,24,2,5.2,7,30.233,12.222,15.789,1,4,30,171,2,3,1,511
2026-06-06 14:12:19,4.176,nekko_khayal,18.841,3.004,1,19,1,5.115,4,20,21.053,15.217,3,0,26,138,2,4,0,511
2026-06-06 22:27:02,3.979,nekko_khayal,24.667,4.393,2,25,0,4.892,10,33.333,23.529,20.408,3,4,37,150,1,5,0,511
2026-06-07 04:19:09,3.604,nekko_khayal,15.789,1.972,0,10,1,5.333,2,26.316,14.634,11.429,1,0,15,95,2,3,0,511
2026-06-10 09:01:42,3.425,nekko_khayal,19.259,1.827,1,20,1,6.0,1,30.556,18.333,10.256,1,0,26,135,2,4,0,511
2026-06-10 21:20:02,3.221,nekko_khayal,16.522,1.237,0,22,0,5.947,1,41.935,7.407,6.667,0,0,19,115,2,3,0,511
2026-06-11 14:01:41,3.132,nekko_khayal,15.306,1.579,0,10,0,5.533,2,33.333,8.511,11.111,2,1,15,98,2,3,0,511
2026-06-12 14:04:43,3.043,nekko_khayal,17.476,3.304,1,17,3,4.833,5,50,10.417,12.821,3,1,18,103,1,4,0,511
2026-06-14 06:19:48,2.766,nekko_khayal,19.355,2.416,0,6,2,5.458,3,45.714,8.475,10,2,0,24,124,3,3,0,511
2026-06-16 00:10:57,2.76,nekko_khayal,22.018,2.716,3,37,0,5.417,5,43.333,14.286,13.333,4,0,24,109,5,0,0,511
2026-06-16 23:18:25,3.236,nekko_khayal,12.766,2.143,0,29,3,4.778,5,25,11.392,5.882,1,3,18,141,2,3,0,511
2026-06-17 16:20:35,3.422,nekko_khayal,15.556,1.508,0,27,0,5.857,3,26.667,16.393,6.818,1,0,21,135,5,1,0,511
2026-06-17 23:35:10,3.135,nekko_khayal,16.0,2.444,0,24,1,5.15,6,32.258,11.765,9.302,1,2,20,125,4,1,0,511
2026-06-18 07:46:33,3.78,nekko_khayal,17.021,2.998,0,25,1,4.917,6,32.5,14.286,6.667,1,4,24,141,2,4,0,511
2026-06-18 22:34:18,3.589,nekko_khayal,17.266,2.369,1,31,1,4.917,3,30.769,12.308,16.667,2,1,24,139,3,3,0,511
2026-06-19 05:24:35,3.585,nekko_khayal,19.008,2.2,1,24,1,5.0,6,31.818,18.644,12.5,2,0,23,121,3,3,0,511
2026-06-19 19:28:06,3.68,nekko_khayal,24.818,3.051,0,12,0,5.706,6,44.737,13.208,21.739,2,2,34,137,2,3,1,511
2026-06-19 21:13:50,3.56,nekko_khayal,26.471,5.783,3,12,0,4.815,8,48,28.571,3.571,3,4,27,102,0,5,0,511
2026-06-19 22:59:11,3.587,nekko_khayal,18.447,3.444,0,19,0,5.053,7,41.176,15.517,10.714,0,6,19,103,3,2,0,511
2026-06-20 18:11:36,3.096,nekko_khayal,23.944,4.177,3,22,1,5.471,7,46.429,18.75,18,6,1,34,142,4,1,1,511
2026-06-21 22:16:46,3.365,nekko_khayal,17.518,3.469,2,31,0,4.875,5,33.333,15.068,8.824,3,0,24,137,3,2,0,511
2026-06-22 22:49:49,3.468,nekko_khayal,23.423,2.822,0,16,2,5.385,4,36.667,18.75,18.182,0,2,26,111,4,1,0,511
2026-06-23 23:11:54,3.752,nekko_khayal,20.588,3.207,1,28,0,4.714,8,36.842,12.676,18.519,1,5,28,136,1,5,0,511
2026-06-28 00:57:32,3.384,nekko_khayal,25.899,4.18,2,19,0,5.083,8,40,20,20.513,3,0,36,139,4,2,0,511
2026-06-28 15:10:06,3.568,nekko_khayal,15.447,2.303,1,22,0,5.0,4,33.333,7.273,13.158,1,3,19,123,1,5,0,511
2026-06-30 05:07:25,3.212,nekko_khayal,15.951,2.069,1,9,8,6.346,3,40,6.849,12.727,2,1,26,163,2,3,1,511
2026-07-01 23:43:02,3.143,nekko_khayal,21.678,3.354,1,47,0,4.355,10,35,17.91,13.889,8,1,31,143,4,2,0,511
2026-07-02 13:52:04,3.327,nekko_khayal,16.239,2.075,0,25,1,5.263,5,21.429,19.298,6.25,0,2,19,117,3,2,0,511
2026-07-03 13:56:00,3.429,nekko_khayal,17.355,1.918,0,18,1,5.619,3,50,16.364,2.273,2,1,21,121,1,4,1,511
2026-07-04 04:26:07,3.15,nekko_khayal,27.068,2.871,0,10,1,5.528,4,51.282,21.154,11.905,1,1,36,133,1,5,0,511
2026-07-04 14:18:33,2.779,nekko_khayal,21.481,3.93,1,9,1,5.034,8,40.625,14.754,16.667,3,3,29,135,4,2,0,511
2026-07-05 04:52:45,2.982,nekko_khayal,21.965,2.746,0,21,4,5.605,6,35.135,15,23.214,1,3,38,173,2,4,0,511
2026-05-28 18:22:53,0.5,superzinc,3.356,0.265,0,22,2,5.8,0,2.941,2.941,4.255,0,1,5,149,2,4,0,517
2026-06-06 07:47:40,1.5,kombofuud,10.606,1.8,2,14,1,5.5,3,10,8.955,14.286,2,0,14,132,4,2,0,518
2026-06-07 08:09:22,13.0,konomi,46.196,10.814,5,26,0,4.894,21,52.632,41.573,49.123,6,9,85,184,1,5,0,520
2026-06-14 06:19:48,12.533,konomi,40.741,10.915,5,12,0,4.159,16,44.444,43.182,35.135,11,1,44,108,5,1,0,520
2026-06-16 23:18:25,13.008,konomi,35.87,10.31,6,16,1,3.818,15,52,32.609,23.81,8,6,33,92,4,1,0,520
2026-06-17 23:35:10,13.363,konomi,40.351,9.613,5,22,1,4.196,18,46.429,38.298,38.462,7,7,46,114,1,3,1,520
2026-06-18 10:54:28,13.004,konomi,39.773,8.499,8,32,1,4.514,24,40.541,36.559,45.652,13,5,70,176,3,1,2,520
2026-06-18 22:34:18,13.212,konomi,35.088,8.692,6,16,0,3.825,16,31.25,33.898,43.478,10,5,40,114,4,2,0,520
2026-06-19 19:28:06,13.874,konomi,38.686,9.023,3,21,0,4.472,22,41.176,41.791,30.556,7,8,53,137,4,2,0,520
2026-06-19 22:59:11,13.429,konomi,46.154,9.64,4,18,0,4.926,15,66.667,34.375,57.143,9,5,54,117,4,0,1,520
2026-06-21 22:16:46,14.09,konomi,50.0,12.594,6,16,0,4.213,20,54.167,44.068,56.41,8,5,61,122,3,2,0,520
2026-06-22 22:49:49,14.205,konomi,38.938,8.17,1,15,1,4.545,16,41.667,41.026,34.211,2,9,44,113,1,4,0,520
2026-06-23 23:11:54,13.878,konomi,37.5,8.204,5,28,0,4.098,21,39.474,33.803,44.444,6,8,51,136,1,5,0,520
2026-06-24 20:18:32,13.444,konomi,37.838,7.902,5,30,1,4.357,22,50,34.247,35.556,9,8,56,148,2,4,0,520
2026-06-25 17:15:02,13.226,konomi,44.355,10.114,7,31,0,4.236,20,48,46,40.816,10,6,55,124,2,2,1,520
2026-06-28 15:10:06,13.233,konomi,38.182,9.613,4,12,0,3.952,19,53.846,24,47.059,5,16,42,110,3,3,0,520
2026-06-29 03:00:46,13.246,konomi,42.308,10.579,5,19,0,4.145,21,55.263,30.508,48.485,9,9,55,130,3,3,0,520
2026-07-02 13:52:04,13.254,konomi,34.862,8.736,6,23,0,4.211,16,45.946,34.783,19.231,6,8,38,109,1,4,0,520
2026-07-02 18:34:06,13.254,konomi,40.404,9.26,5,28,1,4.662,22,43.478,39.759,39.13,8,9,80,198,3,2,1,520
2026-07-03 17:57:14,13.041,konomi,39.623,13.294,9,17,0,3.262,26,43.478,29.268,47.619,15,11,42,106,4,2,0,520
2026-07-05 04:52:45,13.236,konomi,36.471,7.941,3,12,0,4.403,17,40,33.75,38.182,5,10,62,170,1,4,1,520
2026-07-05 14:02:38,12.931,konomi,43.511,10.029,4,24,0,4.228,22,56.667,45.902,30,7,8,57,131,5,1,0,520
2026-06-06 14:12:19,4.0,seanpk,16.406,4.001,2,20,0,4.524,7,35,9.804,5.405,5,2,21,128,2,4,0,523
2026-06-11 14:01:41,3.757,seanpk,21.277,4.284,0,16,4,4.25,6,40,22.5,8.824,1,4,20,94,1,4,0,523
2026-07-05 04:52:45,0.0,gluglugsemen,4.118,0.426,0,12,4,5.571,0,2.857,3.75,5.455,0,0,7,170,1,4,1,531
