Timestamp,Rank,Player name,Guess rate,Usefulness,erigs,0/8s,7/8s,avg/8,# 3/8s or below,OP guess rate,ED guess rate,IN guess rate,Lives taken,Lives saved,Total hit,Total songs,WIN,LOSE,TIE,Player ID
2026-05-27 11:00:45,4.506,atsui,16.901,2.999,0,19,0,5.042,5,15.152,15.789,21.212,2,1,24,142,4,2,0,1
2026-06-09 13:58:23,4.703,atsui,20.312,3.144,2,22,1,5.308,7,16.667,13.333,31.818,4,0,26,128,4,2,0,1
2026-06-10 09:01:42,4.891,atsui,19.595,2.416,0,19,2,5.448,4,16.216,15.789,25.926,1,1,29,148,2,3,1,1
2026-06-18 22:34:18,4.816,atsui,24.46,4.928,3,31,1,4.235,13,19.231,18.462,35.417,4,3,34,139,3,3,0,1
2026-06-20 18:11:36,4.814,atsui,22.5,3.831,2,32,4,5.361,7,19.355,25.352,20.69,4,3,36,160,2,3,1,1
2026-06-22 22:49:49,4.719,atsui,26.496,3.742,1,19,0,5.484,6,33.333,15.686,36.667,2,4,31,117,2,3,0,1
2026-06-23 23:11:54,4.627,atsui,22.4,3.243,1,26,1,5.036,6,23.404,7.843,48.148,5,1,28,125,4,2,0,1
2026-06-30 14:01:09,4.888,atsui,22.603,4.123,2,28,0,4.606,10,9.677,21.875,31.373,7,3,33,146,4,2,0,1
2026-07-01 14:17:09,4.798,atsui,23.333,5.958,2,13,0,3.714,7,26.667,20.833,23.81,6,0,14,60,1,5,0,1
2026-07-01 14:36:06,4.798,atsui,22.628,4.799,3,26,0,4.194,13,23.684,17.241,29.268,8,2,31,137,1,5,0,1
2026-07-05 04:52:45,23.0,theyingster,71.774,26.002,14,9,0,3.506,51,75,77.778,60.976,16,30,89,124,2,1,1,2
2026-06-07 18:18:38,23.056,watashiii,65.734,21.751,13,13,0,3.67,53,82.051,67.742,47.619,16,30,94,143,3,3,0,4
2026-06-11 04:24:29,23.012,watashiii,73.109,26.842,11,9,0,3.368,55,87.5,71.93,65.789,15,35,87,119,2,3,0,4
2026-06-13 04:37:13,22.92,watashiii,68.462,22.015,7,7,0,4.202,39,77.419,63.636,68.182,11,24,89,130,2,3,0,4
2026-06-13 07:12:37,22.822,watashiii,65.152,18.209,5,11,0,4.384,30,75,65.517,52.941,8,19,86,132,0,5,0,4
2026-06-20 23:27:03,22.365,watashiii,77.419,27.324,10,7,0,3.802,45,82.759,72.727,80,16,22,96,124,4,2,0,4
2026-06-22 00:04:06,22.535,watashiii,75.49,31.747,17,8,0,3.39,46,86.364,83.019,51.852,22,19,77,102,2,2,1,4
2026-06-29 03:00:46,22.452,watashiii,69.0,23.648,13,10,1,3.435,38,73.077,72.917,57.692,16,18,69,100,4,2,0,4
2026-06-30 05:07:25,22.624,watashiii,67.333,24.841,10,10,0,4.04,49,87.879,62.121,60.784,12,31,101,150,2,4,0,4
2026-07-04 04:26:07,22.465,watashiii,78.947,24.426,22,10,0,3.448,58,87.179,76.923,73.81,24,35,105,133,1,5,0,4
2026-07-05 04:52:45,22.101,watashiii,68.824,28.197,27,12,0,3.128,73,71.429,73.75,60,29,39,117,170,1,4,1,4
2026-03-31 10:11:52,17.296,Shag,36.641,8.321,2,17,0,4.625,14,62.963,43.75,7.5,4,6,48,131,3,3,0,6
2026-06-19 21:13:50,23.317,Stunar,80.208,31.3,15,8,0,3.13,49,91.667,78.049,74.194,21,18,77,96,4,1,0,7
2026-06-20 23:27:03,23.653,Stunar,76.154,24.756,7,2,0,3.869,41,83.333,71.429,80,15,17,99,130,4,2,0,7
2026-06-25 00:18:18,23.897,Stunar,75.0,30.129,14,10,0,3.369,47,73.913,79.63,68.571,21,20,84,112,5,1,0,7
2026-06-27 17:17:15,24.338,Stunar,75.862,27.14,17,9,0,3.42,50,77.419,71.429,79.07,21,24,88,116,4,2,0,7
2026-06-28 00:57:32,24.547,Stunar,74.648,26.992,18,15,0,3.283,65,88.571,70.149,70,21,34,106,142,0,5,1,7
2026-06-29 03:00:46,24.118,Stunar,74.638,20.909,7,13,0,3.777,51,85.366,70,70.27,16,27,103,138,2,4,0,7
2026-06-29 18:09:56,23.871,Stunar,74.766,29.257,23,11,0,2.95,52,90,73.77,65.385,30,16,80,107,4,2,0,7
2026-06-30 05:07:25,24.057,Stunar,69.325,20.915,4,9,1,4.416,46,77.143,68.493,65.455,12,18,113,163,2,3,1,7
2026-07-03 21:32:13,23.978,Stunar,76.106,26.637,20,13,0,3.349,47,75,81.034,68.571,30,14,86,113,3,2,1,7
2026-07-04 04:26:07,24.056,Stunar,79.231,25.2,19,9,0,3.282,64,91.892,81.132,65,22,38,103,130,1,5,0,7
2026-05-01 11:41:50,12.963,Hejsan,37.313,9.412,8,28,0,3.9,22,73.333,24.59,30.233,12,9,50,134,4,1,1,8
2026-05-02 23:23:31,13.24,Hejsan,36.458,8.522,3,24,0,3.771,18,83.333,23.077,30.769,11,8,35,96,2,3,0,8
2026-05-05 14:09:04,13.139,Hejsan,41.86,9.236,6,41,1,4.569,23,68.75,32.051,30.435,8,14,72,172,2,2,1,8
2026-05-06 21:00:14,13.127,Hejsan,51.515,14.392,10,18,0,4.221,28,77.143,35.294,50,14,8,68,132,4,2,0,8
2026-05-08 18:02:51,13.333,Hejsan,51.908,9.998,3,18,0,4.5,25,70.27,42,47.727,8,5,68,131,2,3,0,8
2026-05-09 10:11:56,13.234,Hejsan,40.132,10.907,5,19,4,4.475,18,61.765,36.364,29.268,7,4,61,152,1,5,0,8
2026-05-14 21:21:37,12.863,Hejsan,39.86,10.586,3,16,0,4.351,11,68.75,33.333,28.571,7,6,57,143,3,2,0,8
2026-05-20 22:26:33,12.953,Hejsan,37.748,9.108,9,34,0,3.544,28,64.103,25.806,32,13,7,57,151,3,3,0,8
2026-05-22 21:04:09,12.942,Hejsan,41.88,11.426,9,21,1,3.898,24,59.259,45.833,26.19,10,10,49,117,2,3,0,8
2026-05-26 13:56:18,12.846,Hejsan,38.793,9.426,7,29,0,3.822,22,62.963,26.923,37.838,9,9,45,116,4,2,0,8
2026-06-05 06:23:16,22.121,shadowpandax,67.683,19.898,4,16,0,4.18,50,83.784,70.13,52,10,25,111,164,3,2,1,9
2026-06-07 08:09:22,22.201,shadowpandax,72.472,23.092,14,22,0,4.295,49,79.545,76.543,60.377,21,23,129,178,4,1,1,9
2026-06-11 04:24:29,22.505,shadowpandax,76.033,23.772,8,8,0,3.674,50,77.419,83.019,64.865,11,30,92,121,1,4,0,9
2026-06-13 04:37:13,22.226,shadowpandax,66.935,23.977,9,18,0,3.88,42,74.194,77.778,46.154,11,24,83,124,1,4,0,9
2026-06-13 07:12:37,21.949,shadowpandax,79.333,27.268,15,13,0,4.008,50,85.714,81.538,66.667,17,28,119,150,3,2,0,9
2026-06-19 19:28:06,22.04,shadowpandax,69.427,23.027,12,21,0,3.569,64,83.871,69.737,60,17,36,109,157,4,1,1,9
2026-06-19 21:13:50,22.318,shadowpandax,66.019,20.314,3,14,0,3.456,39,68.182,72.917,54.545,5,27,68,103,2,3,0,9
2026-06-20 23:27:03,22.217,shadowpandax,69.853,24.423,8,14,0,3.695,47,84.211,73.016,48.571,9,36,95,136,1,5,0,9
2026-06-28 00:57:32,21.848,shadowpandax,64.029,19.461,11,19,0,3.719,48,85,66.667,38.462,13,24,89,139,4,2,0,9
2026-06-30 05:07:25,22.035,shadowpandax,68.852,18.283,4,12,0,4.683,39,77.778,69.318,62.712,9,22,126,183,2,3,1,9
2026-05-14 14:18:15,13.245,KaoriMaeda,47.368,12.451,4,29,2,4.069,33,51.429,41.429,53.191,14,16,72,152,3,2,1,12
2026-05-17 15:14:41,13.33,KaoriMaeda,36.646,9.004,4,26,1,4.797,23,42.857,41.667,23.404,6,8,59,161,1,5,0,12
2026-05-19 14:12:22,12.983,KaoriMaeda,38.667,8.603,4,34,0,4.31,20,47.059,32.877,41.86,9,9,58,150,1,4,1,12
2026-05-25 14:28:52,12.713,KaoriMaeda,41.29,8.69,3,30,0,4.641,22,56.41,32.432,42.857,8,10,64,155,3,3,0,12
2026-05-26 13:56:18,12.715,KaoriMaeda,37.594,7.946,7,30,0,4.12,18,38.71,46.667,23.81,7,7,50,133,1,5,0,12
2026-06-05 14:41:15,12.357,KaoriMaeda,41.333,8.126,3,28,0,4.71,18,55.556,35.714,38.636,8,8,62,150,4,2,0,12
2026-06-16 23:18:25,12.537,KaoriMaeda,44.118,9.529,4,26,0,4.283,20,50,42.188,42.5,7,12,60,136,1,2,2,12
2026-06-17 23:35:10,12.453,KaoriMaeda,45.263,10.256,2,13,0,4.186,16,50,52.083,31.034,5,8,43,95,2,3,0,12
2026-07-02 13:52:04,12.36,KaoriMaeda,42.52,8.99,5,32,1,4.389,21,52.941,39.623,37.5,8,8,54,127,4,1,0,12
2026-07-03 13:56:00,12.626,KaoriMaeda,41.727,8.414,4,26,0,4.707,18,53.571,40.323,36.735,6,10,58,139,2,4,0,12
2026-06-23 23:11:54,21.735,ArronChu,67.46,23.389,25,17,0,3.094,53,74.359,68.966,55.172,29,22,85,126,2,4,0,14
2026-06-24 20:18:32,21.568,ArronChu,65.766,18.919,13,15,0,3.74,41,70.833,80.488,50,19,15,73,111,5,1,0,14
2026-06-25 14:15:46,21.914,ArronChu,65.734,25.073,20,19,1,3.489,52,70.588,69.355,57.447,22,30,94,143,4,2,0,14
2026-06-28 15:10:06,22.095,ArronChu,66.176,20.99,18,20,0,3.489,48,71.053,68.519,59.091,21,22,90,136,4,2,0,14
2026-06-30 14:01:09,22.263,ArronChu,63.793,26.218,23,16,0,2.568,55,67.742,70.588,50,31,20,74,116,4,2,0,14
2026-07-02 13:52:04,22.441,ArronChu,61.261,20.765,17,14,0,3.338,40,73.077,70.37,35.484,20,19,68,111,1,4,0,14
2026-07-02 18:34:06,22.441,ArronChu,66.667,21.235,9,13,0,3.943,40,75,67.857,60.417,15,20,88,132,3,3,0,14
2026-07-03 13:56:00,22.183,ArronChu,68.595,25.053,19,18,1,3.229,53,63.636,76.364,61.364,25,30,83,121,1,4,1,14
2026-07-04 14:18:33,21.908,ArronChu,62.903,20.499,13,13,0,3.923,39,70.37,68.333,48.649,17,14,78,124,4,2,0,14
2026-07-05 09:14:33,22.079,ArronChu,66.917,18.554,8,13,0,3.831,47,67.647,81.356,45,10,29,89,133,3,3,0,14
2026-05-20 08:34:07,16.531,yahallonyanpasu,42.336,14.829,12,18,3,3.31,38,65.625,36.709,30.769,16,17,58,137,2,4,0,16
2026-05-21 07:13:01,16.365,yahallonyanpasu,43.089,15.975,17,26,1,2.792,37,44,46.429,38.095,23,12,53,123,3,3,0,16
2026-05-22 21:04:09,16.362,yahallonyanpasu,44.0,14.635,8,18,0,3.227,30,66.667,43.902,25,13,10,44,100,4,1,0,16
2026-05-23 06:57:28,16.644,yahallonyanpasu,42.282,13.0,8,25,2,3.857,34,51.351,39.344,39.216,11,13,63,149,2,3,0,16
2026-05-25 07:30:37,16.545,yahallonyanpasu,39.394,12.714,7,21,0,3.462,31,57.143,41.935,23.81,9,12,52,132,5,1,0,16
2026-05-27 04:53:54,16.907,yahallonyanpasu,39.85,14.787,7,13,1,3.642,32,34.783,42.857,37.5,11,16,53,133,2,4,0,16
2026-05-29 07:43:45,16.716,yahallonyanpasu,44.118,13.569,18,30,1,3.017,42,58.333,43.478,29.032,23,15,60,136,3,3,0,16
2026-05-31 06:42:17,16.907,yahallonyanpasu,44.304,14.75,7,20,2,3.971,35,56.667,48.101,30.612,13,17,70,158,3,3,0,16
2026-06-05 08:39:16,16.718,yahallonyanpasu,42.177,12.544,14,29,0,3.677,35,51.163,40.845,33.333,19,13,62,147,4,2,0,16
2026-06-07 08:09:22,16.895,yahallonyanpasu,41.989,12.562,5,23,6,4.382,30,50,39.773,39.623,5,21,76,181,3,2,1,16
2026-06-07 04:19:09,15.0,GyroInmobile,47.826,8.924,5,22,0,4.848,19,53.125,54.098,35.556,7,4,66,138,4,1,0,18
2026-06-14 06:19:48,15.694,GyroInmobile,47.445,11.868,5,16,0,4.369,23,57.895,40.323,48.649,9,10,65,137,1,5,0,18
2026-06-29 03:00:46,15.235,GyroInmobile,33.051,5.449,0,18,0,4.897,12,48.485,31.373,20.588,0,5,39,118,3,3,0,18
2026-06-06 22:27:02,14.918,Jlin2,55.634,13.588,4,22,0,4.114,38,79.487,50.794,40,14,20,79,142,2,4,0,19
2026-06-07 04:19:09,14.701,Jlin2,68.421,21.255,11,10,0,3.662,34,68.421,65.854,71.429,12,14,65,95,2,3,0,19
2026-06-07 08:09:22,14.49,Jlin2,55.056,12.679,5,22,0,4.898,24,68.182,49.383,52.83,11,5,98,178,4,1,1,19
2026-06-11 04:24:29,14.848,Jlin2,57.025,15.966,3,12,0,3.884,38,53.846,63.158,50,11,15,69,121,4,1,0,19
2026-06-13 04:37:13,15.189,Jlin2,60.656,16.823,4,11,1,4.514,27,66.667,61.667,53.125,9,9,74,122,4,1,0,19
2026-06-20 23:27:03,15.52,Jlin2,65.385,21.678,9,2,0,3.882,34,70,71.429,46.667,18,6,85,130,4,2,0,19
2026-06-22 00:04:06,15.758,Jlin2,57.282,17.034,3,7,0,3.949,26,69.565,52.83,55.556,10,10,59,103,2,3,0,19
2026-06-28 15:10:06,15.641,Jlin2,57.851,19.013,13,18,0,3.357,41,67.857,56.364,52.632,21,19,70,121,4,2,0,19
2026-06-30 05:07:25,15.843,Jlin2,55.495,14.057,5,11,4,4.881,28,66,58.228,41.509,9,12,101,182,5,1,0,19
2026-07-05 04:52:45,16.232,Jlin2,63.462,19.109,12,21,0,3.96,47,75.758,60,60.345,17,21,99,156,4,2,0,19
2026-06-13 07:12:37,15.481,kar72,59.603,13.422,2,11,0,4.767,24,77.273,60.938,39.535,7,12,90,151,5,0,0,20
2026-06-18 10:54:28,15.935,kar72,51.705,12.692,6,32,0,4.11,42,56.757,51.613,47.826,12,24,91,176,3,1,2,20
2026-06-18 22:34:18,16.094,kar72,51.079,12.916,9,31,0,3.662,35,61.538,50.769,45.833,13,14,71,139,3,3,0,20
2026-06-19 21:13:50,16.093,kar72,50.442,13.987,4,15,0,3.912,28,57.692,51.786,41.935,6,17,57,113,3,2,0,20
2026-06-22 00:04:06,16.18,kar72,45.69,14.564,6,23,0,3.981,24,54.167,50,35,8,16,53,116,2,3,0,20
2026-06-25 00:18:18,16.099,kar72,55.639,13.589,3,13,0,4.608,25,72.727,57.627,39.024,9,11,74,133,1,4,1,20
2026-06-29 03:00:46,15.827,kar72,47.692,10.74,1,19,0,4.177,24,60.526,44.068,39.394,4,15,62,130,3,3,0,20
2026-06-30 05:07:25,15.835,kar72,56.593,11.844,2,11,0,5.107,25,72,56.962,41.509,2,12,103,182,5,1,0,20
2026-07-03 21:32:13,16.158,kar72,56.906,13.286,9,24,0,4.311,41,56.364,56.471,58.537,12,22,103,181,2,1,3,20
2026-07-05 04:52:45,16.252,kar72,46.821,10.556,3,21,0,4.568,28,48.649,51.25,39.286,4,23,81,173,2,4,0,20
2026-04-19 04:54:10,17.534,PoolNoodle,55.747,10.988,1,12,1,5.258,20,70.455,48.684,53.704,5,8,97,174,2,4,0,21
2026-04-19 07:32:45,17.321,PoolNoodle,52.857,13.836,15,32,0,3.311,46,51.163,48.276,61.538,21,23,74,140,1,5,0,21
2026-04-19 09:37:53,16.926,PoolNoodle,54.545,13.309,2,15,0,4.424,23,53.125,49.02,63.158,7,11,66,121,4,1,0,21
2026-05-15 07:01:20,17.234,PoolNoodle,48.98,11.895,10,43,0,3.347,43,56.667,45.07,50,13,29,72,147,2,4,0,21
2026-05-16 04:37:10,17.05,PoolNoodle,57.0,20.94,14,16,0,3.123,39,50,46.341,72.973,21,11,57,100,3,2,0,21
2026-06-01 05:57:19,17.224,PoolNoodle,57.042,12.841,9,24,2,4.0,40,58.14,47.692,73.529,18,13,81,142,4,2,0,21
2026-06-03 04:26:23,17.404,PoolNoodle,47.414,13.821,5,15,1,3.618,29,52,41.935,55.172,9,18,55,116,4,1,0,21
2026-06-03 06:38:37,17.703,PoolNoodle,45.0,12.428,2,24,0,3.944,27,50,41.176,45.455,6,18,54,120,2,4,0,21
2026-06-05 08:39:16,17.524,PoolNoodle,41.732,9.449,7,29,0,4.264,22,40.541,42.857,41.176,10,11,53,127,2,4,0,21
2026-06-16 00:10:57,17.331,PoolNoodle,51.579,12.247,8,22,0,3.612,24,60.714,50,44.444,12,10,49,95,4,1,0,21
2026-01-01 22:39:32,11.122,Shuuka,47.778,11.873,5,17,0,3.953,22,64,39.024,45.833,9,13,43,90,3,2,0,23
2026-01-03 10:38:36,11.244,Shuuka,35.294,8.835,2,11,2,4.611,15,50,32.143,29.167,3,8,36,102,2,2,0,23
2026-01-07 01:49:38,11.276,Shuuka,29.457,7.805,7,35,0,3.737,21,45.714,16.071,34.211,10,10,38,129,3,3,0,23
2026-01-12 05:30:57,11.264,Shuuka,33.654,9.668,3,18,0,3.857,17,48.148,32.432,25,7,8,35,104,3,2,0,23
2026-01-17 05:38:38,11.38,Shuuka,26.364,6.504,2,14,1,4.345,11,36.842,23.077,26.923,4,2,29,110,4,1,0,23
2026-01-17 16:40:47,11.724,Shuuka,29.508,7.949,4,27,1,4.056,18,46.154,24.074,26.19,6,5,36,122,3,2,0,23
2026-01-17 16:42:16,11.724,Shuuka,29.508,7.949,4,27,1,4.056,18,46.154,24.074,26.19,6,5,36,122,3,2,0,23
2026-01-04 14:34:40,11.687,80s,32.061,7.067,4,27,0,4.143,20,45.714,30.189,23.256,6,5,42,131,2,3,0,25
2026-01-12 05:30:57,11.575,80s,45.161,12.641,4,5,0,3.881,22,47.619,40.909,50,9,6,42,93,3,2,0,25
2026-01-14 17:31:59,11.677,80s,33.594,8.5,5,27,1,4.0,20,35.484,28.333,40.541,6,12,43,128,3,2,0,25
2026-01-29 13:10:54,11.776,80s,29.63,7.425,2,14,0,3.95,19,30,28.358,31.579,10,3,40,135,2,3,1,25
2026-05-30 21:04:03,14.913,asleep,42.969,11.446,5,14,0,3.964,28,35.294,41.379,52.778,8,14,55,128,4,2,0,26
2026-05-31 06:42:17,15.562,asleep,50.296,12.95,6,20,1,4.624,29,53.191,52.778,44,13,14,85,169,3,2,1,26
2026-06-05 06:23:16,15.181,asleep,43.137,9.872,3,11,1,4.742,17,44.737,43.478,41.304,5,5,66,153,4,2,0,26
2026-06-05 08:39:16,15.367,asleep,40.625,9.204,6,39,1,4.154,29,47.222,47.887,26.415,10,15,65,160,4,2,0,26
2026-06-07 08:09:22,15.557,asleep,41.176,8.925,4,25,1,5.026,18,41.667,42.5,38.983,7,3,77,187,3,3,0,26
2026-06-13 04:37:13,15.513,asleep,49.138,14.778,5,15,0,4.316,22,52,50.909,44.444,7,6,57,116,5,0,0,26
2026-06-19 21:13:50,15.706,asleep,50.98,14.048,2,12,0,3.962,25,44,67.347,28.571,2,22,52,102,0,5,0,26
2026-06-19 22:59:11,15.986,asleep,43.396,12.071,6,19,0,4.304,20,50,51.064,29.73,8,10,46,106,1,4,0,26
2026-06-22 22:49:49,15.244,asleep,48.696,15.199,8,13,1,3.786,32,55.882,42.857,50,10,18,56,115,3,2,0,26
2026-06-28 00:57:32,15.335,asleep,42.748,11.547,4,17,0,4.054,27,37.5,46.875,40,7,14,56,131,5,1,0,26
2026-05-30 04:57:21,17.27,Deafness,56.25,17.069,8,25,0,4.152,43,69.444,57.831,45.614,11,24,99,176,5,1,0,27
2026-05-31 06:42:17,17.252,Deafness,58.791,14.781,5,28,0,4.561,38,65.306,60.227,48.889,11,22,107,182,2,3,1,27
2026-06-05 06:23:16,17.546,Deafness,62.745,19.027,4,11,0,4.135,43,65.789,65.217,56.522,8,27,96,153,4,2,0,27
2026-06-07 08:09:22,17.731,Deafness,56.684,13.924,5,25,0,4.708,29,60.417,52.5,59.322,8,16,106,187,3,3,0,27
2026-06-10 09:01:42,17.687,Deafness,60.811,17.387,9,19,0,3.967,41,67.568,63.158,53.704,16,21,90,148,2,3,1,27
2026-06-13 04:37:13,17.611,Deafness,59.836,15.858,3,11,0,4.616,27,50,63.333,62.5,10,7,73,122,4,1,0,27
2026-06-13 07:12:37,17.89,Deafness,62.092,15.58,3,17,0,4.758,32,76.087,65.455,46.154,7,21,95,153,2,3,0,27
2026-06-20 18:11:36,17.797,Deafness,54.225,15.674,6,24,0,3.883,36,68.966,57.971,38.636,10,18,77,142,3,3,0,27
2026-06-24 20:18:32,17.814,Deafness,57.252,14.998,9,19,0,3.76,39,60,60.345,51.163,14,17,75,131,2,4,0,27
2026-07-05 14:02:38,17.637,Deafness,60.63,17.138,6,15,0,3.779,40,71.429,57.895,57.143,9,25,77,127,2,4,0,27
2026-06-11 14:01:41,17.61,FORTNAYT,55.319,13.074,4,16,0,4.019,18,75,57.5,41.176,6,12,52,94,1,4,0,28
2026-06-11 18:19:17,17.341,FORTNAYT,58.088,13.876,5,24,0,3.962,40,64.516,62.5,42.424,12,24,79,136,4,1,0,28
2026-06-12 14:04:43,17.621,FORTNAYT,58.475,17.405,8,27,0,3.754,37,76.923,60.345,41.176,13,18,69,118,2,3,0,28
2026-06-12 18:27:27,17.52,FORTNAYT,63.462,16.718,4,23,0,4.333,40,73.529,62.687,58.182,14,17,99,156,6,0,0,28
2026-06-14 14:19:33,18.051,FORTNAYT,57.229,15.003,5,25,1,4.411,36,88.372,53.846,33.333,10,19,95,166,4,2,0,28
2026-06-18 07:29:56,18.215,FORTNAYT,64.943,17.845,7,16,0,4.398,38,68.182,71.429,52.83,10,23,113,174,2,4,0,28
2026-06-18 14:24:55,18.038,FORTNAYT,58.915,14.884,6,25,0,3.803,40,81.481,62.712,39.535,13,17,76,129,5,0,0,28
2026-06-21 22:16:46,18.489,FORTNAYT,56.589,17.028,9,20,0,3.918,36,81.25,55.932,36.842,11,17,73,129,2,3,0,28
2026-06-25 17:15:02,18.392,FORTNAYT,55.833,16.57,12,26,0,3.567,35,62.5,70.588,29.73,15,18,67,120,1,4,0,28
2026-06-27 17:17:15,18.123,FORTNAYT,63.559,17.443,7,9,0,4.0,35,70.37,68.519,51.351,9,19,75,118,2,4,0,28
2026-03-30 04:38:23,13.751,revel,48.921,14.267,6,15,0,4.309,27,51.282,48.485,47.059,7,19,68,139,3,3,0,30
2026-06-17 23:35:10,14.351,SakurabaRola,54.054,14.771,8,12,0,3.917,28,53.846,46.154,66.667,15,9,60,111,5,0,0,31
2026-06-18 14:24:55,14.888,SakurabaRola,45.669,9.357,3,28,0,4.379,21,54.286,45.455,37.838,9,10,58,127,2,3,0,31
2026-06-19 21:13:50,14.892,SakurabaRola,45.098,14.076,4,13,0,3.717,24,35,43.137,54.839,10,9,46,102,3,2,0,31
2026-06-19 22:59:11,14.789,SakurabaRola,36.893,10.157,5,19,0,4.237,15,47.059,34.483,35.714,8,4,38,103,3,2,0,31
2026-06-20 18:11:36,15.002,SakurabaRola,47.5,12.289,9,32,1,4.408,29,51.613,43.662,50,12,11,76,160,2,3,1,31
2026-06-20 23:27:03,14.894,SakurabaRola,39.216,9.092,1,9,0,4.425,9,36.842,42.593,34.483,2,2,40,102,3,3,0,31
2026-06-22 21:35:21,15.193,SakurabaRola,46.561,10.425,6,40,0,4.318,31,51.111,42.697,49.091,10,17,88,189,1,3,2,31
2026-06-22 22:49:49,14.88,SakurabaRola,49.55,13.425,6,16,0,4.055,25,60,45.833,45.455,7,13,55,111,4,1,0,31
2026-06-25 14:15:46,14.981,SakurabaRola,45.113,13.433,5,24,0,3.833,25,51.852,44.828,41.667,10,7,60,133,5,1,0,31
2026-06-29 18:09:56,15.361,SakurabaRola,43.165,8.83,3,26,1,4.6,21,74.074,28.571,47.619,5,14,60,139,1,5,0,31
2026-03-25 10:07:16,15.732,beanman87,49.645,11.882,7,15,1,4.429,29,54.545,39.583,55.102,9,12,70,141,3,3,0,32
2026-04-01 14:00:26,15.726,beanman87,43.2,13.285,6,18,2,4.389,21,57.143,33.333,47.5,10,5,54,125,2,4,0,32
2026-04-22 06:15:10,15.505,beanman87,50.515,16.847,6,8,2,3.959,23,58.065,44.737,50,14,7,49,97,4,1,0,32
2026-05-16 04:37:10,15.845,beanman87,51.754,13.65,6,15,0,3.898,25,55.556,45.614,61.905,12,7,59,114,3,2,0,32
2026-05-20 08:34:07,16.06,beanman87,50.0,15.504,13,21,1,3.754,38,52.632,47.761,51.515,16,13,69,138,3,3,0,32
2026-06-30 05:07:25,16.082,beanman87,59.509,18.194,7,9,0,4.557,34,68.571,47.945,69.091,16,6,97,163,2,3,1,32
2026-07-04 14:18:33,16.001,beanman87,61.481,18.984,6,9,0,3.807,45,71.875,47.541,73.81,19,20,83,135,4,2,0,32
2026-06-14 14:19:33,19.223,Tsui,63.03,16.073,5,19,0,4.327,38,75.556,59.677,56.897,8,28,104,165,1,5,0,33
2026-06-17 23:35:10,18.883,Tsui,54.955,16.612,9,19,0,3.574,32,61.905,63.793,34.375,15,18,61,111,2,3,0,33
2026-06-18 14:24:55,18.789,Tsui,53.846,16.367,14,28,0,3.5,39,72.414,50,45.946,18,17,70,130,3,2,0,33
2026-06-22 21:35:21,18.874,Tsui,56.643,15.729,8,18,0,3.84,41,75,55.385,48,12,22,81,143,3,3,0,33
2026-06-29 18:09:56,18.867,Tsui,48.387,16.635,12,23,0,3.333,35,60,49.123,40.476,17,14,60,124,4,2,0,33
2026-07-01 14:17:09,19.059,Tsui,58.025,14.646,6,16,0,3.66,23,72.222,50,59.259,14,9,47,81,6,0,0,33
2026-07-01 14:36:06,19.059,Tsui,53.333,14.268,14,31,0,3.55,42,63.889,49.231,51.02,24,15,80,150,6,0,0,33
2026-07-02 18:34:06,19.587,Tsui,59.596,15.563,6,28,0,4.297,40,76.087,62.651,44.928,12,27,118,198,3,2,1,33
2026-07-04 14:18:33,19.676,Tsui,64.286,18.427,6,11,0,3.864,37,77.143,69.565,48.889,8,29,81,126,1,5,0,33
2026-07-05 14:02:38,19.324,Tsui,57.258,17.746,10,14,1,3.563,38,64.516,58.333,48.485,17,19,71,124,2,4,0,33
2026-04-20 22:24:29,19.664,YuriMeguri,65.741,21.189,13,15,0,3.028,44,83.871,69.767,44.118,18,27,71,108,1,4,0,34
2026-06-05 17:50:16,19.334,YuriMeguri,57.0,18.73,15,24,0,3.018,39,61.111,63.636,47.368,19,12,57,100,5,0,0,34
2026-06-06 22:27:02,20.421,YuriMeguri,63.433,18.936,12,16,0,3.6,46,86.486,56.667,51.351,19,14,85,134,6,0,0,34
2026-01-06 14:13:54,12.237,Akaze,26.415,4.895,2,32,4,5.286,10,42.105,20,23.913,2,6,42,159,2,4,0,35
2026-03-19 04:19:23,11.989,Akaze,33.846,7.184,2,13,0,4.841,11,47.368,26.923,30,4,2,44,130,2,4,0,35
2026-04-30 07:23:58,12.566,anonimus_opinion,40.769,6.947,3,20,0,4.698,17,44.828,43.548,33.333,5,5,53,130,1,5,0,36
2026-05-16 04:37:10,12.122,anonimus_opinion,42.537,8.77,2,27,0,4.421,20,47.826,41.026,42.424,6,9,57,134,2,2,1,36
2026-05-23 06:57:28,12.122,anonimus_opinion,46.087,10.336,1,9,1,4.396,19,63.333,52.083,24.324,6,9,53,115,3,2,0,36
2026-05-25 14:28:52,12.24,anonimus_opinion,49.032,11.655,6,30,0,4.382,29,69.231,47.297,33.333,10,18,76,155,3,3,0,36
2026-06-07 04:19:09,12.242,anonimus_opinion,44.211,8.281,2,10,0,4.643,12,57.895,43.902,37.143,2,4,42,95,2,3,0,36
2026-06-15 06:22:37,12.047,anonimus_opinion,46.207,8.587,10,45,0,3.284,38,58.974,44.118,36.842,14,26,67,145,4,2,0,36
2026-06-17 23:35:10,12.25,anonimus_opinion,44.211,9.527,2,13,0,4.286,17,61.111,50,24.138,6,10,42,95,2,3,0,36
2026-06-22 00:04:06,12.143,anonimus_opinion,44.275,8.787,2,19,0,4.983,14,60,54.545,17.073,7,5,58,131,2,3,0,36
2026-06-28 00:57:32,12.043,anonimus_opinion,41.026,9.47,4,23,1,4.438,23,46.154,40.741,36.111,7,13,64,156,2,3,1,36
2026-06-30 05:07:25,11.928,anonimus_opinion,44.262,8.772,1,12,0,5.284,17,52.778,46.591,35.593,5,4,81,183,2,3,1,36
2026-06-01 18:21:54,12.571,claydoll1091,34.568,8.524,5,30,1,4.232,26,16.667,45.946,30.769,8,15,56,162,2,3,1,37
2026-06-02 14:21:12,12.477,claydoll1091,29.63,4.231,0,14,0,5.55,6,24.324,38.596,21.951,0,2,40,135,3,3,0,37
2026-06-09 13:58:23,12.453,claydoll1091,32.667,7.174,5,36,2,4.347,18,35.484,35.938,27.273,7,12,49,150,2,4,0,37
2026-06-14 14:19:33,12.275,claydoll1091,28.289,4.679,2,20,3,5.372,9,31.818,28.571,24.444,4,3,43,152,3,3,0,37
2026-06-22 21:35:21,12.545,claydoll1091,32.275,6.561,2,40,2,4.475,20,31.111,35.955,27.273,3,10,61,189,1,3,2,37
2026-06-22 22:49:49,12.271,claydoll1091,36.036,6.632,4,16,0,4.9,9,46.667,41.667,18.182,5,0,40,111,4,1,0,37
2026-06-23 23:11:54,12.359,claydoll1091,35.772,9.141,6,21,0,3.727,23,32.353,44.643,24.242,10,5,44,123,5,1,0,37
2026-06-28 15:10:06,12.704,claydoll1091,31.707,9.114,6,22,0,3.718,19,30,43.636,15.789,7,9,39,123,1,5,0,37
2026-07-05 09:14:33,12.628,claydoll1091,34.839,8.002,2,22,1,4.278,22,34.211,42.254,23.913,6,11,54,155,3,3,0,37
2026-07-05 14:02:38,12.623,claydoll1091,29.134,5.685,1,15,1,4.649,11,21.429,43.86,14.286,3,6,37,127,2,4,0,37
2026-06-22 21:35:21,15.39,Diukes,43.243,10.964,8,43,1,4.175,31,60.976,51.136,17.857,12,15,80,185,2,2,2,38
2026-06-25 00:18:18,15.393,Diukes,41.964,11.917,4,10,1,4.128,19,43.478,55.556,20,9,1,47,112,5,1,0,38
2026-06-25 14:15:46,15.747,Diukes,42.857,10.175,3,26,2,4.46,18,42.857,50.685,28.205,5,12,63,147,1,5,0,38
2026-06-27 17:17:15,15.408,Diukes,52.756,13.238,3,6,1,4.075,27,42.105,82.979,28.571,3,20,67,127,2,4,0,38
2026-06-28 15:10:06,15.233,Diukes,44.545,16.176,13,12,1,3.224,30,65.385,48,23.529,14,14,49,110,3,3,0,38
2026-07-01 23:43:02,15.249,Diukes,45.669,11.164,11,26,0,3.397,36,43.59,58.621,23.333,16,16,58,127,4,2,0,38
2026-07-02 18:34:06,15.417,Diukes,48.077,12.225,7,22,0,4.507,25,66.667,53.521,26.531,11,7,75,156,3,2,1,38
2026-07-03 21:32:13,15.498,Diukes,46.212,12.016,9,20,1,4.164,26,47.368,60,13.793,12,14,61,132,1,4,1,38
2026-07-04 14:18:33,15.236,Diukes,45.985,11.874,4,15,1,4.254,27,44.737,60.377,30.435,5,13,63,137,3,3,0,38
2026-07-05 09:14:33,15.22,Diukes,45.806,12.146,6,22,0,3.972,34,47.368,61.972,19.565,9,20,71,155,3,3,0,38
2026-04-21 18:25:22,7.0,FUCK_AMQ,20.115,2.678,1,43,1,5.057,7,27.66,16.438,18.519,5,3,35,174,2,4,0,40
2026-01-17 10:53:12,15.144,koroshiya,46.154,15.133,8,18,1,4.091,28,54.286,56.164,17.143,11,11,66,143,2,3,1,41
2026-01-23 10:40:06,15.144,koroshiya,43.966,9.765,0,11,0,4.529,16,40,55.556,29.73,7,3,51,116,4,2,0,41
2026-02-02 20:29:58,15.215,koroshiya,49.102,14.828,5,21,2,4.293,32,55.263,61.842,26.415,10,14,82,167,3,3,0,41
2026-02-27 19:13:22,15.091,koroshiya,45.455,11.173,3,16,0,4.26,19,51.515,55.319,23.333,9,5,50,110,4,0,1,41
2026-03-02 11:58:43,15.517,koroshiya,52.482,16.718,11,21,1,4.162,29,50,70.149,23.684,16,10,74,141,4,2,0,41
2026-03-20 19:13:56,15.718,koroshiya,50.34,12.825,5,22,0,4.446,21,55.556,64.179,25,12,5,74,147,3,3,0,41
2026-03-22 07:43:08,15.7,koroshiya,41.333,11.268,4,16,1,4.565,20,36.364,50,31.915,6,8,62,150,2,3,1,41
2026-05-14 21:21:37,15.607,koroshiya,53.793,14.184,3,17,1,4.41,24,75.758,66.129,24,6,14,78,145,3,2,0,41
2026-05-15 17:46:44,15.701,koroshiya,44.231,13.065,7,17,0,3.565,28,54.167,47.917,31.25,16,9,46,104,3,2,0,41
2026-05-24 19:25:18,15.898,koroshiya,47.024,11.768,6,30,0,4.38,35,41.379,64.103,27.869,9,19,79,168,1,4,1,41
2026-01-12 05:30:57,13.5,Nicole,44.086,11.085,2,5,0,4.073,18,47.619,43.182,42.857,6,6,41,93,3,2,0,44
2026-03-27 19:09:40,13.611,Nicole,32.692,7.061,1,27,2,4.647,17,36.111,32.812,30.357,6,7,51,156,2,4,0,44
2026-04-01 14:00:26,13.374,Nicole,36.22,11.396,7,22,0,4.63,17,54.545,32.075,26.829,10,5,46,127,2,4,0,44
2026-05-07 07:15:21,13.134,Nicole,36.313,8.655,4,29,1,4.215,26,45.714,32.967,35.849,5,11,65,179,3,2,1,44
2026-06-20 18:11:36,12.5,LeNainDuPSG,33.803,8.326,3,24,2,4.25,18,44.828,31.884,29.545,8,2,48,142,3,3,0,45
2026-05-17 15:14:41,11.876,Orfey,34.783,8.08,5,21,0,4.982,18,50,30.263,28.889,7,8,56,161,3,3,0,46
2026-05-27 11:00:45,11.876,Orfey,37.748,9.838,2,16,1,4.351,20,53.333,39.189,25.532,6,3,57,151,3,3,0,46
2026-05-28 10:37:26,11.871,Orfey,36.0,9.944,7,33,1,3.444,26,47.826,39.726,17.241,13,5,45,125,4,2,0,46
2026-05-29 13:51:29,12.056,Orfey,33.962,7.219,4,24,0,3.556,20,50,35,22.5,7,7,36,106,3,3,0,46
2026-06-05 06:23:16,12.039,Orfey,33.987,8.473,3,11,1,4.712,17,39.474,33.333,30.435,4,6,52,153,4,2,0,46
2026-06-09 18:18:54,12.223,Orfey,37.594,11.447,6,17,4,3.74,28,48.485,36.508,29.73,12,10,50,133,6,0,0,46
2026-06-17 16:20:35,12.769,Orfey,29.63,7.688,6,27,0,4.225,20,50,34.426,9.091,9,3,40,135,5,1,0,46
2026-06-18 07:29:56,12.952,Orfey,43.678,10.95,2,16,1,4.658,28,59.091,37.662,39.623,6,12,76,174,2,4,0,46
2026-06-22 22:49:49,13.12,Orfey,35.897,7.419,2,19,0,4.786,13,44.444,31.373,33.333,5,7,42,117,2,3,0,46
2026-07-03 17:57:14,13.112,Orfey,31.667,6.8,2,21,1,4.237,16,43.478,31.373,26.087,4,12,38,120,1,5,0,46
2026-05-31 06:42:17,12.321,Renzou,41.772,8.586,2,20,0,4.833,15,60,40.506,32.653,9,5,66,158,3,3,0,47
2026-06-06 04:57:28,12.332,Renzou,46.497,10.65,4,15,0,5.068,19,44.444,41.429,57.143,9,8,73,157,3,2,1,47
2026-06-13 07:12:37,12.429,Renzou,36.478,7.343,3,16,3,5.259,16,40,31.884,40,7,1,58,159,4,1,0,47
2026-06-16 00:10:57,12.709,Renzou,44.037,10.994,12,37,0,3.771,24,60,42.857,30,16,8,48,109,5,0,0,47
2026-06-19 21:13:50,13.176,Renzou,39.823,10.746,5,15,0,4.133,18,53.846,39.286,29.032,7,7,45,113,3,2,0,47
2026-06-20 23:27:03,13.267,Renzou,37.903,7.58,0,7,0,4.83,11,48.276,38.182,30,5,1,47,124,4,2,0,47
2026-06-22 00:04:06,13.443,Renzou,35.294,7.941,1,8,1,4.778,13,36.364,35.849,33.333,5,1,36,102,2,2,1,47
2026-06-28 00:57:32,13.45,Renzou,41.667,9.466,2,23,1,4.415,22,41.026,43.21,38.889,7,13,65,156,2,3,1,47
2026-06-30 05:07:25,13.346,Renzou,35.333,7.623,1,10,1,5.132,13,54.545,28.788,31.373,2,5,53,150,2,4,0,47
2026-07-05 04:52:45,13.182,Renzou,42.197,8.944,3,21,1,4.753,22,43.243,37.5,48.214,6,11,73,173,2,4,0,47
2026-06-10 18:04:55,18.348,accelerator11,48.039,13.69,6,12,0,4.061,22,88.889,41.463,23.529,8,11,49,102,2,3,0,49
2026-06-10 21:20:02,18.26,accelerator11,52.137,17.116,12,26,0,3.344,36,78.125,44.898,38.889,15,18,61,117,1,4,0,49
2026-06-11 04:24:29,17.97,accelerator11,51.24,13.768,1,12,0,3.984,32,69.231,59.649,26.316,8,15,62,121,4,1,0,49
2026-06-12 14:04:43,18.26,accelerator11,50.485,13.635,5,17,0,4.019,24,81.25,47.917,41.026,7,16,52,103,1,4,0,49
2026-06-12 18:27:27,17.987,accelerator11,56.849,17.284,3,17,0,4.024,40,80.556,53.125,43.478,9,27,83,146,2,4,0,49
2026-06-13 04:37:13,17.805,accelerator11,50.515,18.463,4,5,0,3.796,27,88.889,36.17,34.783,6,16,49,97,2,3,0,49
2026-06-13 07:12:37,17.711,accelerator11,53.642,16.815,11,11,1,4.407,31,81.818,43.75,39.535,16,10,81,151,5,0,0,49
2026-06-18 10:54:28,18.187,accelerator11,56.209,18.135,18,22,1,3.547,50,84.615,47.887,44.186,28,20,86,153,4,2,0,49
2026-06-19 21:13:50,18.379,accelerator11,50.98,18.137,9,13,1,3.385,30,95,37.255,45.161,14,14,52,102,3,2,0,49
2026-06-22 00:04:06,18.477,accelerator11,48.485,17.213,11,10,1,3.958,22,94.444,44.898,28.125,11,5,48,99,4,1,0,49
2026-06-03 04:26:23,16.366,Sniparook,58.333,16.401,8,13,0,3.968,32,50,68.627,48.571,8,17,63,108,3,2,0,50
2026-06-06 04:57:28,16.449,Sniparook,57.325,14.344,4,15,1,4.756,27,53.333,61.429,54.762,10,13,90,157,3,2,1,50
2026-06-07 04:19:09,16.543,Sniparook,56.028,13.824,6,21,0,4.19,32,50,65.079,47.727,8,22,79,141,1,4,0,50
2026-06-13 04:37:13,16.024,Sniparook,50.0,13.463,1,15,0,4.431,20,36,61.818,41.667,3,9,58,116,5,0,0,50
2026-06-13 07:12:37,16.483,Sniparook,60.377,16.642,4,16,1,4.5,41,56,66.667,55,7,21,96,159,4,1,0,50
2026-06-19 19:28:06,16.755,Sniparook,50.365,15.898,7,21,2,3.768,40,50,52.239,47.222,13,18,69,137,4,2,0,50
2026-06-19 21:13:50,16.929,Sniparook,45.745,13.122,2,12,0,3.744,21,40.741,48.718,46.429,6,12,43,94,3,2,0,50
2026-06-20 18:11:36,17.023,Sniparook,43.662,12.249,9,22,0,4.29,25,42.857,48.438,38,14,8,62,142,4,1,1,50
2026-06-20 23:27:03,17.283,Sniparook,50.98,14.858,3,9,0,4.058,18,42.105,57.407,44.828,4,7,52,102,3,3,0,50
2026-06-22 00:04:06,17.27,Sniparook,49.618,10.586,1,19,0,4.815,19,45.714,60,39.024,6,9,65,131,2,3,0,50
2026-05-30 09:01:45,14.485,Chata,44.654,8.937,4,24,0,4.831,16,51.163,37.662,51.282,6,5,71,159,1,4,1,51
2026-06-01 13:46:50,14.219,Chata,47.541,11.629,7,17,0,3.983,25,54.545,42,48.718,11,8,58,122,2,3,1,51
2026-06-09 18:18:54,14.128,Chata,49.624,14.477,6,17,0,3.864,36,48.485,50.794,48.649,16,12,66,133,6,0,0,51
2026-06-10 18:04:55,14.652,Chata,37.255,9.627,4,12,4,4.158,16,44.444,34.146,35.294,5,5,38,102,2,3,0,51
2026-06-14 14:19:33,14.569,Chata,50.365,14.829,8,14,1,4.246,27,41.176,54.386,52.174,13,11,69,137,4,2,0,51
2026-06-17 23:35:10,14.75,Chata,55.833,15.441,8,18,0,3.731,33,48,48.077,69.767,12,16,67,120,1,3,1,51
2026-06-22 22:49:49,14.661,Chata,42.735,9.115,3,19,1,4.62,16,41.667,41.176,46.667,8,9,50,117,2,3,0,51
2026-06-29 18:09:56,14.49,Chata,46.479,13.673,8,26,0,3.758,37,55.556,42.647,44.737,10,21,66,142,3,3,0,51
2026-06-30 14:01:09,14.485,Chata,38.255,7.537,3,29,1,4.368,20,38.095,38.462,38.095,7,15,57,149,2,4,0,51
2026-07-04 14:18:33,14.032,Chata,48.889,13.257,3,9,0,4.121,31,40.625,52.459,50,13,12,66,135,4,2,0,51
2026-05-18 11:01:47,17.466,Thaleko,57.759,16.618,13,18,0,3.254,38,58.333,60.345,52.941,17,22,67,116,1,4,1,52
2026-05-22 21:04:09,17.176,Thaleko,47.333,13.771,12,35,0,3.761,38,55.556,51.515,35.417,17,19,71,150,1,4,0,52
2026-05-25 12:49:49,16.875,Thaleko,47.826,12.528,3,21,0,3.727,32,56.098,44.615,43.75,9,16,66,138,4,2,0,52
2026-05-27 11:00:45,17.065,Thaleko,53.901,13.266,4,20,0,4.553,22,60,59.701,40.909,6,10,76,141,3,3,0,52
2026-05-29 18:24:54,17.068,Thaleko,50.0,16.352,12,27,0,3.507,42,51.613,53.623,43.478,14,20,73,146,5,1,0,52
2026-06-20 18:11:36,17.437,Thaleko,58.73,17.283,7,18,0,3.946,35,72.727,58.065,52.381,11,22,74,126,2,4,0,52
2026-06-21 22:16:46,17.244,Thaleko,51.639,15.631,4,22,0,3.778,31,72.727,47.458,46.341,12,18,63,122,2,3,0,52
2026-06-22 21:35:21,17.166,Thaleko,41.509,10.782,7,39,0,4.152,27,63.158,35.714,33.333,8,18,66,159,4,2,0,52
2026-07-02 18:34:06,17.367,Thaleko,55.405,17.247,8,23,0,3.878,34,70,52.632,50,11,18,82,148,2,4,0,52
2026-07-03 17:57:14,17.174,Thaleko,49.612,13.914,8,23,1,3.672,39,78.947,45,44,15,10,64,129,4,2,0,52
2026-04-29 09:20:39,13.864,Lika,34.146,8.125,8,33,0,3.738,22,33.333,33.898,35.294,8,10,42,123,1,5,0,58
2026-04-29 18:16:04,13.481,Lika,33.793,7.991,8,34,0,3.612,26,39.474,28.788,36.585,11,11,49,145,1,5,0,58
2026-05-02 09:39:52,13.102,Lika,30.303,9.637,8,22,2,4.2,17,33.333,31.429,25.714,8,7,40,132,1,5,0,58
2026-05-04 18:44:00,12.721,Lika,37.008,10.201,7,18,1,3.894,22,40,34.328,40,11,9,47,127,2,3,0,58
2026-05-10 12:17:28,12.619,Lika,33.871,10.682,8,16,0,3.69,23,43.478,33.333,28.947,11,8,42,124,2,4,0,58
2026-05-11 10:54:27,12.43,Lika,31.008,9.157,11,31,0,3.35,26,33.333,26.316,35.556,13,10,40,129,1,4,1,58
2026-05-14 14:18:15,12.145,Lika,33.553,7.567,3,29,0,4.529,20,28.571,32.857,38.298,10,6,51,152,3,2,1,58
2026-05-28 10:37:26,12.236,Lika,23.0,7.226,6,28,0,3.652,14,13.636,12.766,45.161,10,4,23,100,0,6,0,58
2026-05-31 11:11:49,11.665,Lika,42.029,10.808,8,22,0,3.897,30,42.424,48.529,29.73,15,9,58,138,3,2,1,58
2026-06-22 00:04:06,11.743,Lika,36.893,11.015,3,7,1,4.053,17,39.13,37.736,33.333,5,6,38,103,2,3,0,58
2026-06-19 22:59:11,12.11,neoburnz,45.833,11.313,5,17,0,4.382,18,56.522,46.269,36.667,7,5,55,120,3,2,0,59
2026-06-21 22:16:46,12.202,neoburnz,36.496,8.015,0,31,1,4.36,18,40,39.726,26.471,4,10,50,137,3,2,0,59
2026-06-22 22:49:49,12.301,neoburnz,34.513,5.778,1,15,1,4.897,9,41.667,33.333,28.947,1,4,39,113,1,4,0,59
2026-06-25 17:15:02,12.035,neoburnz,43.617,11.334,3,21,0,3.976,18,46.667,43.182,40,7,14,41,94,3,2,0,59
2026-06-30 14:01:09,12.121,neoburnz,51.37,12.728,7,28,0,3.813,31,51.613,56.25,45.098,13,15,75,146,4,2,0,59
2026-07-01 14:17:09,12.3,neoburnz,40.299,6.646,0,11,0,4.481,8,50,34.375,42.105,4,3,27,67,3,3,0,59
2026-07-01 14:36:06,12.3,neoburnz,35.833,6.658,2,20,0,4.256,15,41.935,31.481,37.143,7,6,43,120,3,3,0,59
2026-07-02 13:52:04,12.3,neoburnz,46.364,9.071,3,19,0,4.392,16,57.143,46.667,33.333,8,2,51,110,4,1,0,59
2026-07-03 13:56:00,12.566,neoburnz,38.854,6.435,3,35,0,5.049,15,42.308,40.845,35,6,3,61,157,3,2,1,59
2026-07-05 14:02:38,12.649,neoburnz,42.748,10.616,6,24,0,4.125,25,56.667,47.541,25,9,7,56,131,5,1,0,59
2026-04-28 14:08:03,8.309,Yokipi,27.869,5.16,2,29,0,4.706,11,33.333,19.608,34.146,4,5,34,122,2,2,1,64
2026-04-29 18:16:04,8.304,Yokipi,28.276,5.85,4,34,0,3.878,20,28.947,18.182,43.902,7,7,41,145,1,5,0,64
2026-04-30 14:25:20,7.949,Yokipi,30.0,5.69,5,36,0,4.356,19,30.233,23.077,40.476,6,8,45,150,3,2,1,64
2026-05-01 21:20:47,8.06,Yokipi,39.216,10.944,5,30,0,3.4,36,37.209,30,52,15,13,60,153,3,2,1,64
2026-05-05 18:37:55,8.141,Yokipi,22.727,5.101,2,21,0,4.0,11,26.923,10.169,48,5,5,25,110,4,2,0,64
2026-05-11 08:22:11,8.337,Yokipi,29.927,4.799,2,36,0,4.463,17,38.462,20.968,36.111,6,6,41,137,3,3,0,64
2026-05-12 09:38:12,8.319,Yokipi,25.714,3.365,1,39,0,4.611,9,43.243,12.676,34.375,4,5,36,140,3,3,0,64
2026-05-18 11:01:47,8.319,Yokipi,29.688,5.633,4,28,0,4.5,13,26.087,21.818,40,6,5,38,128,3,2,1,64
2026-05-19 14:12:22,8.404,Yokipi,29.365,5.673,2,23,0,4.703,14,26.923,21.667,42.5,6,3,37,126,3,3,0,64
2026-05-21 07:13:01,8.402,Yokipi,33.043,5.811,3,21,0,4.711,11,30.303,27.586,50,5,5,38,115,2,4,0,64
2026-02-09 18:53:08,11.071,Baguett,38.053,10.586,6,17,0,3.953,20,61.905,33.333,31.707,9,11,43,113,4,1,0,65
2026-02-16 18:20:23,11.385,Baguett,43.293,9.064,5,34,0,3.845,39,69.444,38.554,31.111,7,17,71,164,3,3,0,65
2026-03-01 17:42:33,11.38,Baguett,50.413,10.85,2,24,0,4.098,28,61.538,50,44.186,4,21,61,121,2,3,0,65
2026-03-12 22:28:14,11.274,Baguett,36.709,8.072,2,34,0,4.414,22,51.613,32.53,34.091,7,9,58,158,2,4,0,65
2026-04-18 16:41:41,11.069,Baguett,49.242,13.858,8,19,0,4.0,29,67.742,46.774,38.462,12,14,65,132,3,3,0,65
2026-05-09 21:18:01,11.089,Baguett,38.235,12.09,6,17,1,3.962,25,63.333,31.746,30.233,11,12,52,136,4,2,0,65
2026-05-17 15:14:41,11.279,Baguett,47.205,10.552,4,21,2,4.763,26,67.5,39.474,42.222,6,17,76,161,3,3,0,65
2026-06-12 14:04:43,11.279,Baguett,35.593,6.17,0,27,0,4.81,13,65.385,32.759,17.647,4,4,42,118,2,3,0,65
2026-06-16 23:18:25,11.167,Baguett,39.13,11.081,6,16,0,3.833,18,60,28.261,38.095,8,4,36,92,4,1,0,65
2026-07-02 13:52:04,11.468,Baguett,46.154,12.548,9,25,0,3.926,27,60.714,43.86,37.5,12,12,54,117,3,2,0,65
2026-03-30 04:38:23,9.71,bamboo,26.241,5.067,0,20,0,4.865,10,28.947,21.538,31.579,2,2,37,141,1,5,0,66
2026-04-06 04:10:38,9.309,bamboo,28.261,6.645,4,25,0,4.154,17,36.667,13.725,36.842,5,6,39,138,1,5,0,66
2026-04-14 05:05:01,8.904,bamboo,32.0,6.697,3,20,0,4.725,14,40.541,27.869,29.63,5,2,40,125,4,1,0,66
2026-04-29 09:20:39,9.196,bamboo,30.882,5.404,3,35,0,4.429,17,33.333,28.571,31.915,4,11,42,136,4,2,0,66
2026-05-02 09:39:52,9.392,bamboo,32.576,7.463,3,22,0,4.674,12,33.333,28.571,40,7,5,43,132,1,5,0,66
2026-05-05 14:09:04,9.008,bamboo,25.806,4.663,1,28,0,4.906,9,27.273,23.913,26.667,5,0,32,124,2,3,0,66
2026-05-12 18:15:50,8.915,bamboo,30.328,4.189,2,21,1,5.135,7,32.353,25,36.111,5,3,37,122,3,1,1,66
2026-06-13 04:37:13,9.107,bamboo,29.897,7.513,0,5,0,4.621,11,33.333,29.787,26.087,2,5,29,97,2,3,0,66
2026-06-14 06:19:48,9.009,bamboo,37.226,7.644,1,16,2,4.667,16,44.737,32.258,37.838,7,4,51,137,1,5,0,66
2026-06-16 00:10:57,8.632,bamboo,36.029,4.361,2,39,1,4.898,10,48.387,36.066,27.273,2,5,49,136,1,4,0,66
2026-04-14 05:05:01,9.0,DKing20,17.708,3.219,0,17,1,4.588,5,20,15.217,20,2,2,17,96,2,3,0,67
2026-05-07 07:15:21,8.88,DKing20,21.774,3.018,0,15,0,5.222,6,41.935,14.815,15.385,1,1,27,124,1,5,0,67
2026-05-15 07:01:20,8.414,DKing20,18.75,1.927,0,41,0,5.37,7,36.667,12.121,16.667,5,0,27,144,2,4,0,67
2026-05-16 04:37:10,8.158,DKing20,22.222,2.378,0,27,1,5.917,5,37.037,14.286,21.875,2,0,24,108,3,2,0,67
2026-06-06 22:27:02,8.176,DKing20,19.672,2.632,0,25,1,5.292,5,51.613,8.475,9.375,1,3,24,122,3,3,0,67
2026-06-11 04:24:29,8.166,DKing20,22.689,2.248,0,9,0,5.741,1,41.667,15.789,21.053,0,1,27,119,2,3,0,67
2026-05-04 18:44:00,7.86,EruisKawaii,18.75,3.029,0,20,0,4.857,5,30,15.909,13.158,1,4,21,112,0,5,0,68
2026-02-04 13:43:18,11.876,Jube,28.099,6.805,3,26,0,4.0,14,48.276,20.69,23.529,7,5,34,121,2,4,0,69
2026-06-25 17:15:02,11.622,Jube,28.333,4.698,0,26,0,4.706,12,43.75,25.49,18.919,4,5,34,120,1,4,0,69
2026-07-02 13:52:04,11.267,Jube,31.897,6.792,2,23,0,4.514,16,50,17.778,32.432,3,10,37,116,2,3,0,69
2026-07-03 13:56:00,11.141,Jube,32.374,5.978,4,26,0,5.022,12,39.286,33.871,26.531,5,4,45,139,2,4,0,69
2026-07-05 14:02:38,10.918,Jube,35.915,6.779,3,25,0,4.745,15,48.387,34.286,29.268,6,5,51,142,3,3,0,69
2026-05-02 23:23:31,11.736,MahiruShiina,31.148,7.293,8,32,0,4.053,15,30.769,32.258,29.412,10,5,38,122,1,3,1,70
2026-06-05 17:50:16,11.532,MahiruShiina,31.356,6.527,3,24,1,4.27,17,44.828,24.49,30,7,7,37,118,3,2,0,70
2026-06-06 04:57:28,11.725,MahiruShiina,32.432,8.073,2,12,4,4.854,15,29.268,27.869,41.304,8,7,48,148,3,3,0,70
2026-06-06 14:12:19,11.728,MahiruShiina,27.857,7.347,6,26,1,4.256,12,21.622,29.851,30.556,7,6,39,140,4,2,0,70
2026-06-10 09:01:42,11.914,MahiruShiina,26.174,5.522,1,25,1,4.667,12,34.884,19.298,26.531,3,8,39,149,2,3,1,70
2026-06-13 04:37:13,11.819,MahiruShiina,29.545,6.046,1,15,2,5.231,8,40.741,28.788,23.077,3,5,39,132,2,3,0,70
2026-06-13 07:12:37,11.718,MahiruShiina,30.496,6.622,2,22,1,5.023,11,29.63,33.846,26.531,4,9,43,141,1,4,0,70
2026-06-19 21:13:50,11.432,MahiruShiina,20.588,2.571,0,12,2,5.429,3,24,20.408,17.857,0,2,21,102,0,5,0,70
2026-07-04 14:18:33,10.955,MahiruShiina,28.571,6.922,2,11,0,4.417,14,31.429,28.261,26.667,5,5,36,126,1,5,0,70
2026-07-05 14:02:38,10.579,MahiruShiina,20.161,4.244,2,14,1,4.68,8,19.355,25,12.121,5,3,25,124,2,4,0,70
2026-06-12 14:04:43,9.364,ruuka,41.322,8.844,0,22,0,4.3,22,62.963,38.298,31.915,7,5,50,121,4,1,0,72
2026-06-13 04:37:13,9.644,ruuka,28.226,5.235,0,18,1,5.086,7,48.387,27.778,12.821,2,1,35,124,1,4,0,72
2026-06-13 07:12:37,9.378,ruuka,37.879,7.272,1,11,0,5.14,11,52.5,24.138,44.118,2,7,50,132,0,5,0,72
2026-06-19 19:28:06,8.917,ruuka,22.222,3.971,1,10,0,5.091,5,28.571,18.966,25,2,2,22,99,1,5,0,72
2026-06-19 21:13:50,8.589,ruuka,28.723,7.015,1,12,1,4.037,12,25.926,17.949,46.429,4,5,27,94,3,2,0,72
2026-06-25 17:15:02,8.776,ruuka,40.323,7.567,4,31,0,4.76,16,48.276,43.137,31.818,5,8,50,124,2,2,1,72
2026-06-28 00:57:32,8.779,ruuka,28.058,5.004,1,19,1,4.795,11,45,21.667,20.513,3,2,39,139,4,2,0,72
2026-07-03 13:56:00,8.958,ruuka,35.669,6.076,1,35,1,4.964,16,50,36.62,28.333,4,9,56,157,3,2,1,72
2026-07-04 14:18:33,9.042,ruuka,37.097,7.185,1,13,2,4.935,13,40.741,36.667,35.135,4,6,46,124,4,2,0,72
2026-07-05 04:52:45,9.213,ruuka,30.769,4.618,2,21,1,5.292,9,45.455,23.077,31.034,6,0,48,156,4,2,0,72
2026-06-18 07:46:33,16.898,comfv,46.099,12.875,4,25,0,3.985,31,80,37.5,26.667,7,16,65,141,2,4,0,76
2026-06-18 14:24:55,16.683,comfv,47.482,10.7,4,26,1,4.152,26,84.211,38.71,25.641,9,17,66,139,0,4,1,76
2026-06-18 22:34:18,16.277,comfv,49.64,13.429,9,23,0,3.406,38,90,41.27,19.444,13,18,69,139,2,4,0,76
2026-06-19 19:28:06,16.099,comfv,53.535,17.316,5,10,0,3.679,28,80.952,46.552,45,9,15,53,99,1,5,0,76
2026-06-25 00:18:18,15.731,comfv,45.324,13.563,5,15,0,4.111,22,76.667,49.206,19.565,8,16,63,139,3,3,0,76
2026-06-25 14:15:46,15.84,comfv,49.677,14.665,4,25,0,3.987,36,92.5,41.538,26,8,21,77,155,2,4,0,76
2026-06-25 17:15:02,15.743,comfv,47.244,13.002,11,29,0,4.0,27,96.774,39.344,17.143,14,12,60,127,3,2,0,76
2026-06-27 17:17:15,15.642,comfv,52.033,13.553,4,6,0,4.156,29,88.235,42.857,32.5,9,13,64,123,4,2,0,76
2026-06-29 03:00:46,15.734,comfv,48.305,15.19,8,18,0,3.737,33,93.939,33.333,26.471,10,18,57,118,3,3,0,76
2026-06-30 05:07:25,15.765,comfv,53.846,14.587,6,11,1,4.878,31,94,45.57,28.302,10,10,98,182,5,1,0,76
2026-04-20 22:24:29,9.512,neptune,28.788,6.578,5,28,0,4.132,16,36,25.424,29.167,9,4,38,132,1,4,0,77
2026-05-09 21:18:01,9.186,neptune,26.891,6.765,1,24,0,4.531,11,39.13,26.866,17.241,3,8,32,119,2,4,0,77
2026-05-17 07:27:17,8.977,neptune,31.667,5.46,3,37,1,4.184,14,43.478,26.786,31.707,7,3,38,120,3,2,0,77
2026-05-20 22:26:33,9.09,neptune,30.38,6.119,2,33,0,3.833,25,29.73,33.333,25.581,5,11,48,158,6,0,0,77
2026-05-24 19:25:18,9.706,neptune,32.143,6.678,2,30,3,4.833,18,37.931,24.359,39.344,3,11,54,168,1,4,1,77
2026-06-13 04:37:13,9.399,neptune,35.484,7.643,0,18,0,4.841,13,35.484,33.333,38.462,2,3,44,124,1,4,0,77
2026-06-16 00:10:57,9.094,neptune,27.2,4.899,2,43,0,4.353,14,31.25,24,27.907,8,4,34,125,2,3,0,77
2026-06-18 14:24:55,8.986,neptune,31.538,6.005,4,28,0,4.585,13,37.931,25,37.838,6,3,41,130,3,2,0,77
2026-06-19 05:24:35,9.084,neptune,35.115,7.125,6,19,1,3.804,22,33.333,30.508,41.667,9,10,46,131,4,2,0,77
2026-06-22 00:04:06,9.281,neptune,27.184,6.632,2,7,1,4.536,8,30.435,18.868,40.741,6,1,28,103,2,3,0,77
2026-05-17 07:27:17,11.573,doomchicken,38.889,8.088,5,24,0,3.829,17,40.909,38.462,37.931,9,4,35,90,3,2,0,78
2026-05-25 07:30:37,11.664,doomchicken,29.412,8.074,3,25,1,3.943,15,36.364,26.531,27.027,4,10,35,119,5,1,0,78
2026-05-27 04:53:54,12.046,doomchicken,30.827,6.232,0,13,0,4.805,12,30.435,32.857,27.5,2,7,41,133,2,4,0,78
2026-06-03 06:38:37,11.852,doomchicken,36.364,8.268,4,25,2,4.519,17,31.25,34.848,42.222,9,7,52,143,3,3,0,78
2026-06-06 04:57:28,11.859,doomchicken,41.135,11.016,2,11,0,4.534,19,45,32.258,51.282,10,4,58,141,5,0,1,78
2026-06-07 08:09:22,12.316,doomchicken,33.149,6.3,0,23,1,5.217,11,32.5,29.545,39.623,0,9,60,181,3,2,1,78
2026-06-11 04:24:29,12.423,doomchicken,34.314,8.492,2,11,0,4.2,13,41.667,31.111,33.333,5,5,35,102,4,1,0,78
2026-06-13 04:37:13,12.691,doomchicken,34.899,6.342,0,19,0,5.404,11,45.714,27.119,36.364,4,6,52,149,1,4,0,78
2026-06-14 06:19:48,12.401,doomchicken,35.537,9.633,5,18,0,4.326,17,43.333,36.735,28.571,9,8,43,121,3,3,0,78
2026-06-20 23:27:03,12.397,doomchicken,30.882,6.024,1,14,1,4.833,6,31.579,31.746,28.571,1,3,42,136,1,5,0,78
2026-06-19 21:13:50,10.953,JuliAless64,37.5,8.399,1,8,0,4.333,13,29.167,41.463,38.71,4,2,36,96,4,1,0,79
2026-06-20 18:11:36,11.218,JuliAless64,40.141,8.897,6,22,0,4.825,15,53.571,39.062,34,10,4,57,142,4,1,1,79
2026-06-21 22:16:46,11.475,JuliAless64,37.719,7.417,1,17,0,4.698,9,43.333,32.075,41.935,6,1,43,114,3,2,0,79
2026-06-22 00:04:06,11.545,JuliAless64,37.778,6.322,1,19,0,5.373,11,42.857,37.143,35.135,4,2,51,135,2,2,1,79
2026-06-22 22:49:49,11.541,JuliAless64,42.609,9.509,4,13,0,4.429,19,50,40.816,37.5,6,11,49,115,3,2,0,79
2026-06-25 00:18:18,11.628,JuliAless64,39.85,6.457,1,13,1,5.302,9,66.667,33.898,26.829,4,2,53,133,1,4,1,79
2026-06-25 14:15:46,11.442,JuliAless64,39.355,9.5,3,25,1,4.443,21,45,30.769,46,8,6,61,155,2,4,0,79
2026-06-25 17:15:02,11.357,JuliAless64,37.008,6.867,3,29,0,4.745,14,54.839,32.787,28.571,6,7,47,127,3,2,0,79
2026-07-02 18:34:06,11.266,JuliAless64,36.486,8.806,3,23,2,4.333,15,50,26.316,45.238,5,6,54,148,2,4,0,79
2026-07-03 17:57:14,11.086,JuliAless64,36.667,7.817,2,21,0,4.25,18,39.13,41.176,30.435,6,10,44,120,1,5,0,79
2026-06-04 07:25:31,10.253,moosepi,35.172,6.106,7,42,0,4.333,18,40,35.294,30.952,10,9,51,145,3,3,0,80
2026-06-07 08:09:22,10.253,moosepi,33.149,6.414,1,23,0,5.217,15,37.5,31.818,32.075,4,8,60,181,3,2,1,80
2026-06-10 09:01:42,10.359,moosepi,37.121,7.998,3,24,1,4.694,15,47.059,38.462,28.261,7,5,49,132,5,1,0,80
2026-06-13 04:37:13,10.726,moosepi,38.636,8.175,2,15,1,5.078,10,48.148,37.879,33.333,5,6,51,132,2,3,0,80
2026-06-18 10:54:28,10.628,moosepi,39.474,7.327,2,32,0,4.55,19,41.379,39.744,37.778,4,8,60,152,1,4,1,80
2026-06-20 18:11:36,10.358,moosepi,33.75,7.144,4,32,0,4.907,15,35.484,36.62,29.31,9,5,54,160,2,3,1,80
2026-06-20 23:27:03,10.261,moosepi,39.516,8.33,2,7,0,4.837,10,58.621,38.182,27.5,5,2,49,124,4,2,0,80
2026-06-22 22:49:49,10.436,moosepi,34.884,9.196,4,16,0,3.844,21,38.235,34.483,32.432,7,6,45,129,0,5,0,80
2026-07-04 04:26:07,9.972,moosepi,46.324,6.799,1,17,0,4.968,17,55.814,44.643,37.838,3,8,63,136,6,0,0,80
2026-07-05 04:52:45,10.518,moosepi,39.103,6.222,0,21,0,5.016,16,48.485,33.846,39.655,3,2,61,156,4,2,0,80
2026-02-02 09:29:42,9.486,Pile,29.452,6.118,5,32,0,3.93,21,52.632,22.581,19.565,7,9,43,146,6,0,0,81
2026-03-07 00:48:43,10.154,Pile,38.194,8.176,3,23,0,4.491,17,65,26.761,30.303,4,9,55,144,3,3,0,81
2026-04-21 10:13:47,10.131,Pile,40.336,7.732,3,17,1,4.938,12,65.714,41.176,12.121,5,4,48,119,3,2,0,81
2026-05-20 08:34:07,10.242,Pile,30.147,6.395,1,23,0,4.39,16,48.571,28.358,14.706,6,5,41,136,2,4,0,81
2026-03-04 14:45:10,9.874,ShiinaMahiru,31.977,5.49,3,43,0,4.891,13,42.5,27.273,30.909,4,7,55,172,3,2,1,82
2026-03-06 05:51:01,9.965,ShiinaMahiru,36.306,6.816,2,21,0,5.035,13,45.714,31.169,37.778,5,6,57,157,3,3,0,82
2026-04-20 05:13:11,9.933,ShiinaMahiru,39.216,8.06,0,12,0,4.583,15,43.59,33.803,44.186,7,8,60,153,4,1,1,82
2026-05-03 13:50:06,10.254,ShiinaMahiru,26.984,6.082,2,24,0,4.206,15,36.364,23.81,23.333,8,2,34,126,4,1,0,82
2026-05-31 11:11:49,13.527,Milar,47.826,12.212,8,22,0,3.848,35,66.667,48.529,29.73,16,12,66,138,3,2,1,83
2026-06-01 13:46:50,13.601,Milar,51.639,12.887,6,17,1,3.857,30,72.727,46,41.026,10,13,63,122,2,3,1,83
2026-06-02 14:21:12,13.508,Milar,45.926,11.234,3,14,0,4.694,21,59.459,43.86,36.585,4,9,62,135,3,3,0,83
2026-06-05 17:50:16,13.483,Milar,41.27,8.127,3,28,0,4.288,22,67.742,31.667,34.286,5,11,52,126,1,4,0,83
2026-06-06 14:12:19,12.959,Milar,39.062,9.381,3,20,0,4.14,19,70,21.569,29.73,5,7,50,128,2,4,0,83
2026-06-06 22:27:02,12.777,Milar,40.164,10.358,5,25,0,4.041,24,80.645,23.729,31.25,10,10,49,122,3,3,0,83
2026-06-09 23:10:50,12.777,Milar,47.445,10.639,12,31,0,3.354,41,84.375,40,28.571,19,16,65,137,2,4,0,83
2026-06-11 14:01:41,12.581,Milar,42.857,12.45,7,10,0,3.667,23,62.5,38.298,33.333,11,9,42,98,2,3,0,83
2026-06-12 18:27:27,12.495,Milar,46.364,8.927,2,19,1,5.039,12,65.217,36.538,48.571,6,3,51,110,4,0,0,83
2026-07-03 17:57:14,13.039,Milar,39.623,10.541,6,17,0,3.762,20,69.565,36.585,26.19,11,9,42,106,4,2,0,83
2026-06-12 18:27:27,12.668,Alkios,45.522,10.61,1,13,0,4.656,22,76.923,37.681,38.462,4,12,61,134,4,2,0,84
2026-06-17 23:35:10,13.197,Alkios,30.973,7.361,5,19,1,4.343,12,70,23.077,21.951,6,4,35,113,1,4,0,84
2026-06-18 07:29:56,12.839,Alkios,41.29,10.417,3,16,0,4.562,20,72.093,28.169,31.707,7,8,64,155,5,1,0,84
2026-06-22 21:35:21,12.922,Alkios,35.22,9.441,9,39,0,4.232,24,60.526,31.429,21.569,11,9,56,159,4,2,0,84
2026-06-25 00:18:18,13.112,Alkios,45.238,11.651,5,16,0,4.513,24,76.316,39.744,30.769,8,11,76,168,2,3,1,84
2026-06-25 14:15:46,13.018,Alkios,36.09,10.109,4,24,0,4.062,19,70.37,29.31,25,6,8,48,133,5,1,0,84
2026-06-27 17:17:15,13.356,Alkios,43.902,9.32,1,6,1,4.5,20,58.824,42.857,32.5,7,7,54,123,4,2,0,84
2026-07-01 23:43:02,13.437,Alkios,41.25,9.125,9,48,0,3.545,37,62.791,36.25,27.027,13,19,66,160,3,3,0,84
2026-07-03 17:57:14,13.353,Alkios,41.463,11.541,8,23,0,3.686,28,74.074,38.333,22.222,13,9,51,123,3,3,0,84
2026-07-05 14:02:38,13.341,Alkios,44.366,13.972,12,25,1,3.778,32,74.194,37.143,34.146,16,14,63,142,3,3,0,84
2026-01-24 06:26:17,8.89,Animerod,19.318,2.936,0,20,0,4.765,4,16.667,20.455,19.231,0,2,17,88,1,3,0,85
2026-05-23 06:57:28,8.647,Animerod,26.174,5.605,4,25,2,4.718,12,37.838,19.672,25.49,6,1,39,149,2,3,0,85
2026-06-04 23:57:00,8.523,Animerod,17.692,3.67,2,30,1,4.348,8,25,18.333,10.526,3,5,23,130,3,3,0,85
2026-06-13 07:12:37,8.51,Animerod,29.333,4.264,0,13,4,5.455,5,32.653,30.769,22.222,1,1,44,150,3,2,0,85
2026-04-17 17:36:21,3.5,Aryssiel,13.592,1.798,0,15,0,5.357,3,25,2.174,21.622,1,1,14,103,2,3,0,86
2026-06-10 18:04:55,3.374,Aryssiel,19.643,3.646,1,10,1,5.136,5,20,18.333,22.222,4,2,22,112,2,3,0,86
2026-06-11 18:19:17,3.279,Aryssiel,17.308,1.656,0,20,0,5.667,2,25,10.417,21.875,1,1,18,104,3,2,0,86
2026-04-03 13:50:59,9.661,Beokros,28.676,6.531,3,38,1,4.385,17,41.667,27.778,19.565,6,7,39,136,4,2,0,87
2026-04-17 14:03:23,9.857,Beokros,36.8,6.847,5,32,0,4.022,18,45.714,28,40,7,10,46,125,3,1,1,87
2026-05-02 23:23:31,10.064,Beokros,29.839,7.042,5,38,0,4.027,18,48,30.645,16.216,8,6,37,124,1,2,2,87
2026-05-06 23:26:01,9.974,Beokros,22.156,2.612,1,56,1,5.135,8,28.205,19.178,21.818,5,1,37,167,2,4,0,87
2026-05-11 10:54:27,9.785,Beokros,34.848,7.159,4,31,1,4.152,20,54.286,22.222,34.884,8,8,46,132,5,0,1,87
2026-05-15 17:46:44,10.245,Beokros,28.467,4.999,1,27,2,4.795,16,51.613,22.857,19.444,3,6,39,137,5,0,0,87
2026-05-18 11:01:47,11.204,Beokros,22.535,5.082,2,31,0,3.875,16,28.571,22.951,18.868,6,4,32,142,2,3,1,87
2026-05-28 16:09:41,11.123,Beokros,23.179,5.449,4,42,0,4.257,12,23.077,22.222,24.528,5,6,35,151,3,3,0,87
2026-06-18 07:29:56,11.125,Beokros,30.46,4.701,1,16,0,5.528,7,25,27.273,39.623,3,2,53,174,2,4,0,87
2026-06-30 14:01:09,10.934,Beokros,21.849,4.937,2,23,0,4.038,11,27.778,21.154,16.129,4,4,26,119,2,4,0,87
2026-04-16 18:35:33,9.104,Emdiel,31.288,6.397,3,21,1,4.686,15,41.071,25.373,27.5,4,6,51,163,2,2,2,88
2026-04-19 14:28:30,9.115,Emdiel,32.903,7.692,5,33,1,4.51,20,45.714,23.611,37.5,10,7,51,155,4,2,0,88
2026-04-20 13:47:22,9.321,Emdiel,26.974,6.203,5,30,0,4.341,15,38.095,22.034,23.529,9,4,41,152,5,1,0,88
2026-04-23 10:37:04,9.726,Emdiel,27.027,6.196,1,24,0,4.4,12,36.667,24.39,22.5,3,6,30,111,1,5,0,88
2026-04-28 14:08:03,9.31,Emdiel,29.091,7.081,2,21,0,4.125,15,44,22.917,27.027,7,5,32,110,2,3,0,88
2026-05-16 13:47:04,9.212,Emdiel,25.253,8.155,4,13,0,3.92,12,25,31.25,8.696,5,1,25,99,3,3,0,88
2026-05-30 21:04:03,9.208,Emdiel,31.579,7.593,1,12,1,4.111,17,41.379,23.636,36.667,4,9,36,114,2,4,0,88
2026-06-03 18:55:58,9.012,Emdiel,30.597,7.216,4,24,0,4.488,17,29.63,28.788,34.146,8,5,41,134,2,4,0,88
2026-06-21 22:16:46,8.825,Emdiel,31.967,6.063,0,16,1,4.718,8,45.833,18.644,43.59,4,4,39,122,3,2,0,88
2026-06-23 23:11:54,8.929,Emdiel,27.941,4.931,1,28,0,4.474,15,39.474,21.127,29.63,2,8,38,136,1,5,0,88
2026-02-17 21:05:31,7.723,Keizan,18.11,3.634,2,27,3,4.826,7,34.375,11.538,13.953,4,4,23,127,2,3,0,90
2026-02-19 20:56:12,7.608,Keizan,25.217,5.115,5,28,0,4.517,10,54.167,18.519,16.216,5,2,29,115,4,2,0,90
2026-02-22 17:23:05,7.826,Keizan,23.563,6.86,7,24,3,4.122,20,42.424,23.81,12.281,10,10,41,174,5,1,0,90
2026-02-24 21:10:41,8.282,Keizan,26.897,6.077,9,29,0,4.154,16,40.541,25.333,15.152,10,4,39,145,4,2,0,90
2026-03-02 19:23:01,8.539,Keizan,22.951,3.576,0,32,1,4.857,7,39.13,19.697,18.182,1,5,28,122,1,5,0,90
2026-03-10 19:04:37,8.113,Keizan,23.214,4.871,1,13,1,4.692,8,33.333,24,14.286,4,2,26,112,2,4,0,90
2026-03-16 19:05:41,7.895,Keizan,28.571,5.308,0,18,0,4.971,11,46.875,25,14.815,4,5,34,119,0,6,0,90
2026-04-20 18:43:30,7.258,Keizan,22.222,2.78,0,29,3,5.433,6,48.387,17.46,9.756,1,3,30,135,3,3,0,90
2026-06-18 14:24:55,7.245,Keizan,22.835,4.385,3,33,3,4.724,8,40.741,17.308,18.75,4,4,29,127,2,3,0,90
2026-07-02 18:34:06,7.127,Keizan,19.595,4.336,1,23,0,4.69,8,53.333,10.526,11.905,4,2,29,148,2,4,0,90
2026-04-25 14:37:20,11.797,Baikinman,34.028,7.951,5,25,0,3.918,22,70,26.027,21.951,6,8,49,144,2,4,0,91
2026-05-01 21:20:47,11.595,Baikinman,43.243,9.474,2,18,0,4.031,28,71.111,18.966,46.667,10,17,64,148,3,3,0,91
2026-05-03 13:50:06,11.579,Baikinman,37.778,9.857,9,31,0,4.039,21,64.706,25,34.146,9,10,51,135,3,2,0,91
2026-05-06 21:00:14,11.683,Baikinman,40.426,9.858,5,24,0,4.561,22,73.333,28.333,35.294,7,13,57,141,1,4,1,91
2026-05-14 21:21:37,11.399,Baikinman,42.857,10.035,4,12,2,5.0,16,76.316,29.091,30,4,8,57,133,2,3,0,91
2026-05-18 21:53:11,11.296,Baikinman,28.244,7.362,6,27,1,3.811,18,51.613,22.642,19.149,8,8,37,131,3,3,0,91
2026-05-20 22:26:33,11.292,Baikinman,42.384,9.978,8,34,0,3.562,30,76.923,29.032,32,13,10,64,151,3,3,0,91
2026-05-22 21:04:09,11.281,Baikinman,45.37,11.048,6,13,0,4.082,20,73.333,26.531,48.276,9,8,49,108,4,1,0,91
2026-05-24 13:57:54,11.579,Baikinman,30.556,5.398,3,23,1,4.697,10,75,25,17.857,5,3,33,108,4,1,0,91
2026-05-30 21:04:03,11.867,Baikinman,41.611,10.516,5,21,2,4.21,27,74.286,21.667,42.593,10,14,62,149,3,3,0,91
2026-04-05 17:46:11,9.995,Kuterin,24.528,5.482,2,15,0,4.885,7,36.842,25,17.949,3,3,26,106,2,3,0,92
2026-04-11 13:56:22,9.871,Kuterin,26.797,6.788,2,17,0,4.634,14,31.818,27.586,21.569,5,5,41,153,3,3,0,92
2026-05-14 14:18:15,9.865,Kuterin,21.97,5.263,3,30,1,4.448,12,47.826,20.29,10,7,0,29,132,2,4,0,92
2026-05-15 17:46:44,9.64,Kuterin,16.071,5.651,3,33,0,3.056,14,18.519,14.286,18.182,12,2,18,112,2,3,0,92
2026-05-25 12:49:49,9.425,Kuterin,34.328,8.894,4,15,0,4.0,20,65.625,20.833,33.333,10,8,46,134,4,2,0,92
2026-05-28 16:09:41,9.628,Kuterin,29.078,7.91,8,42,2,4.073,17,39.394,32.727,18.868,11,3,41,141,3,3,0,92
2026-05-31 11:11:49,9.616,Kuterin,23.741,6.425,5,28,1,3.818,19,39.286,20.896,18.182,7,6,33,139,2,4,0,92
2026-06-01 18:21:54,9.414,Kuterin,28.395,5.734,3,30,2,4.717,16,44.444,20.27,28.846,6,8,46,162,2,3,1,92
2026-06-04 18:25:20,9.303,Kuterin,27.976,6.634,2,40,0,4.255,23,30.952,30.137,22.642,6,15,47,168,2,4,0,92
2026-06-27 17:17:15,9.088,Kuterin,39.37,9.633,6,6,1,4.34,17,36.842,40.426,40.476,7,7,50,127,2,4,0,92
2026-05-12 14:05:09,8.328,chaabdu92,22.628,5.247,6,31,1,3.871,12,37.037,23.881,11.628,7,4,31,137,4,2,0,97
2026-05-13 13:44:45,8.529,chaabdu92,31.148,6.745,3,13,2,4.921,11,48.387,29.091,19.444,4,3,38,122,1,5,0,97
2026-05-14 14:18:15,8.135,chaabdu92,30.263,7.113,2,29,1,4.457,20,48.571,27.143,21.277,8,7,46,152,3,2,1,97
2026-05-17 09:37:26,8.229,chaabdu92,32.231,6.188,1,12,2,4.744,11,51.613,25,26.667,1,6,39,121,3,3,0,97
2026-05-17 21:31:48,8.235,chaabdu92,30.189,5.502,0,13,0,4.375,9,42.857,26.531,27.778,3,6,32,106,1,5,0,97
2026-05-19 14:12:22,7.83,chaabdu92,28.0,5.472,3,34,0,4.619,13,44.118,27.397,16.279,5,4,42,150,1,4,1,97
2026-05-22 14:23:24,7.534,chaabdu92,31.724,6.301,5,31,0,4.87,14,54.286,30.435,14.634,5,6,46,145,2,4,0,97
2026-06-05 08:39:16,7.344,chaabdu92,30.405,5.215,3,33,2,4.822,13,47.368,26.316,20.588,5,4,45,148,2,4,0,97
2026-06-18 14:24:55,7.149,chaabdu92,27.559,3.943,1,33,0,5.057,7,37.037,34.615,14.583,3,3,35,127,2,3,0,97
2026-06-24 20:18:32,7.041,chaabdu92,25.362,4.415,1,30,0,4.657,12,46.154,24.286,14.286,2,3,35,138,3,3,0,97
2026-03-05 20:48:03,9.434,Comete,39.869,7.126,6,36,1,4.607,18,58.621,36.585,33.333,6,10,61,153,5,1,0,98
2026-03-12 22:28:14,9.732,Comete,35.593,8.254,1,22,0,4.19,19,60,24.444,30.233,5,9,42,118,3,3,0,98
2026-03-15 00:14:27,9.723,Comete,50.0,10.568,1,14,1,4.387,23,73.529,38.983,45.161,6,7,62,124,4,1,0,98
2026-03-19 11:00:41,9.723,Comete,40.741,8.229,5,28,0,4.091,22,51.351,40,31.579,9,8,55,135,6,0,0,98
2026-03-23 19:15:16,10.281,Comete,43.137,8.279,1,14,0,4.386,15,62.963,38,32,3,7,44,102,2,3,0,98
2026-03-24 10:46:54,10.182,Comete,38.889,7.556,3,30,0,4.607,20,72.5,23.214,29.167,7,12,56,144,5,1,0,98
2026-03-24 13:55:04,10.551,Comete,40.351,8.691,6,29,0,3.739,26,55.882,34.783,32.353,9,8,46,114,3,3,0,98
2026-03-30 21:39:33,10.544,Comete,41.317,7.116,3,32,1,4.594,26,67.442,36.486,26,8,10,69,167,3,2,1,98
2026-06-06 22:27:02,10.622,Comete,38.028,6.635,3,22,0,4.889,15,58.974,34.921,22.5,11,3,54,142,2,4,0,98
2026-06-28 15:10:06,10.445,Comete,28.926,5.07,1,18,0,4.714,11,53.571,20,23.684,6,2,35,121,4,2,0,98
2026-04-29 13:52:18,10.5,IrinaShidou,29.078,5.858,2,26,1,4.659,12,30.435,31.507,24.444,3,8,41,141,3,3,0,100
2026-05-02 23:23:31,10.04,IrinaShidou,33.333,6.538,5,31,0,4.459,13,54.545,26,30.769,9,3,37,111,2,3,0,100
2026-05-03 13:50:06,9.94,IrinaShidou,29.365,5.585,2,29,0,4.595,13,33.333,31.373,23.81,3,6,37,126,3,2,0,100
2026-05-04 13:50:06,10.047,IrinaShidou,30.612,5.104,2,32,0,5.044,6,46.154,15.385,33.929,5,1,45,147,3,3,0,100
2026-05-04 18:44:00,10.035,IrinaShidou,32.143,5.698,1,20,0,4.528,10,33.333,29.545,34.211,3,5,36,112,0,5,0,100
2026-05-05 14:09:04,10.035,IrinaShidou,35.036,5.386,1,21,0,5.021,8,38.889,29.688,40.541,2,4,48,137,1,3,1,100
2026-05-06 23:26:01,9.344,IrinaShidou,22.222,3.57,4,47,1,4.719,8,21.429,22.059,22.917,4,5,32,144,1,5,0,100
2026-05-07 14:18:37,8.931,IrinaShidou,34.459,6.94,3,31,3,4.471,18,51.111,26.667,27.907,6,9,51,148,5,1,0,100
2026-05-14 21:21:37,8.931,IrinaShidou,36.232,4.665,1,14,0,5.76,3,60,26.154,31.579,2,0,50,138,2,3,0,100
2026-05-15 17:46:44,8.845,IrinaShidou,33.577,6.55,2,27,0,4.587,18,51.613,24.286,36.111,8,6,46,137,5,0,0,100
2026-02-22 07:42:23,8.866,MoltenAshes,29.286,5.737,1,22,1,4.902,12,45.946,22.059,25.714,7,3,41,140,4,2,0,102
2026-04-06 04:10:38,9.099,MoltenAshes,23.881,3.726,1,27,0,5.062,8,36.667,16.364,24.49,5,2,32,134,3,3,0,102
2026-04-25 09:12:57,9.087,MoltenAshes,29.661,5.525,3,15,0,5.0,9,36,23.214,35.135,6,3,35,118,3,3,0,102
2026-05-01 04:08:42,9.083,MoltenAshes,23.077,2.297,1,43,0,5.133,6,37.931,18.033,20,1,3,30,130,1,5,0,102
2026-05-04 06:27:59,8.644,MoltenAshes,25.503,4.894,4,32,0,4.237,15,36.585,16.393,27.66,6,4,38,149,5,1,0,102
2026-05-06 05:45:40,9.088,MoltenAshes,30.189,6.205,1,7,1,4.969,9,40,31.373,16,4,1,32,106,3,3,0,102
2026-05-09 10:11:56,9.107,MoltenAshes,30.263,6.464,3,19,0,5.109,9,44.118,32.468,14.634,5,3,46,152,1,5,0,102
2026-05-17 07:27:17,8.673,MoltenAshes,25.0,4.232,2,46,0,4.324,13,45.161,15.254,23.913,9,2,34,136,2,2,1,102
2026-06-03 06:38:37,8.664,MoltenAshes,30.833,6.074,1,24,0,4.703,12,36.111,31.373,24.242,5,1,37,120,2,4,0,102
2026-07-01 23:43:02,8.467,MoltenAshes,25.175,3.75,1,47,0,4.361,12,40,20.896,16.667,7,3,36,143,4,2,0,102
2026-04-14 18:31:24,13.274,mrwolf2,35.714,9.008,4,18,0,4.25,16,48,30.909,34.375,7,7,40,112,1,5,0,103
2026-04-19 04:54:10,12.873,mrwolf2,32.558,7.196,2,11,4,5.179,13,39.024,30.137,31.034,5,2,56,172,2,4,0,103
2026-04-26 04:32:57,12.685,mrwolf2,41.538,9.845,3,11,1,4.611,17,51.613,40,35.294,5,2,54,130,3,3,0,103
2026-05-08 18:02:51,12.687,mrwolf2,40.984,10.318,5,13,2,4.06,22,43.75,35.714,47.059,11,9,50,122,4,1,0,103
2026-05-27 04:53:54,12.983,mrwolf2,40.268,9.013,1,9,0,4.6,19,54.286,38.889,30.952,8,5,60,149,3,2,1,103
2026-05-28 16:09:41,13.075,mrwolf2,27.152,8.16,4,42,0,3.512,23,26.923,31.944,20.755,6,17,41,151,3,3,0,103
2026-05-30 04:57:21,13.076,mrwolf2,37.5,8.868,4,25,1,4.758,20,47.222,38.554,29.825,7,10,66,176,5,1,0,103
2026-06-13 04:37:13,13.459,mrwolf2,31.544,7.773,4,19,3,5.021,12,37.143,30.508,29.091,7,8,47,149,1,4,0,103
2026-06-22 00:04:06,13.157,mrwolf2,25.0,7.006,0,23,2,4.241,13,29.167,17.308,32.5,2,8,29,116,2,3,0,103
2026-07-04 04:26:07,13.068,mrwolf2,37.778,10.227,4,20,1,3.824,27,46.154,33.962,34.884,5,20,51,135,4,2,0,103
2026-03-20 22:04:30,7.271,joey,27.407,6.261,4,29,1,4.027,22,31.579,22.059,34.483,6,11,37,135,2,4,0,104
2026-03-23 04:20:46,7.087,joey,21.678,2.895,0,16,1,5.387,5,15.789,23.188,25,2,0,31,143,6,0,0,104
2026-03-28 22:07:01,7.643,joey,26.923,5.327,2,27,1,5.0,10,30.769,23.077,28.205,3,5,35,130,1,4,0,104
2026-03-30 04:38:23,7.37,joey,26.95,7.135,3,20,1,4.368,14,26.316,20,39.474,4,4,38,141,1,5,0,104
2026-05-01 04:08:42,6.995,joey,23.846,5.088,9,43,1,3.968,13,34.483,22.951,17.5,9,1,31,130,1,5,0,104
2026-05-06 21:00:14,6.635,joey,26.515,6.153,3,18,1,4.686,13,25.714,23.529,30.435,4,7,35,132,4,2,0,104
2026-05-14 21:21:37,6.838,joey,20.0,3.905,0,17,2,5.069,7,12.121,19.355,26,2,2,29,145,3,2,0,104
2026-05-16 04:37:10,6.922,joey,28.148,4.72,1,22,1,5.053,11,28.571,23.529,35.897,5,3,38,135,1,3,1,104
2026-05-17 21:31:48,6.572,joey,31.008,6.379,5,16,0,4.45,12,35.714,23.81,39.474,7,2,40,129,4,2,0,104
2026-06-04 23:57:00,6.741,joey,29.932,5.096,2,25,3,4.773,14,28.205,32.877,25.714,4,7,44,147,1,5,0,104
2026-01-31 16:22:08,7.766,Zeal_Kido,26.506,5.934,5,45,0,4.159,20,27.027,26.667,25.926,8,10,44,166,3,3,0,105
2026-02-13 00:43:49,7.769,Zeal_Kido,19.355,3.738,1,41,1,4.4,15,28.889,14.062,17.391,3,5,30,155,2,2,2,105
2026-03-07 00:48:43,7.767,Zeal_Kido,25.0,4.859,2,23,1,4.722,12,42.5,14.085,27.273,3,3,36,144,3,3,0,105
2026-05-09 10:03:51,7.744,Zeal_Kido,20.261,2.81,8,59,1,3.613,17,28.205,25,9.259,11,4,31,153,3,3,0,105
2026-05-18 06:06:48,7.708,Zeal_Kido,19.259,3.881,1,18,2,4.846,8,13.793,13.433,33.333,2,1,26,135,3,3,0,105
2026-06-03 04:26:23,7.727,Zeal_Kido,22.414,4.27,0,15,0,4.577,10,40,16.129,20.69,4,4,26,116,4,1,0,105
2026-04-28 05:07:35,10.554,cafezinho,29.286,5.871,0,20,1,4.073,15,40,27.536,26.087,4,6,41,140,3,3,0,106
2026-05-01 04:08:42,10.547,cafezinho,36.207,8.545,10,31,0,3.476,21,42.857,34.545,35,14,6,42,116,5,1,0,106
2026-05-01 21:20:47,10.891,cafezinho,41.135,9.723,4,23,0,3.879,29,47.5,35.593,42.857,8,14,58,141,3,3,0,106
2026-05-06 21:00:14,10.889,cafezinho,37.857,8.55,2,20,0,4.415,19,42.105,38.333,33.333,5,8,53,140,4,1,1,106
2026-05-17 07:27:17,11.156,cafezinho,41.667,9.017,9,37,0,3.8,23,60.87,37.5,36.585,14,7,50,120,3,2,0,106
2026-05-17 21:31:48,11.254,cafezinho,40.566,9.627,3,13,0,3.884,18,52.381,30.612,47.222,4,9,43,106,1,5,0,106
2026-05-24 19:25:18,10.882,cafezinho,33.577,7.203,3,16,0,4.609,15,40.741,32.258,31.25,7,1,46,137,3,3,0,106
2026-05-27 04:53:54,10.86,cafezinho,32.836,5.959,2,14,1,5.159,10,50,29.851,29.787,2,2,44,134,2,4,0,106
2026-06-10 21:20:02,10.689,cafezinho,39.024,8.234,5,24,0,4.562,16,39.286,33.333,47.368,6,9,48,123,3,2,0,106
2026-06-25 00:18:18,10.788,cafezinho,35.252,9.525,3,15,1,4.388,16,36.667,34.921,34.783,7,7,49,139,3,3,0,106
2026-01-17 10:39:09,3.0,Cindergoat,10.563,1.004,1,55,0,4.267,7,15.152,7.937,10.87,3,4,15,142,1,5,0,107
2026-01-20 11:16:49,2.522,Cindergoat,15.267,3.175,2,33,0,3.85,9,23.333,14.754,10,3,3,20,131,5,1,0,107
2026-01-24 06:26:17,2.98,Cindergoat,10.667,1.0,0,25,4,5.812,2,11.111,9.722,11.765,1,1,16,150,2,3,1,107
2026-06-19 21:13:50,7.248,Edwardd,21.359,6.141,3,14,1,3.864,9,59.091,12.5,9.091,3,3,22,103,2,3,0,108
2026-06-20 23:27:03,6.794,Edwardd,19.853,4.369,1,14,3,4.815,6,28.947,19.048,11.429,2,2,27,136,1,5,0,108
2026-06-23 23:11:54,6.358,Edwardd,19.118,4.278,3,28,2,4.231,10,34.211,11.268,18.519,3,5,26,136,1,5,0,108
2026-06-24 20:18:32,5.923,Edwardd,20.29,5.143,5,30,0,4.321,12,46.154,15.714,11.905,7,3,28,138,3,3,0,108
2026-06-25 00:18:18,5.935,Edwardd,19.048,2.724,0,16,0,5.75,5,36.842,17.949,7.692,3,1,32,168,2,3,1,108
2026-06-27 17:17:15,5.822,Edwardd,25.862,4.444,0,9,3,4.8,7,45.161,23.81,13.953,2,2,30,116,4,2,0,108
2026-06-28 15:10:06,6.025,Edwardd,21.488,4.925,2,18,0,4.423,9,39.286,14.545,18.421,4,5,26,121,4,2,0,108
2026-06-30 14:01:09,6.224,Edwardd,23.276,6.545,2,16,0,3.481,17,25.806,25.49,17.647,6,7,27,116,4,2,0,108
2026-07-01 14:17:09,6.43,Edwardd,20.27,6.289,4,18,0,3.533,9,29.412,14.286,20.69,6,3,15,74,2,4,0,108
2026-07-01 14:36:06,6.43,Edwardd,19.259,4.983,5,25,0,3.885,13,29.73,12.727,18.605,7,5,26,135,2,4,0,108
2026-02-17 09:16:51,7.306,Legitted,29.143,4.626,2,44,0,5.196,9,46.154,28.049,18.519,4,3,51,175,3,3,0,112
2026-02-19 20:56:12,7.336,Legitted,31.304,6.648,2,28,0,4.139,17,45.833,31.481,21.622,4,8,36,115,4,2,0,112
2026-02-21 05:13:59,7.52,Legitted,37.903,7.104,0,7,1,4.83,13,51.515,38.983,21.875,5,3,47,124,4,2,0,112
2026-02-28 11:06:18,7.722,Legitted,33.333,5.365,2,30,1,5.304,9,37.209,36.709,23.913,4,7,56,168,3,2,1,112
2026-03-05 09:50:08,7.808,Legitted,29.268,5.112,2,28,0,4.5,9,34.483,36.364,15.385,4,4,36,123,3,3,0,112
2026-03-12 22:28:14,7.815,Legitted,31.013,7.661,4,34,2,4.224,19,29.032,40.964,13.636,8,7,49,158,2,4,0,112
2026-03-30 21:39:33,7.626,Legitted,44.311,7.304,6,32,1,4.703,22,51.163,41.892,42,9,14,74,167,3,2,1,112
2026-04-25 06:26:43,7.705,Legitted,34.32,4.609,1,21,1,5.81,7,43.902,32.468,29.412,1,5,58,169,1,4,1,112
2026-06-19 05:24:35,7.718,Legitted,29.808,6.885,5,24,0,3.581,16,45,24.444,28.205,11,2,31,104,4,2,0,112
2026-07-05 09:14:33,7.904,Legitted,31.496,3.984,0,24,0,5.15,6,40,41.071,12.195,1,1,40,127,3,3,0,112
2026-05-06 23:26:01,7.65,Maki04,27.083,4.438,2,47,1,4.462,14,42.857,19.118,29.167,4,6,39,144,1,5,0,113
2026-05-12 18:15:50,7.247,Maki04,30.631,5.67,4,21,0,4.735,7,40.741,23.077,34.375,4,3,34,111,4,1,0,113
2026-05-30 04:57:21,7.547,Maki04,30.882,4.578,0,8,2,5.405,6,46.429,27.143,26.316,4,1,42,136,3,3,0,113
2026-06-03 04:26:23,7.546,Maki04,27.778,3.657,0,13,5,5.167,7,22.727,37.255,17.143,0,1,30,108,3,2,0,113
2026-06-04 18:25:20,7.635,Maki04,36.242,6.235,2,24,0,4.926,18,46.809,33.846,27.027,5,3,54,149,4,2,0,113
2026-06-06 04:57:28,7.813,Maki04,29.851,4.666,1,12,1,5.8,9,38.235,24.561,30.233,2,2,40,134,0,6,0,113
2026-06-10 21:20:02,7.239,Maki04,23.81,3.847,1,27,0,4.833,10,42.424,18.519,15.385,3,5,30,126,4,1,0,113
2026-06-13 04:37:13,7.528,Maki04,40.0,8.531,2,7,2,5.058,15,54.839,40,29.545,5,7,52,130,2,3,0,113
2026-06-16 00:10:57,7.425,Maki04,28.082,3.879,3,54,0,4.78,9,48.214,15.686,15.385,4,7,41,146,1,4,0,113
2026-07-05 09:14:33,7.246,Maki04,30.345,4.697,1,9,0,5.023,11,53.125,28.947,13.514,5,1,44,145,3,3,0,113
2026-05-26 18:30:52,7.218,Mayottatoki,36.076,6.473,1,18,1,4.807,13,45,35.821,29.412,4,4,57,158,5,0,1,114
2026-06-01 13:46:50,7.662,Mayottatoki,30.172,5.462,1,17,0,4.514,14,44,23.214,31.429,4,4,35,116,2,4,0,114
2026-06-01 18:21:54,7.48,Mayottatoki,30.201,5.652,1,23,0,4.556,15,33.333,31.944,25,2,6,45,149,2,4,0,114
2026-06-03 04:26:23,7.313,Mayottatoki,34.259,5.716,3,13,0,5.108,11,40.909,31.373,34.286,3,1,37,108,3,2,0,114
2026-06-03 18:55:58,7.397,Mayottatoki,28.358,4.307,0,24,1,5.053,10,25.926,25.758,34.146,2,7,38,134,2,4,0,114
2026-06-05 17:50:16,7.228,Mayottatoki,36.0,5.69,2,21,0,4.833,11,47.826,36.585,27.778,6,2,36,100,1,4,0,114
2026-06-07 18:18:38,6.694,Mayottatoki,36.17,7.799,4,25,0,4.745,17,37.143,29.231,46.341,6,6,51,141,5,0,1,114
2026-06-11 14:01:41,7.163,Mayottatoki,31.858,5.251,1,16,3,4.806,9,32.143,37.255,23.529,4,5,36,113,2,3,0,114
2026-06-24 20:18:32,7.07,Mayottatoki,38.739,7.191,4,15,0,4.791,14,45.833,26.829,45.652,9,2,43,111,5,1,0,114
2026-06-29 18:09:56,7.416,Mayottatoki,32.71,6.078,1,11,0,4.457,10,45,29.508,30.769,4,2,35,107,4,2,0,114
2026-06-19 22:59:11,7.937,Saiki,25.253,5.963,1,9,3,4.24,9,50,22,16.129,4,1,25,99,2,3,0,115
2026-06-23 23:11:54,7.852,Saiki,32.8,8.24,6,26,1,4.024,19,48.936,17.647,33.333,9,7,41,125,4,2,0,115
2026-06-25 00:18:18,8.026,Saiki,26.786,5.313,1,16,0,5.089,10,47.368,20.513,21.154,3,6,45,168,2,3,1,115
2026-06-27 17:17:15,7.932,Saiki,25.197,4.848,2,6,1,4.812,7,28.947,19.149,28.571,3,2,32,127,2,4,0,115
2026-07-01 14:17:09,7.672,Saiki,25.373,6.639,4,11,1,3.882,7,18.75,25,31.579,7,0,17,67,3,3,0,115
2026-07-01 14:36:06,7.672,Saiki,27.5,7.112,6,20,1,3.727,16,29.032,22.222,34.286,11,2,33,120,3,3,0,115
2026-07-01 23:43:02,7.672,Saiki,29.921,6.659,5,26,1,3.605,23,35.897,29.31,23.333,10,7,38,127,4,2,0,115
2026-07-02 13:52:04,7.841,Saiki,22.047,4.093,2,32,3,4.821,10,32.353,22.642,12.5,5,1,28,127,4,1,0,115
2026-07-02 18:34:06,7.841,Saiki,22.297,5.806,2,23,1,4.394,11,33.333,13.158,30.952,7,2,33,148,2,4,0,115
2026-07-05 14:02:38,7.924,Saiki,24.409,4.577,1,15,2,4.71,12,42.857,14.035,26.19,2,2,31,127,2,4,0,115
2026-05-26 18:30:52,6.467,Fumiii,24.615,4.226,1,11,2,4.875,8,28,24.615,22.5,4,0,32,130,2,4,0,119
2026-06-03 18:55:58,6.284,Fumiii,30.986,3.942,0,28,1,5.409,9,26.667,33.333,29.73,7,2,44,142,3,2,1,119
2026-06-04 23:57:00,6.371,Fumiii,25.385,5.134,4,30,0,4.364,10,15.625,26.667,31.579,6,5,33,130,3,3,0,119
2026-06-05 17:50:16,6.36,Fumiii,33.607,6.221,4,23,1,4.439,13,40.625,29.412,33.333,7,3,41,122,1,4,0,119
2026-06-07 04:19:09,5.835,Fumiii,36.364,5.03,2,11,0,5.432,7,46.429,36.364,28.947,2,3,44,121,2,3,0,119
2026-06-09 18:18:54,5.66,Fumiii,24.675,4.455,0,12,1,4.737,7,22.727,22.857,30,2,0,19,77,4,0,0,119
2026-06-09 23:10:50,5.835,Fumiii,18.519,1.623,1,20,0,5.45,2,17.857,22,13.333,2,0,20,108,2,4,0,119
2026-06-11 18:19:17,5.82,Fumiii,33.824,5.56,3,24,0,4.848,13,35.484,23.611,54.545,7,6,46,136,4,1,0,119
2026-06-16 00:10:57,6.106,Fumiii,27.2,4.746,2,43,0,4.382,12,28.125,24,30.233,6,6,34,125,2,3,0,119
2026-07-03 21:32:13,6.009,Fumiii,31.176,4.818,2,21,0,5.019,12,32.432,25,43.902,4,3,53,170,3,2,1,119
2026-06-03 18:55:58,10.572,HiHi,35.526,7.749,4,29,1,4.481,21,45.161,31.25,36.585,6,6,54,152,3,2,1,120
2026-06-04 18:25:20,10.651,HiHi,23.81,5.536,5,40,0,4.475,16,23.81,20.548,28.302,7,6,40,168,2,4,0,120
2026-06-11 14:01:41,10.456,HiHi,31.915,5.026,1,16,0,4.833,5,35,37.5,23.529,1,2,30,94,1,4,0,120
2026-06-13 04:37:13,10.167,HiHi,33.333,5.975,0,15,1,5.25,10,44.444,28.788,33.333,1,7,44,132,2,3,0,120
2026-06-13 18:45:41,10.066,HiHi,28.571,5.194,0,32,0,4.5,17,47.059,23.256,25.455,2,14,50,175,2,2,2,120
2026-06-29 18:09:56,10.179,HiHi,36.691,6.658,3,26,0,4.922,15,59.259,34.286,26.19,5,9,51,139,1,5,0,120
2026-07-02 13:52:04,9.816,HiHi,37.607,9.271,7,25,2,4.136,18,42.857,42.105,25,10,7,44,117,3,2,0,120
2026-07-02 18:34:06,9.816,HiHi,36.364,7.169,3,28,0,4.875,14,41.304,36.145,33.333,6,6,72,198,3,2,1,120
2026-07-03 13:56:00,10.015,HiHi,34.395,7.461,6,35,0,4.778,19,46.154,30.986,33.333,9,4,54,157,3,2,1,120
2026-07-04 14:18:33,10.102,HiHi,37.903,6.751,3,13,0,5.191,9,44.444,38.333,32.432,6,2,47,124,4,2,0,120
2026-04-14 18:31:24,7.747,Janoxx,22.321,3.32,0,18,1,5.0,4,48,14.545,15.625,1,2,25,112,1,5,0,121
2026-04-16 00:39:38,7.334,Janoxx,16.807,2.235,1,27,0,5.5,4,34.375,10,11.111,3,0,20,119,2,3,0,121
2026-04-16 18:35:33,7.241,Janoxx,22.222,4.664,2,17,0,4.735,10,35.185,16.667,11.111,5,3,34,153,2,3,1,121
2026-04-17 14:03:23,7.139,Janoxx,22.727,3.812,2,35,1,4.32,9,66.667,12.727,6.452,4,3,25,110,3,1,1,121
2026-04-25 14:37:20,7.341,Janoxx,23.926,5.413,6,33,1,4.282,14,36.111,20.988,19.565,11,2,39,163,4,2,0,121
2026-04-27 18:57:55,7.525,Janoxx,18.919,3.647,0,30,2,4.75,10,26.667,17.949,15,3,5,28,148,4,2,0,121
2026-05-01 21:20:47,7.724,Janoxx,24.183,5.076,1,30,0,4.027,15,25.581,23.333,24,7,5,37,153,3,2,1,121
2026-05-02 23:23:31,7.812,Janoxx,22.131,5.315,4,32,0,3.889,14,30.769,20.968,17.647,4,7,27,122,1,3,1,121
2026-05-06 18:46:33,7.606,Janoxx,16.216,2.496,1,36,1,4.833,5,28.205,10.811,14.286,2,2,24,148,1,5,0,121
2026-05-15 17:46:44,7.224,Janoxx,22.936,4.568,1,20,0,4.36,13,47.826,14.583,18.421,2,5,25,109,2,3,0,121
2026-05-22 21:04:09,5.606,Konsumenci,28.205,4.969,2,21,1,4.848,9,48.148,16.667,28.571,4,3,33,117,2,3,0,123
2026-05-24 19:25:18,5.494,Konsumenci,27.007,5.186,0,16,1,4.703,14,55.556,17.742,22.917,4,3,37,137,3,3,0,123
2026-05-30 21:04:03,5.469,Konsumenci,21.094,4.605,1,14,2,4.481,11,38.235,13.793,16.667,2,4,27,128,4,2,0,123
2026-06-01 13:46:50,5.665,Konsumenci,29.008,5.695,4,17,2,4.579,12,47.5,15.094,28.947,6,4,38,131,2,3,1,123
2026-06-03 14:14:56,5.574,Konsumenci,18.421,2.918,1,24,1,4.762,6,44.828,9.091,9.756,3,4,21,114,2,3,1,123
2026-06-05 17:50:16,5.482,Konsumenci,23.485,5.722,5,27,2,3.806,15,43.478,22.951,14.583,6,5,31,132,4,1,0,123
2026-06-09 13:58:23,6.096,Konsumenci,22.078,4.857,3,30,3,4.235,13,47.222,11.475,17.544,4,4,34,154,2,4,0,123
2026-06-10 18:04:55,5.886,Konsumenci,24.779,4.651,1,10,0,4.714,5,43.478,24.49,14.634,3,2,28,113,3,2,0,123
2026-06-17 23:35:10,5.983,Konsumenci,22.523,3.785,1,19,1,4.8,5,52.381,17.241,12.5,4,0,25,111,2,3,0,123
2026-06-23 23:11:54,5.876,Konsumenci,23.81,3.676,0,17,0,4.767,9,43.59,8.621,27.586,3,5,30,126,2,4,0,123
2026-06-07 04:19:09,12.944,LelPop,42.5,8.728,4,16,0,4.745,18,41.379,48.98,35.714,6,5,51,120,3,2,0,124
2026-06-10 21:20:02,13.136,LelPop,46.341,9.296,5,24,0,4.526,19,60.714,43.86,39.474,6,12,57,123,3,2,0,124
2026-06-13 04:37:13,13.238,LelPop,50.0,11.613,2,6,0,4.768,19,46.875,55.882,42.105,9,3,69,138,3,2,0,124
2026-06-15 06:22:37,13.338,LelPop,47.287,11.098,16,32,0,2.787,43,50,54.545,33.333,19,21,61,129,3,3,0,124
2026-06-16 00:10:57,13.326,LelPop,38.211,9.388,9,39,0,3.511,26,54.545,41.463,24.49,12,12,47,123,2,3,0,124
2026-06-19 21:13:50,13.239,LelPop,40.426,10.991,1,12,0,3.816,18,48.148,43.59,28.571,5,9,38,94,3,2,0,124
2026-06-22 00:04:06,13.336,LelPop,41.985,10.616,7,19,2,4.727,16,48.571,43.636,34.146,9,7,55,131,2,3,0,124
2026-06-29 03:00:46,13.245,LelPop,49.275,11.471,4,13,0,4.235,24,51.22,45,54.054,11,3,68,138,2,4,0,124
2026-06-30 05:07:25,13.029,LelPop,40.437,7.827,2,12,3,5.324,13,50,42.045,32.203,5,3,74,183,2,3,1,124
2026-07-04 04:26:07,12.927,LelPop,45.588,10.53,8,17,0,4.355,26,41.86,55.357,35.135,9,14,62,136,6,0,0,124
2026-05-17 07:27:17,9.0,paperyoshi10,27.941,6.294,6,46,0,3.763,20,67.742,16.949,15.217,9,9,38,136,2,2,1,125
2026-06-25 14:15:46,10.678,apurplenose,31.293,5.561,1,26,1,5.0,9,17.143,34.247,38.462,2,6,46,147,1,5,0,128
2026-06-25 17:15:02,10.592,apurplenose,29.787,4.392,1,21,0,5.071,5,50,22.727,15,3,3,28,94,3,2,0,128
2026-06-29 18:09:56,10.34,apurplenose,32.258,7.14,2,23,0,4.3,13,44,28.07,30.952,6,8,40,124,4,2,0,128
2026-07-01 14:17:09,10.529,apurplenose,26.667,4.339,1,13,0,4.625,4,46.667,25,14.286,2,1,16,60,1,5,0,128
2026-07-01 14:36:06,10.529,apurplenose,31.387,5.965,4,26,0,4.372,15,36.842,29.31,29.268,8,4,43,137,1,5,0,128
2026-07-02 13:52:04,10.184,apurplenose,39.37,8.367,5,32,0,4.48,18,47.059,41.509,30,7,7,50,127,4,1,0,128
2026-07-02 18:34:06,10.184,apurplenose,37.821,7.654,3,22,1,4.932,14,55.556,30.986,34.694,4,5,59,156,3,2,1,128
2026-07-04 14:18:33,10.528,apurplenose,37.226,8.661,2,15,1,4.51,18,42.105,39.623,30.435,6,6,51,137,3,3,0,128
2026-07-05 09:14:33,10.513,apurplenose,38.583,7.253,2,24,0,4.633,13,40,44.643,29.268,8,1,49,127,3,3,0,128
2026-07-05 14:02:38,10.518,apurplenose,37.324,8.508,3,25,0,4.377,21,41.935,37.143,34.146,6,11,53,142,3,3,0,128
2026-05-31 06:42:17,11.027,peeku,45.033,11.452,5,22,0,4.529,23,55.556,39.437,45.455,11,6,68,151,3,3,0,129
2026-06-05 06:23:16,11.206,peeku,42.683,9.207,1,16,0,4.886,18,59.459,38.961,36,9,3,70,164,3,2,1,129
2026-06-06 07:47:40,11.295,peeku,41.667,9.479,2,14,0,4.218,25,53.333,41.791,31.429,6,4,55,132,4,2,0,129
2026-06-10 21:20:02,11.462,peeku,35.625,8.298,4,44,0,4.123,28,55.556,34.568,20.93,6,14,57,160,2,3,0,129
2026-06-15 06:22:37,11.364,peeku,41.584,9.054,9,27,0,2.929,28,33.333,41.509,50,13,16,42,101,3,3,0,129
2026-06-17 16:20:35,11.186,peeku,48.148,12.865,7,27,0,3.938,35,63.333,55.738,27.273,13,9,65,135,5,1,0,129
2026-06-18 07:29:56,11.367,peeku,42.581,9.627,3,15,0,4.667,14,58.065,38.333,39.062,3,12,66,155,2,4,0,129
2026-06-18 22:34:18,11.527,peeku,42.105,9.809,4,16,0,3.812,20,46.875,37.288,47.826,6,14,48,114,4,2,0,129
2026-06-22 00:04:06,11.698,peeku,37.374,8.585,3,10,0,4.838,10,44.444,36.735,34.375,4,3,37,99,4,1,0,129
2026-07-03 21:32:13,11.96,peeku,45.882,9.982,1,21,0,4.282,30,45.946,42.391,53.659,4,19,78,170,3,2,1,129
2026-06-11 04:24:29,4.0,Fuj,17.355,2.284,1,8,1,5.524,2,19.355,16.981,16.216,1,0,21,121,1,4,0,130
2026-06-11 04:24:29,2.0,binesh,10.744,1.459,1,8,0,5.769,1,19.355,5.66,10.811,1,0,13,121,1,4,0,131
2026-05-13 13:44:45,7.994,ChrisLefko,23.77,3.916,2,13,1,5.517,5,61.29,10.909,11.111,2,2,29,122,1,5,0,133
2026-05-16 04:37:10,7.615,ChrisLefko,32.593,5.053,1,22,1,5.045,11,60.714,29.412,17.949,3,4,44,135,1,3,1,133
2026-05-17 15:14:41,7.253,ChrisLefko,28.571,4.565,0,26,1,5.457,11,59.524,23.611,8.511,1,8,46,161,1,5,0,133
2026-05-28 10:37:26,6.885,ChrisLefko,24.658,3.851,2,41,0,4.694,9,71.875,10.294,13.043,3,3,36,146,2,4,0,133
2026-06-11 14:01:41,6.697,ChrisLefko,27.119,3.799,1,25,1,5.125,5,56,17.857,21.622,3,4,32,118,2,3,0,133
2026-06-13 07:12:37,6.603,ChrisLefko,27.044,4.325,1,16,2,5.744,7,48,15.942,20,2,4,43,159,4,1,0,133
2026-06-16 23:18:25,6.89,ChrisLefko,20.833,4.294,2,24,0,4.56,8,51.852,13.208,10,4,4,25,120,1,3,1,133
2026-06-27 17:17:15,6.707,ChrisLefko,29.921,5.618,2,6,0,4.816,10,52.632,14.894,26.19,2,4,38,127,2,4,0,133
2026-07-04 04:26:07,6.521,ChrisLefko,24.615,2.855,0,9,1,5.344,5,62.162,9.434,10,1,1,32,130,1,5,0,133
2026-07-05 09:14:33,6.166,ChrisLefko,29.677,5.599,1,22,1,4.674,15,68.421,16.901,17.391,4,9,46,155,3,3,0,133
2026-06-11 04:24:29,7.02,Jakemonkey,24.51,3.865,0,11,0,4.96,5,45.833,17.778,18.182,2,2,25,102,4,1,0,134
2026-06-13 07:12:37,7.277,Jakemonkey,28.369,6.838,4,22,3,4.925,9,29.63,27.692,28.571,4,5,40,141,1,4,0,134
2026-06-15 06:22:37,7.01,Jakemonkey,26.718,3.929,3,40,0,3.971,17,20,25,37.5,7,4,35,131,2,4,0,134
2026-06-16 00:10:57,6.842,Jakemonkey,21.6,3.712,3,43,1,4.519,10,34.375,14,20.93,4,5,27,125,2,3,0,134
2026-06-16 23:18:25,6.748,Jakemonkey,26.471,4.181,0,26,2,4.861,8,37.5,29.688,12.5,1,5,36,136,1,2,2,134
2026-06-18 10:54:28,6.664,Jakemonkey,23.926,5.775,5,32,1,4.333,16,31.707,14.286,30.769,6,8,39,163,2,3,1,134
2026-06-18 22:34:18,6.581,Jakemonkey,20.863,4.35,1,23,0,4.069,12,27.5,23.81,8.333,1,8,29,139,2,4,0,134
2026-06-28 00:57:32,6.426,Jakemonkey,25.954,4.406,1,17,0,5.0,7,37.5,20.312,25.714,2,5,34,131,5,1,0,134
2026-07-03 17:57:14,6.791,Jakemonkey,21.951,4.698,2,23,0,4.407,12,29.63,23.333,13.889,5,3,27,123,3,3,0,134
2026-07-05 04:52:45,6.779,Jakemonkey,25.146,3.574,1,12,3,5.465,8,48.276,25.974,13.846,2,1,43,171,4,1,1,134
2026-01-07 14:00:01,4.151,benevelante,20.0,3.393,0,7,1,4.895,6,19.231,22.222,16.667,2,2,19,95,0,5,0,139
2026-01-19 13:49:48,3.593,benevelante,22.917,3.716,1,39,1,4.879,10,38.235,13.699,27.027,5,3,33,144,5,1,0,139
2026-01-27 19:12:40,4.037,benevelante,22.148,3.712,1,20,1,5.03,9,31.25,15.278,26.667,4,4,33,149,5,1,0,139
2026-01-29 13:10:54,4.462,benevelante,22.581,3.269,0,17,2,5.286,9,30.435,18.462,25,3,1,28,124,4,2,0,139
2026-05-05 14:09:04,6.55,Gua,30.4,9.209,8,21,0,3.974,18,22.222,37.288,25.641,8,7,38,125,3,2,0,141
2026-05-12 14:05:09,6.633,Gua,23.077,4.339,2,38,1,4.273,12,30.303,20.513,21.875,6,4,33,143,3,3,0,141
2026-05-16 13:47:04,6.646,Gua,20.202,5.789,1,13,1,4.05,8,25,18.75,21.739,3,5,20,99,3,3,0,141
2026-05-18 15:08:53,6.643,Gua,25.0,5.169,2,33,0,4.615,13,27.5,19.697,30,4,7,39,156,3,2,1,141
2026-05-20 18:28:10,6.74,Gua,28.682,6.393,3,29,1,4.486,14,28.571,28.302,29.268,4,8,37,129,4,2,0,141
2026-05-24 13:57:54,6.917,Gua,20.492,3.776,2,38,3,4.76,9,13.793,23.077,21.951,4,3,25,122,1,4,0,141
2026-05-25 14:28:52,6.633,Gua,23.27,3.302,2,31,1,5.514,9,31.707,23.288,15.556,3,3,37,159,4,2,0,141
2026-05-29 13:51:29,6.822,Gua,26.05,5.611,6,30,0,3.903,16,50,28.125,10.811,9,6,31,119,3,3,0,141
2026-06-18 07:46:33,6.825,Gua,21.552,6.707,1,18,3,3.6,14,25,21.875,18.75,6,2,25,116,4,2,0,141
2026-06-19 22:59:11,7.011,Gua,22.642,3.848,1,19,0,5.375,6,31.818,19.149,21.622,2,3,24,106,1,4,0,141
2026-06-21 22:16:46,5.141,mahzrunner,27.193,4.443,0,17,1,5.032,7,26.667,18.868,41.935,1,3,31,114,3,2,0,143
2026-06-22 22:49:49,5.211,mahzrunner,28.571,4.584,1,5,0,5.0,9,31.25,25.532,30,3,0,34,119,5,0,0,143
2026-06-24 20:18:32,5.654,mahzrunner,24.324,4.276,2,30,0,4.889,11,30,20.548,26.667,4,5,36,148,2,4,0,143
2026-06-25 14:15:46,5.477,mahzrunner,25.175,4.133,1,19,2,5.167,7,20.588,22.581,31.915,3,3,36,143,4,2,0,143
2026-06-25 17:15:02,5.474,mahzrunner,24.194,2.598,0,31,0,5.7,4,24.138,19.608,29.545,1,3,30,124,2,2,1,143
2026-06-30 14:01:09,5.738,mahzrunner,25.503,5.199,2,29,0,4.526,13,21.429,24.615,30.952,4,9,38,149,2,4,0,143
2026-07-01 23:43:02,5.635,mahzrunner,16.875,2.546,1,48,0,4.37,10,23.256,16.25,10.811,3,3,27,160,3,3,0,143
2026-07-02 13:52:04,5.641,mahzrunner,28.182,5.328,0,19,0,4.484,13,25.714,28.889,30,4,3,31,110,4,1,0,143
2026-07-03 21:32:13,5.908,mahzrunner,24.242,3.551,0,20,3,5.156,7,42.105,16.923,17.241,0,7,32,132,1,4,1,143
2026-07-05 09:14:33,5.644,mahzrunner,27.068,4.036,0,13,0,5.111,8,32.353,27.119,22.5,1,3,36,133,3,3,0,143
2026-02-21 05:13:59,5.629,liljakatsuragi,22.556,3.948,0,14,1,5.067,7,25.926,16.923,29.268,4,2,30,133,2,3,1,144
2026-03-11 10:35:17,5.514,liljakatsuragi,22.481,3.466,0,17,1,5.172,7,33.333,15.517,23.684,3,3,29,129,2,4,0,144
2026-04-06 04:10:38,5.306,liljakatsuragi,23.881,4.346,1,27,1,4.688,10,30,25.455,18.367,5,4,32,134,3,3,0,144
2026-04-14 05:05:01,5.295,liljakatsuragi,24.107,3.702,1,13,0,5.296,6,54.545,15,20,3,2,27,112,2,2,1,144
2026-04-16 06:43:37,5.307,liljakatsuragi,26.543,3.306,0,46,1,4.605,14,47.727,14.062,24.074,2,5,43,162,3,3,0,144
2026-04-19 07:32:45,5.323,liljakatsuragi,23.529,3.564,2,23,1,4.357,9,28,9.434,39.024,2,3,28,119,4,2,0,144
2026-04-28 05:07:35,5.527,liljakatsuragi,18.954,2.757,0,23,0,4.897,8,35.294,13.433,15.385,1,4,29,153,3,3,0,144
2026-05-04 06:27:59,5.538,liljakatsuragi,24.219,4.254,3,29,0,4.516,10,25.714,28.302,17.5,6,5,31,128,2,4,0,144
2026-06-04 07:25:31,5.331,liljakatsuragi,24.828,2.35,0,42,1,5.278,8,37.143,22.059,19.048,3,1,36,145,3,3,0,144
2026-07-05 04:52:45,5.331,liljakatsuragi,21.176,2.978,0,12,1,5.111,5,28.571,13.75,27.273,1,4,36,170,1,4,1,144
2026-01-20 19:15:46,6.747,tapumomo,25.397,5.166,5,23,1,4.844,9,19.231,28.169,24.138,7,2,32,126,1,5,0,146
2026-01-27 02:46:22,6.299,tapumomo,23.944,2.615,1,34,1,5.588,5,24.242,18.75,31.111,1,3,34,142,1,4,1,146
2026-04-13 04:24:01,6.018,tapumomo,27.097,5.043,1,20,1,5.048,9,29.032,28.09,22.857,2,1,42,155,4,1,1,146
2026-04-21 18:25:22,6.33,tapumomo,27.407,3.732,0,24,0,5.0,8,28.125,25,30.233,4,4,37,135,3,3,0,146
2026-05-02 23:23:31,6.33,tapumomo,28.261,5.739,4,26,1,4.346,9,38.889,20,34.483,7,1,26,92,2,2,0,146
2026-06-10 21:20:02,6.34,tapumomo,23.077,3.508,1,26,0,5.0,6,28.125,18.367,25,3,2,27,117,1,4,0,146
2026-06-12 14:04:43,6.016,tapumomo,28.155,4.863,0,17,0,4.966,8,62.5,16.667,28.205,3,3,29,103,1,4,0,146
2026-06-13 04:37:13,5.712,tapumomo,31.538,5.235,2,7,0,5.61,7,45.161,32.727,20.455,4,0,41,130,2,3,0,146
2026-06-19 21:13:50,5.6,tapumomo,22.549,3.77,0,13,0,4.957,5,30,19.608,22.581,1,3,23,102,3,2,0,146
2026-06-29 03:00:46,5.71,tapumomo,27.692,4.819,1,19,0,4.861,9,39.474,22.034,24.242,5,3,36,130,3,3,0,146
2026-01-27 02:46:22,3.547,thjalago,21.186,3.362,0,25,2,4.72,7,29.167,16.071,23.684,3,1,25,118,4,2,0,147
2026-05-30 21:04:03,4.609,uy5gf,21.477,2.766,0,21,0,5.531,8,34.286,6.667,29.63,2,3,32,149,3,3,0,148
2026-05-31 11:11:49,4.619,uy5gf,20.155,3.294,1,19,1,4.885,8,20.588,23.333,14.286,5,1,26,129,3,3,0,148
2026-06-22 22:49:49,4.612,uy5gf,17.391,1.665,0,13,3,5.85,2,29.412,14.286,9.375,1,0,20,115,3,2,0,148
2026-06-07 04:19:09,7.963,Zozo,33.645,7.078,1,10,0,4.528,12,32.143,22.222,50,3,8,36,107,3,2,0,149
2026-06-11 04:24:29,8.127,Zozo,34.286,7.259,2,13,0,4.639,10,23.81,28.571,48.571,5,4,36,105,2,3,0,149
2026-06-13 04:37:13,8.033,Zozo,25.862,5.377,1,15,1,5.133,9,24,27.273,25,3,2,30,116,5,0,0,149
2026-06-16 00:10:57,8.507,Zozo,36.029,4.75,2,39,0,4.837,11,61.29,27.869,29.545,4,5,49,136,1,4,0,149
2026-06-18 14:24:55,8.23,Zozo,29.921,5.2,2,28,2,4.789,11,37.143,30.909,21.622,3,5,38,127,2,3,0,149
2026-06-19 05:24:35,8.142,Zozo,36.364,7.55,5,24,1,3.773,25,31.818,32.203,45,11,6,44,121,3,3,0,149
2026-06-19 19:28:06,8.146,Zozo,32.484,5.828,0,21,0,4.843,16,35.484,27.632,38,3,5,51,157,4,1,1,149
2026-06-19 21:13:50,8.419,Zozo,28.431,4.8,1,12,1,4.966,5,40,24.49,25,1,4,29,102,0,5,0,149
2026-06-22 00:04:06,7.959,Zozo,31.313,6.958,2,10,0,4.903,10,44.444,30.612,25,4,3,31,99,4,1,0,149
2026-07-05 04:52:45,8.229,Zozo,34.104,5.343,0,21,0,5.22,12,29.73,28.75,44.643,3,3,59,173,2,4,0,149
2026-04-19 09:37:53,3.0,Bommie,8.911,1.898,1,12,1,5.0,3,8.696,6.977,11.429,1,1,9,101,1,4,0,150
2026-05-16 04:37:10,3.0,Sayuriii,8.654,0.863,0,22,0,5.667,1,25,2.041,3.704,1,0,9,104,3,2,0,154
2026-04-14 05:05:01,2.789,Unborned,20.536,2.189,0,13,2,5.565,3,36.364,16.667,16.667,0,1,23,112,2,2,1,155
2026-05-09 10:03:51,2.801,Unborned,19.118,1.537,1,51,0,4.615,9,33.333,14.286,14.894,1,4,26,136,3,3,0,155
2026-05-11 14:04:11,2.855,Unborned,16.34,2.698,0,25,1,5.16,4,27.778,11.594,14.583,1,2,25,153,5,1,0,155
2026-05-18 11:01:47,3.25,Unborned,15.625,2.806,3,28,1,4.95,6,34.783,9.091,14,4,2,20,128,3,2,1,155
2026-05-29 18:24:54,3.342,Unborned,18.182,2.318,1,29,2,5.4,5,38.462,11.429,12.5,2,1,30,165,2,4,0,155
2026-06-04 23:57:00,3.138,Unborned,25.85,2.877,0,25,1,5.474,8,30.769,23.288,25.714,3,2,38,147,1,5,0,155
2026-06-07 04:19:09,2.747,Unborned,21.739,1.741,0,22,2,6.1,2,37.5,13.115,22.222,0,1,30,138,4,1,0,155
2026-06-09 23:10:50,2.747,Unborned,15.328,1.958,2,31,1,4.905,8,28.125,11.429,11.429,4,0,21,137,2,4,0,155
2026-06-11 04:24:29,3.101,Unborned,21.008,2.833,0,9,1,5.36,3,50,15.789,10.526,1,1,25,119,2,3,0,155
2026-06-17 23:35:10,3.003,Unborned,19.469,2.467,0,19,0,5.409,4,45,11.538,17.073,1,2,22,113,1,4,0,155
2026-04-24 14:02:24,2.657,legrandort,16.197,1.872,1,43,1,5.391,4,31.034,12.857,11.628,2,1,23,142,3,2,0,159
2026-05-05 14:09:04,2.784,legrandort,16.279,2.018,0,21,0,5.619,5,20.588,21.053,5.263,1,2,21,129,3,1,1,159
2026-05-09 21:37:31,3.031,legrandort,16.279,1.099,1,74,1,5.321,8,22.857,15.385,13.559,1,4,28,172,4,2,0,159
2026-05-16 13:47:04,3.246,legrandort,10.317,1.361,0,13,7,5.385,1,11.111,5.797,17.949,0,0,13,126,3,3,0,159
2026-05-22 21:04:09,3.226,legrandort,18.447,2.247,1,13,0,5.789,3,42.424,10,3.333,2,0,19,103,2,3,0,159
2026-05-26 13:56:18,3.114,legrandort,12.931,1.859,1,29,3,4.867,4,22.222,11.538,8.108,1,2,15,116,4,2,0,159
2026-05-28 13:55:32,3.335,legrandort,16.058,1.524,0,36,0,5.227,4,21.739,12.5,18,0,2,22,137,1,5,0,159
2026-06-24 20:18:32,2.89,legrandort,19.82,3.042,2,15,3,5.318,6,29.167,12.195,21.739,3,2,22,111,5,1,0,159
2026-06-25 17:15:02,3.307,legrandort,15.833,1.675,0,26,2,5.421,3,18.75,13.725,16.216,1,0,19,120,1,4,0,159
2026-06-29 18:09:56,2.983,legrandort,17.266,1.274,0,26,3,6.125,1,29.63,17.143,9.524,1,0,24,139,1,5,0,159
2026-06-05 14:41:15,7.73,Skychael,34.667,5.764,1,23,0,4.942,14,40,35.526,29.545,4,4,52,150,3,3,0,160
2026-06-09 13:58:23,7.74,Skychael,32.0,6.827,2,32,1,4.417,19,42.424,37.705,19.643,8,9,48,150,4,2,0,160
2026-06-11 18:19:17,7.92,Skychael,28.319,4.475,2,22,0,4.969,9,51.852,23.333,15.385,3,1,32,113,0,5,0,160
2026-06-18 07:46:33,7.463,Skychael,15.447,4.856,1,24,3,3.789,9,16.129,18.182,10.811,1,6,19,123,3,3,0,160
2026-06-18 14:24:55,7.486,Skychael,27.559,4.791,1,33,0,4.686,9,29.63,30.769,22.917,3,9,35,127,2,3,0,160
2026-06-25 14:15:46,7.387,Skychael,27.273,4.797,2,19,0,5.128,7,29.412,20.968,34.043,5,1,39,143,4,2,0,160
2026-06-29 18:09:56,7.568,Skychael,25.899,3.121,1,26,0,5.611,7,48.148,21.429,19.048,1,3,36,139,1,5,0,160
2026-06-30 14:01:09,7.222,Skychael,22.603,3.514,1,28,1,4.727,5,12.903,29.688,19.608,6,0,33,146,4,2,0,160
2026-07-01 14:17:09,7.131,Skychael,29.63,4.931,0,16,0,4.542,8,33.333,19.444,40.741,6,3,24,81,6,0,0,160
2026-07-01 14:36:06,7.131,Skychael,30.0,5.374,3,31,0,4.467,15,36.111,24.615,32.653,11,3,45,150,6,0,0,160
2026-04-21 00:49:52,2.396,gw13,14.865,1.433,0,18,0,5.727,1,21.053,13.636,11.364,1,0,22,148,2,4,0,166
2026-04-23 05:08:06,2.148,gw13,20.952,2.207,0,21,0,5.273,5,27.778,19.231,20,1,0,22,105,4,1,0,166
2026-04-24 04:52:40,2.527,gw13,15.441,2.942,2,18,1,4.571,8,14.286,12.308,22.222,4,1,21,136,3,3,0,166
2026-06-16 00:10:57,2.529,gw13,20.325,2.755,1,39,1,4.68,6,27.273,21.951,14.286,1,2,25,123,2,3,0,166
2026-01-18 05:07:20,5.178,Lightning,20.0,1.995,1,28,2,5.364,3,25,11.538,30,2,1,22,110,1,4,0,168
2026-01-29 16:37:47,4.834,Lightning,18.095,2.496,0,19,0,5.105,6,36.364,11.628,15,2,1,19,105,0,4,1,168
2026-01-31 08:22:55,4.369,Lightning,22.314,1.505,0,14,3,6.37,0,32,15.789,25.641,0,0,27,121,2,2,1,168
2026-02-22 04:59:06,4.362,Lightning,18.605,3.014,1,25,0,4.792,6,16.129,18.519,20.455,4,2,24,129,5,1,0,168
2026-03-18 14:41:23,4.818,Lightning,21.25,2.816,1,24,0,5.647,7,34.146,18.841,14,1,4,34,160,4,2,0,168
2026-06-04 23:57:00,5.049,Lightning,17.5,1.934,0,35,1,5.393,4,21.429,14.706,18,2,0,28,160,4,2,0,168
2026-06-06 04:57:28,5.277,Lightning,18.243,1.459,0,12,4,6.407,1,24.39,14.754,17.391,3,0,27,148,3,3,0,168
2026-06-18 10:54:28,5.28,Lightning,15.951,1.855,0,32,1,5.385,6,29.268,14.286,7.692,0,3,26,163,2,3,1,168
2026-07-03 13:56:00,5.181,Lightning,19.084,1.822,0,31,2,5.88,4,32.143,19.643,10.638,0,0,25,131,5,1,0,168
2026-05-20 18:28:10,3.46,yashadox,15.827,2.373,0,35,1,5.227,7,17.647,21.667,6.667,0,3,22,139,3,3,0,169
2026-05-22 21:04:09,3.464,yashadox,20.0,2.191,1,35,0,5.7,5,38.889,18.182,8.333,2,1,30,150,1,4,0,169
2026-05-25 12:49:49,3.179,yashadox,25.373,3.619,0,15,0,4.941,7,43.75,15.278,30,0,2,34,134,4,2,0,169
2026-05-25 14:28:52,3.347,yashadox,14.545,1.323,0,9,0,5.938,3,36.842,12.963,5.405,1,0,16,110,0,6,0,169
2026-05-30 21:04:03,2.807,yashadox,20.0,2.515,0,9,1,5.217,1,22.727,19.672,18.75,0,2,23,115,3,3,0,169
2026-06-03 18:55:58,2.81,yashadox,19.737,2.337,0,29,0,5.567,5,25.806,16.25,21.951,1,2,30,152,3,2,1,169
2026-06-05 17:50:16,2.885,yashadox,19.492,3.196,1,24,0,5.0,9,24.138,30.612,2.5,3,2,23,118,3,2,0,169
2026-06-19 05:24:35,3.064,yashadox,23.529,3.127,0,15,0,4.667,7,25,21.277,25.806,1,6,24,102,1,5,0,169
2026-07-03 17:57:14,2.706,yashadox,18.333,2.706,1,21,0,5.045,5,26.087,15.686,17.391,2,2,22,120,1,5,0,169
2026-07-05 14:02:38,2.355,yashadox,16.197,1.64,0,25,1,5.87,3,29.032,14.286,9.756,0,1,23,142,3,3,0,169
2026-04-17 14:03:23,0.4,JustAWeirdo,12.676,0.884,0,48,0,5.611,1,9.677,8.065,20.408,1,0,18,142,3,1,1,171
2026-01-27 05:46:13,4.0,oolli,12.121,0.991,0,39,1,5.95,2,17.308,12.121,6.383,1,0,20,165,3,3,0,172
2026-02-04 13:43:18,4.009,oolli,14.754,2.682,1,16,0,4.611,5,12,14.706,17.241,3,1,18,122,3,3,0,172
2026-01-05 07:23:46,-0.427,TateyamaAyano,8.176,0.664,1,58,0,5.538,1,15.909,4.545,6.122,1,0,13,159,4,2,0,174
2026-02-08 11:33:44,-0.183,TateyamaAyano,11.333,1.319,0,40,3,5.059,3,20.588,4.167,15.909,2,1,17,150,2,4,0,174
2026-05-17 09:37:26,-0.42,TateyamaAyano,12.281,1.275,0,10,0,6.0,1,25.926,7.143,9.677,1,0,14,114,4,2,0,174
2026-06-09 23:10:50,-0.194,TateyamaAyano,17.593,1.67,0,20,1,5.263,5,28.571,14,13.333,2,2,19,108,2,4,0,174
2026-06-04 18:25:20,5.914,Kirox,25.85,3.889,1,22,1,5.132,9,43.59,19.697,19.048,2,2,38,147,3,3,0,175
2026-06-05 08:39:16,5.922,Kirox,29.375,4.479,2,39,0,4.936,12,50,22.535,24.528,4,4,47,160,4,2,0,175
2026-06-10 21:20:02,6.106,Kirox,26.19,4.249,1,27,0,4.848,9,36.364,16.667,30.769,3,8,33,126,4,1,0,175
2026-06-11 18:19:17,6.374,Kirox,31.618,4.656,2,24,0,5.047,9,38.71,25,39.394,8,1,43,136,4,1,0,175
2026-06-12 14:04:43,6.654,Kirox,27.778,5.357,2,13,2,4.767,8,42.308,20,27.027,3,5,30,108,2,2,1,175
2026-06-16 23:18:25,6.653,Kirox,20.301,3.267,0,31,1,4.963,7,34.375,15.517,16.279,4,1,27,133,2,2,1,175
2026-06-18 10:54:28,6.655,Kirox,26.136,3.593,2,32,0,5.304,7,48.649,19.355,21.739,4,1,46,176,3,1,2,175
2026-06-29 18:09:56,6.813,Kirox,27.465,4.784,2,26,1,4.846,11,38.889,23.529,23.684,3,3,39,142,3,3,0,175
2026-06-30 14:01:09,6.808,Kirox,23.529,6.501,4,23,1,3.643,14,41.667,19.231,9.677,7,3,28,119,2,4,0,175
2026-07-03 21:32:13,6.641,Kirox,29.282,4.051,2,24,1,5.377,9,30.909,28.235,29.268,3,3,53,181,2,1,3,175
2026-05-15 07:01:20,7.427,Spitzell,26.389,4.669,5,41,0,4.5,15,40,22.727,22.917,6,6,38,144,2,4,0,176
2026-04-19 14:28:30,10.318,oh95,30.37,5.246,1,29,1,4.951,12,45.946,26.866,19.355,2,7,41,135,2,4,0,177
2026-05-04 18:44:00,10.125,oh95,38.168,7.037,2,22,0,4.76,14,56.098,26.923,34.211,4,10,50,131,3,2,0,177
2026-05-06 23:26:01,10.215,oh95,30.405,6.307,5,43,0,3.933,20,40,27.273,27.66,8,9,45,148,5,1,0,177
2026-05-16 04:37:10,10.6,oh95,35.577,7.987,2,22,0,4.162,13,71.429,20.408,25.926,3,8,37,104,3,2,0,177
2026-05-17 09:37:26,10.771,oh95,29.825,5.863,1,10,1,4.765,9,48.148,21.429,29.032,3,3,34,114,4,2,0,177
2026-05-17 15:14:41,10.959,oh95,30.435,4.677,0,26,1,5.531,12,47.619,22.222,27.66,0,7,49,161,1,5,0,177
2026-05-19 14:12:22,10.595,oh95,36.0,7.719,5,34,0,4.444,18,50,32.877,30.233,7,7,54,150,1,4,1,177
2026-05-20 08:34:07,10.311,oh95,27.941,6.612,3,23,0,4.316,14,48.571,22.388,17.647,6,9,38,136,2,4,0,177
2026-05-21 14:29:56,10.087,oh95,32.0,4.459,1,24,0,5.375,9,48.649,25.373,28.261,2,6,48,150,3,3,0,177
2026-05-24 13:57:54,10.081,oh95,25.0,3.481,0,29,1,4.926,8,36.364,25.49,17.143,2,4,27,108,3,2,0,177
2026-02-02 13:53:19,22.912,Eryth,64.789,21.883,7,22,0,3.761,50,77.778,65.278,55.814,13,28,92,142,3,3,0,178
2026-02-04 13:43:18,22.896,Eryth,75.41,28.793,22,16,0,2.88,64,72,83.824,58.621,29,34,92,122,3,3,0,178
2026-02-11 13:43:55,22.901,Eryth,63.566,26.586,10,18,0,3.171,51,71.875,66.667,50,16,30,82,129,4,2,0,178
2026-02-14 14:04:22,23.111,Eryth,62.5,25.415,17,21,0,3.329,51,59.259,70,55.102,23,21,85,136,3,3,0,178
2026-02-20 14:01:01,23.116,Eryth,78.431,25.648,18,14,0,3.767,60,84.444,80.556,66.667,25,28,120,153,5,1,0,178
2026-03-07 13:52:35,23.527,Eryth,73.913,29.421,16,13,0,3.044,47,80.769,79.545,54.545,22,21,68,92,3,2,0,178
2026-06-18 07:46:33,23.638,Eryth,66.379,27.428,9,18,0,2.974,58,70,71.875,53.125,18,31,77,116,4,2,0,178
2026-06-19 22:59:11,23.849,Eryth,73.759,25.656,14,18,0,3.519,61,96.429,73.077,57.143,18,40,104,141,1,3,1,178
2026-06-21 22:16:46,23.642,Eryth,64.035,21.828,11,17,0,3.603,38,70,71.698,45.161,16,18,73,114,3,2,0,178
2026-06-22 22:49:49,23.723,Eryth,70.543,26.147,16,16,0,3.044,61,76.471,79.31,51.351,18,35,91,129,0,5,0,178
2026-03-01 17:42:33,7.58,Floth,19.643,4.04,4,20,3,4.682,8,23.333,15.789,24,4,2,22,112,3,2,0,179
2026-03-04 14:45:10,7.669,Floth,20.635,5.546,3,29,2,4.077,12,24,13.333,29.268,7,4,26,126,3,3,0,179
2026-03-15 00:14:27,7.67,Floth,20.339,5.108,0,24,0,4.167,12,32.143,12.5,21.429,3,6,24,118,0,5,0,179
2026-05-15 17:46:44,7.108,Floth,14.607,1.974,0,28,1,4.769,2,20,6.818,23.333,1,0,13,89,0,5,0,179
2026-05-17 07:27:17,6.024,Floth,18.116,3.621,2,52,2,3.88,12,16.129,16.949,20.833,5,4,25,138,1,3,1,179
2026-05-30 04:57:21,5.803,Floth,20.588,2.289,0,8,4,5.821,2,32.143,12.857,26.316,2,0,28,136,3,3,0,179
2026-06-01 13:46:50,5.802,Floth,23.932,3.485,0,17,0,4.893,6,26.923,20.339,28.125,2,2,28,117,5,1,0,179
2026-06-05 17:50:16,6.225,Floth,15.574,2.519,1,23,3,4.789,6,12.5,21.569,10.256,5,0,19,122,1,4,0,179
2026-06-07 04:19:09,5.608,Floth,24.793,3.734,1,11,3,5.433,6,32.143,21.818,23.684,2,4,30,121,2,3,0,179
2026-06-12 18:27:27,5.404,Floth,23.134,5.402,3,13,2,4.968,10,19.231,17.391,35.897,6,1,31,134,4,2,0,179
2026-02-22 04:59:06,3.294,psirockin,10.577,1.777,0,13,1,4.818,4,14.286,9.091,9.375,1,1,11,104,2,4,0,180
2026-02-23 11:23:01,3.039,psirockin,15.723,2.562,1,22,1,4.8,7,11.111,19.178,14.634,3,0,25,159,2,4,0,180
2026-02-25 09:17:06,3.039,psirockin,19.76,3.224,1,31,3,4.97,7,20.588,22.989,13.043,2,4,33,167,5,1,0,180
2026-04-06 18:07:46,3.305,psirockin,15.217,2.318,0,21,2,5.381,4,21.053,11.475,15.385,1,3,21,138,3,3,0,180
2026-01-04 14:34:40,7.0,Yolowolf75,17.647,2.986,1,25,0,4.722,5,54.167,9.091,2.941,4,0,18,102,2,3,0,181
2026-04-26 04:32:57,5.885,redeyes,25.385,4.68,0,11,5,5.091,8,29.032,24.615,23.529,2,4,33,130,3,3,0,191
2026-04-28 05:07:35,5.887,redeyes,23.438,5.285,1,13,0,4.133,14,33.333,18.75,23.529,4,5,30,128,3,3,0,191
2026-05-16 04:37:10,5.881,redeyes,26.119,3.433,0,27,0,5.257,6,30.435,23.077,30.303,4,0,35,134,2,2,1,191
2026-05-17 07:27:17,5.88,redeyes,19.565,3.298,2,52,0,4.333,11,22.581,22.034,14.583,3,4,27,138,1,3,1,191
2026-05-31 06:42:17,5.671,redeyes,23.077,2.543,0,28,6,5.929,5,22.449,20.455,28.889,2,1,42,182,2,3,1,191
2026-06-10 21:20:02,5.569,redeyes,26.087,4.798,1,22,0,4.567,11,38.71,22.222,20,4,2,30,115,2,3,0,191
2026-06-11 04:24:29,5.474,redeyes,23.81,3.361,1,13,1,5.28,3,19.048,22.449,28.571,2,0,25,105,2,3,0,191
2026-06-16 00:10:57,5.37,redeyes,22.018,3.88,4,37,2,4.708,8,33.333,16.327,20,6,2,24,109,5,0,0,191
2026-06-22 00:04:06,5.886,redeyes,29.293,5.429,1,10,1,5.069,7,33.333,36.735,15.625,2,3,29,99,4,1,0,191
2026-06-30 05:07:25,6.186,redeyes,21.333,4.221,2,10,4,5.562,5,27.273,13.636,27.451,2,3,32,150,2,4,0,191
2026-03-10 19:04:37,16.0,Math1234,44.275,9.922,0,16,0,4.379,21,58.621,41.667,38.095,7,14,58,131,4,2,0,194
2026-05-24 19:25:18,16.24,Math1234,49.383,13.034,7,32,0,4.188,36,57.143,57.143,32,11,16,80,162,3,2,1,194
2026-06-09 18:18:54,16.361,Math1234,56.618,14.544,5,18,0,4.026,35,73.529,46.97,58.333,12,17,77,136,2,4,0,194
2026-05-31 11:11:49,3.653,BijouKoseki,15.217,1.567,0,22,1,5.571,4,9.091,17.647,16.216,2,1,21,138,3,2,1,199
2026-06-01 05:57:19,3.656,BijouKoseki,18.254,2.494,0,25,0,4.783,5,22.857,15.625,18.519,2,2,23,126,3,3,0,199
2026-06-04 07:25:31,3.748,BijouKoseki,17.105,1.947,2,43,0,5.231,7,28.571,12.5,13.043,3,3,26,152,3,3,0,199
2026-06-09 23:10:50,3.731,BijouKoseki,28.205,3.671,4,42,1,4.795,14,30.952,25.758,29.167,6,4,44,156,4,2,0,199
2026-06-10 09:01:42,3.91,BijouKoseki,18.939,2.23,0,24,2,5.64,4,20.588,23.077,13.043,0,3,25,132,5,1,0,199
2026-06-10 21:20:02,4.28,BijouKoseki,18.125,2.573,0,44,2,5.138,7,36.111,14.815,9.302,2,3,29,160,2,3,0,199
2026-06-13 04:37:13,4.178,BijouKoseki,22.951,2.954,1,11,3,6.0,2,16.667,23.333,28.125,2,0,28,122,4,1,0,199
2026-06-16 00:10:57,4.46,BijouKoseki,13.821,1.869,0,39,0,4.824,6,24.242,7.317,12.245,2,3,17,123,2,3,0,199
2026-06-19 19:28:06,4.373,BijouKoseki,19.108,2.208,0,21,2,5.6,4,19.355,11.842,30,2,0,30,157,4,1,1,199
2026-06-19 21:13:50,4.65,BijouKoseki,16.505,2.74,0,14,0,4.824,4,18.182,22.917,6.061,1,0,17,103,2,3,0,199
2026-01-20 00:30:42,7.479,rorf,17.931,3.493,2,29,4,4.923,9,17.391,21.667,12.821,4,4,26,145,4,2,0,201
2026-01-22 14:29:28,7.675,rorf,23.214,4.001,2,21,0,4.538,9,21.622,31.915,10.714,4,2,26,112,1,5,0,201
2026-01-29 00:15:00,7.28,rorf,25.49,4.03,2,41,0,4.615,12,30.233,20.833,28.947,3,7,39,153,3,3,0,201
2026-02-05 15:04:09,7.29,rorf,28.477,5.325,3,24,2,5.163,12,25.581,29.577,29.73,3,2,43,151,3,3,0,201
2026-02-19 20:56:12,7.306,rorf,18.261,2.7,1,28,2,4.905,6,29.167,16.667,13.514,2,2,21,115,4,2,0,201
2026-02-22 17:23:05,7.499,rorf,16.154,3.46,0,13,2,4.571,9,12.5,11.429,27.778,1,8,21,130,1,5,0,201
2026-03-01 17:42:33,7.1,rorf,26.446,3.278,1,24,0,5.25,7,26.923,26.923,25.581,2,2,32,121,2,3,0,201
2026-03-02 11:58:43,6.998,rorf,17.647,4.049,2,22,1,4.958,6,25.641,11.111,18.605,4,1,24,136,1,5,0,201
2026-03-07 00:48:43,6.593,rorf,24.603,4.485,1,14,2,4.806,7,27.778,17.308,31.579,4,1,31,126,3,3,0,201
2026-03-16 13:43:54,6.569,rorf,21.212,5.481,4,39,2,3.679,14,35.714,15.254,20,5,7,28,132,1,5,0,201
2026-05-12 14:05:09,3.621,Torradinhas,18.293,3.37,3,41,0,4.533,11,19.355,15.909,22.222,4,2,30,164,4,2,0,214
2026-05-12 18:15:50,3.869,Torradinhas,19.811,3.055,0,24,0,4.952,5,29.032,18.182,12.903,2,1,21,106,1,4,0,214
2026-05-04 06:27:59,5.174,ShelterRin,23.664,3.511,1,27,1,4.548,9,30.303,25,15.789,1,6,31,131,2,4,0,217
2026-05-09 21:37:31,4.97,ShelterRin,21.019,1.407,1,73,0,4.97,5,14.286,16.901,31.373,2,4,33,157,2,4,0,217
2026-05-17 07:27:17,4.766,ShelterRin,24.138,3.409,3,21,1,4.821,7,28.205,20.833,24.138,4,0,28,116,0,4,1,217
2026-05-25 07:30:37,4.367,ShelterRin,16.807,3.408,2,25,0,4.85,5,18.182,10.204,24.324,2,2,20,119,5,1,0,217
2026-06-07 04:19:09,4.771,ShelterRin,21.495,3.544,1,10,0,5.13,5,28.571,11.111,29.412,2,2,23,107,3,2,0,217
2026-06-18 07:29:56,4.947,ShelterRin,28.161,4.751,3,16,2,5.531,6,20.455,31.169,30.189,3,3,49,174,2,4,0,217
2026-06-19 22:59:11,4.751,ShelterRin,24.167,3.466,0,17,2,5.379,5,34.783,17.91,30,1,2,29,120,3,2,0,217
2026-06-22 00:04:06,4.853,ShelterRin,25.49,3.312,0,8,0,5.692,3,31.818,22.642,25.926,2,0,26,102,2,2,1,217
2026-06-29 03:00:46,4.861,ShelterRin,29.0,4.764,0,10,0,4.931,7,38.462,29.167,19.231,5,0,29,100,4,2,0,217
2026-07-05 04:52:45,5.049,ShelterRin,26.316,2.737,0,12,2,5.733,3,17.241,22.078,35.385,0,1,45,171,4,1,1,217
2026-06-17 23:35:10,9.805,Neumann,38.938,8.096,3,19,0,4.455,16,50,32.692,41.463,5,7,44,113,1,4,0,221
2026-06-18 07:29:56,9.806,Neumann,38.158,7.231,1,13,1,5.0,13,47.059,35,36.207,4,1,58,152,3,3,0,221
2026-06-18 07:46:33,9.529,Neumann,30.496,8.531,6,25,0,4.209,17,35,21.429,37.778,6,9,43,141,2,4,0,221
2026-06-19 22:59:11,9.343,Neumann,41.026,8.175,2,18,2,4.958,14,61.111,37.5,37.143,8,5,48,117,4,0,1,221
2026-06-21 22:16:46,9.697,Neumann,24.752,4.772,0,18,0,4.76,7,31.25,16,34.286,4,3,25,101,1,3,0,221
2026-06-22 00:04:06,9.516,Neumann,34.483,7.484,2,23,0,4.725,9,45.833,25,40,5,4,40,116,2,3,0,221
2026-06-25 00:18:18,9.435,Neumann,39.85,7.954,2,13,0,5.132,14,51.515,38.983,31.707,7,4,53,133,1,4,1,221
2026-06-28 00:57:32,9.162,Neumann,41.985,10.199,3,17,0,4.255,23,46.875,35.938,48.571,7,11,55,131,5,1,0,221
2026-06-29 18:09:56,9.618,Neumann,30.986,5.891,2,26,1,4.659,13,52.778,23.529,23.684,4,8,44,142,3,3,0,221
2026-06-30 05:07:25,9.613,Neumann,31.481,7.864,2,7,1,5.059,8,30.435,29.167,35.135,3,3,34,108,2,2,0,221
2026-06-07 04:19:09,3.807,VuhrCulls,20.833,2.454,1,16,2,5.72,3,24.138,24.49,14.286,2,0,25,120,3,2,0,223
2026-06-10 21:20:02,3.989,VuhrCulls,20.325,2.245,0,24,1,5.6,5,32.143,21.053,10.526,2,2,25,123,3,2,0,223
2026-06-11 18:19:17,4.086,VuhrCulls,16.912,1.702,0,24,4,5.435,2,16.129,16.667,18.182,1,0,23,136,4,1,0,223
2026-06-12 18:27:27,4.365,VuhrCulls,23.077,4.358,1,23,4,5.25,11,20.588,16.418,32.727,4,3,36,156,6,0,0,223
2026-06-14 06:19:48,4.894,VuhrCulls,15.323,1.828,0,6,1,5.632,2,25.714,10.169,13.333,1,0,19,124,3,3,0,223
2026-06-15 06:22:37,4.888,VuhrCulls,9.901,1.391,0,27,0,4.1,5,8.333,13.208,4.167,2,2,10,101,3,3,0,223
2026-06-18 14:24:55,4.891,VuhrCulls,20.769,2.579,0,28,1,5.185,4,27.586,18.75,18.919,0,3,27,130,3,2,0,223
2026-06-28 00:57:32,4.976,VuhrCulls,12.821,1.354,0,23,3,5.85,2,17.949,9.877,13.889,1,1,20,156,2,3,1,223
2026-07-02 18:34:06,4.875,VuhrCulls,18.182,3.592,0,13,2,5.083,9,21.429,17.857,16.667,3,4,24,132,3,3,0,223
2026-07-05 04:52:45,4.887,VuhrCulls,18.59,2.748,0,21,5,5.241,6,21.212,13.846,22.414,2,0,29,156,4,2,0,223
2026-04-09 18:12:32,0.89,MythAndroid,13.675,1.996,0,17,3,5.125,3,30.435,12.245,6.667,2,0,16,117,3,2,0,225
2026-05-02 23:23:31,1.003,MythAndroid,11.29,1.55,1,38,1,5.357,4,28,8.065,5.405,3,0,14,124,1,2,2,225
2026-05-08 18:02:51,0.898,MythAndroid,16.296,1.772,1,25,3,5.864,3,22.222,13.636,15.152,2,1,22,135,2,2,1,225
2026-05-15 17:46:44,0.906,MythAndroid,13.462,1.709,0,17,3,5.214,3,45.833,0,9.375,1,0,14,104,3,2,0,225
2026-06-11 18:19:17,1.12,MythAndroid,12.844,1.267,0,17,2,5.643,1,24.242,10.204,3.704,0,2,14,109,2,3,0,225
2026-06-17 16:20:35,11.797,Dry,29.915,8.105,3,16,0,3.886,21,48,29.091,18.919,7,3,35,117,4,2,0,228
2026-06-18 07:29:56,11.979,Dry,33.548,10.798,6,15,0,4.154,23,41.935,38.333,25,8,11,52,155,2,4,0,228
2026-06-20 18:11:36,11.985,Dry,32.54,8.725,4,18,0,4.39,18,40.909,38.71,19.048,9,4,41,126,2,4,0,228
2026-06-21 22:16:46,11.802,Dry,36.885,12.708,5,22,0,3.622,26,50,40.678,24.39,11,11,45,122,2,3,0,228
2026-06-22 21:35:21,11.728,Dry,35.664,8.202,3,18,0,4.353,19,35.714,35.385,36,9,5,51,143,3,3,0,228
2026-06-25 00:18:18,11.722,Dry,32.374,10.468,5,15,4,4.0,18,20,46.032,21.739,8,10,45,139,3,3,0,228
2026-06-27 17:17:15,11.733,Dry,32.203,7.929,4,9,2,4.421,16,40.741,29.63,29.73,6,4,38,118,2,4,0,228
2026-07-01 23:43:02,11.651,Dry,27.778,6.077,5,35,1,3.686,18,36.842,28.07,16.129,9,5,35,126,1,5,0,228
2026-07-03 17:57:14,11.294,Dry,32.52,9.963,7,23,1,3.525,25,29.63,33.333,33.333,11,6,40,123,3,3,0,228
2026-07-03 21:32:13,11.282,Dry,30.0,8.422,6,21,6,3.824,24,32.432,31.522,24.39,7,13,51,170,3,2,1,228
2026-06-29 03:00:46,6.148,BigSmo,27.119,4.873,2,18,0,5.031,7,36.364,15.686,35.294,5,1,32,118,3,3,0,230
2026-07-01 14:17:09,6.176,BigSmo,28.333,6.354,2,13,0,4.0,7,33.333,25,28.571,3,4,17,60,1,5,0,230
2026-07-01 14:36:06,6.176,BigSmo,26.277,5.069,4,26,1,4.361,12,31.579,20.69,29.268,7,4,36,137,1,5,0,230
2026-07-02 13:52:04,5.829,BigSmo,22.018,3.737,1,23,0,5.0,8,32.432,13.043,23.077,4,1,24,109,1,4,0,230
2026-07-03 13:56:00,5.56,BigSmo,30.573,5.653,5,35,0,5.146,12,30.769,28.169,33.333,6,3,48,157,3,2,1,230
2026-07-04 04:26:07,5.643,BigSmo,38.235,5.579,0,17,1,5.096,13,48.837,35.714,29.73,2,8,52,136,6,0,0,230
2026-07-04 14:18:33,6.171,BigSmo,25.547,3.791,0,15,0,5.371,8,28.947,16.981,32.609,1,4,35,137,3,3,0,230
2026-07-05 04:52:45,6.156,BigSmo,35.673,7.146,3,12,0,4.918,18,41.379,24.675,46.154,8,3,61,171,4,1,1,230
2026-07-05 09:14:33,6.419,BigSmo,28.966,5.221,2,9,0,4.881,12,43.75,25,24.324,7,2,42,145,3,3,0,230
2026-07-05 14:02:38,6.424,BigSmo,35.484,8.057,2,14,0,4.318,16,48.387,31.667,30.303,7,7,44,124,2,4,0,230
2026-05-18 06:06:48,2.008,Serozero,14.074,1.652,0,18,0,5.632,2,13.793,13.433,15.385,1,0,19,135,3,3,0,236
2026-05-21 14:29:56,2.024,Serozero,19.653,2.483,0,33,3,5.441,7,25,18.605,17.647,1,1,34,173,4,1,1,236
2026-05-27 04:53:54,2.298,Serozero,18.792,3.523,1,9,0,5.214,7,17.143,19.444,19.048,4,1,28,149,3,2,1,236
2026-06-03 04:26:23,2.386,Serozero,20.805,2.638,1,16,4,5.581,7,21.951,18.182,22.642,3,0,31,149,3,2,0,236
2026-06-14 14:19:33,2.476,Serozero,23.684,3.257,0,20,1,5.694,7,38.636,22.222,11.111,3,0,36,152,3,3,0,236
2026-06-17 23:35:10,2.472,Serozero,15.044,2.497,0,15,5,4.941,6,19.355,13.636,13.158,4,2,17,113,3,2,0,236
2026-06-22 21:35:21,2.573,Serozero,22.013,5.522,5,39,3,4.486,14,31.579,21.429,15.686,6,5,35,159,4,2,0,236
2026-06-29 18:09:56,2.686,Serozero,15.888,2.103,0,11,0,5.176,3,30,11.475,15.385,2,0,17,107,4,2,0,236
2026-07-02 18:34:06,2.849,Serozero,20.455,2.786,1,13,0,5.778,3,25,14.286,25,2,1,27,132,3,3,0,236
2026-07-05 14:02:38,2.861,Serozero,16.794,3.349,2,24,1,4.909,6,20,18.033,12.5,4,2,22,131,5,1,0,236
2026-06-14 06:19:48,1.5,transfer,8.264,2.301,0,18,6,4.2,6,10,6.122,9.524,3,1,10,121,3,3,0,237
2026-06-15 06:22:37,1.494,transfer,7.921,1.887,3,27,0,3.0,5,12.5,1.887,16.667,5,0,8,101,3,3,0,237
2026-06-17 16:20:35,1.498,transfer,13.675,3.144,1,16,3,4.438,8,24,7.273,16.216,5,0,16,117,4,2,0,237
2026-06-18 22:34:18,1.974,transfer,17.544,4.308,3,16,0,3.95,9,21.875,13.559,21.739,4,4,20,114,4,2,0,237
2026-06-19 05:24:35,1.744,transfer,9.615,2.539,1,24,2,3.0,9,5,13.333,7.692,3,2,10,104,4,2,0,237
2026-06-25 00:18:18,2.195,transfer,11.607,2.814,1,10,1,5.0,4,21.739,9.259,8.571,4,0,13,112,5,1,0,237
2026-06-29 18:09:56,2.648,transfer,14.953,3.897,0,11,4,3.75,9,25,13.115,11.538,5,0,16,107,4,2,0,237
2026-07-01 23:43:02,2.846,transfer,13.492,2.686,2,35,2,4.0,7,13.158,12.281,16.129,6,1,17,126,1,5,0,237
2026-05-12 09:38:12,8.356,Progenitor,27.815,3.602,1,44,0,4.643,12,40,25.676,21.429,3,2,42,151,1,4,1,238
2026-05-12 18:15:50,8.083,Progenitor,25.472,4.84,3,24,0,4.63,9,32.258,27.273,16.129,4,2,27,106,1,4,0,238
2026-05-22 14:23:24,7.804,Progenitor,28.966,3.979,0,31,0,5.357,10,42.857,33.333,9.756,1,4,42,145,2,4,0,238
2026-05-22 21:04:09,7.622,Progenitor,29.915,5.063,0,21,0,4.771,10,44.444,31.25,19.048,2,5,35,117,2,3,0,238
2026-05-28 16:09:41,7.527,Progenitor,24.503,6.58,6,42,0,3.946,18,42.308,25,15.094,7,9,37,151,3,3,0,238
2026-06-02 14:21:12,7.529,Progenitor,31.2,5.371,0,11,1,5.308,8,42.857,22.222,28.947,4,2,39,125,4,2,0,238
2026-06-05 17:50:16,7.717,Progenitor,24.038,5.086,4,24,0,4.32,8,41.176,24.49,15.789,7,0,25,104,3,2,0,238
2026-06-07 18:18:38,7.904,Progenitor,35.811,7.04,1,25,0,4.623,17,48.718,33.803,26.316,3,10,53,148,0,6,0,238
2026-06-12 14:04:43,7.363,Progenitor,28.713,5.28,3,27,0,4.897,7,50,27.273,17.143,4,3,29,101,2,3,0,238
2026-06-16 00:10:57,7.265,Progenitor,18.699,2.786,1,39,1,4.522,6,27.273,14.634,16.327,3,3,23,123,2,3,0,238
2026-06-16 00:10:57,6.663,yasashiikumo,26.027,3.605,1,54,0,4.658,11,30.357,33.333,10.256,3,7,38,146,1,4,0,241
2026-06-16 23:18:25,6.39,yasashiikumo,20.652,4.637,1,16,0,4.368,9,16,28.261,9.524,3,3,19,92,4,1,0,241
2026-06-17 23:35:10,6.66,yasashiikumo,29.204,5.18,2,15,1,4.818,11,48.387,29.545,13.158,4,1,33,113,3,2,0,241
2026-06-19 05:24:35,6.757,yasashiikumo,21.154,3.056,1,24,0,4.409,8,25,24.444,15.385,2,2,22,104,4,2,0,241
2026-06-22 22:49:49,6.935,yasashiikumo,32.432,4.732,2,16,0,5.222,7,43.333,31.25,24.242,2,1,36,111,4,1,0,241
2026-06-25 00:18:18,7.212,yasashiikumo,33.083,4.715,0,13,1,5.523,6,45.455,35.593,19.512,4,2,44,133,1,4,1,241
2026-06-25 17:15:02,6.938,yasashiikumo,29.032,5.277,2,31,1,4.694,11,40,38,14.286,4,4,36,124,2,2,1,241
2026-07-01 23:43:02,6.944,yasashiikumo,34.921,6.022,2,35,0,4.023,21,44.737,36.842,19.355,4,12,44,126,1,5,0,241
2026-07-02 13:52:04,6.59,yasashiikumo,25.862,3.432,0,23,0,5.367,8,41.176,31.111,5.405,1,4,30,116,2,3,0,241
2026-07-03 21:32:13,6.494,yasashiikumo,30.973,5.159,1,13,0,4.886,9,45,34.483,17.143,5,0,35,113,3,2,1,241
2026-01-17 10:39:09,6.155,KNotAnyMore,23.529,2.942,5,54,0,3.438,18,23.333,19.643,28,8,7,32,136,4,2,0,244
2026-01-17 10:39:09,1.999,Shadow,16.176,1.64,2,54,0,3.955,10,13.333,12.5,22,7,1,22,136,4,2,0,247
2026-04-17 07:29:19,2.231,Shadow,14.085,1.674,0,33,2,5.25,4,23.077,7.407,14.286,0,1,20,142,1,5,0,247
2026-04-17 14:03:23,1.767,Shadow,13.934,2.399,2,38,1,4.294,6,18.519,10.345,16.216,2,2,17,122,1,4,0,247
2026-04-19 09:37:53,1.427,Shadow,14.679,2.891,0,14,2,5.0,4,19.355,8,21.429,3,3,16,109,4,1,0,247
2026-04-29 09:20:39,1.749,Shadow,11.429,1.503,0,18,1,4.583,4,4,5.882,27.586,2,1,12,105,2,4,0,247
2026-05-25 12:49:49,1.516,Shadow,12.687,1.591,0,15,1,5.294,2,18.75,5.556,23.333,0,1,17,134,4,2,0,247
2026-05-28 13:55:32,1.72,Shadow,10.949,1.491,0,36,1,4.733,6,13.043,6.25,16,2,1,15,137,1,5,0,247
2026-01-20 11:16:49,12.231,eternity,33.333,10.351,10,25,0,3.25,23,50,32.727,21.622,15,8,40,120,3,3,0,248
2026-03-16 13:43:54,12.229,eternity,31.731,9.554,10,19,1,3.545,17,44,37.778,14.706,13,5,33,104,4,2,0,248
2026-03-16 16:08:49,12.472,eternity,32.867,8.355,8,27,1,3.553,26,46.875,34.375,21.277,11,10,47,143,2,4,0,248
2026-03-28 22:07:01,12.259,eternity,36.17,10.507,3,12,2,3.941,16,48.276,43.243,14.286,8,7,34,94,3,2,0,248
2026-04-27 05:23:52,11.005,md22,31.818,5.796,5,26,0,4.257,12,48.387,28.261,21.212,5,6,35,110,1,5,0,250
2026-05-16 04:37:10,10.644,md22,37.594,7.649,7,25,3,4.88,16,45.455,31.818,41.176,7,5,50,133,3,2,0,250
2026-05-18 06:06:48,10.819,md22,21.93,3.713,0,17,1,5.08,5,23.077,25.806,11.538,3,2,25,114,4,2,0,250
2026-06-03 06:38:37,10.991,md22,35.664,8.77,7,25,0,4.49,17,37.5,28.788,44.444,10,6,51,143,3,3,0,250
2026-06-04 23:57:00,10.998,md22,28.462,7.125,5,30,0,3.865,17,21.875,31.667,28.947,8,6,37,130,3,3,0,250
2026-06-05 14:41:15,10.987,md22,35.333,5.513,1,23,1,5.038,11,46.667,42.105,15.909,3,4,53,150,3,3,0,250
2026-06-05 17:50:16,10.997,md22,36.508,7.267,4,28,1,4.326,20,32.258,36.667,40,7,4,46,126,1,4,0,250
2026-06-06 07:47:40,10.475,md22,35.22,6.866,1,24,0,4.607,17,43.59,41.026,16.667,3,10,56,159,3,2,1,250
2026-06-09 23:10:50,10.575,md22,31.41,4.257,3,42,0,4.653,17,38.095,28.788,29.167,6,7,49,156,4,2,0,250
2026-06-13 04:37:13,10.746,md22,22.68,5.829,0,5,1,4.682,8,25.926,25.532,13.043,3,3,22,97,2,3,0,250
2026-01-02 13:57:28,1.378,Rhummy,10.526,1.218,0,13,1,6.0,1,20,6.522,10.345,1,0,10,95,4,1,0,253
2026-01-17 00:37:47,1.711,Rhummy,7.955,1.186,2,39,3,5.0,3,13.636,4.598,8.889,2,0,14,176,1,3,2,253
2026-05-17 21:31:48,1.514,Rhummy,7.547,1.685,1,13,2,4.25,3,19.048,4.082,5.556,2,1,8,106,1,5,0,253
2026-06-18 22:34:18,1.082,Rhummy,7.194,0.736,0,23,1,5.5,1,10,7.937,2.778,1,0,10,139,2,4,0,253
2026-06-16 23:18:25,7.0,jung_wheein,24.265,5.431,5,26,1,4.576,9,40.625,14.062,27.5,7,4,33,136,1,2,2,255
2026-06-17 23:35:10,6.886,jung_wheein,25.0,4.727,0,18,2,4.533,10,32,15.385,32.558,6,2,30,120,1,3,1,255
2026-06-18 07:46:33,6.767,jung_wheein,18.103,4.793,1,18,0,4.238,7,50,7.812,18.75,4,3,21,116,4,2,0,255
2026-06-19 22:59:11,7.004,jung_wheein,29.915,4.388,2,18,0,5.657,7,55.556,18.75,37.143,6,0,35,117,4,0,1,255
2026-07-02 13:52:04,7.463,jung_wheein,23.423,6.094,4,14,2,4.077,12,26.923,18.519,29.032,7,4,26,111,1,4,0,255
2026-07-03 13:56:00,7.12,jung_wheein,23.14,4.605,1,18,0,4.75,9,36.364,16.364,25,6,1,28,121,1,4,1,255
2026-01-01 22:39:32,2.376,Patoche49,20.0,1.815,0,17,1,5.833,3,24,17.073,20.833,2,0,18,90,3,2,0,259
2026-01-17 22:50:02,2.494,Patoche49,18.71,2.02,1,37,0,5.517,5,34.211,15.068,11.364,2,1,29,155,5,1,0,259
2026-01-29 16:37:47,2.949,Patoche49,13.953,1.834,0,38,0,4.944,4,21.875,15.385,6.667,3,1,18,129,2,2,1,259
2026-03-16 13:43:54,2.926,Patoche49,18.519,1.841,1,46,1,5.44,1,26.923,11.667,22.449,2,0,25,135,3,3,0,259
2026-04-19 09:37:53,2.928,Patoche49,17.431,1.974,0,14,1,5.684,1,29.032,12,14.286,3,0,19,109,4,1,0,259
2026-05-09 21:37:31,3.247,Patoche49,18.286,1.576,2,88,1,4.5,8,19.048,18.519,17.308,4,5,32,175,2,3,1,259
2026-05-28 13:55:32,3.145,Patoche49,19.481,2.243,0,47,0,4.833,8,22.581,25.758,10.526,0,6,30,154,4,2,0,259
2026-06-06 22:27:02,3.361,Patoche49,19.718,1.745,0,22,1,5.929,4,33.333,17.46,10,1,1,28,142,2,4,0,259
2026-06-10 21:20:02,3.157,Patoche49,17.949,3.081,1,26,0,4.952,6,18.75,16.327,19.444,5,1,21,117,1,4,0,259
2026-01-11 19:25:15,5.894,AnotherWish,29.104,5.523,2,24,1,4.615,13,34.211,26.531,27.66,5,6,39,134,1,5,0,260
2026-02-17 21:05:31,5.41,AnotherWish,27.273,5.262,3,30,1,4.643,11,36.585,27.586,20,6,6,42,154,3,2,0,260
2026-03-10 10:21:36,5.536,AnotherWish,18.841,4.498,2,26,3,4.346,12,22.581,18.841,15.789,4,3,26,138,4,1,1,260
2026-04-17 14:03:23,5.826,AnotherWish,15.044,3.282,2,29,2,3.588,7,20.833,5.882,23.684,4,3,17,113,1,3,1,260
2026-05-09 21:37:31,5.604,AnotherWish,18.59,2.579,6,69,2,3.828,15,17.857,23.75,10.417,8,5,29,156,3,2,1,260
2026-05-25 14:28:52,5.721,AnotherWish,13.636,2.44,0,9,4,4.733,4,26.316,5.556,18.919,0,4,15,110,0,6,0,260
2026-07-01 23:43:02,5.06,AnotherWish,20.0,3.43,3,48,0,4.188,11,32.558,16.25,13.514,5,4,32,160,3,3,0,260
2026-05-12 18:15:50,4.889,Tvaz,23.77,3.238,1,21,1,5.207,6,41.176,17.308,16.667,4,2,29,122,3,1,1,263
2026-05-17 21:31:48,5.081,Tvaz,20.0,3.14,0,17,0,4.952,5,37.931,14.894,10.345,1,4,21,105,3,3,0,263
2026-05-18 21:53:11,5.1,Tvaz,22.137,4.447,3,27,0,4.414,12,48.387,16.981,10.638,5,5,29,131,3,3,0,263
2026-05-20 22:26:33,5.095,Tvaz,19.62,4.817,7,33,1,3.645,14,43.243,8.974,18.605,8,3,31,158,6,0,0,263
2026-05-22 21:04:09,5.665,Tvaz,23.0,4.261,0,18,0,4.522,9,33.333,21.951,15.625,3,3,23,100,4,1,0,263
2026-05-26 13:56:18,5.958,Tvaz,18.548,2.891,1,28,0,4.739,6,40.625,8.333,13.636,2,3,23,124,2,4,0,263
2026-06-03 14:14:56,5.772,Tvaz,21.93,4.457,4,24,2,4.28,10,51.724,15.909,7.317,7,1,25,114,2,3,1,263
2026-06-06 14:12:19,5.689,Tvaz,17.91,2.997,0,21,0,5.042,8,46.875,4.348,18.182,1,3,24,134,4,2,0,263
2026-06-11 18:19:17,5.893,Tvaz,23.077,5.299,4,20,0,4.417,10,45.833,16.667,15.625,4,2,24,104,3,2,0,263
2026-06-17 16:20:35,5.987,Tvaz,22.388,3.414,1,23,0,5.067,6,51.852,13.636,17.073,1,4,30,134,1,5,0,263
2026-04-18 21:12:03,5.5,LaggyGlassySky,21.429,4.119,1,23,3,4.3,13,20.513,21.538,22.222,4,6,30,140,2,2,1,265
2026-05-06 23:26:01,5.491,LaggyGlassySky,27.273,5.5,4,44,2,4.231,16,30.556,22.951,30.435,9,6,39,143,4,2,0,265
2026-06-13 07:12:37,16.717,civiltwlight,45.39,12.161,5,22,1,4.547,19,70.37,46.154,30.612,8,10,64,141,1,4,0,268
2026-06-14 06:19:48,16.438,civiltwlight,58.333,18.151,6,12,0,3.778,29,85.185,59.091,37.838,15,11,63,108,5,1,0,268
2026-06-14 14:19:33,16.811,civiltwlight,59.868,15.348,4,20,0,4.516,35,79.545,60.317,40,8,20,91,152,3,3,0,268
2026-06-16 23:18:25,16.807,civiltwlight,48.113,15.965,8,24,0,3.255,30,68.182,46.667,33.333,13,12,51,106,3,2,0,268
2026-06-17 16:20:35,17.365,civiltwlight,52.113,12.334,6,22,1,4.23,33,86.111,50,18.75,10,18,74,142,2,4,0,268
2026-06-17 23:35:10,17.264,civiltwlight,61.947,16.64,8,15,0,3.814,37,80.645,70.455,36.842,17,10,70,113,3,2,0,268
2026-06-18 07:29:56,16.891,civiltwlight,58.065,17.244,6,16,1,4.222,34,74.419,56.338,43.902,7,18,90,155,5,1,0,268
2026-06-18 07:46:33,17.199,civiltwlight,43.089,13.351,4,24,0,3.774,27,74.194,34.545,29.73,7,12,53,123,3,3,0,268
2026-06-19 22:59:11,17.223,civiltwlight,55.833,15.017,5,17,1,4.06,28,91.304,50.746,40,9,13,67,120,3,2,0,268
2026-06-25 00:18:18,17.319,civiltwlight,59.524,16.894,8,16,0,4.23,39,86.842,60.256,38.462,12,24,100,168,2,3,1,268
2026-02-13 00:43:49,2.5,icefeed2,12.025,1.508,1,52,1,5.263,3,26.471,4,14.286,2,0,19,158,0,5,1,269
2026-03-15 00:14:27,1.912,icefeed2,15.652,2.343,0,28,1,5.056,3,35.714,10.909,6.25,0,3,18,115,2,3,0,269
2026-05-12 18:15:50,1.917,icefeed2,24.088,3.784,2,32,2,5.152,9,38.235,18.31,21.875,4,3,33,137,2,3,0,269
2026-04-09 18:12:32,1.226,mitsorubi,9.804,0.745,0,21,2,6.2,0,16,6.383,10,0,0,10,102,1,3,1,271
2026-04-11 13:56:22,1.004,mitsorubi,8.511,1.025,0,19,1,6.167,2,7.895,6.452,12.195,1,0,12,141,2,4,0,271
2026-04-12 10:13:20,0.791,mitsorubi,10.309,1.886,1,12,2,5.4,2,7.692,8.333,17.391,1,0,10,97,3,2,0,271
2026-04-18 21:12:03,0.913,mitsorubi,10.714,2.665,3,27,0,4.0,5,19.231,8.475,7.407,3,3,12,112,2,2,1,271
2026-06-25 14:15:46,12.43,Mami,38.71,8.884,3,25,0,4.55,17,50,43.077,24,6,8,60,155,2,4,0,274
2026-06-25 17:15:02,12.428,Mami,34.677,6.459,5,31,0,4.93,13,58.621,33.333,20.455,8,1,43,124,2,2,1,274
2026-06-30 14:01:09,12.254,Mami,35.294,8.896,2,23,0,3.738,18,50,36.538,16.129,6,12,42,119,2,4,0,274
2026-07-01 14:17:09,12.087,Mami,29.73,6.523,1,18,0,3.909,11,52.941,28.571,17.241,3,6,22,74,2,4,0,274
2026-07-01 14:36:06,12.087,Mami,38.519,9.555,4,25,0,3.596,30,45.946,45.455,23.256,9,14,52,135,2,4,0,274
2026-07-02 13:52:04,11.908,Mami,36.207,9.244,7,23,1,4.286,18,52.941,42.222,13.514,11,4,42,116,2,3,0,274
2026-07-02 18:34:06,11.908,Mami,37.179,8.07,2,22,1,4.724,18,58.333,35.211,24.49,5,5,58,156,3,2,1,274
2026-07-03 13:56:00,11.893,Mami,42.748,11.429,9,31,0,4.196,26,60.714,53.571,19.149,11,5,56,131,5,1,0,274
2026-07-03 17:57:14,12.253,Mami,39.535,9.484,4,23,0,4.098,26,63.158,31.667,40,12,4,51,129,4,2,0,274
2026-07-05 09:14:33,12.441,Mami,45.669,11.501,4,24,0,4.069,25,53.333,50,34.146,9,14,58,127,3,3,0,274
2026-02-08 19:05:51,10.886,Kryuell,42.537,9.243,5,30,1,4.07,25,64.516,38.462,31.579,9,12,57,134,4,2,0,275
2026-05-20 14:25:13,11.079,Kryuell,25.806,4.775,4,37,0,4.688,11,37.037,21.818,23.81,5,4,32,124,1,4,0,275
2026-05-21 14:29:56,10.788,Kryuell,37.838,6.861,2,21,0,4.839,19,58.333,34.247,25.641,2,8,56,148,1,5,0,275
2026-05-22 14:23:24,10.413,Kryuell,27.869,5.583,0,24,0,4.588,13,45.161,25,17.143,3,6,34,122,4,2,0,275
2026-06-19 19:28:06,10.406,Kryuell,31.387,3.907,1,12,0,5.512,5,47.368,22.642,28.261,1,0,43,137,2,3,1,275
2026-06-19 22:59:11,10.597,Kryuell,32.624,6.79,3,18,0,4.783,14,50,30.769,22.857,6,1,46,141,1,3,1,275
2026-06-25 17:15:02,10.283,Kryuell,31.452,5.894,3,31,1,4.667,11,52,26,26.531,5,4,39,124,2,2,1,275
2026-07-01 14:17:09,10.289,Kryuell,27.027,5.175,1,18,0,4.25,8,47.059,28.571,13.793,3,3,20,74,2,4,0,275
2026-07-01 14:36:06,10.289,Kryuell,31.852,6.34,3,25,0,4.14,17,43.243,34.545,18.605,8,3,43,135,2,4,0,275
2026-07-02 13:52:04,10.098,Kryuell,27.35,3.442,1,25,0,5.281,5,50,29.825,3.125,2,1,32,117,3,2,0,275
2026-06-17 16:20:35,9.0,hmsuis,37.037,8.026,2,27,0,4.4,21,53.333,34.426,29.545,9,6,50,135,5,1,0,276
2026-06-17 23:35:10,9.093,hmsuis,27.928,4.529,1,19,0,4.839,7,52.381,25.862,15.625,3,4,31,111,2,3,0,276
2026-06-18 07:29:56,9.094,hmsuis,34.211,5.199,1,13,1,5.385,5,44.118,26.667,36.207,3,2,52,152,3,3,0,276
2026-06-18 10:54:28,9.339,hmsuis,37.255,7.885,4,22,0,4.509,22,53.846,35.211,25.581,14,6,57,153,4,2,0,276
2026-06-19 05:24:35,9.523,hmsuis,39.669,6.337,3,24,0,4.25,19,36.364,37.288,45,6,8,48,121,3,3,0,276
2026-06-20 18:11:36,9.526,hmsuis,35.897,8.263,2,11,0,4.607,9,69.231,35,20,3,3,28,78,3,1,0,276
2026-06-21 22:16:46,9.693,hmsuis,30.233,6.034,3,20,1,4.872,10,43.75,22.034,31.579,4,3,39,129,2,3,0,276
2026-06-24 20:18:32,9.596,hmsuis,33.784,6.568,5,30,0,4.66,15,50,31.507,26.667,8,6,50,148,2,4,0,276
2026-07-03 13:56:00,9.334,hmsuis,32.061,4.793,0,31,1,5.143,11,42.857,32.143,25.532,4,4,42,131,5,1,0,276
2026-07-03 21:32:13,9.694,hmsuis,36.364,5.555,0,20,0,5.042,12,63.158,30.769,13.793,3,7,48,132,1,4,1,276
2026-06-10 18:04:55,10.226,chemist,34.513,8.157,2,10,0,4.282,15,56.522,30.612,26.829,8,3,39,113,3,2,0,277
2026-06-12 18:27:27,10.311,chemist,28.767,5.469,1,17,2,4.976,10,38.889,25,26.087,2,4,42,146,2,4,0,277
2026-06-13 18:45:41,10.137,chemist,33.714,6.706,2,32,0,4.322,22,55.882,29.07,27.273,5,8,59,175,2,2,2,277
2026-06-16 00:10:57,10.153,chemist,29.452,4.514,5,54,0,4.628,12,41.071,27.451,15.385,7,5,43,146,1,4,0,277
2026-06-18 14:24:55,9.881,chemist,29.496,5.083,2,26,0,4.854,12,44.737,27.419,17.949,5,5,41,139,0,4,1,277
2026-06-20 23:27:03,9.529,chemist,20.588,4.343,1,9,1,4.81,5,15.789,20.37,24.138,1,2,21,102,3,3,0,277
2026-06-21 22:16:46,9.517,chemist,31.008,6.28,2,20,1,4.775,13,43.75,25.424,28.947,4,3,40,129,2,3,0,277
2026-06-22 21:35:21,9.42,chemist,32.804,5.985,2,40,0,4.758,16,46.667,32.584,21.818,8,7,62,189,1,3,2,277
2026-06-25 14:15:46,9.233,chemist,27.211,4.531,2,26,0,5.2,5,37.143,23.288,25.641,3,2,40,147,1,5,0,277
2026-07-03 17:57:14,8.894,chemist,26.415,6.089,3,17,0,4.143,11,43.478,26.829,16.667,6,2,28,106,4,2,0,277
2026-04-17 17:36:21,21.681,akatsuki,66.019,25.112,14,15,1,2.897,50,95,71.739,43.243,17,25,68,103,2,3,0,282
2026-04-21 10:13:47,21.578,akatsuki,64.865,24.437,11,16,0,3.306,43,72,73.077,47.059,15,22,72,111,4,1,0,282
2026-04-21 13:51:52,21.895,akatsuki,67.2,25.088,18,18,0,3.274,52,70.588,81.481,43.243,27,19,84,125,3,3,0,282
2026-04-30 07:23:58,21.887,akatsuki,68.254,24.037,24,13,0,3.035,57,85.294,66.667,56.098,29,24,86,126,3,3,0,282
2026-05-05 14:09:04,21.882,akatsuki,68.992,24.209,19,21,0,3.472,52,70.588,80.702,50,25,20,89,129,3,1,1,282
2026-05-16 13:47:04,22.092,akatsuki,71.429,27.745,12,13,0,3.422,52,72.222,78.261,58.974,23,22,90,126,3,3,0,282
2026-05-17 09:37:26,22.074,akatsuki,78.07,26.205,12,10,0,3.573,45,88.889,83.929,58.065,16,21,89,114,4,2,0,282
2026-05-22 14:23:24,22.265,akatsuki,70.748,22.566,15,12,0,3.558,57,76.19,73.333,62.222,18,37,104,147,2,3,1,282
2026-06-11 14:01:41,22.186,akatsuki,71.074,25.25,23,13,0,3.116,56,75,76.271,53.846,27,20,86,121,3,2,0,282
2026-07-05 09:14:33,22.282,akatsuki,81.379,26.887,17,9,0,3.415,71,93.75,82.895,67.568,24,38,118,145,3,3,0,282
2026-02-04 12:07:51,6.004,miiarad,28.671,5.176,2,31,0,4.805,12,34.211,26.562,26.829,4,6,41,143,3,2,1,285
2026-03-25 10:07:16,6.105,miiarad,20.896,3.39,0,15,1,5.25,7,25.714,18.75,20,6,3,28,134,1,5,0,285
2026-04-29 18:16:04,5.626,miiarad,22.759,3.869,2,34,0,4.333,12,28.947,24.242,14.634,2,9,33,145,1,5,0,285
2026-05-03 13:50:06,5.176,miiarad,19.802,3.546,1,19,0,4.75,5,29.167,19.565,12.903,2,3,20,101,1,4,0,285
2026-05-27 14:37:10,4.829,miiarad,25.0,5.185,3,35,0,4.639,12,36.667,21.667,22.222,7,5,36,144,4,2,0,285
2026-05-28 13:55:32,5.031,miiarad,27.273,5.555,7,47,0,3.881,20,16.129,40.909,17.544,10,5,42,154,4,2,0,285
2026-05-28 18:22:53,5.255,miiarad,28.261,3.943,1,20,0,4.923,7,26.667,29.412,27.5,3,3,39,138,2,4,0,285
2026-06-06 14:12:19,5.031,miiarad,27.536,5.342,1,19,0,4.737,11,37.143,19.298,30.435,2,6,38,138,2,4,0,285
2026-06-12 14:04:43,6.69,Lakumix,25.62,4.968,2,22,1,4.774,9,37.037,25.532,19.149,6,0,31,121,4,1,0,286
2026-06-17 23:35:10,6.966,Lakumix,27.2,8.46,7,24,3,3.618,16,25.806,23.529,32.558,11,3,34,125,4,1,0,286
2026-06-21 22:16:46,7.326,Lakumix,27.049,7.561,2,16,4,3.97,15,29.167,23.729,30.769,4,6,33,122,3,2,0,286
2026-06-22 22:49:49,7.418,Lakumix,34.454,6.792,2,5,0,4.683,12,34.375,31.915,37.5,7,1,41,119,5,0,0,286
2026-06-25 14:15:46,7.864,Lakumix,23.077,5.626,2,19,2,4.545,11,17.647,17.742,34.043,5,3,33,143,4,2,0,286
2026-06-25 17:15:02,7.862,Lakumix,28.226,7.017,8,31,1,4.6,13,41.379,27.451,20.455,10,3,35,124,2,2,1,286
2026-06-30 14:01:09,8.043,Lakumix,22.148,3.98,3,29,1,4.758,10,26.19,18.462,23.81,4,2,33,149,2,4,0,286
2026-07-02 13:52:04,7.857,Lakumix,28.182,7.117,3,19,3,3.935,16,20,35.556,26.667,8,5,31,110,4,1,0,286
2026-07-04 14:18:33,8.123,Lakumix,28.148,6.703,2,9,0,4.553,16,25,27.869,30.952,9,3,38,135,4,2,0,286
2026-07-05 14:02:38,8.321,Lakumix,27.481,6.689,4,24,0,4.306,16,43.333,22.951,22.5,7,3,36,131,5,1,0,286
2026-03-12 22:28:14,7.94,Provenance,27.215,5.693,2,33,0,4.651,12,34.286,24.675,26.087,4,5,43,158,3,3,0,289
2026-03-15 00:14:27,7.958,Provenance,25.424,4.776,0,24,0,4.467,11,42.857,20.833,19.048,0,4,30,118,0,5,0,289
2026-03-20 22:04:30,7.498,Provenance,31.373,6.576,4,35,0,4.062,25,52.778,25.926,22.222,5,13,48,153,3,3,0,289
2026-06-07 04:19:09,7.483,Provenance,28.099,4.151,1,11,2,5.441,7,50,25.455,15.789,2,4,34,121,2,3,0,289
2026-06-18 22:34:18,7.306,Provenance,28.0,4.533,1,24,1,4.667,12,45,23.288,18.919,7,0,42,150,3,3,0,289
2026-06-19 19:28:06,7.292,Provenance,22.222,4.901,0,10,3,4.545,8,38.095,17.241,20,4,1,22,99,1,5,0,289
2026-06-19 21:13:50,6.958,Provenance,25.664,5.832,2,15,0,4.517,10,30.769,28.571,16.129,2,4,29,113,3,2,0,289
2026-06-20 23:27:03,7.048,Provenance,26.923,5.437,0,2,2,4.771,8,33.333,28.571,16.667,3,1,35,130,4,2,0,289
2026-06-22 00:04:06,7.25,Provenance,22.33,6.124,3,7,2,4.391,9,21.739,16.981,33.333,5,3,23,103,2,3,0,289
2026-06-28 00:57:32,7.15,Provenance,24.427,5.451,3,17,0,4.688,12,25,21.875,28.571,4,4,32,131,5,1,0,289
2026-01-26 00:05:52,4.643,ss_r_white_pony,20.455,3.18,1,25,1,5.0,7,15.152,21.053,23.81,4,1,27,132,3,3,0,291
2026-02-14 14:04:22,4.65,ss_r_white_pony,16.912,3.334,1,21,0,4.913,5,11.111,21.667,14.286,2,1,23,136,3,3,0,291
2026-03-05 20:48:03,4.655,ss_r_white_pony,25.14,3.149,3,37,1,5.422,7,40,19.192,25,3,4,45,179,3,2,1,291
2026-03-06 10:48:41,4.756,ss_r_white_pony,21.127,2.433,0,47,0,5.067,4,21.053,8.197,39.535,2,4,30,142,2,4,0,291
2026-03-19 11:00:41,4.551,ss_r_white_pony,24.845,2.975,1,43,0,5.35,12,30,28.169,16,5,4,40,161,2,3,1,291
2026-03-22 14:22:46,4.456,ss_r_white_pony,15.323,2.192,1,39,0,5.0,4,8,17.544,16.667,4,3,19,124,3,2,0,291
2026-04-02 13:54:01,4.556,ss_r_white_pony,16.279,3.28,1,22,0,5.143,6,25.926,13.333,14.286,3,2,21,129,4,2,0,291
2026-04-12 10:13:20,4.74,ss_r_white_pony,12.222,4.418,2,11,2,3.727,5,8.696,2.381,32,3,1,11,90,3,2,0,291
2026-04-21 00:49:52,4.833,ss_r_white_pony,18.182,2.328,0,15,0,5.273,3,15.385,21.429,15.385,1,2,22,121,2,4,0,291
2026-04-23 10:37:04,4.638,ss_r_white_pony,22.517,4.14,3,27,1,5.147,9,26.471,25.373,16,6,2,34,151,4,1,1,291
2026-06-13 04:37:13,6.529,FeyFey,16.129,4.08,2,18,3,4.9,6,25.806,5.556,23.077,3,0,20,124,1,4,0,292
2026-06-13 07:12:37,6.267,FeyFey,19.697,3.858,1,11,2,5.423,7,25,15.517,20.588,3,1,26,132,0,5,0,292
2026-06-15 06:22:37,5.812,FeyFey,18.621,2.821,5,45,0,4.0,9,23.077,13.235,23.684,5,2,27,145,4,2,0,292
2026-06-18 07:46:33,5.989,FeyFey,19.014,4.382,2,17,0,4.593,9,25.641,12.698,22.5,3,1,27,142,3,3,0,292
2026-06-19 19:28:06,5.972,FeyFey,19.192,3.079,0,10,1,5.158,6,23.81,17.241,20,1,1,19,99,1,5,0,292
2026-06-20 23:27:03,5.649,FeyFey,14.706,2.419,1,14,2,5.4,3,21.053,15.873,5.714,1,1,20,136,1,5,0,292
2026-06-21 22:16:46,5.298,FeyFey,18.548,2.674,1,18,3,5.522,4,22.727,18.31,16.129,3,1,23,124,2,3,0,292
2026-06-22 22:49:49,5.205,FeyFey,23.077,3.176,2,19,3,5.593,4,22.222,23.529,23.333,3,1,27,117,2,3,0,292
2026-06-28 00:57:32,5.116,FeyFey,18.705,3.094,1,19,0,5.115,7,20,15,23.077,2,1,26,139,4,2,0,292
2026-06-29 18:09:56,5.294,FeyFey,16.197,3.289,2,26,1,4.913,9,16.667,16.176,15.789,4,2,23,142,3,3,0,292
2026-05-27 11:00:45,24.471,channina,78.808,32.438,21,16,0,3.454,65,96.667,83.784,59.574,26,29,119,151,3,3,0,301
2026-05-30 04:57:21,24.466,channina,83.824,32.285,18,8,0,3.596,66,96.429,90,63.158,22,41,114,136,3,3,0,301
2026-06-02 14:21:12,24.465,channina,76.389,27.503,11,10,0,3.8,57,90,79.365,58.537,17,41,110,144,1,5,0,301
2026-06-03 04:26:23,24.108,channina,79.661,26.26,19,12,0,3.468,54,85.714,86.667,68.889,19,31,94,118,0,5,0,301
2026-06-06 07:47:40,23.641,channina,82.308,31.027,24,14,0,3.178,70,92.857,87.302,66.667,31,30,107,130,2,4,0,301
2026-06-11 04:24:29,23.458,channina,83.571,31.434,18,9,0,3.325,76,90,85.915,74.359,23,40,117,140,2,3,0,301
2026-06-14 06:19:48,23.368,channina,79.839,28.891,18,6,0,3.495,52,94.286,79.661,63.333,25,26,99,124,3,3,0,301
2026-06-18 07:46:33,23.363,channina,73.944,25.062,9,17,0,3.495,61,87.179,74.603,60,12,32,105,142,3,3,0,301
2026-06-19 22:59:11,23.345,channina,78.788,27.658,10,9,0,3.397,46,100,84,58.065,14,27,78,99,2,3,0,301
2026-06-22 22:49:49,23.256,channina,85.714,30.089,17,5,0,3.324,63,81.25,89.362,85,23,31,102,119,5,0,0,301
2026-06-01 05:57:19,10.027,kaededayo,40.559,6.8,3,33,0,4.5,19,63.158,31.343,34.211,6,8,58,143,1,5,0,307
2026-06-07 04:19:09,9.524,kaededayo,38.298,5.818,1,21,0,5.056,11,61.765,30.159,31.818,3,5,54,141,1,4,0,307
2026-06-17 23:35:10,8.942,kaededayo,40.708,9.173,4,15,0,4.348,19,58.065,29.545,39.474,11,2,46,113,3,2,0,307
2026-06-18 10:54:28,9.051,kaededayo,35.526,5.752,1,32,0,4.741,15,44.828,34.615,31.111,2,4,54,152,1,4,1,307
2026-06-24 20:18:32,8.761,kaededayo,29.71,5.911,3,30,0,4.463,15,50,21.429,30.952,3,9,41,138,3,3,0,307
2026-06-27 17:17:15,8.772,kaededayo,37.931,9.358,4,9,0,4.364,16,45.161,30.952,39.535,6,7,44,116,4,2,0,307
2026-06-28 00:57:32,8.96,kaededayo,38.028,7.663,2,15,0,4.519,15,54.286,31.343,35,3,5,54,142,0,5,1,307
2026-06-28 15:10:06,8.474,kaededayo,30.081,5.363,0,22,0,4.459,12,53.333,16.364,31.579,1,11,37,123,1,5,0,307
2026-07-01 14:17:09,8.096,kaededayo,43.284,8.421,3,11,0,4.276,10,56.25,34.375,47.368,4,3,29,67,3,3,0,307
2026-07-01 14:36:06,8.096,kaededayo,40.0,9.446,7,20,0,3.854,21,61.29,27.778,40,11,6,48,120,3,3,0,307
2026-06-19 22:59:11,9.502,beautiful,32.039,7.187,2,19,0,4.606,12,47.059,29.31,28.571,5,4,33,103,3,2,0,311
2026-06-21 22:16:46,9.59,beautiful,32.258,5.812,2,18,1,5.05,10,40.909,35.211,19.355,5,2,40,124,2,3,0,311
2026-06-22 22:49:49,9.498,beautiful,45.133,9.438,4,15,1,4.549,14,52.778,46.154,36.842,5,7,51,113,1,4,0,311
2026-06-23 23:11:54,9.232,beautiful,47.2,9.807,5,26,0,4.203,22,63.83,33.333,44.444,11,5,59,125,4,2,0,311
2026-06-25 17:15:02,9.406,beautiful,35.294,7.366,3,32,1,4.238,14,59.259,38.298,17.778,5,5,42,119,3,2,0,311
2026-06-30 14:01:09,9.308,beautiful,41.096,8.624,2,28,0,4.133,20,45.161,54.688,21.569,11,7,60,146,4,2,0,311
2026-07-01 14:17:09,9.486,beautiful,31.667,5.854,1,13,0,4.263,6,66.667,29.167,9.524,4,2,19,60,1,5,0,311
2026-07-01 14:36:06,9.486,beautiful,38.686,7.01,3,26,0,4.321,18,63.158,32.759,24.39,7,9,53,137,1,5,0,311
2026-07-02 13:52:04,9.138,beautiful,47.273,8.618,1,19,0,4.462,17,62.857,42.222,36.667,5,2,52,110,4,1,0,311
2026-07-04 14:18:33,9.405,beautiful,40.146,7.657,1,15,0,4.8,16,57.895,37.736,28.261,3,5,55,137,3,3,0,311
2026-04-30 07:23:58,4.766,HakuiKoyori,19.048,2.843,0,13,1,4.875,7,26.471,19.608,12.195,2,3,24,126,3,3,0,316
2026-05-04 06:27:59,4.761,HakuiKoyori,14.844,2.063,1,29,0,5.263,5,17.143,15.094,12.5,1,4,19,128,2,4,0,316
2026-05-16 04:37:10,4.54,HakuiKoyori,16.296,1.061,0,22,2,6.318,1,14.286,14.706,20.513,1,1,22,135,1,3,1,316
2026-05-17 07:27:17,4.128,HakuiKoyori,10.145,1.457,2,52,0,5.0,4,12.903,10.169,8.333,2,0,14,138,1,3,1,316
2026-05-27 04:53:54,3.914,HakuiKoyori,20.805,3.393,1,9,3,5.29,5,25.714,20.833,16.667,1,2,31,149,3,2,1,316
2026-05-30 21:04:03,4.014,HakuiKoyori,14.035,2.492,0,12,1,5.0,5,13.793,10.909,20,1,2,16,114,2,4,0,316
2026-06-01 05:57:19,4.014,HakuiKoyori,11.111,2.173,1,25,3,4.143,6,2.857,7.812,29.63,1,3,14,126,3,3,0,316
2026-06-03 06:38:37,3.827,HakuiKoyori,14.729,1.962,0,14,2,5.158,1,17.857,14.754,12.5,0,4,19,129,4,2,0,316
2026-06-11 04:24:29,4.017,HakuiKoyori,21.488,3.38,0,12,0,5.077,7,15.385,15.789,34.211,1,1,26,121,4,1,0,316
2026-06-22 21:35:21,4.338,HakuiKoyori,16.352,2.291,1,39,2,5.5,4,26.316,14.286,11.765,1,3,26,159,4,2,0,316
2026-01-01 22:39:32,8.019,Hyo,29.661,5.902,3,22,0,4.429,16,42.424,21.739,28.205,5,5,35,118,2,3,0,317
2026-01-03 00:30:48,7.924,Hyo,24.627,5.482,2,28,1,4.182,16,30.952,21.818,21.622,4,7,33,134,2,4,0,317
2026-01-05 00:32:24,7.721,Hyo,23.438,4.132,2,38,1,4.5,10,32.143,18.966,23.81,7,2,30,128,4,2,0,317
2026-01-17 10:53:12,7.936,Hyo,23.596,5.951,2,26,1,4.667,16,38.636,17.284,20.755,8,4,42,178,6,0,0,317
2026-01-25 09:22:33,7.186,Nephirea,23.944,3.165,0,17,2,5.382,6,31.707,22.059,18.182,3,1,34,142,4,2,0,318
2026-05-25 12:49:49,7.412,Nephirea,22.5,4.441,0,21,1,4.407,9,22.222,19.298,29.63,0,7,27,120,3,3,0,318
2026-06-03 14:14:56,7.421,Nephirea,32.0,5.339,2,30,0,4.45,15,35.135,28.261,33.333,6,7,40,125,2,4,0,318
2026-06-22 00:04:06,7.173,Nephirea,23.704,3.35,1,19,4,5.812,5,17.857,22.857,29.73,2,3,32,135,2,2,1,318
2026-01-31 08:22:55,5.0,YunnN,25.0,3.425,0,6,1,5.519,3,27.586,19.608,32.143,0,2,27,108,3,2,0,320
2026-04-22 15:13:20,5.128,YunnN,20.548,3.232,2,27,1,5.167,9,19.355,20.548,21.429,3,3,30,146,2,4,0,320
2026-04-28 14:08:03,4.887,YunnN,27.273,7.512,2,16,0,3.917,13,25,31.429,24.242,5,5,24,88,5,0,0,320
2026-01-22 09:18:28,6.5,jaimeywea,23.602,4.91,4,42,0,4.763,12,45.946,18.421,14.583,6,5,38,161,2,4,0,321
2026-01-27 05:46:13,6.249,jaimeywea,23.841,3.009,1,29,0,5.194,6,40.909,18.31,13.889,4,0,36,151,3,2,1,321
2026-01-31 08:22:55,6.366,jaimeywea,19.841,3.179,0,14,0,5.08,4,30.303,20,10.526,0,2,25,126,1,3,1,321
2026-03-05 09:50:08,6.141,jaimeywea,26.471,3.915,2,23,0,4.917,7,42.857,21.429,20,3,1,36,136,4,2,0,321
2026-03-27 05:20:46,6.366,jaimeywea,25.0,3.278,2,43,1,4.472,12,28.947,20.635,27.907,4,6,36,144,3,3,0,321
2026-04-12 04:56:46,6.358,jaimeywea,29.655,5.347,2,23,1,4.907,11,28,30.488,28.947,6,1,43,145,3,3,0,321
2026-05-24 13:57:54,6.359,jaimeywea,25.225,2.9,1,26,0,5.357,5,26.923,28.846,18.182,2,1,28,111,2,3,0,321
2026-06-03 04:26:23,6.244,jaimeywea,36.913,3.758,0,16,0,5.564,6,43.902,40,28.302,0,1,55,149,3,2,0,321
2026-03-16 13:43:54,2.197,Catge,18.519,1.629,0,46,1,5.52,1,34.615,8.333,22.449,2,0,25,135,3,3,0,322
2026-04-19 07:32:45,2.199,Catge,12.605,1.066,0,23,0,5.333,1,8,11.321,17.073,1,0,15,119,4,2,0,322
2026-04-23 15:00:23,2.414,Catge,17.808,2.107,1,26,0,5.846,3,25,13.924,20.93,1,2,26,146,3,3,0,322
2026-04-27 05:23:52,2.399,Catge,15.455,2.354,1,26,2,4.647,5,29.032,6.522,15.152,3,2,17,110,1,5,0,322
2026-05-09 06:27:18,1.962,Catge,14.57,1.475,0,23,3,5.636,2,22.222,10,18.182,1,1,22,151,3,3,0,322
2026-05-11 08:22:11,1.962,Catge,13.274,1.456,0,28,0,5.4,4,26.087,9.091,12.5,1,3,15,113,5,1,0,322
2026-05-12 14:05:09,2.393,Catge,15.179,1.71,1,10,1,5.529,3,21.053,13.115,15.625,2,1,17,112,1,5,0,322
2026-06-01 05:57:19,1.944,Catge,19.745,1.798,0,26,1,5.742,5,30.435,12.5,19.149,0,3,31,157,4,2,0,322
2026-06-05 08:39:16,2.156,Catge,12.598,1.316,1,29,1,6.125,3,18.919,14.286,2.941,1,2,16,127,2,4,0,322
2026-06-07 08:09:22,1.844,Catge,16.578,1.473,0,25,5,6.29,2,16.667,13.75,20.339,0,1,31,187,3,3,0,322
2026-05-22 21:04:09,6.735,Swapin,26.271,4.077,1,24,0,5.065,8,57.576,15.909,12.195,2,5,31,118,2,3,0,325
2026-06-01 18:21:54,6.638,Swapin,30.769,5.219,4,36,1,5.077,13,48.718,23.81,28.261,5,5,52,169,1,3,2,325
2026-06-03 18:55:58,6.441,Swapin,19.841,2.277,1,21,1,5.72,3,25,19.048,17.949,1,1,25,126,3,3,0,325
2026-06-09 18:18:54,6.45,Swapin,25.735,4.147,1,18,0,5.057,7,41.176,13.636,33.333,6,0,35,136,2,4,0,325
2026-06-10 18:04:55,6.271,Swapin,25.714,4.486,1,15,0,4.889,5,44.828,22.917,10.714,2,5,27,105,1,4,0,325
2026-06-10 21:20:02,5.984,Swapin,33.588,4.283,1,27,0,5.364,9,36.111,29.231,40,2,2,44,131,3,2,0,325
2026-06-13 18:45:41,6.079,Swapin,29.518,4.981,2,31,0,4.796,14,48.649,23.288,25,5,0,49,166,3,2,1,325
2026-06-25 00:18:18,6.163,Swapin,20.144,4.005,1,15,3,5.0,7,40,11.111,19.565,1,4,28,139,3,3,0,325
2026-07-02 18:34:06,6.175,Swapin,31.41,4.713,1,22,1,5.367,6,58.333,18.31,30.612,1,6,49,156,3,2,1,325
2026-07-03 21:32:13,6.259,Swapin,32.044,4.033,1,24,0,5.448,8,49.091,18.824,36.585,5,2,58,181,2,1,3,325
2026-01-02 00:57:04,5.606,pomo,22.603,4.368,5,32,2,4.848,12,22.5,17.647,31.579,6,3,33,146,2,4,0,326
2026-01-07 14:00:01,5.381,pomo,21.014,3.261,0,21,0,5.241,6,25.641,19.048,19.444,3,2,29,138,5,0,0,326
2026-01-14 17:31:59,5.933,pomo,19.38,3.628,2,26,0,4.52,7,37.037,12.698,17.949,2,4,25,129,2,3,0,326
2026-01-29 00:15:00,5.828,pomo,36.719,7.13,3,21,0,4.298,17,36.585,27.778,51.515,9,7,47,128,5,1,0,326
2026-02-02 00:40:03,6.251,pomo,23.188,5.706,5,35,2,4.438,11,23.256,17.241,32.432,8,1,32,138,3,3,0,326
2026-03-28 22:07:01,6.239,pomo,29.787,7.702,3,12,1,4.321,12,24.138,35.135,28.571,6,4,28,94,3,2,0,326
2026-04-02 18:30:27,6.346,pomo,26.316,4.313,2,21,0,5.229,8,27.027,24.194,29.412,2,6,35,133,2,3,0,326
2026-04-17 14:03:23,6.223,pomo,17.213,3.06,1,38,0,4.048,10,25.926,12.069,18.919,3,3,21,122,1,4,0,326
2026-04-19 14:28:30,5.904,pomo,29.032,5.304,3,33,0,4.956,10,37.143,22.222,33.333,5,2,45,155,4,2,0,326
2026-07-05 09:14:33,6.113,pomo,18.11,4.566,2,24,2,4.304,11,13.333,10.714,31.707,6,2,23,127,3,3,0,326
2026-01-26 19:25:39,6.778,Flato,19.492,3.68,1,26,2,4.957,6,38.71,16.071,6.452,3,1,23,118,2,2,1,327
2026-01-27 02:46:22,6.783,Flato,28.873,3.953,3,34,0,5.293,7,39.394,21.875,31.111,3,3,41,142,1,4,1,327
2026-01-27 19:12:40,6.499,Flato,27.273,4.951,1,16,1,4.636,8,41.667,23.81,23.529,6,1,33,121,4,2,0,327
2026-01-30 19:32:32,6.716,Flato,33.884,4.991,1,18,0,5.024,10,64,21.311,34.286,3,6,41,121,2,4,0,327
2026-01-31 23:17:02,6.49,Flato,28.8,6.011,2,16,1,4.417,15,65.517,23.881,3.448,11,0,36,125,4,2,0,327
2026-02-07 22:12:56,6.679,Flato,32.353,7.382,7,26,1,4.364,15,59.259,26.154,25,11,1,44,136,3,3,0,327
2026-02-13 00:43:49,6.664,Flato,26.4,5.709,4,28,0,4.182,16,44.444,20.755,16.667,6,5,33,125,4,1,1,327
2026-03-04 05:02:33,6.973,Flato,30.827,4.142,0,16,1,5.293,8,60.714,21.127,26.471,2,4,41,133,1,4,1,327
2026-06-09 23:10:50,6.667,Flato,35.043,4.64,1,27,0,4.659,16,66.667,23.077,25.714,5,10,41,117,4,2,0,327
2026-07-03 21:32:13,6.905,Flato,40.331,7.118,3,24,1,4.89,19,74.545,22.353,31.707,8,9,73,181,2,1,3,327
2026-01-04 06:10:39,4.166,tskr,21.264,3.14,2,47,1,4.973,7,22.857,18.824,24.074,4,2,37,174,3,2,1,328
2026-01-12 05:30:57,4.263,tskr,17.241,3.084,0,13,1,4.75,7,20.833,18,14.286,2,1,20,116,2,3,0,328
2026-01-29 13:10:54,4.159,tskr,16.923,2.442,1,17,1,5.227,5,19.231,15.942,17.143,3,1,22,130,2,3,1,328
2026-02-04 12:07:51,4.046,tskr,18.881,3.595,3,31,1,5.0,7,13.158,17.188,26.829,5,2,27,143,3,2,1,328
2026-03-06 10:48:41,4.134,tskr,19.118,2.226,0,41,0,5.077,6,12.903,12.121,35.897,1,2,26,136,3,3,0,328
2026-03-17 10:03:05,4.143,tskr,25.517,3.405,2,37,0,5.324,7,32.609,20.339,25,6,0,37,145,3,2,1,328
2026-03-19 11:00:41,4.239,tskr,24.444,4.864,6,28,1,4.394,10,27.027,21.667,26.316,6,3,33,135,6,0,0,328
2026-03-22 07:43:08,4.847,tskr,18.667,3.569,1,14,3,5.286,4,18.919,17.188,20.408,2,1,28,150,2,4,0,328
2026-05-16 04:37:10,4.645,tskr,12.5,2.678,1,8,0,4.364,4,15.789,10.417,14.286,2,1,11,88,1,4,0,328
2026-05-17 09:37:26,9.001,_nadeshiko,30.579,6.444,2,12,1,4.703,11,54.839,26.667,13.333,4,4,37,121,3,3,0,330
2026-05-21 14:29:56,9.007,_nadeshiko,29.054,5.275,3,21,3,4.86,10,50,30.137,7.692,3,4,43,148,1,5,0,330
2026-05-27 11:00:45,8.611,_nadeshiko,26.25,6.868,2,27,4,4.5,14,51.282,25.352,8,6,5,42,160,2,4,0,330
2026-05-28 10:37:26,8.396,_nadeshiko,37.671,7.71,6,41,0,4.145,19,75,33.824,17.391,10,4,55,146,2,4,0,330
2026-06-05 08:39:16,8.197,_nadeshiko,31.973,7.341,6,29,1,4.298,20,60.465,26.761,6.061,11,4,47,147,4,2,0,330
2026-06-13 04:37:13,8.389,_nadeshiko,31.897,7.575,2,15,1,4.919,12,40,32.727,25,3,3,37,116,5,0,0,330
2026-06-13 07:12:37,8.899,_nadeshiko,37.121,6.603,0,11,0,5.204,10,52.5,36.207,20.588,2,3,49,132,0,5,0,330
2026-06-17 23:35:10,8.392,_nadeshiko,29.6,6.13,1,24,0,4.405,14,45.161,29.412,18.605,6,4,37,125,4,1,0,330
2026-06-28 00:57:32,8.694,_nadeshiko,37.179,8.951,6,23,0,4.483,21,56.41,33.333,25,9,13,58,156,2,3,1,330
2026-06-30 05:07:25,8.581,_nadeshiko,34.969,6.877,1,9,1,5.386,14,54.286,28.767,30.909,4,2,57,163,2,3,1,330
2026-01-02 00:57:04,3.0,Mangalodon,15.909,1.925,1,41,5,5.321,6,28.571,14.815,7.547,2,2,28,176,3,2,1,332
2026-05-09 21:37:31,4.418,xeyz,21.019,2.292,6,73,0,4.424,11,20,23.944,17.647,7,2,33,157,2,4,0,335
2026-05-15 17:46:44,4.196,xeyz,21.348,2.724,0,28,0,4.895,3,53.333,15.909,13.333,0,1,19,89,0,5,0,335
2026-05-20 18:28:10,3.137,xeyz,15.672,2.338,0,21,2,5.143,6,23.077,13.433,14.634,4,1,21,134,2,4,0,335
2026-05-28 16:09:41,2.924,xeyz,13.475,2.012,0,42,2,5.211,6,18.182,10.909,13.208,2,2,19,141,3,3,0,335
2026-05-28 18:22:53,2.912,xeyz,17.164,3.109,1,28,0,4.565,8,37.037,15,8.511,3,2,23,134,3,3,0,335
2026-06-05 17:50:16,2.913,xeyz,17.0,1.961,0,21,2,5.529,4,21.739,14.634,16.667,2,1,17,100,1,4,0,335
2026-06-09 23:10:50,2.291,xeyz,23.148,2.93,1,20,1,4.68,8,28.571,32,3.333,5,0,25,108,2,4,0,335
2026-06-10 18:04:55,2.07,xeyz,23.0,3.811,0,15,0,4.696,6,30.435,25,13.793,1,1,23,100,5,0,0,335
2026-06-16 00:10:57,2.584,xeyz,17.895,2.165,1,22,0,5.176,4,28.571,17.5,7.407,2,1,17,95,4,1,0,335
2026-06-18 14:24:55,2.893,xeyz,20.863,3.048,1,26,2,5.241,6,34.211,19.355,10.256,4,3,29,139,0,4,1,335
2026-05-29 07:43:45,4.993,fiftypercentweeb,20.567,3.443,1,37,0,4.31,10,53.846,14.667,10,4,4,29,141,3,3,0,336
2026-05-31 06:42:17,5.174,fiftypercentweeb,21.519,4.362,2,20,4,5.059,9,50,16.456,12.245,2,2,34,158,3,3,0,336
2026-06-01 05:57:19,5.002,fiftypercentweeb,23.077,2.841,0,33,0,5.182,8,39.474,10.448,28.947,2,4,33,143,1,5,0,336
2026-06-07 04:19:09,4.731,fiftypercentweeb,30.833,5.012,3,16,1,5.27,7,51.724,16.327,33.333,5,0,37,120,3,2,0,336
2026-06-09 23:10:50,4.731,fiftypercentweeb,29.487,3.547,4,42,0,4.935,13,42.857,19.697,31.25,5,5,46,156,4,2,0,336
2026-06-10 21:20:02,5.104,fiftypercentweeb,24.348,3.856,2,22,0,4.893,5,48.387,18.519,10,3,0,28,115,2,3,0,336
2026-06-13 04:37:13,5.017,fiftypercentweeb,34.228,6.877,0,19,4,5.118,14,57.143,22.034,32.727,3,6,51,149,1,4,0,336
2026-06-13 07:12:37,4.724,fiftypercentweeb,34.437,6.724,1,11,1,5.173,12,56.818,28.125,20.93,6,3,52,151,5,0,0,336
2026-06-18 14:24:55,5.203,fiftypercentweeb,31.757,4.889,0,26,1,4.723,13,55.882,18.182,33.333,2,5,47,148,2,2,1,336
2026-06-20 23:27:03,5.204,fiftypercentweeb,21.569,4.648,0,9,0,4.682,6,42.105,12.963,24.138,0,3,22,102,3,3,0,336
2026-01-19 07:43:44,3.698,ranny,13.281,3.233,2,21,0,4.118,7,16.667,15.714,5.882,4,1,17,128,4,2,0,338
2026-01-24 06:26:17,3.896,ranny,13.072,1.829,0,25,1,5.0,4,25.926,12.5,6.522,2,0,20,153,2,3,1,338
2026-01-25 09:22:33,3.788,ranny,18.125,1.226,0,28,2,6.345,1,40,13.58,5.128,0,0,29,160,3,3,0,338
2026-04-10 07:34:26,3.779,ranny,19.753,2.253,1,31,1,5.812,3,17.143,23.684,15.686,1,1,32,162,3,1,1,338
2026-04-14 07:36:39,3.989,ranny,14.894,1.294,0,24,1,6.048,1,22.581,11.594,14.634,0,2,21,141,1,5,0,338
2026-04-16 06:43:37,3.622,ranny,10.458,1.198,0,33,0,4.875,5,21.622,7.246,6.383,2,1,16,153,4,2,0,338
2026-06-04 07:25:31,3.822,ranny,13.953,1.865,3,52,2,5.167,6,26.667,1.408,19.643,4,2,24,172,3,2,1,338
2026-06-05 06:23:16,3.931,ranny,12.5,2.544,1,18,4,5.211,5,14.894,9.589,15.625,4,0,19,152,1,5,0,338
2026-06-06 07:47:40,3.55,ranny,13.846,1.679,0,14,2,5.444,2,28.571,11.111,7.692,0,1,18,130,2,4,0,338
2026-06-15 06:22:37,3.359,ranny,15.504,2.028,1,32,1,4.25,8,26.316,9.091,13.889,3,3,20,129,3,3,0,338
2026-05-09 10:03:51,2.542,inta,20.261,2.042,3,59,0,4.226,12,20.513,21.667,18.519,7,5,31,153,3,3,0,343
2026-05-11 08:22:11,3.097,inta,14.599,1.501,1,36,1,5.6,4,17.949,16.129,8.333,3,0,20,137,3,3,0,343
2026-05-12 09:38:12,2.785,inta,15.441,1.99,2,30,1,5.0,5,25.641,17.46,0,3,2,21,136,4,2,0,343
2026-05-14 21:21:37,2.976,inta,14.783,3.759,2,16,2,5.0,4,20,14.894,10.526,4,0,17,115,3,2,0,343
2026-05-15 07:01:20,3.081,inta,10.596,1.552,1,47,2,4.625,7,5.882,10,16.216,2,2,16,151,2,4,0,343
2026-05-16 10:16:26,2.887,inta,11.111,1.32,0,19,3,5.842,2,17.391,9.639,7.143,1,1,19,171,3,3,0,343
2026-05-17 09:37:26,2.899,inta,17.582,1.843,0,10,0,5.625,2,56.25,6.25,14.815,0,1,16,91,3,3,0,343
2026-05-18 15:08:53,2.893,inta,13.816,1.476,0,24,2,5.714,3,34.286,9.211,4.878,1,1,21,152,5,1,0,343
2026-05-21 07:13:01,3.251,inta,12.195,1.237,0,26,0,5.333,1,20,12.5,7.143,1,2,15,123,3,3,0,343
2026-06-19 21:13:50,3.248,inta,13.274,1.363,0,15,1,5.733,2,23.077,12.5,6.452,0,0,15,113,3,2,0,343
2026-06-04 23:57:00,4.793,Naizuri,32.759,4.229,1,14,0,5.184,7,53.571,27.451,24.324,5,0,38,116,3,2,0,344
2026-06-07 04:19:09,4.889,Naizuri,31.884,3.143,0,22,0,5.773,4,53.125,21.311,31.111,1,4,44,138,4,1,0,344
2026-06-07 18:18:38,5.446,Naizuri,27.333,4.556,0,17,0,5.098,11,41.86,19.118,25.641,4,4,41,150,3,2,1,344
2026-06-09 23:10:50,4.889,Naizuri,26.282,3.233,3,42,1,4.854,13,40.476,22.727,18.75,3,7,41,156,4,2,0,344
2026-06-10 21:20:02,5.738,Naizuri,20.0,2.441,0,44,0,5.312,6,50,14.815,4.651,1,2,32,160,2,3,0,344
2026-06-11 04:24:29,5.634,Naizuri,21.429,2.873,0,9,1,5.633,5,26.667,18.31,23.077,1,3,30,140,2,3,0,344
2026-06-16 00:10:57,5.541,Naizuri,20.8,2.755,0,43,0,4.885,9,43.75,14,11.628,3,3,26,125,2,3,0,344
2026-06-18 14:24:55,5.441,Naizuri,25.984,3.756,0,28,2,5.121,8,51.429,20,10.811,5,1,33,127,2,3,0,344
2026-06-19 05:24:35,5.351,Naizuri,30.579,4.512,2,24,0,4.514,13,54.545,30.508,17.5,8,1,37,121,3,3,0,344
2026-06-22 00:04:06,5.355,Naizuri,24.444,2.215,0,19,2,6.212,2,42.857,20,18.919,0,2,33,135,2,2,1,344
2026-05-27 04:53:54,11.324,Selaph,40.361,6.067,1,16,1,5.328,9,47.727,36.364,40,5,1,67,166,4,1,1,347
2026-05-31 06:42:17,11.324,Selaph,40.828,7.819,2,20,1,5.116,18,53.191,38.889,32,5,11,69,169,3,2,1,347
2026-06-11 04:24:29,11.689,Selaph,48.76,10.061,0,8,0,4.441,19,67.742,39.623,45.946,3,8,59,121,1,4,0,347
2026-06-13 04:37:13,11.423,Selaph,43.478,10.265,3,6,0,4.85,17,62.5,35.294,42.105,6,4,60,138,3,2,0,347
2026-06-19 22:59:11,11.519,Selaph,33.962,7.657,3,19,1,4.75,13,54.545,34.043,21.622,4,5,36,106,1,4,0,347
2026-06-23 23:11:54,11.247,Selaph,34.4,6.363,3,26,1,4.488,13,42.553,27.451,33.333,8,1,43,125,4,2,0,347
2026-06-24 20:18:32,11.423,Selaph,38.931,8.901,4,19,0,4.118,21,56.667,32.759,34.884,8,9,51,131,2,4,0,347
2026-07-01 23:43:02,11.25,Selaph,41.259,10.164,12,47,1,3.373,32,47.5,38.806,38.889,22,5,59,143,4,2,0,347
2026-07-02 13:52:04,11.43,Selaph,35.78,7.294,0,23,0,4.359,15,48.649,28.261,30.769,4,8,39,109,1,4,0,347
2026-07-04 04:26:07,11.16,Selaph,34.074,4.727,0,20,1,4.935,10,46.154,37.736,18.605,1,5,46,135,4,2,0,347
2026-03-27 05:20:46,4.895,Heleos,19.531,2.82,1,37,0,4.24,10,25,20.755,13.953,5,4,25,128,2,4,0,348
2026-04-20 05:13:11,4.707,Heleos,25.0,3.785,0,9,1,5.25,7,43.75,20,18.919,3,2,36,144,3,3,0,348
2026-04-21 00:49:52,4.707,Heleos,16.547,3.056,0,21,0,4.783,8,25,16.667,9.302,4,1,23,139,6,0,0,348
2026-04-23 05:08:06,5.282,Heleos,21.667,3.437,1,22,0,4.462,8,34.783,17.647,20.69,3,1,26,120,2,3,0,348
2026-05-16 04:37:10,5.198,Heleos,27.82,2.625,1,25,1,5.919,5,39.394,18.182,35.294,1,2,37,133,3,2,0,348
2026-06-05 17:50:16,5.386,Heleos,19.811,3.771,1,21,0,4.476,7,34.483,17.778,9.375,5,1,21,106,2,3,0,348
2026-06-11 04:24:29,5.182,Heleos,19.608,3.053,0,11,0,5.0,3,29.167,17.778,15.152,0,1,20,102,4,1,0,348
2026-07-01 23:43:02,5.456,Heleos,22.222,2.937,1,35,0,4.607,9,26.316,24.561,12.903,3,5,28,126,1,5,0,348
2026-07-03 21:32:13,5.079,Heleos,26.515,3.641,1,20,0,5.4,7,47.368,20,13.793,1,4,35,132,1,4,1,348
2026-07-04 04:26:07,4.798,Heleos,27.941,2.768,0,17,0,5.816,6,32.558,26.786,24.324,3,1,38,136,6,0,0,348
2026-05-17 21:31:48,3.831,Porte,19.286,3.309,1,24,1,4.704,8,30,14.754,18.367,2,4,27,140,4,2,0,349
2026-06-04 23:57:00,4.027,Porte,19.728,1.53,0,25,3,5.862,2,23.077,19.178,17.143,0,1,29,147,1,5,0,349
2026-06-09 23:10:50,3.647,Porte,22.222,2.734,3,27,0,5.192,8,36.667,13.462,22.857,6,1,26,117,4,2,0,349
2026-06-11 18:19:17,3.864,Porte,15.044,1.564,1,22,3,5.647,1,22.222,13.333,11.538,1,0,17,113,0,5,0,349
2026-06-16 00:10:57,3.388,Porte,17.808,2.659,2,54,2,4.731,7,25,13.725,12.821,6,3,26,146,1,4,0,349
2026-06-17 23:35:10,3.101,Porte,16.667,2.035,0,22,1,5.526,3,25,12.766,15.385,2,2,19,114,1,3,1,349
2026-06-19 05:24:35,2.813,Porte,17.557,2.183,1,19,0,4.87,6,25,16.949,14.583,4,0,23,131,4,2,0,349
2026-06-25 00:18:18,2.994,Porte,20.536,3.076,0,10,0,5.348,3,30.435,14.815,22.857,1,1,23,112,5,1,0,349
2026-07-01 23:43:02,3.366,Porte,21.26,3.648,2,26,1,4.259,12,20.513,15.517,33.333,5,3,27,127,4,2,0,349
2026-07-03 13:56:00,3.543,Porte,14.388,1.168,0,26,3,6.25,1,10.714,17.742,12.245,0,1,20,139,2,4,0,349
2026-04-25 21:35:54,7.307,Solosion,24.242,3.876,3,34,1,5.0,8,46.429,15.385,23.077,5,3,32,132,1,5,0,353
2026-05-09 21:37:31,6.906,Solosion,22.857,2.392,3,88,0,4.175,14,30.952,18.519,23.077,5,7,40,175,2,3,1,353
2026-05-15 17:46:44,6.811,Solosion,25.688,6.069,4,20,1,4.143,12,26.087,27.083,23.684,7,3,28,109,2,3,0,353
2026-05-22 21:04:09,6.623,Solosion,29.0,7.29,1,18,0,3.966,16,37.037,19.512,34.375,8,6,29,100,4,1,0,353
2026-06-01 18:21:54,6.927,Solosion,33.951,7.01,6,30,0,4.673,19,47.222,29.73,30.769,7,6,55,162,2,3,1,353
2026-06-04 23:57:00,6.823,Solosion,26.923,5.375,2,30,1,4.257,12,21.875,30,26.316,4,7,35,130,3,3,0,353
2026-06-16 00:10:57,6.811,Solosion,25.688,4.102,4,37,0,4.893,8,43.333,20.408,16.667,7,1,28,109,5,0,0,353
2026-06-18 22:34:18,7.31,Solosion,25.18,5.047,3,31,0,4.343,12,26.923,24.615,25,5,5,35,139,3,3,0,353
2026-07-03 17:57:14,7.308,Solosion,30.0,5.118,1,21,0,4.639,11,43.478,29.412,23.913,4,5,36,120,1,5,0,353
2026-07-03 21:32:13,6.928,Solosion,30.588,5.251,3,21,0,4.865,12,35.135,22.826,43.902,3,6,52,170,3,2,1,353
2026-01-29 13:10:54,7.017,Isekaijoucho,20.769,4.111,1,17,0,4.63,8,15.385,23.188,20,5,3,27,130,2,3,1,356
2026-06-22 22:49:49,1.447,chommy,14.159,2.481,1,15,4,5.062,4,5.556,12.821,23.684,1,1,16,113,1,4,0,357
2026-06-25 17:15:02,1.174,chommy,17.5,2.92,2,26,1,4.952,4,18.75,11.765,24.324,3,0,21,120,1,4,0,357
2026-06-29 18:09:56,0.907,chommy,14.516,2.576,1,23,1,4.889,6,20,10.526,16.667,2,1,18,124,4,2,0,357
2026-07-01 14:17:09,1.098,chommy,17.284,2.573,0,16,2,4.571,4,22.222,13.889,18.519,3,0,14,81,6,0,0,357
2026-07-01 14:36:06,1.098,chommy,14.667,2.528,1,31,4,4.409,7,11.111,10.769,22.449,4,1,22,150,6,0,0,357
2026-07-02 18:34:06,1.625,chommy,18.182,3.494,1,28,4,5.083,9,19.565,12.048,24.638,4,3,36,198,3,2,1,357
2026-07-04 04:26:07,1.714,chommy,13.846,2.009,0,9,5,5.111,6,10.811,9.434,22.5,2,0,18,130,1,5,0,357
2026-07-04 14:18:33,1.378,chommy,14.783,2.213,0,11,0,5.353,4,22.581,6.977,17.073,0,1,17,115,1,5,0,357
2026-07-05 09:14:33,1.026,chommy,15.172,2.788,1,9,6,4.909,8,18.75,13.158,16.216,2,2,22,145,3,3,0,357
2026-07-05 14:02:38,1.031,chommy,20.161,4.089,2,14,3,4.56,6,6.452,26.667,21.212,3,1,25,124,2,4,0,357
2026-06-05 08:39:16,8.794,mangoss,30.405,5.067,2,33,1,4.844,15,42.105,28.947,20.588,6,4,45,148,2,4,0,358
2026-05-09 21:18:01,8.476,Theaddist,29.412,6.547,2,17,1,4.6,13,50,23.81,23.256,4,3,40,136,4,2,0,361
2026-05-20 14:25:13,1.0,I_dont_like_loli,10.959,0.777,0,32,4,6.0,1,22.581,7.576,8.163,0,1,16,146,1,4,0,364
2026-02-22 17:23:05,7.0,2G70,26.115,5.676,3,27,1,4.463,15,40.741,24.419,20.455,3,5,41,157,4,2,0,365
2026-05-04 18:44:00,7.234,2G70,22.293,5.489,4,29,1,4.229,15,33.333,20,16.279,7,4,35,157,3,2,0,365
2026-06-19 05:24:35,7.351,2G70,27.451,5.377,3,15,1,4.0,13,20.833,25.532,35.484,3,9,28,102,1,5,0,365
2026-03-26 10:19:38,5.643,AitsukiNakuru,25.157,3.17,2,47,1,5.1,13,31.707,18.519,32.432,4,3,40,159,3,3,0,366
2026-05-09 10:03:51,5.649,AitsukiNakuru,25.294,3.023,7,77,1,3.884,23,27.027,23.377,26.786,11,5,43,170,4,2,0,366
2026-05-20 14:25:13,5.865,AitsukiNakuru,29.452,4.461,2,32,0,4.907,12,29.032,25.758,34.694,3,7,43,146,1,4,0,366
2026-01-19 07:43:44,2.023,PotassiumF,21.656,2.716,1,19,0,5.353,7,22.222,20.225,24.39,1,2,34,157,2,4,0,367
2026-03-24 13:55:04,1.768,PotassiumF,15.789,2.388,2,29,0,4.778,6,17.647,10.87,20.588,2,2,18,114,3,3,0,367
2026-05-09 10:03:51,1.761,PotassiumF,18.382,1.694,2,51,1,4.4,8,15.152,19.643,19.149,3,3,25,136,3,3,0,367
2026-05-09 10:03:51,3.363,arpia97,15.924,1.972,3,71,0,3.64,13,25.641,12.698,12.727,5,7,25,157,2,4,0,368
2026-05-11 08:22:11,3.159,arpia97,20.388,2.881,1,18,0,4.905,7,36.364,16.981,14.286,5,1,21,103,3,3,0,368
2026-05-12 09:38:12,3.181,arpia97,19.286,2.046,1,39,0,5.037,4,37.838,12.676,12.5,1,5,27,140,3,3,0,368
2026-05-14 07:57:04,3.182,arpia97,23.563,4.093,3,39,6,5.171,11,28.571,25,18.75,9,1,41,174,5,1,0,368
2026-05-18 11:01:47,3.182,arpia97,21.538,4.519,4,23,4,4.214,9,34.483,20.968,12.821,6,4,28,130,4,1,1,368
2026-05-20 08:34:07,3.463,arpia97,16.667,3.034,1,21,4,5.043,8,26.316,13.433,12.121,4,1,23,138,3,3,0,368
2026-05-20 14:25:13,3.483,arpia97,20.968,4.149,2,37,3,4.5,11,37.037,18.182,14.286,4,4,26,124,1,4,0,368
2026-05-21 07:13:01,3.195,arpia97,24.348,2.725,1,21,1,5.5,4,30.303,20.69,25,2,1,28,115,2,4,0,368
2026-05-28 10:37:26,2.999,arpia97,20.301,4.401,5,36,0,4.593,11,22.222,21.212,17.5,7,3,27,133,6,0,0,368
2026-06-01 05:57:19,3.567,arpia97,15.873,2.936,1,25,1,4.2,6,31.429,9.375,11.111,4,2,20,126,3,3,0,368
2026-05-25 14:28:52,9.807,florenz,42.767,8.027,3,31,0,4.75,23,78.049,30.137,31.111,7,7,68,159,4,2,0,369
2026-05-28 13:55:32,9.99,florenz,35.461,7.211,5,41,0,3.68,29,56.098,33.898,17.073,7,15,50,141,3,3,0,369
2026-06-02 14:21:12,9.987,florenz,41.6,8.006,1,11,0,5.077,12,57.143,40,26.316,3,4,52,125,4,2,0,369
2026-06-05 14:41:15,10.169,florenz,36.667,6.814,3,28,1,4.873,13,72.222,27.143,22.727,6,5,55,150,4,2,0,369
2026-06-06 07:47:40,10.35,florenz,35.088,7.424,3,24,0,4.5,22,53.488,28.889,28.947,4,10,60,171,2,3,1,369
2026-06-10 09:01:42,10.259,florenz,35.606,6.675,2,24,0,4.936,13,64.706,23.077,28.261,7,4,47,132,5,1,0,369
2026-06-16 23:18:25,10.613,florenz,37.594,9.922,4,31,1,3.88,25,62.5,32.759,25.581,8,10,50,133,2,2,1,369
2026-06-17 23:35:10,10.615,florenz,35.088,7.703,4,22,0,4.4,16,57.143,31.915,23.077,5,7,40,114,1,3,1,369
2026-06-19 22:59:11,10.339,florenz,42.735,8.309,1,18,2,4.94,15,77.778,34.375,40,6,7,50,117,4,0,1,369
2026-07-03 13:56:00,10.693,florenz,38.931,8.847,6,31,0,4.569,19,60.714,35.714,29.787,9,3,51,131,5,1,0,369
2026-01-03 10:38:36,4.658,Andrey_K,21.795,3.232,1,21,0,5.588,6,37.838,18.824,11.765,2,2,34,156,2,4,0,370
2026-01-17 10:39:09,4.448,Andrey_K,23.529,3.243,7,54,0,3.25,19,43.333,12.5,24,11,5,32,136,4,2,0,370
2026-03-22 14:22:46,4.676,Andrey_K,27.407,5.465,2,32,0,4.514,15,44.118,21.311,22.5,11,2,37,135,2,3,0,370
2026-04-17 14:03:23,4.555,Andrey_K,21.25,5.476,4,22,0,3.412,10,34.783,19.048,6.667,6,3,17,80,2,3,0,370
2026-04-18 21:12:03,4.443,Andrey_K,21.014,3.566,3,30,1,4.655,8,38.889,13.115,17.073,4,2,29,138,2,2,1,370
2026-04-20 13:47:22,4.44,Andrey_K,26.606,6.016,4,25,1,4.759,10,39.286,21.154,24.138,7,5,29,109,1,5,0,370
2026-05-16 13:47:04,4.012,Andrey_K,21.26,5.133,2,21,1,4.704,8,20.69,25.424,15.385,5,2,27,127,4,2,0,370
2026-05-24 19:25:18,4.233,Andrey_K,21.429,3.305,1,30,1,5.472,10,34.483,17.949,19.672,1,5,36,168,1,4,1,370
2026-05-31 11:11:49,3.916,Andrey_K,26.357,4.799,1,19,0,4.588,14,32.353,23.333,25.714,7,3,34,129,3,3,0,370
2026-06-28 15:10:06,3.91,Andrey_K,19.091,3.221,1,12,0,4.952,7,38.462,10,17.647,4,1,21,110,3,3,0,370
2026-04-09 07:20:05,5.765,harges,31.544,6.346,6,30,1,4.298,18,45.833,28.986,28.571,8,5,47,149,2,4,0,373
2026-04-16 06:43:37,5.539,harges,36.601,7.228,5,33,0,3.554,31,45.946,31.884,36.17,6,26,56,153,4,2,0,373
2026-04-19 07:32:45,5.758,harges,25.758,5.064,4,35,0,3.882,16,45.946,17.647,18.182,8,3,34,132,5,1,0,373
2026-04-22 06:15:10,6.189,harges,31.959,7.231,2,8,0,4.935,10,41.935,28.947,25,4,3,31,97,4,1,0,373
2026-04-23 05:08:06,6.513,harges,28.07,4.512,1,34,0,4.562,13,28.571,27.66,28.205,3,5,32,114,1,4,0,373
2026-05-16 04:37:10,6.22,harges,31.579,7.904,5,15,0,4.139,14,41.667,28.07,23.81,6,6,36,114,3,2,0,373
2026-05-18 06:06:48,6.423,harges,36.29,8.465,3,17,0,4.644,18,44.444,25.926,44.186,6,8,45,124,3,3,0,373
2026-05-21 07:13:01,6.403,harges,35.652,5.968,2,21,0,4.78,12,48.485,25.862,41.667,5,7,41,115,2,4,0,373
2026-06-30 05:07:25,6.193,harges,31.694,4.204,0,12,1,5.931,7,41.667,26.136,33.898,2,2,58,183,2,3,1,373
2026-07-04 04:26:07,6.08,harges,34.074,5.074,2,20,0,4.935,10,56.41,28.302,20.93,2,3,46,135,4,2,0,373
2026-01-29 00:15:00,3.0,qwecocacola,25.0,3.746,1,29,3,4.838,14,35.897,22.535,18.421,5,4,37,148,2,4,0,376
2026-01-31 23:17:02,2.773,qwecocacola,19.2,2.786,0,16,2,5.0,4,41.379,14.925,6.897,4,1,24,125,4,2,0,376
2026-02-02 00:40:03,2.985,qwecocacola,19.38,3.723,1,30,4,5.0,9,35.135,10.526,17.143,5,2,25,129,5,1,0,376
2026-02-03 20:22:50,3.452,qwecocacola,20.155,2.995,0,20,0,4.769,6,33.333,21.311,7.895,2,3,26,129,4,2,0,376
2026-02-04 12:07:51,3.669,qwecocacola,13.333,1.515,0,31,1,5.7,4,28.125,7.463,11.765,1,1,20,150,2,4,0,376
2026-02-04 13:43:18,3.456,qwecocacola,18.033,3.614,1,16,0,4.364,8,20,17.647,17.241,5,2,22,122,3,3,0,376
2026-02-07 10:29:10,3.461,qwecocacola,16.154,2.107,1,33,0,5.381,5,31.818,7.273,18.868,1,1,21,130,2,4,0,376
2026-03-04 14:45:10,3.234,qwecocacola,14.189,1.536,1,29,1,5.762,2,22.222,7.576,17.391,2,0,21,148,2,3,1,376
2026-03-21 14:05:45,3.149,qwecocacola,10.4,1.915,1,19,1,5.154,3,3.704,9.524,17.143,2,1,13,125,2,3,0,376
2026-02-06 18:13:10,0.4,erzakuran,4.167,0.364,0,9,2,5.8,0,9.375,1.923,2.778,0,0,5,120,2,4,0,378
2026-03-15 19:01:50,6.672,CipherKai,38.776,7.34,0,9,1,4.877,16,50.98,24.138,44.737,7,5,57,147,4,2,0,379
2026-03-16 16:08:49,6.85,CipherKai,32.867,5.927,3,27,0,4.213,16,28.125,29.688,40.426,4,12,47,143,2,4,0,379
2026-04-16 00:39:38,6.664,CipherKai,32.673,6.731,2,14,0,4.424,13,48.276,28.571,23.333,8,1,33,101,3,2,0,379
2026-04-18 07:38:54,6.756,CipherKai,28.571,3.084,0,10,3,6.0,2,30.952,26.316,30.233,0,1,46,161,4,1,1,379
2026-04-21 00:49:52,7.058,CipherKai,40.288,8.15,1,21,0,4.321,18,47.222,33.333,44.186,7,3,56,139,6,0,0,379
2026-05-30 04:57:21,7.654,CipherKai,30.882,3.924,0,8,0,5.571,4,39.286,27.143,31.579,2,1,42,136,3,3,0,379
2026-05-30 09:01:45,7.653,CipherKai,35.385,5.633,1,18,0,5.152,6,47.826,30.882,35.897,4,2,46,130,6,0,0,379
2026-06-01 05:57:19,7.654,CipherKai,32.867,5.266,3,33,0,4.702,14,42.105,25.373,36.842,5,6,47,143,1,5,0,379
2026-06-03 04:26:23,7.848,CipherKai,35.593,4.503,0,12,0,5.19,6,39.286,31.111,37.778,1,2,42,118,0,5,0,379
2026-06-16 00:10:57,7.348,CipherKai,40.0,7.515,5,22,0,4.158,13,60.714,27.5,37.037,9,4,38,95,4,1,0,379
2026-04-25 21:35:54,1.912,Shiku,17.391,1.85,0,34,1,5.458,4,40.625,7.692,14.634,2,2,24,138,5,1,0,382
2026-05-03 13:50:06,2.336,Shiku,17.323,2.147,0,22,0,5.545,5,48,11.111,7.692,5,0,22,127,2,3,0,382
2026-05-05 14:09:04,2.243,Shiku,18.978,1.855,0,21,1,5.692,2,30.556,15.625,13.514,0,0,26,137,1,3,1,382
2026-05-06 21:00:14,2.039,Shiku,24.444,2.421,0,18,0,5.667,2,46.512,13.115,16.129,0,0,33,135,2,4,0,382
2026-05-15 17:46:44,1.809,Shiku,27.007,3.973,1,27,1,5.135,10,70.968,11.429,19.444,4,3,37,137,5,0,0,382
2026-05-18 21:53:11,2.854,Shiku,23.418,2.669,0,33,2,5.378,8,47.619,12.698,16.981,2,1,37,158,3,3,0,382
2026-06-06 14:12:19,2.859,Shiku,18.571,2.582,1,26,0,5.385,4,37.838,8.955,16.667,2,1,26,140,4,2,0,382
2026-06-10 21:20:02,3.062,Shiku,20.611,2.082,0,27,4,5.852,5,36.111,15.385,13.333,3,1,27,131,3,2,0,382
2026-06-17 16:20:35,3.167,Shiku,20.896,2.875,1,23,0,5.214,5,51.852,13.636,12.195,1,2,28,134,1,5,0,382
2026-07-03 21:32:13,2.741,Shiku,20.354,2.73,0,13,1,5.304,3,40,15.517,17.143,3,0,23,113,3,2,1,382
2026-05-28 16:09:41,20.224,Miki_Hoshii,50.0,14.985,11,29,0,3.662,37,65.385,55.172,36.538,14,18,68,136,2,4,0,384
2026-05-28 18:22:53,20.04,Miki_Hoshii,63.043,19.283,18,20,0,3.356,51,80,60.294,55,21,26,87,138,2,4,0,384
2026-06-02 14:21:12,19.85,Miki_Hoshii,63.2,18.456,7,11,0,4.342,29,76.19,64.444,47.368,12,11,79,125,4,2,0,384
2026-06-04 18:25:20,20.042,Miki_Hoshii,69.799,22.896,26,24,0,3.567,62,87.234,66.154,54.054,29,22,104,149,4,2,0,384
2026-06-10 18:04:55,20.216,Miki_Hoshii,66.372,20.477,9,10,0,3.653,35,91.304,67.347,51.22,13,22,75,113,3,2,0,384
2026-06-10 21:20:02,20.305,Miki_Hoshii,63.478,18.778,14,22,0,3.562,39,87.097,64.815,36.667,17,18,73,115,2,3,0,384
2026-06-11 14:01:41,20.218,Miki_Hoshii,57.522,15.299,7,16,0,3.908,31,82.143,52.941,44.118,13,20,65,113,2,3,0,384
2026-06-16 23:18:25,20.122,Miki_Hoshii,54.167,15.765,5,24,0,3.538,37,66.667,56.604,42.5,11,22,65,120,1,3,1,384
2026-06-22 00:04:06,19.941,Miki_Hoshii,60.741,18.945,11,19,0,4.244,38,71.429,62.857,48.649,13,18,82,135,2,2,1,384
2026-06-25 17:15:02,19.937,Miki_Hoshii,49.58,14.185,10,32,0,3.661,29,77.778,55.319,26.667,14,14,59,119,3,2,0,384
2026-05-24 13:57:54,7.303,ponbot,30.894,5.581,3,32,0,4.553,14,56.25,21.569,22.5,4,6,38,123,4,1,0,387
2026-05-25 07:30:37,7.606,ponbot,26.515,5.444,1,23,1,4.486,11,36.364,23.529,26.19,6,0,35,132,0,6,0,387
2026-05-25 14:28:52,6.993,ponbot,23.226,3.088,1,30,1,5.639,7,38.462,18.919,16.667,3,5,36,155,3,3,0,387
2026-05-26 13:56:18,6.995,ponbot,26.724,5.123,2,29,0,4.387,12,37.037,17.308,32.432,4,6,31,116,4,2,0,387
2026-05-28 13:55:32,7.2,ponbot,31.69,5.932,5,42,0,3.844,20,40.541,19.672,40.909,12,3,45,142,4,2,0,387
2026-05-29 07:43:45,7.415,ponbot,28.676,4.773,2,30,0,4.436,18,50,20.29,22.581,3,12,39,136,3,3,0,387
2026-05-29 13:51:29,7.409,ponbot,31.132,5.005,2,24,0,4.091,13,46.154,30,22.5,4,4,33,106,3,3,0,387
2026-05-31 11:11:49,7.39,ponbot,28.378,5.768,5,29,0,4.452,16,41.463,23.881,22.5,6,5,42,148,3,2,1,387
2026-06-01 05:57:19,7.409,ponbot,27.273,4.811,3,33,2,4.59,14,42.105,16.418,31.579,7,6,39,143,1,5,0,387
2026-06-05 14:41:15,7.105,ponbot,32.768,4.759,2,28,1,5.241,10,46.939,26.667,28.302,5,2,58,177,3,2,1,387
2026-01-04 11:41:01,0.337,Tsuni,12.195,1.541,0,13,1,5.533,3,22.581,10.345,5.882,1,1,15,123,3,3,0,388
2026-01-17 10:39:09,0.007,Tsuni,11.268,1.239,2,56,2,4.062,8,15.789,9.091,10.526,3,4,16,142,2,3,1,388
2026-01-18 12:22:26,-0.124,Tsuni,11.905,2.175,0,27,0,4.6,5,10.526,10.169,17.241,4,2,15,126,3,3,0,388
2026-01-19 13:49:48,-0.154,Tsuni,10.924,1.47,0,22,1,5.308,3,22.581,6.154,8.696,1,2,13,119,4,2,0,388
2026-01-20 11:16:49,0.054,Tsuni,10.833,2.427,1,25,1,4.154,7,10.714,10.909,10.811,2,3,13,120,3,3,0,388
2026-01-22 14:29:28,0.051,Tsuni,9.821,1.162,1,21,2,5.455,1,8.108,12.766,7.143,1,0,11,112,1,5,0,388
2026-03-24 13:55:04,-0.369,Tsuni,9.924,0.752,0,34,5,5.846,2,10,12.5,5.405,0,1,13,131,4,2,0,388
2026-04-21 18:25:22,-0.167,Tsuni,9.333,0.757,0,32,1,6.071,2,7.895,8.065,12,1,1,14,150,4,2,0,388
2026-05-16 04:37:10,2.535,Kyuuuu,7.955,1.332,0,8,0,4.429,2,15.789,8.333,0,0,1,7,88,1,4,0,393
2026-05-16 10:16:26,1.968,Kyuuuu,12.308,3.609,2,12,1,4.375,7,11.429,10.938,16.129,4,2,16,130,5,1,0,393
2026-05-17 21:31:48,2.696,Kyuuuu,13.178,1.266,0,16,0,5.706,3,21.429,9.524,13.158,3,0,17,129,4,2,0,393
2026-05-20 22:26:33,2.871,Kyuuuu,13.333,2.478,2,29,0,4.45,7,18.421,11.111,12.245,5,1,20,150,0,6,0,393
2026-05-22 21:04:09,2.315,Kyuuuu,23.148,3.557,2,13,1,5.08,4,23.333,22.449,24.138,2,2,25,108,4,1,0,393
2026-05-23 06:57:28,2.615,Kyuuuu,11.111,2.284,2,17,4,5.286,3,9.677,12.727,10,2,1,14,126,1,4,0,393
2026-05-25 12:49:49,2.33,Kyuuuu,17.213,2.304,0,11,2,5.381,5,24.242,15.385,13.514,1,2,21,122,1,5,0,393
2026-05-27 11:00:45,1.958,Kyuuuu,11.348,1.973,0,20,7,5.125,3,13.333,10.448,11.364,1,2,16,141,3,3,0,393
2026-05-28 10:37:26,1.961,Kyuuuu,9.589,1.125,1,41,2,5.429,3,18.75,4.412,10.87,1,1,14,146,2,4,0,393
2026-06-11 14:01:41,1.774,Kyuuuu,12.397,2.218,1,13,4,4.733,5,11.111,6.78,26.923,2,1,15,121,3,2,0,393
2026-05-03 13:50:06,7.0,Komari,25.743,6.15,1,19,1,4.0,11,29.167,21.739,29.032,3,7,26,101,1,4,0,394
2026-04-27 05:23:52,-0.263,LordGrond,10.156,0.825,0,35,1,5.615,1,18.182,10.606,5,0,2,13,128,2,4,0,395
2026-04-28 05:07:35,-0.437,LordGrond,9.286,1.6,1,20,0,4.923,4,16,5.797,10.87,2,0,13,140,3,3,0,395
2026-05-01 04:08:42,-0.445,LordGrond,12.069,1.376,1,31,0,5.071,2,14.286,9.091,15,2,0,14,116,5,1,0,395
2026-05-06 23:26:01,-0.077,LordGrond,9.459,0.796,0,43,0,5.571,1,11.429,4.545,14.894,1,0,14,148,5,1,0,395
2026-05-16 04:37:10,0.316,LordGrond,8.772,1.42,1,15,2,5.5,2,19.444,3.509,4.762,2,0,10,114,3,2,0,395
2026-06-04 23:57:00,0.504,LordGrond,19.048,2.619,1,16,2,5.464,7,20.513,10.769,30.233,5,2,28,147,4,2,0,395
2026-06-07 04:19:09,0.7,LordGrond,9.929,0.584,0,21,3,6.571,0,14.706,4.762,13.636,0,0,14,141,1,4,0,395
2026-06-13 04:37:13,0.146,LordGrond,11.594,1.779,1,6,9,5.938,3,9.375,11.765,13.158,2,1,16,138,3,2,0,395
2026-06-19 21:13:50,0.248,LordGrond,10.638,2.01,1,12,0,4.9,2,7.407,2.564,25,2,0,10,94,3,2,0,395
2026-06-29 03:00:46,0.347,LordGrond,13.768,1.298,0,13,1,5.947,1,12.195,10,21.622,1,1,19,138,2,4,0,395
2026-06-03 06:38:37,5.419,kabao,32.867,6.435,3,25,1,4.83,11,53.125,28.788,24.444,6,3,47,143,3,3,0,398
2026-06-04 18:25:20,5.426,kabao,30.612,5.626,3,22,0,4.844,13,51.282,30.303,11.905,5,4,45,147,3,3,0,398
2026-06-06 07:47:40,5.435,kabao,28.462,5.016,0,14,1,4.757,11,50,22.222,23.077,3,1,37,130,2,4,0,398
2026-06-06 14:12:19,5.258,kabao,21.875,4.37,1,20,1,4.607,8,35,11.765,21.622,2,5,28,128,2,4,0,398
2026-06-10 18:04:55,5.078,kabao,33.036,3.967,0,16,1,5.514,4,40,31.481,30.303,3,1,37,112,2,3,0,398
2026-06-11 14:01:41,4.98,kabao,24.793,4.252,0,13,0,4.633,12,27.778,25.424,19.231,4,0,30,121,3,2,0,398
2026-06-12 14:04:43,5.069,kabao,29.63,5.722,3,13,1,4.844,9,42.308,22.222,29.73,6,2,32,108,2,2,1,398
2026-06-25 17:15:02,5.068,kabao,26.05,3.952,0,32,0,4.806,9,48.148,23.404,15.556,4,1,31,119,3,2,0,398
2026-06-29 03:00:46,5.155,kabao,28.0,5.36,2,10,0,4.857,6,42.308,27.083,15.385,5,0,28,100,4,2,0,398
2026-07-02 13:52:04,5.326,kabao,28.448,4.851,1,23,0,4.97,10,55.882,17.778,16.216,5,2,33,116,2,3,0,398
2026-06-13 18:45:41,0.237,ElJuanchi,15.663,1.549,0,31,1,5.808,3,27.027,10.959,14.286,0,2,26,166,3,2,1,399
2026-06-16 00:10:57,0.326,ElJuanchi,12.632,1.33,0,22,1,5.417,2,25,7.5,7.407,2,0,12,95,4,1,0,399
2026-06-18 14:24:55,0.615,ElJuanchi,15.504,2.092,2,25,2,5.4,2,29.63,13.559,9.302,2,0,20,129,5,0,0,399
2026-06-18 22:34:18,1.103,ElJuanchi,18.667,1.552,0,24,3,5.643,1,27.5,13.699,18.919,1,0,28,150,3,3,0,399
2026-06-19 22:59:11,1.089,ElJuanchi,16.312,1.665,0,18,3,5.87,2,28.571,10.256,20,1,1,23,141,1,3,1,399
2026-06-20 23:27:03,0.897,ElJuanchi,12.903,2.302,0,7,2,5.375,4,24.138,12.727,5,1,1,16,124,4,2,0,399
2026-06-22 00:04:06,1.079,ElJuanchi,20.611,2.03,0,19,1,6.148,2,22.857,20,19.512,1,1,27,131,2,3,0,399
2026-06-23 23:11:54,0.986,ElJuanchi,13.492,1.053,0,17,1,5.765,1,15.385,10.345,17.241,0,2,17,126,2,4,0,399
2026-06-29 03:00:46,0.809,ElJuanchi,18.116,2.037,0,13,0,5.68,2,26.829,6.667,27.027,1,1,25,138,2,4,0,399
2026-07-03 17:57:14,0.589,ElJuanchi,15.504,1.661,0,23,0,5.65,5,31.579,11.667,14,0,1,20,129,4,2,0,399
2026-06-17 23:35:10,5.202,Vr0003,26.316,5.495,2,13,1,4.48,9,33.333,25,24.138,5,2,25,95,2,3,0,400
2026-06-18 22:34:18,4.938,Vr0003,14.912,3.036,2,16,2,4.294,6,18.75,15.254,8.696,3,2,17,114,4,2,0,400
2026-06-19 22:59:11,5.116,Vr0003,18.868,2.623,0,19,1,5.55,4,50,10.638,10.811,0,3,20,106,1,4,0,400
2026-06-20 18:11:36,4.835,Vr0003,16.901,2.233,0,24,1,5.333,3,37.931,14.493,6.818,1,2,24,142,3,3,0,400
2026-06-22 21:35:21,4.852,Vr0003,24.324,3.733,1,43,1,5.133,10,31.707,25,17.857,5,3,45,185,2,2,2,400
2026-06-24 20:18:32,4.856,Vr0003,21.374,3.63,1,19,2,4.679,8,33.333,18.966,16.279,2,3,28,131,2,4,0,400
2026-06-25 17:15:02,4.679,Vr0003,22.047,2.712,0,29,1,5.429,7,29.032,24.59,11.429,1,3,28,127,3,2,0,400
2026-06-27 17:17:15,4.767,Vr0003,23.577,3.672,0,6,1,5.241,7,32.353,18.367,22.5,2,4,29,123,4,2,0,400
2026-06-28 15:10:06,4.944,Vr0003,29.412,4.344,1,20,0,5.0,8,50,25.926,15.909,1,2,40,136,4,2,0,400
2026-06-30 14:01:09,5.114,Vr0003,28.188,6.368,4,29,0,4.262,17,26.19,32.308,23.81,8,10,42,149,2,4,0,400
2026-06-20 18:11:36,4.089,Spartric,21.429,2.715,1,18,2,5.593,3,40.909,20.968,11.905,2,2,27,126,2,4,0,401
2026-06-21 22:16:46,3.906,Spartric,26.613,4.264,1,18,0,5.242,7,45.455,25.352,16.129,2,4,33,124,2,3,0,401
2026-06-25 17:15:02,3.813,Spartric,20.161,2.673,1,31,1,5.32,5,28,22,14.286,3,0,25,124,2,2,1,401
2026-07-01 14:17:09,3.82,Spartric,30.864,6.401,4,16,0,4.32,8,50,22.222,29.63,7,1,25,81,6,0,0,401
2026-07-01 14:36:06,3.82,Spartric,26.667,5.075,6,31,1,4.475,11,41.667,23.077,20.408,10,1,40,150,6,0,0,401
2026-07-02 13:52:04,4.35,Spartric,21.26,2.467,0,32,1,5.519,4,26.471,20.755,17.5,1,4,27,127,4,1,0,401
2026-07-03 13:56:00,4.616,Spartric,19.008,2.32,0,18,1,5.435,4,27.273,16.364,18.182,3,1,23,121,1,4,1,401
2026-07-03 17:57:14,4.343,Spartric,27.132,5.291,2,23,0,4.6,15,57.895,23.333,20,4,4,35,129,4,2,0,401
2026-07-04 04:26:07,4.533,Spartric,24.06,2.378,0,10,1,5.688,3,48.718,9.615,19.048,1,2,32,133,1,5,0,401
2026-07-05 09:14:33,4.169,Spartric,23.308,2.685,0,13,1,5.516,4,32.353,25.424,12.5,1,1,31,133,3,3,0,401
2026-06-04 23:57:00,5.341,AnnaYanami,34.694,4.446,2,16,0,5.216,9,41.026,30.769,34.884,5,1,51,147,4,2,0,403
2026-06-05 06:23:16,5.537,AnnaYanami,21.053,4.19,2,18,0,5.156,6,31.915,15.068,18.75,2,3,32,152,1,5,0,403
2026-06-05 17:50:16,5.171,AnnaYanami,26.271,4.548,1,24,0,4.742,11,44.828,26.531,12.5,5,4,31,118,3,2,0,403
2026-06-09 23:10:50,5.349,AnnaYanami,29.197,4.167,1,31,0,4.425,15,43.75,25.714,22.857,7,6,40,137,2,4,0,403
2026-06-18 14:24:55,5.159,AnnaYanami,33.071,4.607,1,28,0,5.119,7,51.429,30.909,18.919,4,4,42,127,2,3,0,403
2026-06-22 00:04:06,5.073,AnnaYanami,19.828,2.587,0,23,0,5.652,2,29.167,17.308,17.5,0,2,23,116,2,3,0,403
2026-06-25 14:15:46,4.991,AnnaYanami,25.564,6.296,3,24,0,4.412,12,48.148,22.414,16.667,5,0,34,133,5,1,0,403
2026-06-29 03:00:46,5.332,AnnaYanami,27.0,3.739,0,10,0,5.185,5,34.615,31.25,11.538,3,0,27,100,4,2,0,403
2026-06-29 18:09:56,5.506,AnnaYanami,25.0,4.715,4,23,0,4.806,7,48,15.789,23.81,4,3,31,124,4,2,0,403
2026-06-30 05:07:25,5.699,AnnaYanami,24.725,4.108,3,11,2,6.089,8,40,16.456,22.642,3,2,45,182,5,1,0,403
2026-06-01 13:46:50,1.965,anicomi,9.483,0.95,0,17,2,5.818,2,20,5.357,8.571,0,2,11,116,2,4,0,405
2026-06-21 22:16:46,1.781,anicomi,13.115,2.189,0,22,2,5.125,4,18.182,6.78,19.512,2,2,16,122,2,3,0,405
2026-06-22 22:49:49,1.706,anicomi,17.647,1.993,1,5,1,5.762,3,25,6.383,25,1,0,21,119,5,0,0,405
2026-06-23 23:11:54,2.161,anicomi,17.073,2.38,1,21,0,4.905,3,23.529,16.071,12.121,1,0,21,123,5,1,0,405
2026-06-25 14:15:46,2.606,anicomi,14.194,2.226,1,25,3,5.455,3,25,9.231,12,2,1,22,155,2,4,0,405
2026-06-25 17:15:02,2.518,anicomi,12.598,0.837,0,29,2,6.562,2,29.032,9.836,2.857,1,1,16,127,3,2,0,405
2026-06-28 15:10:06,2.425,anicomi,14.545,2.378,0,12,2,4.938,5,30.769,4,17.647,2,2,16,110,3,3,0,405
2026-06-30 14:01:09,2.352,anicomi,11.207,2.012,1,16,1,4.615,3,12.903,13.725,5.882,3,0,13,116,4,2,0,405
2026-07-01 14:17:09,2.258,anicomi,14.865,1.562,0,18,0,5.364,1,35.294,10.714,6.897,0,2,11,74,2,4,0,405
2026-07-01 14:36:06,2.258,anicomi,13.333,1.304,0,25,0,5.444,2,27.027,9.091,6.977,0,3,18,135,2,4,0,405
2026-05-20 22:26:33,-0.468,FoopyPoopy,8.228,1.045,0,33,1,4.923,3,10.811,7.692,6.977,1,2,13,158,6,0,0,410
2026-05-30 04:57:21,0.101,FoopyPoopy,6.767,0.528,0,15,6,6.667,1,18.75,0,7.692,0,0,9,133,1,5,0,410
2026-05-30 09:01:45,-0.28,FoopyPoopy,9.434,1.105,0,24,9,6.133,2,9.302,7.792,12.821,1,1,15,159,1,4,1,410
2026-06-01 05:57:19,0.101,FoopyPoopy,15.287,1.015,0,26,2,6.042,2,21.739,12.5,12.766,0,1,24,157,4,2,0,410
2026-06-03 04:26:23,-0.377,FoopyPoopy,8.475,0.572,0,12,3,6.1,0,7.143,6.667,11.111,0,0,10,118,0,5,0,410
2026-06-04 07:25:31,-0.859,FoopyPoopy,20.349,2.584,2,52,1,4.914,10,33.333,12.676,19.643,5,3,35,172,3,2,1,410
2026-06-05 06:23:16,-0.752,FoopyPoopy,6.707,0.618,0,16,8,6.455,2,16.216,2.597,6,0,1,11,164,3,2,1,410
2026-06-19 21:13:50,-0.658,FoopyPoopy,12.5,2.498,0,8,1,4.833,4,12.5,17.073,6.452,3,0,12,96,4,1,0,410
2026-06-20 23:27:03,-0.375,FoopyPoopy,11.538,1.583,0,2,2,5.6,2,13.333,11.429,10,1,0,15,130,4,2,0,410
2026-06-28 00:57:32,-0.169,FoopyPoopy,6.338,1.05,1,15,3,5.222,1,2.857,5.97,10,1,0,9,142,0,5,1,410
2026-05-11 10:54:27,5.606,zokie,28.75,3.972,0,28,0,4.978,12,38.235,24.324,28.846,6,5,46,160,0,4,2,413
2026-05-12 09:38:12,4.963,zokie,27.941,3.812,1,30,0,4.579,12,51.282,17.46,20.588,5,3,38,136,4,2,0,413
2026-05-12 18:15:50,5.151,zokie,31.967,4.332,2,21,0,5.205,7,41.176,28.846,27.778,4,3,39,122,3,1,1,413
2026-05-22 14:23:24,5.34,zokie,27.049,5.453,0,24,2,4.424,14,41.935,17.857,28.571,4,6,33,122,4,2,0,413
2026-05-24 19:25:18,5.524,zokie,34.815,8.938,6,22,0,4.426,17,52.174,24.561,38.182,8,4,47,135,4,2,0,413
2026-05-26 18:30:52,5.732,zokie,29.231,4.307,0,11,0,5.053,6,36,29.231,25,3,0,38,130,2,4,0,413
2026-06-04 18:25:20,5.442,zokie,30.841,7.078,2,24,0,4.303,17,57.143,18.605,25,5,9,33,107,2,2,0,413
2026-06-05 08:39:16,5.451,zokie,25.984,4.249,3,29,0,5.091,9,32.432,21.429,26.471,5,5,33,127,2,4,0,413
2026-06-18 14:24:55,5.265,zokie,28.682,4.224,1,25,0,4.946,9,44.444,22.034,27.907,6,0,37,129,5,0,0,413
2026-06-28 15:10:06,5.742,zokie,36.765,6.258,1,20,0,4.72,14,57.895,22.222,36.364,4,3,50,136,4,2,0,413
2026-06-03 14:14:56,2.298,OkitaNobu,22.523,2.087,1,18,2,5.6,3,36.667,19.565,14.286,1,2,25,111,5,1,0,416
2026-06-05 14:41:15,2.653,OkitaNobu,15.333,2.233,0,28,6,5.435,7,25,8.571,18.182,1,4,23,150,4,2,0,416
2026-06-06 22:27:02,2.833,OkitaNobu,23.881,5.402,4,16,1,4.375,12,27.027,26.667,16.216,7,2,32,134,6,0,0,416
2026-06-09 23:10:50,2.833,OkitaNobu,14.599,1.917,1,31,2,4.85,8,34.375,8.571,8.571,3,3,20,137,2,4,0,416
2026-06-11 04:24:29,3.17,OkitaNobu,19.008,3.511,0,12,1,4.913,8,30.769,15.789,15.789,3,4,23,121,4,1,0,416
2026-06-13 18:45:41,3.447,OkitaNobu,21.854,4.213,2,26,3,4.424,11,34.375,22.388,13.462,4,6,33,151,1,4,1,416
2026-06-19 19:28:06,3.171,OkitaNobu,23.358,2.869,1,12,2,5.656,3,34.211,15.094,23.913,2,1,32,137,2,3,1,416
2026-06-22 00:04:06,3.056,OkitaNobu,15.686,1.596,0,8,1,6.25,3,27.273,11.321,14.815,0,1,16,102,2,2,1,416
2026-06-29 03:00:46,3.063,OkitaNobu,13.846,2.622,2,19,3,5.0,3,28.947,6.78,9.091,4,0,18,130,3,3,0,416
2026-07-04 04:26:07,3.07,OkitaNobu,23.704,2.775,0,20,0,5.438,6,46.154,18.868,9.302,0,4,32,135,4,2,0,416
2026-01-22 22:13:39,4.997,YellowRose,27.778,4.077,3,27,1,4.971,7,53.333,17.857,22.5,4,2,35,126,1,4,0,417
2026-04-17 17:36:21,4.642,YellowRose,18.584,3.457,1,13,1,4.714,8,39.13,3.636,28.571,1,1,21,113,2,3,0,417
2026-06-18 14:24:55,4.529,YellowRose,28.058,4.924,3,26,1,4.846,9,50,19.355,20.513,7,3,39,139,0,4,1,417
2026-03-20 22:04:30,2.771,keysha18,13.761,1.379,0,23,0,5.6,4,15.385,14.062,10.526,1,0,15,109,5,1,0,419
2026-05-03 13:50:06,3.248,keysha18,11.905,1.791,0,24,1,5.0,3,12.121,11.111,13.333,1,1,15,126,4,1,0,419
2026-05-20 22:26:33,3.557,keysha18,12.102,1.231,0,34,0,5.0,2,23.684,7.246,10,1,0,19,157,3,3,0,419
2026-06-19 22:59:11,3.563,keysha18,16.162,1.701,0,9,1,5.625,1,22.222,18,9.677,0,0,16,99,2,3,0,419
2026-01-07 01:49:38,3.5,MapleSyyrup,9.938,1.372,1,37,0,5.25,4,20,7.937,3.774,2,1,16,161,1,5,0,422
2026-06-18 10:54:28,2.985,MapleSyyrup,11.842,2.208,3,32,5,5.111,4,34.483,6.41,6.667,3,1,18,152,1,4,1,422
2026-04-23 05:08:06,1.0,brandon_K,4.167,0.792,1,22,1,4.8,2,8.696,2.941,3.448,1,1,5,120,2,3,0,426
2026-06-15 06:22:37,0.896,Raphtelia,4.651,0.271,0,32,0,6.167,1,10.526,0,5.556,1,0,6,129,3,3,0,426
2026-05-26 18:30:52,10.243,HaruUrara,25.0,6.284,4,17,4,4.333,15,26.087,29.032,16.667,7,2,36,144,2,3,1,430
2026-06-07 18:18:38,10.157,HaruUrara,28.378,5.352,0,25,1,4.667,13,30.769,32.394,18.421,3,7,42,148,0,6,0,430
2026-06-11 18:19:17,9.613,HaruUrara,26.923,5.126,1,16,0,4.607,11,44.444,19.149,23.333,2,8,28,104,2,3,0,430
2026-06-17 16:20:35,9.898,HaruUrara,35.821,7.156,2,23,0,4.5,18,48.148,33.333,31.707,3,13,48,134,1,5,0,430
2026-06-18 07:29:56,9.525,HaruUrara,30.968,6.964,3,16,4,4.833,12,30.233,28.169,36.585,5,4,48,155,5,1,0,430
2026-06-19 19:28:06,9.516,HaruUrara,31.387,7.668,3,21,3,4.326,17,29.412,26.866,41.667,6,4,43,137,4,2,0,430
2026-06-21 22:16:46,9.697,HaruUrara,23.358,5.391,3,31,0,4.531,10,26.667,21.918,23.529,3,3,32,137,3,2,0,430
2026-06-25 14:15:46,9.8,HaruUrara,28.571,7.593,3,24,1,4.184,12,33.333,25.862,29.167,7,4,38,133,5,1,0,430
2026-06-28 15:10:06,10.15,HaruUrara,24.39,5.825,2,22,0,4.067,15,23.333,30.909,15.789,4,5,30,123,1,5,0,430
2026-07-03 13:56:00,9.706,HaruUrara,41.007,8.196,3,26,1,4.667,19,32.143,45.161,40.816,6,7,57,139,2,4,0,430
2026-05-30 21:04:03,0.837,Luna,13.913,1.444,0,9,0,5.75,3,13.636,13.115,15.625,0,0,16,115,3,3,0,431
2026-06-01 13:46:50,0.84,Luna,14.754,1.719,1,17,2,5.556,3,18.182,6,23.077,2,1,18,122,2,3,1,431
2026-06-01 18:21:54,0.734,Luna,14.765,2.437,1,23,3,5.0,6,21.212,11.111,15.909,2,2,22,149,2,4,0,431
2026-06-03 04:26:23,0.543,Luna,7.843,1.009,0,15,2,5.25,2,0,6.667,13.889,0,0,8,102,3,2,0,431
2026-06-07 08:09:22,0.656,Luna,17.391,1.728,0,26,3,6.219,2,13.158,15.73,22.807,0,1,32,184,1,5,0,431
2026-06-09 13:58:23,0.656,Luna,18.0,3.063,3,32,3,5.111,5,15.152,16.393,21.429,4,1,27,150,4,2,0,431
2026-06-22 22:49:49,0.463,Luna,14.729,2.242,0,16,1,4.895,3,11.765,17.241,13.514,2,0,19,129,0,5,0,431
2026-06-24 20:18:32,-0.046,Luna,12.977,1.5,0,19,2,5.412,3,13.333,12.069,13.953,2,0,17,131,2,4,0,431
2026-07-03 17:57:14,-0.24,Luna,13.208,2.748,1,17,1,4.429,5,13.043,9.756,16.667,3,3,14,106,4,2,0,431
2026-07-05 14:02:38,-0.051,Luna,12.598,1.79,1,15,1,5.625,4,10.714,10.526,16.667,3,0,16,127,2,4,0,431
2026-01-06 05:29:39,2.175,Loomi,11.258,1.826,0,16,3,5.059,5,15.789,11.864,7.407,2,1,17,151,2,4,0,437
2026-05-01 21:20:47,2.382,Dav1d,13.725,2.742,2,30,0,4.429,7,9.302,18.333,12,3,2,21,153,3,2,1,441
2026-05-04 18:44:00,2.486,Dav1d,11.607,2.003,1,20,3,4.769,3,13.333,6.818,15.789,2,1,13,112,0,5,0,441
2026-05-24 13:57:54,1.921,Dav1d,15.447,2.166,0,32,1,5.211,6,15.625,9.804,22.5,3,4,19,123,4,1,0,441
2026-05-26 13:56:18,2.253,Dav1d,9.677,0.773,0,28,0,5.583,0,0,6.25,20.455,0,0,12,124,2,4,0,441
2026-05-29 13:51:29,2.036,Dav1d,18.31,2.275,1,32,0,5.077,8,21.212,18.182,16.279,3,3,26,142,4,2,0,441
2026-05-29 18:24:54,2.275,Dav1d,15.646,4.607,4,24,2,4.13,12,9.091,17.91,17.021,6,6,23,147,3,3,0,441
2026-06-04 18:25:20,2.284,Dav1d,14.765,1.047,0,24,3,6.364,1,23.404,7.692,16.216,0,1,22,149,4,2,0,441
2026-06-13 18:45:41,2.487,Dav1d,22.857,3.955,2,32,2,4.675,10,26.471,17.442,29.091,2,6,40,175,2,2,2,441
2026-06-28 15:10:06,2.506,Dav1d,14.706,1.261,0,20,1,5.85,1,26.316,7.407,13.636,0,1,20,136,4,2,0,441
2026-07-01 23:43:02,2.706,Dav1d,15.625,2.122,1,48,2,4.52,6,30.233,7.5,16.216,4,0,25,160,3,3,0,441
2026-01-12 05:30:57,2.0,Loirinzz,10.753,0.921,0,5,1,5.9,0,14.286,6.818,14.286,0,2,10,93,3,2,0,443
2026-01-18 10:29:54,2.111,Loirinzz,11.429,2.465,1,15,0,4.417,5,8.696,8.696,16.667,2,1,12,105,2,3,0,443
2026-03-26 10:19:38,3.711,Kynn,25.333,4.353,6,45,0,4.579,15,60.465,16.393,4.348,7,8,38,150,3,3,0,452
2026-03-30 21:39:33,3.508,Kynn,25.316,4.313,1,33,1,4.525,14,67.568,12.162,12.766,2,9,40,158,2,3,1,452
2026-04-02 18:30:27,3.396,Kynn,24.786,5.032,3,11,0,4.862,7,58.824,15.217,5.405,5,2,29,117,3,2,0,452
2026-04-06 04:10:38,3.498,Kynn,27.642,4.994,3,15,1,5.0,9,75.758,13.636,6.522,6,2,34,123,4,2,0,452
2026-04-06 18:07:46,3.725,Kynn,21.711,2.726,0,22,2,5.394,4,54.762,7.463,11.628,2,1,33,152,3,3,0,452
2026-04-13 04:24:01,3.698,Kynn,23.308,5.339,2,12,2,4.935,9,56.25,15,9.756,3,6,31,133,2,4,0,452
2026-04-16 00:39:38,3.484,Kynn,26.733,5.479,2,14,1,4.444,11,58.621,11.905,16.667,8,2,27,101,3,2,0,452
2026-04-22 15:13:20,3.584,Kynn,23.438,4.015,1,25,2,4.667,10,55.556,9.615,12.5,4,3,30,128,5,1,0,452
2026-05-02 23:23:31,4.022,Kynn,22.917,4.272,1,24,0,4.318,9,83.333,9.615,7.692,6,2,22,96,2,3,0,452
2026-06-09 18:18:54,3.909,Kynn,21.477,4.299,3,18,6,4.656,8,68.571,7.937,5.882,4,3,32,149,2,4,0,452
2026-06-19 21:13:50,0.139,RyoutaVN,11.765,1.803,0,13,1,5.167,3,10,13.725,9.677,1,0,12,102,3,2,0,453
2026-06-21 22:16:46,0.235,RyoutaVN,14.912,1.828,0,17,2,5.529,2,16.667,11.321,19.355,0,0,17,114,3,2,0,453
2026-06-22 21:35:21,0.307,RyoutaVN,20.635,3.19,2,40,1,5.179,8,37.778,14.607,16.364,4,2,39,189,1,3,2,453
2026-06-25 17:15:02,0.117,RyoutaVN,12.605,2.156,1,32,1,4.933,4,18.519,14.894,6.667,4,1,15,119,3,2,0,453
2026-06-27 17:17:15,0.205,RyoutaVN,15.517,1.455,0,9,0,5.889,2,19.355,7.143,20.93,0,1,18,116,4,2,0,453
2026-06-29 03:00:46,0.378,RyoutaVN,18.644,2.727,1,18,0,5.364,4,21.212,17.647,17.647,2,1,22,118,3,3,0,453
2026-07-01 23:43:02,0.592,RyoutaVN,15.748,2.031,2,26,0,4.9,4,23.077,5.172,26.667,3,2,20,127,4,2,0,453
2026-07-02 13:52:04,0.763,RyoutaVN,17.117,2.039,0,14,1,5.368,4,26.923,16.667,9.677,1,2,19,111,1,4,0,453
2026-07-04 04:26:07,0.493,RyoutaVN,22.308,3.098,1,9,2,5.172,4,29.73,20.755,17.5,3,1,29,130,1,5,0,453
2026-07-04 14:18:33,0.153,RyoutaVN,21.774,2.85,0,13,1,5.667,6,22.222,20,24.324,3,0,27,124,4,2,0,453
2026-01-12 05:30:57,1.638,Xandyl,6.504,0.653,0,17,2,6.0,1,8,3.333,10.526,0,1,8,123,0,4,1,454
2026-04-20 22:24:29,6.072,SIXSEVEN,13.934,1.82,1,20,0,5.059,1,15.625,8.511,18.605,1,0,17,122,2,3,0,459
2026-04-21 00:49:52,5.943,SIXSEVEN,11.486,1.613,0,18,3,5.294,4,10.526,9.091,15.909,1,1,17,148,2,4,0,459
2026-01-17 10:39:09,0.291,hakohoka,6.098,0.593,0,67,0,4.2,5,4.651,5.479,8.333,3,1,10,164,4,1,1,462
2026-01-18 10:29:54,0.618,hakohoka,4.225,0.161,0,25,2,7.0,0,6.452,3.125,4.255,0,0,6,142,2,3,0,462
2026-02-01 10:15:38,0.515,hakohoka,3.311,0.28,0,45,1,5.6,1,8,2.381,2.381,1,0,5,151,3,3,0,462
2026-02-22 04:59:06,0.505,hakohoka,7.692,1.945,1,13,2,4.25,4,10.714,6.818,6.25,2,2,8,104,2,4,0,462
2026-02-25 11:19:38,0.283,hakohoka,6.383,0.463,0,23,1,6.111,1,12.903,6.849,0,0,0,9,141,3,3,0,462
2026-03-16 13:43:54,0.266,hakohoka,4.545,0.321,0,39,1,6.0,1,10.714,0,6.667,0,0,6,132,1,5,0,462
2026-03-31 10:11:52,-0.146,hakohoka,9.16,0.739,0,17,2,6.583,1,18.519,9.375,2.5,1,0,12,131,3,3,0,462
2026-05-05 14:09:04,-0.151,hakohoka,7.285,0.841,0,34,2,5.636,1,20,3.03,5.455,2,0,11,151,2,2,1,462
2026-03-05 09:50:08,3.118,Gabetin,18.44,2.708,1,24,2,4.846,5,25,14.516,17.949,2,1,26,141,3,3,0,463
2026-03-27 05:20:46,3.118,Gabetin,10.417,0.969,1,43,3,5.333,3,18.421,9.524,4.651,3,0,15,144,3,3,0,463
2026-05-24 13:57:54,3.11,Gabetin,14.815,1.092,0,28,2,6.0,2,34.483,9.524,5.405,0,1,16,108,1,4,0,463
2026-06-05 08:39:16,2.798,Sabetin,19.728,2.803,1,29,2,5.207,8,32.558,19.718,3.03,1,4,29,147,4,2,0,463
2026-06-05 17:50:16,3.001,Sabetin,14.423,1.64,0,24,1,5.133,2,11.765,16.327,13.158,1,1,15,104,3,2,0,463
2026-06-11 14:01:41,3.213,Sabetin,19.469,2.38,0,16,2,5.5,4,28.571,11.765,23.529,1,2,22,113,2,3,0,463
2026-06-15 06:22:37,3.106,Sabetin,23.448,3.469,3,45,0,3.824,15,38.462,16.176,21.053,7,3,34,145,4,2,0,463
2026-06-18 07:46:33,3.31,Sabetin,19.014,3.443,0,17,1,4.889,6,33.333,19.048,5,2,2,27,142,3,3,0,463
2026-06-28 15:10:06,3.29,Sabetin,19.008,2.902,0,18,2,4.826,5,25,14.545,21.053,4,2,23,121,4,2,0,463
2026-06-30 14:01:09,3.483,Sabetin,14.286,2.814,1,23,1,4.294,5,25,11.538,6.452,2,1,17,119,2,4,0,463
2026-05-09 10:03:51,1.0,Najeem,6.369,0.705,2,71,0,4.4,4,10.256,4.762,5.455,2,2,10,157,2,4,0,464
2026-01-04 06:10:39,3.0,metak,16.568,1.88,1,46,0,5.393,3,16.667,18.182,14.286,1,2,28,169,1,4,1,466
2026-01-18 05:07:20,2.678,metak,13.793,1.961,0,17,0,4.583,5,22.222,5.263,19.355,2,2,12,87,4,1,0,466
2026-02-17 09:16:51,3.028,metak,15.972,2.163,1,35,3,5.739,4,25,11.111,15.556,2,3,23,144,2,4,0,466
2026-03-27 05:20:46,2.67,metak,18.243,1.698,0,45,0,5.0,5,28.571,15.254,14.815,1,5,27,148,3,3,0,466
2026-04-17 07:29:19,2.673,metak,14.557,1.95,1,37,3,5.13,4,28.205,13.889,4.255,1,1,23,158,4,2,0,466
2026-05-24 13:57:54,2.896,metak,15.447,1.863,1,32,0,5.684,4,21.875,17.647,7.5,3,0,19,123,4,1,0,466
2026-06-15 06:22:37,3.227,metak,19.38,2.252,1,32,0,4.4,8,23.684,14.545,22.222,1,5,25,129,3,3,0,466
2026-07-04 04:26:07,3.213,metak,21.053,2.446,0,10,3,5.464,5,35.897,13.462,16.667,2,0,28,133,1,5,0,466
2026-04-27 05:23:52,2.0,Whales6978,12.088,1.011,0,11,0,5.364,2,13.043,9.756,14.815,1,0,11,91,6,0,0,472
2026-05-01 04:08:42,2.708,Whales6978,11.538,0.474,0,43,0,6.2,0,20.69,8.197,10,0,0,15,130,1,5,0,472
2026-05-05 18:37:55,2.248,Whales6978,7.477,1.132,1,17,2,5.125,2,9.677,10.417,0,1,1,8,107,1,5,0,472
2026-01-23 10:40:06,1.0,Nomu,8.621,0.851,0,11,3,5.9,0,16,5.556,8.108,0,0,10,116,4,2,0,474
2026-01-24 06:26:17,1.193,Nomu,6.536,0.678,0,25,1,5.6,2,3.704,8.75,4.348,0,1,10,153,2,3,1,474
2026-01-27 02:46:22,2.0,medley_n8tes,10.606,0.405,0,31,3,6.714,0,24.138,5,9.302,0,0,14,132,4,1,1,475
2026-01-27 19:12:40,2.0,FurLain,14.876,2.198,0,16,1,5.222,4,41.667,9.524,5.882,2,1,18,121,4,2,0,477
2026-01-29 13:10:54,2.243,FurLain,14.074,2.436,0,14,1,4.632,8,23.333,14.925,5.263,2,2,19,135,2,3,1,477
2026-05-11 18:11:15,2.118,FurLain,20.755,2.815,0,6,1,5.455,3,50,14.754,8.696,3,1,22,106,4,2,0,477
2026-06-10 09:01:42,5.642,Tugia,26.351,4.383,2,19,2,5.077,7,37.838,21.053,24.074,4,2,39,148,2,3,1,480
2026-06-11 14:01:41,5.567,Tugia,23.967,4.407,2,13,0,4.655,9,27.778,15.254,38.462,4,3,29,121,3,2,0,480
2026-06-16 23:18:25,5.658,Tugia,18.44,3.534,2,29,0,4.769,9,25,16.456,17.647,3,3,26,141,2,3,0,480
2026-06-17 23:35:10,5.559,Tugia,24.211,3.518,1,13,1,5.043,4,44.444,12.5,31.034,3,1,23,95,2,3,0,480
2026-06-22 21:35:21,5.464,Tugia,31.469,4.232,1,18,0,5.156,5,42.857,23.077,36,2,3,45,143,3,3,0,480
2026-06-24 20:18:32,5.457,Tugia,26.351,3.956,0,30,1,4.949,13,46.667,17.808,26.667,2,7,39,148,2,4,0,480
2026-06-25 17:15:02,5.271,Tugia,22.34,3.65,1,21,0,5.095,5,36.667,15.909,15,4,2,21,94,3,2,0,480
2026-06-27 17:17:15,5.36,Tugia,32.52,6.356,2,6,2,4.75,10,38.235,38.776,20,3,6,40,123,4,2,0,480
2026-06-28 00:57:32,5.537,Tugia,25.352,3.935,0,15,0,4.972,8,42.857,19.403,20,2,1,36,142,0,5,1,480
2026-07-05 09:14:33,5.083,Tugia,36.09,6.054,2,13,1,4.875,11,47.059,37.288,25,4,5,48,133,3,3,0,480
2026-03-25 13:45:37,4.914,25,22.368,2.194,0,17,2,6.088,2,42.222,10.448,20,1,2,34,152,3,3,0,482
2026-04-04 10:52:22,4.916,25,19.737,2.601,0,13,0,5.533,4,29.73,18.841,13.043,0,2,30,152,2,4,0,482
2026-04-06 14:24:31,4.703,25,18.129,3.357,0,43,0,4.581,11,29.412,13.415,18.182,2,8,31,171,2,4,0,482
2026-04-19 14:28:30,4.489,25,29.6,6.388,3,20,1,4.595,15,36.364,28.07,25.714,3,5,37,125,3,3,0,482
2026-04-24 14:02:24,4.475,25,27.35,4.394,3,30,0,5.094,10,30.769,26.415,26.316,7,0,32,117,3,2,0,482
2026-04-28 14:08:03,4.584,25,26.271,4.587,0,25,0,4.613,10,40.625,26.786,10,1,8,31,118,1,3,1,482
2026-05-27 14:37:10,4.371,25,20.606,2.651,0,41,1,5.382,8,38.235,22.222,8.475,1,5,34,165,2,4,0,482
2026-06-12 14:04:43,4.167,25,17.797,2.206,0,27,3,5.524,5,26.923,13.793,17.647,2,1,21,118,2,3,0,482
2026-06-23 23:11:54,4.261,25,20.635,2.588,0,17,1,5.038,5,30.769,12.069,24.138,2,2,26,126,2,4,0,482
2026-07-02 13:52:04,4.065,25,24.324,4.136,1,14,0,4.852,8,53.846,16.667,12.903,3,2,27,111,1,4,0,482
2026-03-07 13:52:35,5.5,kinjacky,27.559,3.847,1,27,0,5.457,5,35.484,24.561,25.641,4,0,35,127,1,3,1,488
2026-04-05 17:46:11,5.257,kinjacky,25.472,4.244,1,15,2,5.185,6,31.579,20.833,28.205,1,2,27,106,2,3,0,488
2026-05-12 18:15:50,5.127,kinjacky,26.126,3.533,1,21,0,5.172,4,29.63,23.077,28.125,1,2,29,111,4,1,0,488
2026-06-18 10:54:28,2.97,zomg,16.34,1.801,0,22,3,5.68,6,25.641,12.676,13.953,2,2,25,153,4,2,0,489
2026-06-21 22:16:46,3.157,zomg,17.829,3.097,1,20,2,5.217,6,25,15.254,15.789,1,3,23,129,2,3,0,489
2026-06-22 22:49:49,3.059,zomg,7.752,1.196,0,16,2,4.9,2,11.765,6.897,5.405,1,0,10,129,0,5,0,489
2026-06-24 20:18:32,2.602,zomg,26.126,3.369,1,15,0,5.379,7,41.667,21.951,21.739,3,1,29,111,5,1,0,489
2026-06-27 17:17:15,2.949,zomg,17.797,2.537,1,9,2,5.476,3,14.815,16.667,21.622,2,1,21,118,2,4,0,489
2026-06-30 14:01:09,2.78,zomg,16.379,2.88,0,16,0,4.579,6,16.129,15.686,17.647,5,2,19,116,4,2,0,489
2026-07-01 14:17:09,2.959,zomg,26.866,4.471,2,11,0,4.722,5,50,12.5,31.579,2,1,18,67,3,3,0,489
2026-07-01 14:36:06,2.959,zomg,21.667,4.148,4,20,0,4.5,9,32.258,14.815,22.857,4,1,26,120,3,3,0,489
2026-07-03 17:57:14,2.959,zomg,14.634,2.811,1,23,2,4.5,7,22.222,11.667,13.889,1,2,18,123,3,3,0,489
2026-07-05 09:14:33,2.947,zomg,18.065,2.857,1,22,2,5.143,5,28.947,15.493,13.043,4,3,28,155,3,3,0,489
2026-04-25 09:12:57,0.0,chiabobo,4.698,0.434,0,28,2,5.714,0,17.647,0,2.174,0,0,7,149,2,4,0,493
2026-06-15 06:22:37,-0.245,chiabobo,8.276,0.917,1,45,0,4.5,3,17.949,2.941,7.895,2,0,12,145,4,2,0,493
2026-05-01 11:41:50,3.5,potatoedtoast,11.024,2.348,2,31,3,4.643,5,18.919,3.846,13.158,4,1,14,127,2,4,0,494
2026-05-11 10:54:27,1.808,potatoedtoast,16.875,1.842,1,28,0,5.63,6,23.529,13.514,17.308,4,1,27,160,0,4,2,494
2026-05-12 09:38:12,1.358,potatoedtoast,10.714,1.325,0,39,1,5.0,5,24.324,7.042,3.125,0,4,15,140,3,3,0,494
2026-05-18 21:53:11,1.358,potatoedtoast,7.377,1.478,1,25,2,4.556,3,9.375,6.522,6.818,3,0,9,122,2,4,0,494
2026-05-28 10:37:26,1.131,potatoedtoast,10.4,1.644,0,33,3,4.385,4,13.043,12.329,3.448,0,2,13,125,4,2,0,494
2026-05-29 07:43:45,1.359,potatoedtoast,10.791,1.842,2,30,1,4.6,4,13.793,10.145,9.756,2,3,15,139,2,4,0,494
2026-05-31 11:11:49,1.137,potatoedtoast,11.511,1.567,0,28,2,5.25,5,14.286,10.448,11.364,0,2,16,139,2,4,0,494
2026-06-04 07:25:31,0.927,potatoedtoast,17.763,2.023,1,43,1,5.074,6,30.952,15.625,8.696,3,3,27,152,3,3,0,494
2026-05-01 04:08:42,3.0,AppuruPai,19.828,3.156,3,31,1,4.348,6,28.571,10.909,27.5,5,2,23,116,5,1,0,495
2026-05-04 06:27:59,3.457,AppuruPai,15.254,2.204,1,26,0,4.833,4,18.182,13.462,15.152,1,2,18,118,3,3,0,495
2026-05-09 21:37:31,3.465,AppuruPai,19.108,1.601,3,73,0,4.833,6,14.286,19.718,21.569,4,1,30,157,2,4,0,495
2026-05-12 14:05:09,3.229,AppuruPai,15.179,1.387,0,10,0,5.647,2,15.789,11.475,21.875,1,0,17,112,1,5,0,495
2026-05-18 11:01:47,2.742,AppuruPai,11.207,1.719,0,18,0,4.538,3,4.167,13.793,11.765,2,0,13,116,1,4,1,495
2026-06-10 09:01:42,2.396,AppuruPai,17.778,2.29,1,20,4,5.542,3,22.222,15,17.949,2,1,24,135,2,4,0,495
2026-04-30 07:23:58,1.0,lotte_616,7.353,0.795,0,18,7,5.3,2,10.714,7.576,4.762,3,0,10,136,4,2,0,496
2026-05-01 04:08:42,1.224,lotte_616,8.13,0.712,0,32,0,5.4,3,7.407,9.434,6.977,0,1,10,123,2,4,0,496
2026-04-24 14:02:24,1.0,afwcal,8.824,0.919,0,38,2,5.5,2,14.286,7.143,7.895,0,2,12,136,2,3,0,497
2026-05-11 08:22:11,4.0,MaikaSasaki,22.628,2.687,2,36,1,5.161,6,35.897,14.516,22.222,5,1,31,137,3,3,0,505
2026-06-03 18:55:58,3.977,MaikaSasaki,35.211,4.85,1,28,0,5.3,10,36.667,30.667,43.243,5,3,50,142,3,2,1,505
2026-06-11 14:01:41,4.091,MaikaSasaki,24.779,3.862,2,16,1,5.214,6,21.429,21.569,32.353,4,1,28,113,2,3,0,505
2026-06-17 23:35:10,3.971,MaikaSasaki,21.667,4.164,1,18,2,4.654,8,16,17.308,30.233,6,2,26,120,1,3,1,505
2026-07-01 23:43:02,3.963,MaikaSasaki,20.979,3.177,0,47,1,4.367,11,22.5,16.418,27.778,5,5,30,143,4,2,0,505
2026-07-02 13:52:04,4.193,MaikaSasaki,19.266,2.391,0,23,0,5.333,4,27.027,17.391,11.538,1,1,21,109,1,4,0,505
2026-07-03 21:32:13,3.851,MaikaSasaki,24.779,4.679,0,13,4,4.571,9,20,17.241,40,4,2,28,113,3,2,1,505
2026-05-28 18:22:53,0.5,McAlbertHabolea,4.478,0.373,0,28,2,5.667,0,0,3.333,8.511,0,0,6,134,3,3,0,508
2026-05-09 21:37:31,4.0,AkechiAnna,20.349,1.997,4,74,0,4.743,12,31.429,16.667,18.644,7,6,35,172,4,2,0,510
2026-06-23 23:11:54,3.752,nekko_khayal,20.588,3.207,1,28,0,4.714,8,36.842,12.676,18.519,1,5,28,136,1,5,0,511
2026-06-28 00:57:32,3.384,nekko_khayal,25.899,4.18,2,19,0,5.083,8,40,20,20.513,3,0,36,139,4,2,0,511
2026-06-28 15:10:06,3.568,nekko_khayal,15.447,2.303,1,22,0,5.0,4,33.333,7.273,13.158,1,3,19,123,1,5,0,511
2026-06-30 05:07:25,3.212,nekko_khayal,15.951,2.069,1,9,8,6.346,3,40,6.849,12.727,2,1,26,163,2,3,1,511
2026-07-01 23:43:02,3.143,nekko_khayal,21.678,3.354,1,47,0,4.355,10,35,17.91,13.889,8,1,31,143,4,2,0,511
2026-07-02 13:52:04,3.327,nekko_khayal,16.239,2.075,0,25,1,5.263,5,21.429,19.298,6.25,0,2,19,117,3,2,0,511
2026-07-03 13:56:00,3.429,nekko_khayal,17.355,1.918,0,18,1,5.619,3,50,16.364,2.273,2,1,21,121,1,4,1,511
2026-07-04 04:26:07,3.15,nekko_khayal,27.068,2.871,0,10,1,5.528,4,51.282,21.154,11.905,1,1,36,133,1,5,0,511
2026-07-04 14:18:33,2.779,nekko_khayal,21.481,3.93,1,9,1,5.034,8,40.625,14.754,16.667,3,3,29,135,4,2,0,511
2026-07-05 04:52:45,2.982,nekko_khayal,21.965,2.746,0,21,4,5.605,6,35.135,15,23.214,1,3,38,173,2,4,0,511
2026-05-28 18:22:53,0.5,superzinc,3.356,0.265,0,22,2,5.8,0,2.941,2.941,4.255,0,1,5,149,2,4,0,517
2026-06-06 07:47:40,1.5,kombofuud,10.606,1.8,2,14,1,5.5,3,10,8.955,14.286,2,0,14,132,4,2,0,518
2026-06-23 23:11:54,13.878,konomi,37.5,8.204,5,28,0,4.098,21,39.474,33.803,44.444,6,8,51,136,1,5,0,520
2026-06-24 20:18:32,13.444,konomi,37.838,7.902,5,30,1,4.357,22,50,34.247,35.556,9,8,56,148,2,4,0,520
2026-06-25 17:15:02,13.226,konomi,44.355,10.114,7,31,0,4.236,20,48,46,40.816,10,6,55,124,2,2,1,520
2026-06-28 15:10:06,13.233,konomi,38.182,9.613,4,12,0,3.952,19,53.846,24,47.059,5,16,42,110,3,3,0,520
2026-06-29 03:00:46,13.246,konomi,42.308,10.579,5,19,0,4.145,21,55.263,30.508,48.485,9,9,55,130,3,3,0,520
2026-07-02 13:52:04,13.254,konomi,34.862,8.736,6,23,0,4.211,16,45.946,34.783,19.231,6,8,38,109,1,4,0,520
2026-07-02 18:34:06,13.254,konomi,40.404,9.26,5,28,1,4.662,22,43.478,39.759,39.13,8,9,80,198,3,2,1,520
2026-07-03 17:57:14,13.041,konomi,39.623,13.294,9,17,0,3.262,26,43.478,29.268,47.619,15,11,42,106,4,2,0,520
2026-07-05 04:52:45,13.236,konomi,36.471,7.941,3,12,0,4.403,17,40,33.75,38.182,5,10,62,170,1,4,1,520
2026-07-05 14:02:38,12.931,konomi,43.511,10.029,4,24,0,4.228,22,56.667,45.902,30,7,8,57,131,5,1,0,520
2026-06-06 14:12:19,4.0,seanpk,16.406,4.001,2,20,0,4.524,7,35,9.804,5.405,5,2,21,128,2,4,0,523
2026-06-11 14:01:41,3.757,seanpk,21.277,4.284,0,16,4,4.25,6,40,22.5,8.824,1,4,20,94,1,4,0,523
2026-07-05 04:52:45,0.0,gluglugsemen,4.118,0.426,0,12,4,5.571,0,2.857,3.75,5.455,0,0,7,170,1,4,1,531
